####
#
# OBJ File Generated by Meshlab
#
####
# Object cylinder1.obj
#
# Vertices: 2157
# Faces: 4210
#
####
v 63.8806496 48.8806496 30.0000000
v 63.8806496 47.6131363 29.9056931
v 63.8806496 50.7859192 29.8785095
v 63.8806496 57.8001518 27.0599594
v 63.8806496 52.6512222 29.4765034
v 63.8806496 62.5490799 21.1785202
v 63.8806496 59.2325325 25.7992992
v 63.8806496 63.8266106 13.7279100
v 63.8806496 63.8266106 16.2720909
v 63.8806496 61.3082886 6.6003780
v 63.8806496 63.5041389 11.8472252
v 63.8806496 57.8001518 2.9400430
v 63.8806496 60.1095657 5.1157818
v 63.8806496 48.2440300 0.0135154
v 63.8806496 53.2729912 0.6574988
v 63.8806496 41.5839806 1.9407125
v 63.8806496 43.2877998 1.0816640
v 63.8806496 46.3513527 0.2558821
v 63.8806496 37.6502151 5.1175041
v 63.8806496 38.9705315 3.7399149
v 63.8806496 33.8806496 15.0000000
v 63.8806496 34.2566795 11.8494673
v 63.8806496 34.7374916 10.0029001
v 63.8806496 35.5234528 21.7358398
v 63.8806496 34.7374916 19.9971008
v 63.8806496 34.0424690 16.9012566
v 63.8806496 40.5046616 27.3947239
v 63.8806496 38.9705315 26.2600803
v 63.8806496 45.7204590 29.6633301
v 13.0947304 0.0000000 29.8785095
v 15.3183098 0.0000000 29.9932404
v 22.2966690 0.0000000 28.0592899
v 20.5928497 0.0000000 28.9183407
v 17.5292969 0.0000000 29.7441177
v 26.2304344 0.0000000 24.8824959
v 24.9101200 0.0000000 26.2600803
v 30.0000000 0.0000000 15.0000000
v 29.6239700 0.0000000 18.1505318
v 29.1431599 0.0000000 19.9971008
v 28.3571968 0.0000000 8.2641563
v 29.1431599 0.0000000 10.0029001
v 29.8381805 0.0000000 13.0987415
v 23.3759880 0.0000000 2.6052752
v 24.9101200 0.0000000 3.7399149
v 18.7683563 0.0000000 0.5229197
v 20.5928497 0.0000000 1.0816640
v 11.2294273 0.0000000 0.5234973
v 13.0947304 0.0000000 0.1214929
v 4.6481199 0.0000000 4.2006979
v 6.0805030 0.0000000 2.9400430
v 0.6958971 0.0000000 10.6206179
v 1.3315721 0.0000000 8.8214808
v 0.3765135 0.0000000 18.1527748
v 0.0540381 0.0000000 16.2720909
v 6.0805030 0.0000000 27.0599594
v 2.5723560 0.0000000 23.3996201
v 7.7053342 0.0000000 28.0604076
v 14.0999966 6.3847251 29.8549728
v 22.1386814 3.3469257 28.1930695
v 22.9115276 1.6152995 27.6938400
v 30.0306206 1.7305524 15.4657125
v 29.9218750 3.2641511 12.3521023
v 28.9473248 1.6106445 9.4312363
v 27.9394054 3.6323323 7.1940923
v 27.1846466 4.0774236 5.9823990
v 23.4169502 3.6530545 2.5546646
v 21.8543606 3.6635401 1.6508970
v 18.4588661 3.7061946 0.4005293
v 14.7315235 3.7181642 0.0740420
v 9.5602903 3.5477936 1.1423675
v 2.9298069 5.3441839 6.5585003
v 1.2965820 4.6092463 9.4679680
v 0.7365257 5.0441504 11.2555447
v 1.8641279 4.7482224 21.7767048
v 2.8177345 5.0586309 23.3718243
v 11.3642759 3.6610572 29.4460468
v 30.4050064 5.3488922 15.2721930
v 30.2069836 5.2980866 17.3355064
v 29.0217247 5.0699320 21.0973434
v 28.7637482 6.3212399 22.0427055
v 25.7200909 5.2268710 25.7799492
v 24.3450909 6.0866427 27.0156536
v 22.8692970 6.6215796 27.9908810
v 9.2049265 9.8041477 28.3517017
v 7.4502931 9.1382875 27.4289379
v 4.6922903 9.5313244 25.0286732
v 1.6897684 11.7477007 18.8382645
v 1.8929658 9.7480688 9.5062447
v 5.1111531 10.2005491 4.7058611
v 6.4430137 8.8460121 3.2662182
v 7.9986310 9.3386202 2.2785232
v 10.6910524 7.4649239 0.8715683
v 12.6066675 7.4052620 0.3673825
v 16.3951397 7.4144506 0.0546206
v 20.1251774 7.3489313 0.7713206
v 21.8684044 7.2794447 1.4512321
v 25.0205784 7.1818547 3.3712695
v 26.3998775 7.1408014 4.5900450
v 27.5882187 7.0329933 5.9734025
v 29.8089447 4.5524249 11.2993498
v 30.3058472 7.0834908 18.4266052
v 26.7647476 8.8435793 25.4007168
v 25.4128914 9.3494358 26.6762295
v 22.3870144 10.4471159 28.6505756
v 20.7225475 11.0985861 29.2993774
v 13.1193705 13.1846542 29.4996243
v 10.0041904 13.8535986 28.3455181
v 7.1802177 14.1055927 26.4695301
v 5.9189658 14.7803907 25.1371651
v 2.4023290 14.8486481 19.1108456
v 2.0659919 15.0834684 17.2596645
v 2.8162580 14.9939203 9.8961010
v 4.5362272 16.2075310 7.0897884
v 7.8466983 14.6516733 3.1238036
v 9.3440266 14.8155508 2.1881778
v 13.9208612 12.4089775 0.2957679
v 18.2174072 11.1480951 0.1865315
v 20.1566982 10.9750443 0.5599065
v 25.2774715 10.6105614 2.9499581
v 27.2803135 8.8371572 5.1626816
v 28.4697418 8.6205683 6.7156491
v 31.6419983 10.3978119 15.0055389
v 31.5219364 10.4153042 16.5719624
v 29.1321869 11.7015171 23.6147079
v 27.9749413 12.2347240 25.1501141
v 25.1337051 13.1114168 27.6521492
v 23.6572361 13.5661793 28.4932766
v 22.1603031 14.2624531 29.1391258
v 14.2819786 17.2611122 29.4914627
v 10.9589472 18.0505924 28.2057552
v 8.0474949 18.4895115 26.1232796
v 7.0571184 19.4701900 24.9028187
v 4.4569836 19.8603363 9.2348623
v 6.2848868 21.1331348 6.8050489
v 7.4227133 20.8021927 5.2488890
v 7.6346087 19.0124035 4.4093184
v 10.8752651 18.3695107 1.9215468
v 15.0529556 15.6708956 0.2689593
v 19.0374336 15.9223156 0.1272435
v 25.7517662 13.5617323 2.6291664
v 27.0360527 12.9422684 3.7235055
v 28.2400475 12.3495026 5.0521007
v 31.2637539 11.4898720 10.5883398
v 31.5421371 10.9653416 12.2843943
v 32.4416237 13.6921177 18.2432671
v 32.0037880 13.9095373 20.0308781
v 31.3517094 14.2223272 21.6992073
v 27.9759579 15.7542515 26.4017200
v 26.4651337 14.7959042 27.1854572
v 25.3366756 16.1926785 28.1532326
v 22.4156513 18.2035580 29.5201187
v 19.1145172 20.5665550 29.9249649
v 15.6490488 21.4281559 29.4400349
v 12.3381310 22.4478626 28.0175972
v 9.8744965 23.5707741 26.0258846
v 8.9279480 24.2446766 24.8815002
v 5.3582702 24.4624863 18.3002682
v 5.1770811 24.7373772 16.7119560
v 6.3800125 24.6550484 8.9811897
v 8.3311472 25.8147564 6.6474466
v 9.4604683 25.4263000 5.1220579
v 12.4546862 22.8278580 2.0125842
v 15.1962509 20.9934635 0.6498842
v 20.1685619 20.1881142 0.0483541
v 26.9253941 16.6224003 2.5904226
v 28.2791367 15.9564991 3.7530892
v 29.4646549 15.3970165 5.0617108
v 30.4812737 14.9297428 6.5007801
v 33.6536522 16.6352329 19.1348038
v 28.5788136 18.4860573 26.9091282
v 26.0573940 20.1430225 28.6878567
v 24.5767765 21.2013340 29.3301830
v 20.0620804 24.6256313 29.8838596
v 17.1917210 25.3137264 29.3580418
v 14.2379246 26.6501503 27.9339275
v 11.9822845 28.0320587 25.9684219
v 11.1303024 28.8096619 24.8289776
v 7.4502821 28.9163227 18.4099464
v 7.3191781 29.3133163 16.6360111
v 8.6518841 29.3079548 8.8801899
v 10.7102337 30.3278236 6.5796762
v 11.8144970 29.8491707 5.0597978
v 14.5268688 26.9248943 1.9804796
v 16.9352627 24.8070469 0.6553059
v 21.6946850 23.3101768 0.0348777
v 28.3983002 19.6698685 2.5555420
v 29.7267914 18.9129696 3.7279508
v 30.8817081 18.2843018 5.0430684
v 33.5367317 16.7887421 10.3038464
v 33.9516258 16.4377537 12.2842197
v 35.6860199 19.1906815 17.6088848
v 32.8196831 19.5490551 23.6967621
v 31.8622532 20.1975060 25.0858173
v 29.5568676 21.9627819 27.5563965
v 28.2476540 22.9926510 28.4707413
v 26.8297348 24.1015511 29.1769714
v 23.6524963 26.3199291 29.9430580
v 19.5202904 28.7389946 29.4180012
v 16.5928402 30.6065464 27.9427757
v 14.4709415 32.2426262 25.9542904
v 13.6985369 33.1245079 24.7976875
v 10.0370665 33.2629623 18.8308086
v 9.9097176 33.8144684 16.7785187
v 11.2894497 33.7871170 8.8497906
v 13.4420643 34.6694870 6.5749445
v 14.5359478 34.1374893 5.0539246
v 17.1948948 30.8346100 1.8438524
v 19.2338104 27.9718323 0.5590181
v 24.1899147 28.0052891 0.0564641
v 30.1078777 22.6144428 2.5013020
v 31.3822117 21.8231430 3.6343918
v 32.5102501 21.1920910 4.8933263
v 33.4140472 20.8424034 6.0456257
v 36.7989082 20.6966934 17.4555378
v 35.6793938 21.3133926 21.3729477
v 32.9469490 23.7424469 26.2416515
v 31.7923794 24.6662159 27.3752594
v 30.5414276 25.6752548 28.3015728
v 27.9388332 28.1161518 29.6168098
v 25.4947338 31.0673561 29.9297791
v 22.2194118 32.4414635 29.4261742
v 19.3074512 34.4132385 27.9537067
v 17.3104820 36.2065392 25.9645195
v 16.6109695 37.1397400 24.8162289
v 13.0253687 37.6367416 18.8972073
v 12.9264946 38.1996689 16.8137074
v 14.2639313 38.0371971 8.8745975
v 16.4297314 38.7436180 6.6625199
v 17.3979359 38.1727791 5.2297597
v 21.8026028 32.8144341 0.7611114
v 23.6073494 32.2620773 0.3090018
v 26.4849472 30.6086235 0.0454457
v 31.9624100 25.3879585 2.4230275
v 33.1631126 24.6829338 3.4480581
v 36.5910721 21.8168716 9.5165558
v 37.0047379 21.3754539 11.4764814
v 38.2238998 22.9123631 18.7422390
v 35.2979317 26.2367783 26.0748482
v 34.1516304 27.5303154 27.3882999
v 31.7574711 29.0500298 28.9105186
v 30.6775284 30.4168530 29.4509068
v 24.8160381 35.7320557 29.3893528
v 22.2683315 37.9590988 27.9453125
v 20.4456749 39.9279213 25.9546223
v 19.8108597 40.9388123 24.7693653
v 16.2997055 41.7537422 18.7867546
v 16.2263374 42.2653427 16.7234421
v 17.5376949 41.9756241 8.8913336
v 19.7282906 42.4383087 6.6287761
v 20.6383152 41.6874390 5.1237626
v 22.6080074 38.1518402 1.9800775
v 24.5717545 35.6990891 0.6715826
v 26.3822422 35.1373672 0.2636372
v 29.1804485 33.3473549 0.0486912
v 34.0472717 27.5850735 2.5148280
v 34.7878799 26.0413876 3.7302749
v 36.8062096 24.2337933 6.9042411
v 40.2615356 24.5417786 17.0437641
v 38.7414856 27.2430668 24.2052937
v 35.4281006 29.4190521 27.6508465
v 34.5808372 30.9755421 28.5850487
v 33.5519600 32.5859756 29.2817440
v 30.9911346 35.4670944 29.9524021
v 27.9230251 38.7266083 29.4182777
v 25.5186634 41.2249298 27.9523258
v 23.8754044 43.3569107 25.9589024
v 23.3540344 44.3954735 24.8196220
v 19.8477726 45.4297409 18.9088802
v 19.8470955 45.9971848 16.8410454
v 21.1539917 45.6361885 8.8618956
v 23.4123363 45.9273071 6.5824337
v 24.2877522 45.1162987 5.0749192
v 25.9075165 41.4980698 2.0077722
v 27.5407619 38.6462135 0.6540638
v 29.3758907 37.9201889 0.2378812
v 32.0494423 35.9010277 0.0573547
v 36.6293068 29.8644123 2.6640267
v 37.5632248 28.6617661 3.8649566
v 38.4313431 27.6357670 5.2432480
v 40.5939369 25.5067596 10.7523279
v 40.5616531 24.9213715 12.3909988
v 42.6031609 26.9907341 18.5877151
v 42.3747177 27.5166931 20.4175568
v 42.0504379 28.2981911 22.1487522
v 38.5165024 31.3061752 27.2452412
v 37.7395058 32.8216324 28.2382946
v 36.2137985 36.3745079 29.6269608
v 35.1018181 40.5177498 29.8980484
v 31.2695389 41.5388603 29.4133015
v 29.0257092 44.2569199 27.9370384
v 27.5165596 46.4667511 25.9463844
v 27.0817337 47.5385551 24.8112297
v 23.7289505 49.4299316 16.7818756
v 25.0769424 49.0072403 8.8475351
v 27.3780422 49.1286430 6.5700631
v 28.2040291 48.2533493 5.0571570
v 29.5302296 44.4564857 1.9631065
v 30.8869152 41.3691597 0.6104192
v 32.6552582 40.4211464 0.2110502
v 35.0342369 38.1598511 0.0686204
v 39.3134193 32.0570068 2.6918256
v 40.2158966 30.8519802 3.8834689
v 40.9940796 29.7915707 5.2354164
v 41.5913582 28.8650951 6.6905327
v 45.1626205 29.0624161 19.3485355
v 42.1508408 31.6969509 25.7111759
v 41.5055923 32.9551239 26.8936329
v 40.2580566 35.8562355 28.7320900
v 39.6746979 37.5696640 29.3449860
v 35.9932098 44.0804558 29.5531673
v 33.1323853 46.5726204 28.2177696
v 31.2802906 50.3754387 24.9453430
v 27.8448067 52.4951591 16.8236980
v 29.2560883 52.0514679 8.8655634
v 31.5855579 52.0134125 6.6045971
v 32.3690758 51.1084862 5.0975308
v 33.5603600 47.1315460 1.8834898
v 34.6083107 43.7263184 0.5354232
v 36.6462936 42.4843521 0.1525076
v 37.9810944 40.4220848 0.0533686
v 42.1092377 34.0985146 2.6370580
v 43.0669174 32.8974533 3.8369634
v 43.8911781 31.7636452 5.2690692
v 45.1617126 29.1095600 10.5195847
v 45.2911720 28.5928879 12.5031395
v 48.1290627 30.2801437 17.7367706
v 45.6497879 32.1442719 24.0320721
v 45.1021233 33.3211823 25.4965267
v 43.5408134 35.4706459 27.6504803
v 43.4025879 36.8136253 28.3263950
v 43.0263863 38.4897461 29.0140018
v 42.1766891 42.1157036 29.8692436
v 39.5505066 46.7359123 29.4548531
v 36.1642113 51.7072220 26.2464638
v 35.8088799 53.0866814 24.8884888
v 32.2912178 55.2695389 16.8809681
v 33.6511536 54.7386742 8.9031162
v 35.9402199 54.5137901 6.6551623
v 36.5882339 53.5596237 5.1803608
v 36.3053856 49.6739616 2.3742228
v 39.6923065 46.1189995 0.4188301
v 41.2415428 42.3626060 0.0443333
v 44.8129616 35.9384804 2.4818950
v 45.4592514 34.8939590 3.3923311
v 46.8420029 34.7050591 4.0776191
v 49.8530693 31.0680389 17.4630241
v 49.0891304 32.2405243 21.6463623
v 46.8161049 37.5802917 27.8127022
v 46.0466385 40.9841576 29.3294716
v 44.9439240 46.3226280 29.9062405
v 43.1634598 48.9258461 29.3535347
v 41.5632858 51.7739944 27.9057865
v 40.6367264 54.2616768 25.9162445
v 40.4895210 55.4441032 24.7223625
v 36.9842644 57.7026558 16.8618031
v 38.2557373 57.0420952 8.9094019
v 40.5385284 56.6128387 6.6234117
v 41.1373863 55.5735970 5.1052408
v 41.4491005 51.3869934 1.9065535
v 45.0006866 46.6605034 0.1266514
v 45.4113693 45.0037460 0.0564684
v 47.6958122 37.3145409 2.4871686
v 48.1676369 35.9216118 3.5898507
v 48.5383949 34.6696129 4.8441267
v 49.9512100 32.0038872 9.5992708
v 50.2011147 31.4393234 11.6570282
v 51.0717430 31.8914661 18.6717834
v 50.4228058 36.9220314 26.4253998
v 49.8602295 39.9282722 28.4046154
v 49.5226936 41.6244392 29.1096039
v 48.7439270 45.2737045 29.9016705
v 48.1965828 47.3329010 29.9127789
v 46.8803444 50.5212288 29.2989578
v 45.6356773 53.4315453 27.8523693
v 45.1306229 56.1641998 25.7213631
v 44.1807785 57.0604591 24.5105343
v 41.7922707 59.3047409 18.8549595
v 41.9081116 59.7560234 16.8488007
v 43.0858727 58.9689865 8.8963308
v 45.3426208 58.3704529 6.6365285
v 45.8668060 57.3358841 5.1680031
v 46.4807091 50.2733345 0.6884670
v 48.9445305 45.9142609 0.0439785
v 50.8707275 38.4647751 2.5308423
v 51.2787781 36.9981079 3.6931946
v 51.6032982 35.6954842 5.0178523
v 51.7853355 34.5231171 6.5069089
v 54.7579727 32.9019012 17.6284275
v 53.8212929 36.3037796 24.8640881
v 53.4726791 38.8509789 27.1735783
v 53.2972412 40.3967056 28.1150684
v 52.8111305 43.8867149 29.4930515
v 54.3737411 47.2136879 29.9513817
v 51.6139641 49.1778679 29.8720207
v 50.7353134 51.8507423 29.2396431
v 49.6042366 54.6678200 27.8296528
v 46.9129791 60.9829674 18.8138390
v 47.0771675 61.4254074 16.8234081
v 48.0908127 60.4846573 8.8584585
v 50.2306175 59.6446953 6.5442710
v 50.5663681 58.5019112 5.0367193
v 50.3704796 54.1983414 1.7829429
v 51.4807587 49.2276039 0.1462490
v 52.6764069 47.3007240 0.0559631
v 54.1515884 39.4066391 2.5381730
v 54.4909935 37.9135857 3.7111034
v 54.8210411 36.5989456 5.0637264
v 55.5436745 33.5050125 10.7728853
v 58.6776047 33.7169876 17.6658478
v 56.6088982 37.5644913 25.5379257
v 56.7923203 39.0268288 26.7508202
v 56.6847992 42.2716103 28.6672611
v 56.5685120 44.0721054 29.3364620
v 56.6793137 49.8536873 29.8781662
v 54.9553871 53.1105690 29.0876770
v 53.6718407 58.6795044 25.4180260
v 53.7716026 60.4616814 23.3466873
v 52.5528336 62.3154793 18.7800446
v 52.5872879 62.6908951 16.7597313
v 53.2752342 61.5384750 8.7106686
v 55.3230247 60.4373627 6.3353677
v 55.5539627 59.2236671 4.8258853
v 54.5087547 54.9145737 1.7057297
v 55.4569626 49.6805382 0.1070503
v 56.5491905 47.9466743 0.0557991
v 57.4374008 40.1642570 2.4706421
v 57.6749992 38.6668282 3.6116524
v 57.9477196 37.3830185 4.9058819
v 58.4748993 36.2059364 6.4665008
v 61.2256317 33.8144226 14.6025505
v 60.6872292 34.5807953 19.8329830
v 60.3893929 36.3063469 23.3597279
v 60.2954597 37.5875931 24.9654274
v 60.3249092 40.5893669 27.5289116
v 60.2945290 42.2489662 28.4674091
v 60.2479744 45.8240852 29.6694107
v 60.2746048 47.6646004 29.9068222
v 60.4629173 51.3415794 29.7233295
v 59.2389183 54.0621223 28.9342270
v 58.6769295 55.4951515 28.2864838
v 58.7116699 58.0147705 26.6283512
v 58.4708405 59.1760979 25.5857582
v 58.1112938 62.9803391 19.1032791
v 58.2356720 63.4628410 16.6707153
v 58.5922432 62.1030693 8.4915571
v 59.0076981 58.5450096 3.8060052
v 59.1120453 57.0025558 2.5932469
v 58.9792900 55.0345497 1.5000594
v 60.3784904 49.9544487 0.0997656
v 60.3543587 48.0403671 0.0648580
v 60.7302399 40.7124672 2.3582504
v 60.8070335 39.1177292 3.5474877
v 60.7651558 37.7779541 4.8554673
v 60.8273277 33.9402618 12.6584387
v 11.2294273 0.0000000 29.4765034
v 17.0242443 3.8834283 29.7730618
v 18.6291866 2.1869085 29.5088558
v 20.3317432 3.7102480 29.0022469
v 19.3765202 0.0000000 29.2908363
v 20.9216976 1.5494416 28.7366180
v 24.3675728 1.6202258 26.6701927
v 23.8873653 0.0000000 27.0165100
v 27.1431065 5.0646038 24.1929359
v 26.8914375 1.6765823 24.1405773
v 27.5123177 3.3535078 23.3937302
v 27.3828735 0.0000000 23.3693600
v 28.7965775 1.7026944 20.9011955
v 28.4527702 3.3668213 21.7957821
v 28.3571968 0.0000000 21.7358398
v 29.8921204 0.0000000 16.2675056
v 29.9462986 1.6430006 13.6153860
v 29.5662689 1.3818771 11.4552288
v 29.4318848 3.1569059 10.5074482
v 29.4636993 0.0000000 11.2339449
v 28.1389675 1.7884703 7.6707778
v 27.3828735 0.0000000 6.6306372
v 27.0077076 2.1679645 5.9388323
v 25.5959301 1.9125766 4.3794508
v 26.1971111 3.7904098 4.8813553
v 26.2304344 0.0000000 5.1175036
v 24.1522465 1.8450301 3.1503925
v 24.8754978 3.6795735 3.6529114
v 22.6231174 1.8343525 2.1237099
v 21.7287292 0.0000000 1.6543626
v 21.1010151 1.8413244 1.3028989
v 19.4760551 1.8504753 0.7207783
v 20.2051888 3.6856523 0.9455230
v 17.6785908 1.8580251 0.2737517
v 16.6152039 3.7166643 0.1404860
v 16.8984051 0.0000000 0.1750933
v 15.8074970 1.8623154 0.0651318
v 13.9210482 1.8622952 0.1098382
v 15.0011473 0.0000000 0.0405098
v 12.0613146 1.8637893 0.3733007
v 10.3176250 1.9075204 0.8586786
v 11.0223017 3.6834681 0.6685918
v 9.4273024 0.0000000 1.1318049
v 7.6332521 1.1237316 2.0481377
v 7.7053342 0.0000000 1.9395940
v 5.7201400 2.0489361 3.3903544
v 4.3566198 2.7688346 4.6438680
v 3.2558258 1.5782431 5.8519492
v 4.1007900 4.6622701 4.9933152
v 3.3715074 0.0000000 5.6106472
v 2.2621598 0.0000000 7.1556540
v 0.9386702 1.8111203 10.1554403
v 0.4243110 3.5817592 12.4924192
v 0.2690218 0.0000000 12.4741201
v 0.2241076 4.0179086 14.4700603
v 0.0540381 0.0000000 14.3639545
v 0.4534377 3.0435276 17.7784691
v 0.7194213 4.9732180 18.6867542
v 0.9131367 3.1070404 19.6263866
v 1.2402155 4.3986859 20.3773422
v 0.9077888 0.0000000 19.9790955
v 1.5335398 3.1184142 21.2895851
v 2.3985600 3.2720735 22.8220692
v 1.6417680 0.0000000 21.7337952
v 2.9242644 1.6680504 23.7495613
v 4.0279226 1.6929233 25.0962391
v 3.3715081 0.0000000 24.3893509
v 5.3641467 1.6980331 26.3626251
v 4.6481214 0.0000000 25.7993011
v 6.8489289 1.7368077 27.4876652
v 6.5863390 5.0897036 27.2026672
v 8.4967566 1.8067727 28.4535522
v 9.3885546 3.7128520 28.7776661
v 9.4273024 0.0000000 28.8681946
v 30.1025829 3.5147345 16.3221035
v 29.8057423 3.4918678 18.2487316
v 29.2165184 3.4343646 20.0839920
v 29.7336311 5.2450137 19.3092117
v 27.9811726 6.5872788 23.3675804
v 26.8730030 6.9133062 24.8447456
v 25.0519428 3.2640548 26.1724625
v 23.2109680 4.8251448 27.6798515
v 21.6383133 5.2152457 28.5604382
v 21.2292919 7.1382842 28.8159008
v 19.8611393 5.6897969 29.2438488
v 19.4287720 7.7085881 29.4693165
v 15.8043518 7.3342614 29.9147606
v 12.4608078 9.3683834 29.5214329
v 10.9662704 10.5551062 29.0167084
v 7.9492240 11.1757164 27.4885521
v 7.0383792 7.0279741 27.3457489
v 5.8558168 8.3954182 26.2816086
v 4.4997439 7.5336194 25.0980129
v 3.7204249 8.5730381 24.0067215
v 3.3088763 6.9392610 23.7523575
v 1.6753855 10.1388655 19.7671089
v 1.0032562 7.1577764 18.8573647
v 0.8484078 8.3879271 17.3361320
v 1.1920421 10.1455545 17.9364777
v 0.5698364 7.2439418 13.7219734
v 0.8951735 8.6056957 12.5827198
v 0.9867381 10.2803335 13.5588007
v 1.2985113 10.1566858 11.4986572
v 2.8176985 7.2845268 7.0444164
v 3.8445699 8.6582527 5.8902988
v 5.1312404 7.8621683 4.3387184
v 6.4432964 6.9457712 3.0861375
v 6.8507781 10.8604670 3.2632794
v 8.9028034 7.6223979 1.6531749
v 9.7632208 9.3946190 1.3777252
v 9.6843920 5.4927783 1.1695304
v 11.7389011 5.5593672 0.5280488
v 13.6554155 5.5657182 0.1680216
v 14.5008402 7.3926821 0.1093507
v 15.5603495 5.5651779 0.0513026
v 17.4388046 5.5624099 0.2029205
v 18.2846394 7.4061613 0.3060061
v 19.2746944 5.5374322 0.5674334
v 21.0122166 5.4992232 1.1951463
v 22.6667271 5.4588995 1.9798810
v 23.5015526 7.2190681 2.3228655
v 24.2166691 5.4363923 2.9488034
v 25.6165733 5.4442959 4.0975714
v 26.8177624 5.4687991 5.3471060
v 27.8225307 5.3480721 6.6729822
v 28.5739059 6.8262062 7.5033827
v 28.6965122 5.0735154 8.1558247
v 29.3842163 4.7991700 9.7894077
v 29.3828869 6.5377951 9.1584082
v 30.1480770 3.4809225 14.3314667
v 30.2304440 5.3939195 12.9559612
v 30.6677876 7.1240163 16.3962898
v 29.6229801 7.1093311 20.5877476
v 30.4500771 8.9296961 19.4033318
v 28.8992481 7.8959012 22.4010429
v 27.9409580 8.3756275 23.9559441
v 28.9734650 9.7800255 22.9769745
v 25.5696545 7.3915954 26.2220745
v 24.1564159 7.9665403 27.3911018
v 23.9433308 9.8812056 27.7552719
v 22.6067677 8.5201178 28.3379021
v 20.9314308 9.1109114 29.0778255
v 19.1702175 9.7965069 29.6078491
v 18.9908638 11.8403339 29.7259922
v 17.3782520 10.5883188 29.8956223
v 15.6178627 11.4016390 29.9147968
v 17.2021408 12.6549253 29.9205246
v 14.1284103 11.9469538 29.7416630
v 15.2121181 13.5549202 29.8428345
v 12.6638298 11.3160238 29.4895039
v 11.8019743 14.5539799 28.9824085
v 9.6048489 11.8452873 28.3517494
v 8.3887606 13.0881901 27.5055313
v 7.0951090 12.3968325 26.7078094
v 5.9484921 12.8346338 25.6201382
v 4.7860756 13.3979492 24.1987114
v 3.9158621 12.1836634 23.4202633
v 3.6703677 13.7229166 22.4995937
v 1.9507653 15.2567120 15.3548470
v 1.6143951 13.7510233 14.1367292
v 2.0478950 15.3752518 13.5115719
v 2.3072274 15.2991276 11.7316189
v 3.6412749 12.6189003 7.2308784
v 4.8255548 14.0487423 5.9657564
v 5.7719440 16.0495701 5.4034748
v 7.3388071 12.8595619 3.2146232
v 8.7240210 11.4558926 2.0834851
v 11.6427994 9.2616816 0.6718303
v 11.9398441 12.8720665 0.7988213
v 13.4893646 9.1448250 0.2447233
v 15.3072205 9.2211685 0.0733308
v 15.9697285 11.3904715 0.0648154
v 17.2366924 9.3079081 0.0997116
v 19.1833954 9.2252617 0.4424436
v 21.0296993 9.1180620 0.9707113
v 21.9848022 10.8409967 1.1651452
v 22.7725029 9.0127115 1.6964144
v 24.3907223 8.9368086 2.6386249
v 23.6975880 10.6961336 1.9794576
v 25.8992386 8.9228392 3.7873504
v 29.4313469 8.3586569 8.4049006
v 30.1576195 8.0278482 10.2264585
v 30.8864784 9.5847826 11.3621845
v 30.5969334 7.6445265 12.2063866
v 31.1498146 8.9178534 15.5436277
v 30.9362698 8.8231773 17.4646664
v 31.2345676 10.5246315 18.3921204
v 30.7037582 10.7759390 20.2178268
v 31.0200348 12.5414419 20.9763927
v 30.0207348 11.1678123 21.9692059
v 27.9273109 10.2837620 24.5299988
v 26.6948433 10.7749071 25.9539509
v 26.6017399 12.7174911 26.5238342
v 25.2920723 11.2582359 27.1746368
v 23.7824211 11.7657528 28.1473789
v 22.2236595 12.3632421 28.9157009
v 20.5963745 13.0753908 29.4947491
v 20.5408611 15.0661106 29.6281700
v 18.8852959 13.8688297 29.8311520
v 17.2787971 16.4833279 29.9251919
v 16.2720451 17.8286839 29.7778931
v 12.9256210 18.7410412 28.9099922
v 10.4551592 15.9132280 28.2748947
v 9.1644344 17.2306881 27.2578659
v 7.3477345 16.3346081 26.0580673
v 6.8181195 17.8748226 25.1468201
v 5.9274817 18.3700733 23.9459400
v 4.8461127 17.1064014 23.0128536
v 4.3098059 19.3763371 20.7542553
v 3.3414876 20.0910797 15.0440750
v 3.4766433 20.1014519 13.0793982
v 3.8502848 20.0193920 11.1331558
v 5.4881077 17.8347454 6.4413471
v 6.4194975 19.3563385 5.8345590
v 6.6514010 17.6511936 4.9441738
v 7.7745976 17.4880772 3.8494306
v 10.2177315 20.0411034 2.6923423
v 10.0969038 16.5705833 2.0418112
v 11.9424849 16.7023296 1.2110115
v 12.6102648 18.6331673 1.1968511
v 13.8332863 17.0225201 0.6144238
v 15.4371767 13.8075666 0.1308817
v 17.4148521 13.1529493 0.0798407
v 19.2858200 12.7920685 0.2806239
v 20.6955681 15.9671965 0.3439030
v 21.1388474 12.7055197 0.7185405
v 23.0091610 12.5322332 1.3628865
v 22.1728897 14.6774740 0.8394276
v 24.6645164 12.2459850 2.2488992
v 24.1853123 14.0763788 1.6859196
v 25.9418602 12.0377102 3.1195915
v 26.9004765 10.8665361 4.1859798
v 28.3570881 10.4697723 5.8218675
v 29.3884182 12.0357733 6.5932193
v 29.4873524 10.2369165 7.5270925
v 30.3387394 9.9549046 9.4073324
v 30.5702324 12.1119595 8.4356298
v 31.2428932 9.4612465 13.5013523
v 31.9048557 11.4592781 13.8235893
v 32.0973129 11.8278990 15.5912008
v 32.6791077 13.5177851 16.3456936
v 31.9956226 12.0139532 17.4061108
v 31.6040325 12.2323122 19.2260265
v 32.8587418 15.0677938 19.1204262
v 30.2841797 12.9790602 22.6163731
v 30.4269810 15.6288366 23.9715118
v 29.4149227 13.8092585 24.2618408
v 27.9813442 14.1382313 25.8590374
v 29.1846542 15.6031866 25.2877293
v 24.8708153 14.5970087 28.0850372
v 23.7193527 15.3289433 28.7564983
v 23.9493656 17.2084141 28.9206181
v 22.2311802 16.1943283 29.3499451
v 20.5494289 17.1283913 29.7565536
v 20.7401066 19.2868538 29.8402424
v 17.0196800 19.8864613 29.7823219
v 17.6707153 21.9907169 29.7395134
v 14.9400253 19.3422527 29.4621429
v 14.3864794 22.9779472 28.8037605
v 11.5774279 20.2480755 28.0799637
v 10.2386456 21.8306427 26.8490734
v 8.7218122 22.4453068 25.3806896
v 7.6546516 23.1087112 23.9475861
v 6.4217544 21.9232273 22.9548798
v 6.0898118 23.9970989 20.9152565
v 5.1382179 24.8700523 14.7861462
v 5.3204436 24.8973160 12.8136759
v 5.7369013 24.8241863 10.8620253
v 7.3149848 22.5880070 6.2156105
v 8.3603010 24.0290813 5.6453171
v 8.4888916 22.2302017 4.7108412
v 12.0899353 24.5307827 2.6928821
v 11.3294992 21.4364300 2.3353553
v 13.0886965 20.7939415 1.3589704
v 14.1493702 22.7619591 1.2565124
v 14.4651709 19.0074959 0.6370590
v 15.7473412 17.3210449 0.2484256
v 17.1636047 21.1599998 0.2673170
v 17.7652130 17.5522614 0.0795691
v 20.0064316 17.8883705 0.1383861
v 21.8983021 19.1357632 0.3135770
v 22.0730572 16.9883900 0.5214513
v 23.8616447 16.1129684 1.2024233
v 23.6931839 18.2321224 0.8497322
v 25.5327835 15.4049129 2.1070256
v 25.3839626 17.3899460 1.6177295
v 26.9816761 14.7599525 3.1667736
v 28.2639351 14.1625528 4.3780360
v 29.4006100 13.6846619 5.7274556
v 30.2496853 13.3892946 7.0428624
v 31.2434349 14.2680387 8.0777540
v 31.8382893 13.4979696 9.9152040
v 32.8942108 14.9590940 11.1777096
v 32.2421188 12.8850594 12.1782227
v 32.6206627 13.2219286 14.3770399
v 32.5277252 15.7670784 20.8230057
v 31.5191078 15.7075701 22.5953407
v 31.4552650 17.0574093 23.6002483
v 32.3515053 18.2063332 23.2780819
v 27.2315140 17.0929451 27.3412838
v 27.4226017 19.1726723 27.8046322
v 25.7262630 18.1573410 28.3967209
v 24.2439556 19.1915951 29.1278954
v 22.6976585 20.2642822 29.6417656
v 23.0432472 22.3123169 29.7459793
v 21.1247902 21.4235916 29.9096336
v 21.5145607 23.4625626 29.9255943
v 18.2828236 23.9322681 29.7031136
v 18.8135929 25.5257530 29.6457939
v 16.3899937 23.4469471 29.3848267
v 16.2644043 26.9130020 28.7475109
v 13.2435598 24.5842457 27.9505749
v 12.1527834 26.2878819 26.7541637
v 10.7638779 27.0467587 25.3168583
v 9.7908621 27.8165588 23.8959084
v 8.4508076 26.7489815 22.8675766
v 8.4221172 28.9355164 20.9932003
v 6.8835182 27.5741520 18.7427864
v 7.3396482 29.5327530 14.6902666
v 7.5617175 29.5911942 12.7135620
v 8.0009689 29.5093498 10.7590981
v 9.4621801 27.1953201 6.1072850
v 10.6084805 28.5486202 5.5684614
v 10.6094494 26.7666683 4.6356874
v 11.9033747 26.2698498 3.3814926
v 14.3611345 28.6752129 2.6304820
v 13.2858353 25.7082767 2.3287170
v 14.9013538 24.8465786 1.3692528
v 16.1604748 26.6207523 1.2325084
v 18.2039566 23.0364666 0.2331452
v 18.5292416 24.8842621 0.3369345
v 20.0988655 22.1731853 0.0556409
v 19.9365692 24.1160526 0.1035535
v 21.8279057 21.2539482 0.1589913
v 23.4969044 22.4534531 0.2997406
v 23.5948544 20.3444729 0.5188342
v 25.3034515 19.4538631 1.1753893
v 25.2564373 21.5361481 0.8146659
v 26.8873997 18.5707321 2.0682163
v 26.9006271 20.5700474 1.5783316
v 28.3175220 17.7879391 3.1483548
v 29.5902348 17.1306591 4.3759198
v 30.7019520 16.5971336 5.7346959
v 31.7136135 17.7335644 6.2863436
v 31.8058300 16.2845764 7.3939586
v 32.4044991 15.4613438 9.2454309
v 33.2316628 14.7474785 13.1850357
v 33.4574509 14.9271460 15.1317549
v 34.0016937 16.1402035 13.9889994
v 34.3626862 16.6927357 15.5849094
v 35.3818321 18.4575844 15.8726664
v 34.6039848 17.4468765 17.4646511
v 34.7077789 18.4778252 19.2286205
v 33.6001930 17.7067661 20.8043995
v 34.6271286 19.5042915 20.9699059
v 32.5151634 17.1808662 22.2634220
v 33.3887062 18.7511768 22.3044167
v 30.1819363 18.9242783 25.9232063
v 30.7378483 20.9989624 26.4095669
v 29.0755405 20.0917053 27.1731567
v 27.8108597 21.0750561 28.1425457
v 26.4229946 22.1168041 28.9340019
v 24.9420605 23.2123623 29.5309048
v 25.2981033 25.2731667 29.6834488
v 23.3884716 24.3302402 29.8562546
v 21.8529797 25.4226856 29.9256516
v 22.1960831 27.0708027 29.9165592
v 21.6245651 28.6318836 29.7568512
v 18.2421570 27.0104523 29.3682709
v 18.7091141 30.6422443 28.7923145
v 15.3681946 28.6472549 27.9174786
v 14.4771175 30.4789467 26.7319984
v 13.1753016 31.4018421 25.2759342
v 12.2853041 32.3353996 23.7977352
v 10.8765783 31.4735146 22.6873016
v 9.2036142 31.4874992 19.4061985
v 9.9597082 34.0807762 14.7105331
v 10.1980114 34.1382103 12.6811075
v 10.6426630 34.0317688 10.7243385
v 11.9515629 31.6221104 6.0558500
v 13.2140350 32.8983040 5.5337648
v 13.0784721 31.0986462 4.5788932
v 14.3488226 30.4720325 3.3089864
v 15.7062473 29.7206364 2.2354205
v 17.2168350 28.5463123 1.2681526
v 18.8855629 30.0488338 1.0298835
v 17.9355087 26.4796276 0.6385536
v 19.6851196 26.0157490 0.2549235
v 20.7135563 29.3792038 0.4505393
v 21.4497509 25.3316422 0.0686943
v 25.1751652 26.1409111 0.2126481
v 25.2374077 23.6812630 0.4607785
v 26.9615993 22.6112080 1.1319014
v 27.0842037 24.7418690 0.7678906
v 28.5045471 21.6078739 2.0291131
v 28.6797714 23.5879498 1.5458673
v 29.8940086 20.7463512 3.1030245
v 31.1523590 20.0281315 4.3415208
v 32.3502083 19.4106731 5.8655758
v 33.7356377 19.8796692 7.2816396
v 34.1124649 18.6726971 9.1094599
v 35.6303673 20.0681686 10.3952894
v 34.7517815 18.2393398 11.3772125
v 35.0054474 17.8895779 13.7382755
v 36.3233681 19.8432522 16.2349567
v 37.4117126 21.2120991 15.6361656
v 35.9969559 20.4091644 19.3388844
v 37.2102127 21.6415024 18.5813332
v 34.2191925 20.4459591 22.6713428
v 35.1585732 22.4127293 23.2788315
v 33.4535027 21.2321243 24.2648411
v 32.4091530 21.9782448 25.6818237
v 33.9767265 22.9581032 24.9210262
v 31.2656116 22.8558102 26.9003220
v 30.0400734 23.8353424 27.9408131
v 28.7288971 24.9069977 28.8018093
v 29.2614326 26.8053799 29.0538177
v 27.2979164 26.1204662 29.4358711
v 25.6316605 27.5780315 29.8332195
v 26.7025738 29.6074543 29.8812962
v 24.9363117 29.3799019 29.9463768
v 23.2854099 30.4149513 29.8168335
v 24.3053341 32.5361366 29.7281628
v 20.8902321 30.5746632 29.4290104
v 21.4132481 34.3263397 28.7827435
v 17.9268723 32.5286713 27.9415512
v 17.1747303 34.4508476 26.7422142
v 15.9514122 35.4806557 25.2855377
v 15.1468124 36.4786644 23.8215427
v 13.7129288 35.8009758 22.7106018
v 12.0662012 35.9370079 19.5332985
v 12.9738369 38.4387283 14.7172365
v 13.2116261 38.4638329 12.6741362
v 13.6403942 38.3240509 10.7293787
v 14.7757607 35.8872757 6.0887880
v 16.0976601 37.0783386 5.6282549
v 15.8949976 35.3530617 4.6274061
v 17.2198696 34.7685623 3.3530321
v 18.6320686 34.0632973 2.2627435
v 20.1309357 33.3738480 1.4151435
v 21.4343567 34.7598343 1.3443073
v 20.3858395 31.4230709 0.8629249
v 22.2145252 30.7813568 0.3571196
v 24.3142300 30.0976238 0.0926066
v 25.2626877 31.9159470 0.1237593
v 25.9247036 28.4586124 0.1170595
v 27.9429893 29.0724201 0.2903073
v 27.4276218 26.9198666 0.4602238
v 28.9632454 25.6054478 1.1254387
v 29.3770542 27.6439571 0.8129813
v 30.3686676 24.5092945 1.9898779
v 30.7332287 26.4009342 1.5452437
v 31.6571522 23.6294994 2.9988565
v 32.8378983 22.9128647 4.1469989
v 35.2670364 23.2526302 6.1107030
v 34.5882530 21.5511208 6.8163872
v 35.9945984 22.4990368 7.7252822
v 36.0481377 19.7045860 12.4990444
v 36.2933617 19.6816177 14.5789413
v 37.2876091 21.1770935 13.5055475
v 38.5573883 22.6122322 15.9919739
v 37.9301300 22.0423717 17.2801456
v 37.0605812 22.1627598 20.0596466
v 38.2648926 23.7517624 20.4347725
v 36.8269577 23.0465813 21.8075981
v 36.5235176 24.1276264 23.3789787
v 37.6304779 25.6903915 23.7422657
v 34.5377007 24.5683613 25.5568275
v 36.0652351 25.1990585 24.7386208
v 33.5250587 25.5197372 26.7794209
v 32.3044701 26.4387817 27.8461609
v 32.5735931 27.9359226 28.2514248
v 31.0771179 27.4107113 28.6569824
v 29.9141731 28.6310387 29.2743492
v 28.7098179 30.0171738 29.7251072
v 29.4938602 31.8680897 29.8123245
v 27.4896564 31.4825706 29.9392147
v 28.2616138 33.3725929 29.9429798
v 25.1427383 34.1024170 29.6804447
v 26.8989086 35.0589828 29.7893658
v 23.4387646 34.2124138 29.3730602
v 24.3227692 37.6523666 28.7776337
v 20.7627430 36.2220078 27.9345226
v 20.1698551 38.1854858 26.7390404
v 19.0246067 39.3307991 25.2577934
v 16.8235817 39.8176193 22.6909389
v 16.4823627 40.8714905 20.8053703
v 15.3116665 40.2057915 19.5653172
v 16.3051796 42.4915390 14.6903267
v 16.5466576 42.5026054 12.6805239
v 16.9583473 42.3256989 10.7409258
v 17.7939453 39.7802238 6.1770186
v 19.1789036 40.7592201 5.6463671
v 18.7130032 39.0927582 4.7795734
v 19.6581516 38.1222153 3.5243151
v 20.8907108 36.7998581 2.2415814
v 22.7946987 36.2266464 1.3008621
v 24.2235317 37.6427841 1.2558746
v 23.1772079 34.2498817 0.7094870
v 24.9784813 33.7028580 0.2854146
v 26.9646454 32.9461975 0.0743080
v 28.0289955 34.7220917 0.1038135
v 28.5065842 31.2202778 0.1493094
v 30.5368862 31.7465916 0.3281766
v 29.9194660 29.6844940 0.5208606
v 31.2331734 28.3040390 1.1666777
v 31.8339539 30.2500210 0.8680139
v 32.3986473 27.1034241 1.9847453
v 33.0225983 28.8798618 1.6058700
v 33.2895813 26.1555119 2.8104010
v 34.3236847 24.0250912 4.6669388
v 37.5134048 23.5201397 8.6470814
v 38.0140839 22.9636879 10.5228662
v 39.3915138 24.0476170 11.5064516
v 38.3628922 22.6046791 12.4531784
v 39.1139832 23.3890839 17.2245255
v 39.7136841 24.5078030 18.8421497
v 39.5477638 25.3359547 20.8966370
v 40.8015404 26.8566475 21.5114136
v 38.0373535 24.6720695 22.1734314
v 39.2240982 26.2324085 22.6417446
v 37.0404434 26.7733173 25.1761322
v 36.2600136 27.9824524 26.5160561
v 33.5388374 29.2609158 28.3578701
v 32.6181068 30.7431870 29.0825825
v 31.4992199 32.2289429 29.6265888
v 32.2983780 34.1155739 29.7543755
v 30.2837162 33.7014923 29.8987598
v 29.1218815 35.1701469 29.9242001
v 29.9455471 36.5734673 29.9043846
v 29.8346977 38.1444321 29.7444477
v 26.3623314 37.2152290 29.4035912
v 27.5572548 40.7342949 28.7940254
v 23.8668079 39.6194725 27.9369869
v 23.4508076 41.6437035 26.7390327
v 22.4289322 42.8751297 25.2810135
v 21.8085232 43.9909134 23.8225212
v 20.2537079 43.5459976 22.6939869
v 18.6281853 43.9333153 19.4635715
v 19.9548054 46.2519608 14.7472086
v 20.1990108 46.2504501 12.6913443
v 20.6004333 46.0386887 10.7295275
v 21.2258072 43.3661804 6.1015310
v 22.7370911 44.2736130 5.5722079
v 22.1512012 42.5760803 4.6387863
v 23.2038956 41.6754646 3.3901129
v 24.3323956 40.7023277 2.3378391
v 25.5891991 39.3772545 1.3754563
v 27.3931503 40.7175827 1.2540330
v 26.0032444 37.1853142 0.6700217
v 27.8416233 36.5486107 0.2560433
v 29.8072567 35.6599998 0.0664294
v 31.0060043 37.3624229 0.0910055
v 31.2322750 33.8376083 0.1725919
v 33.2823601 34.2210503 0.3632876
v 32.5275841 32.2212944 0.5669962
v 33.7270813 30.7472248 1.2337440
v 34.4742050 32.6552544 0.9189175
v 34.8177299 29.3783150 2.1139908
v 35.5958252 31.2051907 1.6865815
v 35.7799950 28.0581779 3.1977119
v 36.7177162 26.8726940 4.5093312
v 37.6398964 25.9331207 6.0234222
v 39.2608299 26.8397598 6.7714767
v 38.4706612 25.1986389 7.7234364
v 39.0771675 24.5660591 9.6074543
v 40.2992744 26.3626156 8.6144056
v 39.6334190 23.8216057 13.3580809
v 40.9920044 25.0867729 14.0091600
v 41.2969170 25.3310852 15.9245043
v 42.7059746 26.6405735 16.6410465
v 41.3247490 25.6431179 17.8050556
v 41.0885239 26.1157093 19.6908646
v 43.6961403 28.0712814 19.4053173
v 40.4013405 27.7443905 23.1839828
v 41.5621529 29.1966000 23.7657871
v 39.8722878 28.7712421 24.7053261
v 39.2314491 29.9605980 26.0585423
v 37.3671913 29.6911507 26.8641911
v 36.5725288 31.1450634 27.9644852
v 35.6784592 32.7759819 28.8638382
v 36.9270859 34.5167961 29.0473862
v 34.5757561 34.7150764 29.5331306
v 35.3575096 38.3794861 29.8956966
v 33.2693710 37.8419380 29.9008865
v 31.7674599 39.3398247 29.7873116
v 33.2208290 41.0208130 29.7237606
v 29.5939884 40.1283035 29.4195862
v 31.0024338 43.5865860 28.7799625
v 27.2484531 42.7603073 27.9388046
v 26.9804630 44.8117332 26.7321243
v 26.0664120 46.1022377 25.2942104
v 25.5089741 47.2096443 23.8766499
v 23.9717731 46.8241425 22.9097672
v 24.3467045 48.6513443 20.6101055
v 23.8201122 49.0104294 18.7863770
v 23.8569069 49.6652031 14.7192421
v 24.1299839 49.6664276 12.6851997
v 24.5368538 49.4425659 10.7231216
v 24.9930038 46.7451820 6.0667939
v 26.5804195 47.5337791 5.5473256
v 25.8681450 45.8903351 4.6057687
v 26.8469753 44.9062042 3.3628824
v 27.8758411 43.8195267 2.3105981
v 28.9894295 42.3345375 1.3430220
v 30.9563904 43.4943962 1.1992081
v 29.1727276 40.0486069 0.6400006
v 30.9776878 39.2152290 0.2324202
v 32.8512688 38.1334496 0.0622828
v 34.1638527 39.6639137 0.0782957
v 34.1089668 36.2361641 0.1944885
v 36.1477165 36.4909477 0.3871746
v 35.2890854 34.5677376 0.6008143
v 36.4071350 33.0416870 1.2811775
v 37.2545853 34.8956947 0.9415651
v 37.4547806 31.6427040 2.1779921
v 38.3156319 33.4123878 1.7117181
v 38.4224663 30.3716984 3.2663515
v 39.3029022 29.2415009 4.5213919
v 40.0721092 28.2915077 5.8966193
v 40.6466751 27.6285763 7.2143707
v 41.8978882 27.9226418 8.2529163
v 42.0596771 26.9939022 10.0989819
v 43.6748772 27.7900925 11.3690510
v 42.0731316 26.2589111 12.3661900
v 42.5166473 26.3645630 14.6148567
v 43.8425827 28.9381008 21.0626469
v 43.2124519 29.6324234 22.8643074
v 42.7067184 30.5906010 24.3434925
v 44.3357582 30.8924522 23.4906216
v 40.3646507 31.4937744 26.4789486
v 39.6850967 32.8568649 27.6008625
v 40.8584137 34.3314819 27.8953800
v 38.9773331 34.3930626 28.5118656
v 38.2881699 36.0972710 29.2128086
v 37.6285095 37.9495392 29.6982517
v 39.1278839 39.4195366 29.7539654
v 37.0741539 39.9255028 29.9208145
v 38.6312408 41.3667526 29.9214802
v 32.8295631 42.8725090 29.3618107
v 30.9852676 45.7887955 27.8862095
v 31.9417038 47.4915009 27.3256149
v 29.9559479 48.9621849 25.3565292
v 29.6028957 50.2770500 23.8506393
v 27.9176655 50.0657768 22.6816692
v 27.7521324 51.0969162 20.7988758
v 27.7551060 51.9471664 18.8452854
v 28.0361767 52.7587128 14.7714558
v 28.3286762 52.7606506 12.7298775
v 28.7352142 52.5172958 10.7494478
v 29.0285053 49.8252754 6.0644999
v 30.6855850 50.4975433 5.5603766
v 29.8582649 48.9084396 4.5951519
v 30.7881088 47.8395348 3.3365767
v 34.3126869 48.9710121 2.6348386
v 31.7555313 46.6352615 2.2514939
v 32.7497597 44.9618797 1.2635280
v 34.8168297 45.8518448 1.0940974
v 32.6957092 42.5959435 0.5801289
v 35.8775597 40.1082344 0.0707733
v 37.0472336 38.4181747 0.2024511
v 39.0973053 38.6365395 0.3757065
v 38.1582794 36.7441788 0.6037045
v 39.2116547 35.1876030 1.2803761
v 40.1433868 36.9872055 0.9214107
v 40.2147408 33.7628746 2.1710072
v 41.1418419 35.4699821 1.6761075
v 41.1661301 32.4745560 3.2596116
v 42.0279579 31.3066425 4.5400724
v 42.7261276 30.2507877 5.9971395
v 43.2117157 29.3061543 7.6105485
v 43.5057068 28.4688549 9.3958607
v 43.8296471 27.4461613 13.3971615
v 44.0950584 27.5250072 15.3690968
v 45.1684151 28.3208828 14.1967249
v 45.7436752 28.6657372 15.7919188
v 47.4613686 29.7240715 16.0264034
v 46.3443184 29.2619286 17.6495323
v 46.9638939 30.1664619 19.4046803
v 45.6543770 30.0477867 20.9594212
v 47.3595543 31.1375713 21.1769485
v 44.6006889 30.0903530 22.1904221
v 45.8598557 31.0536423 22.4894371
v 43.2914696 33.0930443 26.2227573
v 44.3375435 34.5012245 26.7585678
v 42.6152878 34.3142967 27.3085098
v 42.0531349 35.6579094 28.1656628
v 41.5933685 37.2133980 28.8822746
v 41.1158333 38.9463768 29.4629364
v 42.5983620 40.2672729 29.5435219
v 40.6399384 40.8029976 29.8092422
v 40.2012291 42.7324448 29.9283752
v 41.7989845 44.0195236 29.9257793
v 41.5116997 45.9464645 29.7525711
v 37.8316307 45.4171944 29.5106945
v 39.4872398 48.7736320 28.8113003
v 34.9185371 50.3320465 26.7131786
v 34.4240417 51.7392197 25.3901749
v 34.0809631 53.0493279 23.8522987
v 32.3939552 52.9517708 22.7502899
v 32.2468147 53.9536400 20.8993912
v 32.2086525 54.7483521 18.9342003
v 32.4804611 55.5178185 14.8043203
v 32.7740707 55.5013199 12.7611065
v 33.1656456 55.2348328 10.7823048
v 33.2735100 52.5869331 6.1227946
v 34.9355621 53.1245155 5.6462226
v 34.0501060 51.6656227 4.6862307
v 34.9689903 50.6714287 3.4645987
v 35.3939819 47.7237396 1.6676821
v 37.1770401 47.9995193 1.3866175
v 36.3831139 44.8928719 0.5452667
v 38.0531769 44.1295700 0.2398638
v 39.0924301 42.3857613 0.0606564
v 40.3911400 44.2009277 0.1119288
v 40.1249886 40.5226440 0.1840021
v 42.2019577 40.6007576 0.3431622
v 41.1456070 38.7835274 0.5696290
v 42.1126900 37.1768379 1.2291076
v 43.1520271 38.9063148 0.8656210
v 43.0301971 35.7267952 2.0861368
v 44.0264549 37.3240433 1.5980910
v 43.9524422 34.4735870 3.1057427
v 45.1781387 33.4454002 4.4216852
v 45.7789993 32.1336555 6.1078076
v 46.2592468 31.1491203 7.8146777
v 46.6357002 30.3453388 9.6463900
v 48.4042587 30.8961582 10.6537580
v 46.8489876 29.7617893 11.6525202
v 46.8588524 29.3739147 13.9404936
v 48.8919525 30.4797974 16.3182640
v 50.2228394 31.0455780 15.6391897
v 49.0594788 31.2754459 19.5249634
v 47.3932953 32.2174072 22.9375229
v 47.1987038 33.5769005 24.7165394
v 45.2261276 36.1448708 27.4831352
v 44.9158859 37.9832840 28.4773254
v 46.4327660 39.2535477 28.6684780
v 44.5263252 39.7415199 29.1734505
v 44.1173668 41.5387459 29.6456394
v 45.6505737 42.7782974 29.7354202
v 43.7281189 43.3730888 29.9021797
v 43.3972321 45.2208786 29.9175148
v 45.2691002 44.5819054 29.9264984
v 43.1932755 47.0600815 29.7144814
v 44.8483658 48.0124092 29.6767063
v 41.3678551 47.8951569 29.3989925
v 43.3107948 50.7836113 28.6963501
v 39.6075897 50.7494926 27.9669552
v 39.7252998 52.7586975 26.7616329
v 39.0623436 54.2473068 25.2592831
v 38.7678719 55.5098839 23.7328205
v 37.0354691 55.5083160 22.6597481
v 36.9167175 56.4695549 20.8273430
v 36.8913002 57.2300606 18.8822002
v 37.1771469 57.9205132 14.8162012
v 37.4551468 57.8768463 12.7775478
v 37.8166504 57.5767708 10.7948084
v 37.6470070 54.9151993 6.1435761
v 39.3696976 55.2782516 5.6105838
v 38.2621651 53.8869743 4.6979270
v 38.8978386 52.6601219 3.4521220
v 42.5638657 53.0312462 2.6013250
v 39.5449715 51.2597809 2.3419378
v 40.2725639 49.6612206 1.4069577
v 42.3268585 49.7042198 1.0692767
v 41.0650406 47.8710594 0.6765609
v 41.7559814 45.9359474 0.2176268
v 43.4004478 47.7226639 0.3927703
v 42.3917465 44.0669937 0.0586935
v 43.2769547 42.3997459 0.1569393
v 45.5097008 42.7682915 0.2522616
v 44.2855492 40.6908188 0.5024896
v 45.1433945 38.9478989 1.1602123
v 46.3863297 40.6542625 0.7981340
v 45.8790588 37.3814926 2.0112989
v 47.0938683 38.8825798 1.5591431
v 46.4807014 36.0066948 2.9851911
v 47.1676636 33.4472008 5.3987317
v 48.8979187 33.5938225 6.2349176
v 47.6238213 32.3956070 6.9774771
v 49.4264488 32.7394257 7.7738671
v 48.5919037 30.4329071 12.7137890
v 48.7469635 30.3173332 14.7237492
v 50.2854958 31.1281662 13.7094431
v 51.5736580 31.7036400 16.8016796
v 50.7776260 32.4047165 20.4797153
v 52.2109299 32.6514053 19.6099186
v 50.7498665 33.2711449 22.2338505
v 54.0156403 35.1541176 23.4061604
v 48.9800072 35.8886375 26.0662365
v 48.6805191 37.2469635 27.1694927
v 50.1606636 38.3622208 27.4879532
v 48.3290291 38.7868614 28.1313038
v 47.9637451 40.4570274 28.8995266
v 47.5865555 42.2020416 29.4782066
v 49.1570816 43.4080925 29.6150513
v 47.1888390 44.0032539 29.8270130
v 46.7580223 45.7946281 29.9359970
v 46.2596588 47.2399216 29.8882046
v 46.6017189 48.7166100 29.6670589
v 48.4876900 49.3861313 29.6615238
v 44.9959221 49.7754936 29.3116455
v 47.2220764 52.3155861 28.6444855
v 43.5889511 52.6610947 27.8498077
v 43.9902916 54.5969162 26.6819820
v 43.5060234 55.9166412 25.4183311
v 43.3353500 57.6988945 23.3147755
v 43.4062195 58.6100388 21.9122715
v 42.1000137 59.9462509 14.8020897
v 42.3614426 59.8727875 12.7639132
v 42.6905022 59.5398750 10.7813120
v 42.3245163 56.8901329 6.1119809
v 44.1059608 57.1480751 5.6153665
v 42.9341431 55.8218193 4.6467690
v 43.6465797 54.6012383 3.3774366
v 44.4756355 53.2587090 2.2900586
v 45.4243736 51.7966957 1.3953162
v 47.4071503 52.1100578 1.2468941
v 44.4333916 49.9184990 0.8062255
v 45.6328888 48.3405800 0.3393012
v 47.6008415 48.7648697 0.2816842
v 46.9346886 46.6712151 0.0786111
v 48.6606483 47.5773849 0.1003412
v 49.4047661 43.9131889 0.2915135
v 47.8363457 42.3289375 0.4717628
v 48.4430466 40.4140663 1.1421883
v 49.9015503 41.9435196 0.8173828
v 49.0035706 38.7088013 2.0243382
v 50.4047165 40.1168480 1.5756238
v 49.4915123 37.1822548 3.0700397
v 49.8973007 35.8138542 4.2591214
v 50.2087593 34.6184616 5.5720425
v 50.3890877 33.7180481 6.8600650
v 51.5461235 33.2761192 8.3229284
v 51.8759155 32.4181404 10.5828228
v 53.7451782 32.7363548 11.7277079
v 51.9849358 31.9108849 12.7299652
v 53.4332886 32.2975922 16.1043205
v 52.8535919 32.4132805 18.0938530
v 55.7528419 33.4907684 18.9924889
v 55.7241669 34.0791321 20.6389236
v 52.3726883 34.2273788 22.7859974
v 54.0316277 34.1214447 21.6979084
v 52.1281700 36.5645790 25.6595631
v 53.5962944 37.5021782 26.0883465
v 51.9293785 37.9097862 26.8185940
v 51.7017632 39.4016800 27.8157635
v 51.4369240 41.0209084 28.6620293
v 53.0719490 42.0794106 28.8967323
v 51.1329269 42.7598152 29.3193054
v 50.7889519 44.6076355 29.7418232
v 50.4055634 46.5177345 29.9357090
v 52.0589752 47.7013741 29.9377785
v 50.1755333 48.3742065 29.8963737
v 50.3304024 50.1066475 29.6268139
v 52.2167358 50.5926399 29.6226292
v 48.7930603 51.2170868 29.2572823
v 51.1663895 53.6020622 28.5582943
v 47.6571693 54.0468979 27.8580036
v 48.1817436 55.6566772 26.9111328
v 47.1456184 56.9262009 25.6015682
v 46.8518105 59.3994751 22.4251823
v 48.4426804 60.2392845 21.7464428
v 45.1537323 60.2388077 19.4663887
v 47.2704124 61.5847969 14.7785540
v 47.4986572 61.4767494 12.7342319
v 47.7733955 61.1021461 10.7462082
v 47.1054382 58.4955406 6.1343226
v 48.8316154 58.5543175 5.5932293
v 47.5535393 57.4358406 4.7480717
v 47.9673767 56.3942299 3.7137215
v 51.4481201 55.7537193 2.5669105
v 49.3954811 52.4094925 1.1380284
v 51.4030762 52.6725426 1.0325209
v 48.4585495 50.5988617 0.6184025
v 49.4912224 49.0900726 0.2289081
v 50.4374542 50.8674927 0.5379469
v 50.3655472 47.4309387 0.0715291
v 50.9783249 45.4833755 0.1411497
v 53.0557938 44.9644699 0.2916686
v 51.4462318 43.4404984 0.4935099
v 51.8824043 41.5236130 1.1595589
v 53.4280586 42.9443932 0.8218597
v 52.3026581 39.7773438 2.0461984
v 53.7943459 41.0932426 1.5777439
v 52.6960526 38.2009239 3.1184223
v 53.0523491 36.7873039 4.3595791
v 53.3514442 35.5149078 5.7924957
v 55.1560249 35.4492836 6.6083698
v 53.5722237 34.3658943 7.5123968
v 53.6978683 33.3997040 9.5571394
v 55.7630081 34.4344902 8.5536156
v 53.7296333 32.3917236 13.9272442
v 57.9887009 33.4171791 15.7236643
v 56.7518463 33.3286514 17.4875870
v 57.5223694 34.0001717 19.4584389
v 59.2886162 34.1874237 19.1426926
v 55.6959534 34.9527397 22.4277611
v 57.1873665 35.6249771 22.9691544
v 55.8212051 36.1645775 24.1738873
v 55.0152931 37.1508446 25.4485531
v 55.1160126 38.2933464 26.4452515
v 55.0868416 39.7311821 27.4971371
v 56.7776108 40.5932350 27.7974529
v 54.9609947 41.3404121 28.4157753
v 54.7825966 43.1029510 29.1234951
v 54.5860329 45.0123100 29.6339455
v 56.4873581 46.0034027 29.7638683
v 55.0970230 48.9949760 29.9145966
v 54.5448456 50.8617859 29.6602955
v 56.8001862 51.8527145 29.5231819
v 52.7922859 52.4141617 29.1900539
v 51.5423431 55.3105545 27.7053528
v 53.6532478 57.5762825 26.4305878
v 52.1499023 58.2463074 25.5215073
v 51.9133987 60.2464027 23.0904999
v 52.8872261 61.0052834 22.1240654
v 50.6232491 61.5812950 19.7406998
v 52.7050781 62.8052788 14.7135420
v 52.8625031 62.6456947 12.6445503
v 53.0543976 62.2193909 10.6248741
v 52.0158806 59.5667267 5.9683208
v 53.7907982 59.4395866 5.3811316
v 52.3279610 58.3669167 4.5056562
v 52.6875343 57.0318108 3.2738688
v 53.0671921 55.7844429 2.3725641
v 52.3648872 54.4088478 1.6538918
v 53.4532700 52.9266663 0.9691952
v 55.5547028 53.0842590 0.8997986
v 52.4541016 51.0871010 0.4727000
v 54.4809647 51.2815170 0.4238968
v 53.5153847 49.4735718 0.1197690
v 54.5890427 48.1576958 0.0630152
v 54.7757988 46.3873444 0.1413889
v 56.7532043 45.6905670 0.2903900
v 55.0552902 44.3204918 0.4912933
v 55.3485146 42.3986206 1.1456860
v 56.9666824 43.6994705 0.8042936
v 55.6456680 40.6396179 2.0196483
v 57.1979446 41.8573723 1.5364959
v 55.9435539 39.0481834 3.0798013
v 56.2504883 37.6312103 4.3070526
v 56.5877762 36.4009628 5.6900682
v 56.8081245 35.4575768 7.0965757
v 58.0130234 35.0238838 8.3009300
v 57.4657326 34.0846748 10.1549244
v 58.9008102 33.8717537 11.8523445
v 56.9848785 33.5318260 11.8425817
v 57.4266167 33.3590813 13.6168184
v 59.9380455 33.7200317 16.1106930
v 61.8060074 33.9377518 16.5603485
v 60.4796219 34.0352936 18.0116348
v 59.0455856 34.6988983 20.6839218
v 62.2782440 35.0266800 20.7565479
v 58.8103600 35.5289040 22.4305134
v 58.2472267 36.6960449 24.2284317
v 58.4925385 38.2565155 25.8790932
v 60.3243828 39.0426636 26.3619080
v 58.5549393 39.7902184 27.1360512
v 58.5228500 41.4257088 28.1345673
v 58.4571152 43.1554680 28.9277878
v 60.2586670 44.0110397 29.1682377
v 58.4060745 44.9687233 29.5250721
v 58.4124413 46.8536758 29.8359165
v 58.4795837 48.7418480 29.9433231
v 60.3404312 49.5017471 29.9241676
v 58.5950165 50.6522102 29.8154755
v 57.2280083 53.9947128 28.8602867
v 55.2267761 55.0330086 28.2573166
v 57.8319664 56.9097404 27.3599491
v 57.0552788 58.1803284 26.3214321
v 56.5518303 59.4601517 25.0394306
v 60.1681442 59.8498459 24.9912663
v 55.8060837 60.5735016 23.5644054
v 59.0632629 61.7093163 22.2908802
v 58.0446701 62.2738152 21.0079021
v 55.9108467 62.7482376 18.9979019
v 58.3235855 63.5518036 14.4889793
v 58.4015312 63.3298340 12.3750010
v 58.4860649 62.8371391 10.3757381
v 57.1054802 60.1988487 5.7639356
v 58.8610382 59.9161034 5.1936965
v 60.5966721 59.5484047 4.6560798
v 57.2946243 58.9297905 4.3024487
v 57.4918518 57.5149040 3.0915320
v 57.6767693 56.1698380 2.1874795
v 56.7425270 54.8154869 1.5163429
v 57.6907234 53.0915794 0.8235297
v 56.4908066 51.3582764 0.3787641
v 58.6482391 51.1236534 0.2872298
v 58.6007233 48.9713287 0.0690996
v 58.5466843 46.9391708 0.1417821
v 60.3806953 46.1033783 0.2972319
v 58.6551208 44.9347267 0.4755092
v 58.8092995 43.0591545 1.0945498
v 60.4632759 44.2380295 0.7585160
v 58.9841461 41.3009300 1.9408141
v 60.5823479 42.4535332 1.4354892
v 59.1547470 39.6842766 2.9838064
v 59.2944069 38.2759171 4.1642003
v 59.4018173 37.2036362 5.2774687
v 61.7535210 34.9554138 9.3326159
v 60.6456985 34.3204956 10.9748116
v 59.3959923 33.6374702 14.0875568
v 62.0738602 46.6790962 29.7776394
v 62.0971794 48.4193611 29.9692287
v 62.1451607 50.1609650 29.9049778
v 62.2262650 51.9823074 29.6025391
v 62.3464088 53.7731247 29.1126118
v 62.6262016 55.2351074 28.5234585
v 63.8806496 54.4533501 28.8681946
v 62.2041283 56.5891380 27.7600727
v 63.8806496 56.1753197 28.0604076
v 61.9695930 58.1131172 26.7121964
v 61.6474876 59.2371140 25.7092476
v 62.0616875 60.2226601 24.6418533
v 63.8806496 60.5091400 24.3893509
v 63.8806496 61.6184845 22.8443451
v 63.8806496 62.9728622 19.9790955
v 63.8806496 63.5041389 18.1527748
v 62.0696373 63.6329613 16.9387207
v 62.3272896 63.7591095 14.8547249
v 63.8806496 63.8266106 15.0000000
v 62.1179161 63.5786858 12.7190018
v 62.0936813 63.1586723 10.7706366
v 63.8806496 62.9728622 10.0209045
v 63.8806496 62.2388840 8.2662067
v 62.5702820 57.5474968 2.8205590
v 63.8806496 58.7550735 3.7804811
v 63.8806496 56.7169304 2.2730770
v 63.8806496 55.0435295 1.3689580
v 61.6851425 52.6601868 0.5580853
v 63.8806496 52.0294571 0.3894963
v 62.1131020 49.0830231 0.0745972
v 63.8806496 50.1504478 0.0944986
v 62.1236610 47.1879539 0.1445021
v 62.1543198 45.3185463 0.4404379
v 63.8806496 44.5041275 0.7091682
v 62.2102280 43.6058159 0.9756120
v 62.3038063 41.9279022 1.7410303
v 62.5456123 40.0659485 2.8948302
v 63.8806496 39.9932861 2.9834886
v 62.3535233 38.4089355 4.2720537
v 62.2403641 37.0899544 5.6905913
v 63.8806496 36.4977722 6.6306400
v 62.0520325 35.9711723 7.3050017
v 63.8806496 35.5234528 8.2641563
v 62.2502480 34.3308678 11.3224144
v 62.4934731 33.9810829 13.1852684
v 63.8806496 33.9885292 13.7324944
v 62.8651085 33.8550949 15.0042267
v 62.4197884 34.3476791 18.6998882
v 63.8806496 34.4169502 18.7660561
v 63.8806496 36.4977722 23.3693600
v 62.1343613 36.9919472 24.1650486
v 62.1106377 38.2990570 25.6297131
v 63.8806496 37.6502151 24.8824959
v 62.1074409 39.7749825 26.8861637
v 62.0979958 41.3658676 27.9466648
v 63.8806496 42.1519203 28.3456402
v 62.0805130 43.0578156 28.8087292
v 62.0697594 44.8506813 29.4163437
v 63.8806496 43.8959656 29.1045876
v 27.9686832 1.6822814 22.5927029
v 2.0887518 4.0668969 7.7846446
v 2.1963098 2.1842647 7.4409280
v 2.0195425 1.6056248 22.2881241
v 28.2029114 4.9541278 22.6830997
v 1.4093711 6.0209107 20.4335346
v 0.3698691 5.9275179 15.0525532
v 1.2842817 6.4357152 10.0402107
v 2.2773623 11.6974821 20.5486298
v 0.8882422 9.8884907 15.7606192
v 1.9883595 11.6866007 10.2969933
v 3.6181841 14.6004705 7.9877229
v 3.1829717 16.2184372 20.2261620
v 2.9724846 16.7498493 10.8537607
v 5.3384829 19.6288414 7.4506741
v 4.6814103 21.1808529 20.1106777
v 4.1610508 21.6893940 12.3152065
v 4.6494555 21.5740070 10.3868732
v 7.2774186 24.3780861 7.2348595
v 6.8877077 26.6849041 19.9159241
v 6.1498289 26.4580879 12.1122332
v 6.6698279 26.3377857 10.1865273
v 9.5451155 28.9739609 7.1425352
v 8.5310984 31.1073055 12.0448151
v 9.0614176 30.9620476 10.1141014
v 12.1671982 33.3947906 7.1125698
v 11.3000536 35.5802040 12.0115747
v 11.8230124 35.4004745 10.0940104
v 15.1021624 37.5988388 7.1645947
v 14.4194031 39.8042870 12.0181189
v 14.9193678 39.5831566 10.1151981
v 18.2996540 41.4384575 7.1862144
v 17.8548126 43.7344093 12.0273838
v 18.3315392 43.4658127 10.1164026
v 21.8822689 45.0270500 7.1351471
v 22.6953697 47.5996819 19.8789711
v 21.6052341 47.3687782 12.0252666
v 22.0710316 47.0667496 10.0979071
v 25.7722931 48.3484116 7.1139951
v 26.3224983 50.7079582 19.3735752
v 25.6284409 50.6735916 12.0301323
v 26.0925121 50.3535271 10.0991163
v 29.9196186 51.3559608 7.1303425
v 29.9119892 53.6489716 12.0741911
v 30.3644714 53.3026619 10.1284666
v 34.2558632 54.0077782 7.1827636
v 34.4313011 56.2603874 12.1025476
v 34.8533401 55.8848152 10.1593399
v 38.7838898 56.2515717 7.1763382
v 39.1782646 58.4990311 12.1059685
v 39.5628891 58.0868797 10.1573162
v 43.5624084 58.1423073 7.1677790
v 44.1495590 60.3554916 12.0898294
v 44.4888802 59.9069748 10.1422291
v 48.4536858 59.6074142 7.1340241
v 49.3459854 61.8042946 12.0404091
v 49.6097984 61.3080597 10.0815382
v 53.5231895 60.5821152 6.9485555
v 58.2136993 60.5502357 23.9660263
v 54.4344406 62.2719269 19.8195744
v 54.9173737 62.2424736 9.9066658
v 58.7194405 61.1161194 6.7567892
v 60.4659805 61.0125504 23.5831108
v 62.3347473 61.3219757 23.2189789
v 60.3211937 62.6803627 9.6408854
v 1.3926001 1.1450514 8.8268394
v 0.4796846 1.7668563 11.6796093
v 0.1496640 1.8992625 13.8122721
v 0.5959616 1.5263343 18.8930187
v 1.2227267 1.5622799 20.6498833
v 2.7817042 8.4741278 22.6082439
v 2.2618861 6.5843821 22.1263561
v 1.7625058 8.2015934 20.6344662
v 1.2237999 8.8168373 18.9237118
v 0.5522521 6.4720354 16.9997711
v 0.6103478 7.7898297 15.5109701
v 0.7117510 8.7728968 14.2195787
v 0.7912562 6.8550134 11.8864937
v 1.2989123 8.2812681 10.7022047
v 2.0009422 5.9375982 8.2545862
v 1.9412504 7.8320594 8.8307314
v 3.0599310 11.8616505 22.1200027
v 2.7936161 13.0114651 21.1720161
v 1.8567306 13.3846302 17.9952602
v 1.3127536 11.7965136 16.9169750
v 1.6150138 13.5498896 16.0804482
v 1.2360101 11.9319372 14.8256054
v 1.8823191 14.0534296 12.5642147
v 1.5140284 12.2189007 12.5345478
v 2.1447949 13.5761042 10.9914322
v 2.7127392 11.1985188 8.3389397
v 3.8436997 15.7492895 21.9549484
v 2.7022374 16.5511456 18.4186821
v 2.4127080 16.7766342 16.5378551
v 2.8651230 18.4379883 15.7974119
v 2.3790793 16.8953457 14.6257868
v 2.8922813 18.4988499 13.8584061
v 2.5732481 16.8917027 12.7350855
v 3.1624765 18.4474754 11.9243507
v 3.6158309 16.5005417 8.9633226
v 5.3179092 20.6884766 21.8739777
v 5.1883645 23.1380157 19.4491558
v 4.1998954 21.5085659 18.2153721
v 3.9166722 21.6563358 16.2547951
v 4.5142517 23.2648468 15.4992571
v 3.9122403 21.7191811 14.2826319
v 4.5841584 23.3127861 13.5369835
v 4.9032884 23.2690353 11.5745525
v 5.3634405 21.3854103 8.5363026
v 7.0880408 25.5390797 21.5419178
v 7.6319757 28.2559128 19.8868790
v 6.0386558 26.1191063 18.1208839
v 5.8050156 26.3582573 16.0677643
v 6.5572810 27.9400616 15.3536282
v 5.8559742 26.4672832 14.0854301
v 6.6796679 28.0376587 13.3925486
v 7.0320234 28.0027657 11.4273777
v 7.4033608 26.1191216 8.3529778
v 9.4527540 30.3782120 21.3883801
v 8.2010489 30.5019131 17.9794273
v 8.1041870 30.9266663 16.0366077
v 9.0218191 32.5125504 15.3933792
v 8.2084370 31.1078568 14.0293465
v 9.1777821 32.6430855 13.3649817
v 9.5476599 32.5953293 11.3797102
v 9.7928848 30.6982136 8.2806082
v 12.3948736 35.0565414 21.4875488
v 10.9276953 34.9641953 18.1622734
v 10.8478374 35.4204903 16.0866318
v 11.9057455 36.9448471 15.4028511
v 10.9727287 35.6006699 14.0215931
v 12.0707073 37.0548439 13.3433685
v 12.4376383 36.9823456 11.3536415
v 12.5415888 35.0909119 8.2709427
v 15.5022964 39.1804581 21.5676346
v 14.0930958 39.3222466 18.2402973
v 13.9991608 39.7313881 16.1061668
v 15.1457825 41.1268120 15.3740616
v 14.1028318 39.8624306 14.0193052
v 15.3053780 41.2046890 13.3407297
v 15.6585417 41.0986557 11.3662567
v 15.5972757 39.2213440 8.3158131
v 18.7818279 43.0178299 21.3983059
v 17.3845730 43.2012444 18.0794029
v 17.3865223 43.6513367 16.0595741
v 18.6661720 44.9654732 15.4130440
v 17.5391636 43.8095856 14.0249138
v 18.8513489 45.0560570 13.3594713
v 19.1962090 44.9216690 11.3709402
v 18.9614925 43.0282593 8.3075161
v 22.5911255 46.4773216 21.7441521
v 21.1423454 46.8623734 18.3167000
v 21.1369743 47.3118858 16.1700592
v 22.4903336 48.5062218 15.4411974
v 21.2903099 47.4656143 14.0588713
v 22.6902161 48.5895309 13.3605700
v 23.0413780 48.4396667 11.3609724
v 22.6755085 46.5774765 8.2740831
v 26.1095810 49.6379700 21.2936134
v 25.0213718 50.1903954 18.0336151
v 25.0804348 50.6050529 16.0737133
v 26.5447941 51.6945381 15.4196424
v 25.2899971 50.7658997 14.0383615
v 26.7915249 51.7896538 13.3792791
v 27.1567307 51.6364059 11.3869848
v 26.6764622 49.8281403 8.2672071
v 29.2340164 53.1305542 18.2308941
v 29.3430214 53.5899200 16.1754990
v 30.9044075 54.5739861 15.4918385
v 29.5703468 53.7542381 14.1038666
v 31.1573868 54.6590767 13.4293575
v 31.5183716 54.4844322 11.4221220
v 30.9230976 52.7474403 8.2961140
v 35.3678856 55.3661270 21.4806786
v 33.7602386 55.8115463 18.2496510
v 33.8666077 56.2480888 16.1826534
v 35.5142403 57.1051407 15.4925060
v 34.0974579 56.3880577 14.1180849
v 35.7668190 57.1648560 13.4508419
v 36.1064644 56.9642372 11.4469194
v 35.3585052 55.2907104 8.3318071
v 40.1649323 57.6373749 21.3788261
v 41.7722054 58.5757141 20.7423954
v 38.5286102 58.1426964 18.2041149
v 38.6494370 58.5470924 16.1854744
v 40.3676491 59.2665443 15.4917917
v 38.8702888 58.6599312 14.1309853
v 40.6053429 59.2982140 13.4453611
v 40.9188042 59.0651360 11.4386101
v 40.0165977 57.4483147 8.3205643
v 45.1032448 59.4659233 21.3405380
v 46.8159485 60.2830162 20.6729908
v 43.5083313 60.0804367 18.1816463
v 43.6507378 60.4622536 16.1651726
v 45.4509087 61.0415115 15.4716682
v 43.8674431 60.5485611 14.1135254
v 45.6758041 61.0444107 13.4264717
v 45.9507599 60.7791634 11.4174652
v 44.8871727 59.2337837 8.3121939
v 49.7948608 60.8731766 21.1813564
v 52.7436790 61.6801682 20.6744499
v 48.7753487 61.6206894 18.2060337
v 48.9337463 61.9897614 16.1378822
v 50.8241730 62.4150620 15.4254122
v 49.1191978 62.0441246 14.0641203
v 50.9893494 62.3801994 13.3663788
v 51.1961937 62.0637550 11.3396244
v 49.9082794 60.5787773 8.2382946
v 57.0277443 61.5277557 22.2254696
v 54.7092514 61.4761848 21.8033352
v 56.3696938 62.2587814 20.5162868
v 54.3684502 62.7675705 17.9951687
v 54.4750252 63.0675278 16.0526962
v 54.5977211 63.0820732 13.9789639
v 56.4979744 63.2421494 13.1958418
v 54.7422256 62.7948723 11.8922186
v 55.1116982 61.4477501 8.0475521
v 60.9797783 61.9616966 22.0064716
v 60.1498413 63.4054527 17.7887058
v 61.9743500 63.2913818 18.7988644
v 60.2244682 63.6660271 15.7323608
v 60.2710457 63.6463394 13.6062365
v 60.2764053 63.2920799 11.5661898
v 62.1167679 62.4919548 8.9270878
v 8.1981869 4.3012238 1.7523117
v 7.0750270 3.1122868 2.4180627
v 3.0968342 3.4388771 6.1728749
v 4.6855164 3.3746045 25.7080193
v 6.0350933 3.3624752 26.8606529
v 7.5763783 3.5385821 27.8727207
v 10.3419800 1.8300122 29.1600494
v 3.7043798 10.6666641 6.5368013
v 30.7588940 7.3075895 14.3086548
v 8.7128162 15.1013145 27.3832302
v 4.4755526 18.0625515 8.1667633
v 7.1289263 16.0945053 4.0598321
v 9.7004671 19.4103851 27.1283379
v 8.4814091 20.5085831 25.8599663
v 6.1276054 20.1317062 23.4757614
v 6.3090239 22.8885880 7.8760290
v 8.7392578 20.3849106 3.8655634
v 11.3302412 24.0113182 26.9594059
v 10.3671856 25.2160168 25.7702179
v 7.9773860 24.9226723 23.3869133
v 8.4634800 27.5563011 7.7462621
v 10.7370472 24.9845829 3.8014224
v 13.4381943 28.3075180 26.9050865
v 12.6208124 29.6123466 25.7252140
v 10.2712860 29.6266308 23.3115997
v 10.9692669 32.0561523 7.6959028
v 13.0540867 29.2871017 3.7411711
v 15.9484205 32.3680611 26.9087048
v 15.2474222 33.7553329 25.7231178
v 12.9531364 34.0844612 23.2623978
v 13.8184729 36.3599091 7.7122936
v 15.7902079 33.5244598 3.7148440
v 18.7918129 36.2146263 26.9136200
v 18.2014961 37.6492500 25.7283268
v 15.9503031 38.1407051 23.3081436
v 16.9434414 40.3509216 7.7616992
v 18.3429317 37.6304054 4.1363196
v 38.5297699 22.5340843 14.3923550
v 21.9161243 39.7999420 26.9102821
v 21.4527206 41.2894630 25.7208538
v 19.2030220 41.9991074 23.1965351
v 20.4137535 44.0389862 7.7255745
v 21.6685848 40.8202934 3.8027649
v 25.3172760 43.1032333 26.9105358
v 24.9835224 44.6201172 25.7315197
v 22.8760529 45.4661598 23.3563366
v 24.2183475 47.4760094 7.6961813
v 25.2639961 44.1940536 3.7702863
v 28.8962669 46.1085434 26.8771954
v 28.6654682 47.6085281 25.7141113
v 26.6210728 48.6378365 23.2848892
v 28.2935600 50.6049461 7.6990910
v 29.1197052 47.2502060 3.7419307
v 30.9724045 51.6439400 23.3245010
v 32.5914803 53.3936806 7.7399268
v 33.2688713 50.0843925 3.7818353
v 36.5016708 50.4434662 27.2126942
v 37.6287575 52.9568558 25.8064384
v 35.5325928 54.3175049 23.2700748
v 37.0679779 55.7877159 7.7617607
v 37.2381172 52.4793129 3.9256809
v 41.9150352 53.5539360 26.8539791
v 42.1103477 55.0777626 25.6754303
v 40.3160210 56.6368904 23.1442013
v 41.7882042 57.8090057 7.7427330
v 41.8085861 54.3711739 3.7694821
v 51.8904533 31.7115631 14.8163252
v 46.2498093 55.1272278 26.8606529
v 45.1049423 58.3586922 23.2349586
v 46.6784325 59.4443169 7.7330146
v 46.4753990 56.2257233 3.9324825
v 50.0081520 56.2194519 26.8585243
v 51.7211876 60.6083870 7.6044898
v 50.9121933 57.1658363 3.7043757
v 55.6145554 56.8913879 27.1920528
v 56.9257584 61.3051491 7.4021487
v 55.8035965 57.8506126 3.5330038
v 60.0520744 57.0116310 27.4313450
v 60.7325478 58.0576096 3.3161685
v 60.8266678 56.3332253 2.1374226
v 3.4643750 3.4068797 24.3249016
v 5.3653207 4.7117429 26.2481804
v 4.1750622 5.3489218 25.0220680
v 5.2577577 5.8513293 3.9804485
v 6.2033143 10.7261505 26.2362175
v 2.9625604 14.4811974 20.8155003
v 5.7891092 12.4010706 4.4633870
v 5.8982086 16.6358185 24.5130520
v 3.6970274 18.2878971 10.0174284
v 7.3675318 21.2871456 24.4628773
v 5.4992957 23.1189499 9.6733885
v 9.3381243 26.0214119 24.4024239
v 7.6468749 27.8308678 9.5304070
v 11.6847248 30.5604115 24.3308468
v 10.1628475 32.3853874 9.4802618
v 14.4041424 34.7965927 24.3264370
v 13.0358706 36.7334480 9.4805613
v 17.4339848 38.7586479 24.3175068
v 16.2224083 40.7967033 9.5072699
v 20.7877922 42.4566956 24.3158588
v 19.7336731 44.5646858 9.4918070
v 24.4304638 45.8015938 24.3787842
v 23.5659351 48.0507965 9.4727345
v 28.2885914 48.8936729 24.3422108
v 27.6688557 51.2183075 9.4823046
v 32.6697159 51.7275505 24.4182339
v 32.0068130 54.0384331 9.5157547
v 37.2770996 54.3201637 24.3201866
v 36.5511093 56.4809875 9.5382395
v 42.2316666 56.5448151 24.2260952
v 41.3205223 58.5441666 9.5263872
v 47.0872955 58.3437004 24.0285454
v 46.2920532 60.2179413 9.5060167
v 51.4445572 61.4520531 9.4059620
v 55.1878548 58.4274216 25.8842354
v 56.7642021 62.2066879 9.1968155
v 60.1666641 58.6031494 26.2138081
v 10.4765167 5.9258857 29.0685349
v 5.5468535 6.3587956 26.2395611
v 3.9524257 6.6198025 5.4135575
v 6.6823196 5.0620503 2.7621284
v 2.4078956 10.1395817 21.5709476
v 3.0490999 18.2672958 17.7204342
v 4.6756740 23.1498032 17.4123230
v 6.6474757 27.7289906 17.2372417
v 9.0430584 32.1546669 17.4232311
v 11.9109583 36.5898399 17.4798908
v 15.1687984 40.8349419 17.4436188
v 18.5986176 44.6063538 17.4621220
v 40.2084808 58.9711227 17.5283375
v 45.2739258 60.7704163 17.5017891
v 50.7047844 62.1644516 17.5188522
v 56.2614365 63.0916023 17.3956966
v 60.8256645 55.0722733 28.5482292
v 58.8261871 52.5272331 29.4235096
v 12.6063585 5.2482228 29.6661015
v 6.3947935 14.3616734 4.3062644
v 53.9703751 33.2420731 19.6944828
v 52.7882423 59.4164085 24.4139080
v 56.6195755 62.8757019 11.1227074
v 2.2861426 13.2083626 19.7559566
v 10.6880989 8.4310312 29.0465565
v 11.3350153 12.5543709 28.9990120
v 12.3313875 16.6205940 28.9559536
v 9.0719414 18.3269844 3.0401268
v 13.6057034 20.8767395 28.8556080
v 9.5977421 23.6352005 4.2321658
v 10.9580956 23.2253265 3.0097086
v 15.2609339 24.9942932 28.7599945
v 11.8068085 28.0541878 4.1733069
v 13.1047029 27.5086212 2.9625466
v 17.4249763 28.7763615 28.7658348
v 14.4047890 32.3154297 4.1244321
v 15.7192440 31.6424904 2.8840928
v 20.0538025 32.5087090 28.7966938
v 17.2520847 36.5515137 4.2813458
v 18.8080254 36.1637497 3.0458796
v 22.8202076 36.0371819 28.7686100
v 20.1460438 39.9384727 4.2599540
v 21.2475471 38.9956169 3.0011926
v 25.9074268 39.2191277 28.7855911
v 23.6965637 43.4160881 4.1866055
v 24.7441883 42.4856758 2.9883680
v 29.2646027 42.1933708 28.7886696
v 27.4799652 46.6008835 4.1587825
v 28.4526882 45.5740509 2.9534283
v 34.1390419 43.9103279 29.3297634
v 31.5488892 49.5114937 4.1628642
v 32.5021248 48.4104309 2.9276915
v 37.3651619 47.5751915 28.8394775
v 35.6687889 52.1583786 4.3271995
v 36.3670502 51.2634506 3.3319409
v 41.3982086 49.8386879 28.7503357
v 40.0019226 54.1468163 4.2115836
v 40.6825180 52.8611794 2.9672306
v 45.2570610 51.6019020 28.6663437
v 44.7339783 56.0358429 4.2509279
v 45.4896698 54.8431320 3.0708404
v 49.1861000 52.9664421 28.6146030
v 49.1796341 57.3471489 4.2301059
v 49.3449440 55.7627106 2.8895526
v 53.1902771 54.2740974 28.4410934
v 50.6591759 59.0886421 24.2531509
v 54.0772095 58.1511459 4.0018129
v 54.3610153 56.7344971 2.7995877
v 8.2797861 5.4958367 28.1594143
v 28.7558918 3.3438997 8.7880573
v 4.7430000 15.2546740 23.6069584
v 33.4845467 15.4053259 17.2983532
v 44.3683586 27.9938736 17.5523396
v 60.2986221 63.0281754 19.3902931
v 2.7547166 13.1262789 9.0865660
v 4.0547318 17.5785694 21.3584576
v 5.6908636 22.4610252 21.3089314
v 7.8787012 27.4726658 21.2991047
v 10.3440132 32.4070587 20.8095112
v 13.2699614 36.7701645 20.8743820
v 19.9639034 44.5550575 20.8652020
v 23.6885090 47.5648384 21.5231380
v 30.7787762 52.7350121 21.5310593
v 8.8186550 7.6413269 28.3038540
v 2.7381372 9.2440357 7.6398573
v 62.3078117 59.1289330 4.1706810
v 6.0367765 25.0223026 19.7363396
v 11.1596546 34.2296715 20.1989746
v 14.2380753 38.4949226 20.2868729
v 21.2154198 46.0684242 20.3568058
v 25.0774670 49.6876106 19.6487408
v 29.2202549 52.4137993 20.2233753
v 33.7524834 55.1191597 20.2457733
v 43.4256096 59.4667854 20.1251812
v 48.5420456 61.0049095 20.0875397
v 59.6781387 62.5037003 20.7328148
v 5.0396862 18.8990211 22.4365025
v 6.7652655 23.6858101 22.3805790
v 9.0033140 28.5291195 22.3498230
v 11.6025648 33.3000984 22.0972385
v 14.5611124 37.4913177 22.1561146
v 17.7355385 41.4895630 21.9644585
v 21.4008083 45.0555077 22.1851788
v 25.0043430 48.1361465 22.2993889
v 29.3389149 51.4420090 22.1214046
v 33.8553085 54.1933937 22.1227512
v 38.5841637 56.6147957 22.0268059
v 48.6453972 59.2994347 23.3360825
v 50.3325195 57.6505280 25.7302742
v 62.1584015 61.5676842 7.2118745
v 60.4846802 60.8106461 6.1667361
v 62.2139587 60.4461288 5.6273623
v 0.1124894 1.2030972 15.4770947
v 4.7980528 11.5180855 24.6950855
v 56.0908279 56.3668404 2.4218473
v 50.1192093 60.1757622 22.5688419
v 60.3931808 61.8474998 7.8383565
v 61.5930939 62.7015877 20.4383183
v 0.2977753 4.5275273 16.4902248
v 62.8189011 53.8736610 0.9314685
v 0.4319456 5.4541416 13.1349716
v 62.7560654 62.2435684 21.6352348
v 30.3074627 17.1382885 24.9307728
v 61.0910606 54.4641571 1.1946046
v 49.0602112 34.6130905 24.8518238
v 60.5060654 51.5414429 0.3256357
v 51.3337135 60.9812012 21.5916958
v 62.5066261 55.6959114 1.7075042
v 62.0719719 50.9148788 0.1942094
v 26.3588848 3.3731453 24.8958664
v 0.2514477 1.4129905 17.0784893
v 0.1935422 2.6884282 15.8546906
v 8.6709547 2.3310299 1.4882356
v 39.8166847 23.8612804 15.4171600
v 60.6526680 53.1459236 29.3090572
v 59.7616768 53.0107117 0.7095950
v 55.6877441 32.8855057 15.3463926
v 31.5168495 18.5055199 24.4444752
v 35.1295776 20.7246761 8.4574785
v 43.8928070 31.9351616 24.9104080
v 48.0702400 31.5618534 8.7282019
v 3.5582666 10.3413134 23.3935394
v 52.2867126 35.3386993 24.3214779
v 55.5374603 33.0145798 12.8627682
v 57.1467781 49.8231239 0.1132661
v 59.4845886 34.5612297 9.7270718
v 15.6399736 15.8340836 29.7934837
v 20.3239498 26.7239895 29.7519169
v 60.4979706 36.6169548 6.2353272
v 28.9345074 17.1580830 26.1714687
v 32.7866936 18.1607704 7.4300680
v 44.4752007 30.7211685 6.8855391
v 60.0521889 35.4983749 7.8629432
v 28.3451462 36.8235283 29.7430611
v 39.8338318 44.7113953 29.7902470
v 19.6228752 22.6683636 29.9145126
v 50.6068611 35.6031914 25.2137547
v 51.8533897 56.8699570 26.6700821
v 26.2627850 32.9421844 29.9015350
v 40.9947433 30.2756538 25.1937618
v 36.5970726 41.9496536 29.8793297
v 47.7468910 34.9723816 25.7486115
v 1.3872281 2.8540008 9.0271273
v 0.8336841 3.2819004 10.6648226
v 49.0490417 33.3588486 23.3922520
v 7.8721242 6.2102113 2.0818715
v 54.6218567 59.5500298 24.6512947
v 30.6094437 14.4687004 23.0436745
v 13.2700682 3.4602377 29.8038082
v 14.0870724 8.3402987 29.8154583
v 34.4340363 41.4994240 0.1998767
v 14.2209463 1.7741493 29.8837471
v 29.8546963 1.7431669 17.2668362
v 16.0596027 22.9395390 0.6520082
v 23.5560741 28.2359295 29.9279976
v 31.4415989 37.2335930 29.9251251
v 53.5039673 56.0304909 27.5129490
v 29.9590874 6.1543903 10.9300489
v 18.5392132 18.1508751 29.9258327
v 18.8274059 15.8958616 29.9191666
v 16.4406891 19.2606983 0.2523712
v 47.3379707 44.4239273 0.1225501
v 13.2995672 14.7660694 0.5858922
v 11.0837173 14.8132048 1.3340908
v 29.4407444 1.7283429 19.1172428
v 38.1729965 43.3827286 29.8410149
v 38.0959625 28.3986912 25.6009007
v 56.9104843 55.6987457 28.0525284
v 17.0019207 15.4004536 0.0924853
v 18.3824425 19.5369740 0.0738614
v 17.1651917 14.7112188 29.9282970
v 22.9675407 26.6771717 0.0469300
v 18.7954655 21.2099380 0.0959546
v 43.6620865 45.5582047 0.0856853
v 56.5868912 47.9391518 29.9545784
v 13.7099934 15.1710215 29.5021915
v 53.3137856 49.0935669 29.8953667
v 44.0469818 43.9533501 0.0769125
v 12.6622429 10.9225311 0.4955506
v 22.5742188 28.7063828 0.1394272
v 9.8565283 21.8327618 3.4274797
v 52.5018501 45.8193893 29.8463478
v 14.2623672 10.6253023 0.1608679
v 15.5693970 28.1068420 1.8038423
v 21.0945187 27.3406830 0.1908935
v 17.1809807 32.8335648 2.5564351
v 13.3509855 24.1427174 1.8712571
v 22.8062687 39.9273949 2.6935849
v 26.3018856 43.2154312 2.6819208
v 19.9511662 35.0436478 2.0027823
v 23.8903618 39.1701317 1.8785752
v 27.2735405 42.3297958 1.8694742
v 18.7113838 32.1029282 1.6038400
v 10.7757664 11.1763868 1.1066215
v 30.0917835 46.1637383 2.6416874
v 30.9974918 45.1574936 1.8146336
v 10.0628614 13.0933170 1.5963324
v 8.5215492 16.3286896 3.0089166
v 46.3991585 53.5402298 2.0733919
v 8.6383324 13.3807068 2.3897011
v 43.4299126 51.5434914 1.6113290
v 11.5934687 19.8660393 1.8304325
v 37.7658195 51.1802597 2.8368013
v 4.5718675 11.9964762 5.7354288
v 38.3255844 49.6562614 1.8154303
v 37.7885399 46.3248863 0.7063257
v 39.0402908 47.9548721 1.0137395
v 23.7094822 3.1940274 27.2417660
v 29.8130836 9.2707920 21.2789059
v 34.6411514 42.3987083 29.6739807
v 25.6543980 1.6558365 25.5240173
v 14.1033411 10.2916527 29.7777691
v 24.4212723 4.5173316 26.8038502
v 12.8417377 3.7128525 0.2421185
v 36.3035393 46.5668602 1.0445281
v 45.8344955 57.3798256 24.7157860
v 34.4549370 36.6602478 29.8108540
v 41.8434181 57.6802864 22.4920559
v 48.7475471 56.9700394 25.9896164
v 48.7636375 58.1542854 24.8280048
v 7.5144477 7.7970600 2.4319983
v 50.7027054 34.3740730 23.8265800
v 38.5089874 57.4904404 20.1636848
v 17.7321606 6.0950985 29.7542305
v 4.5670815 1.0525565 4.3702407
v 47.2833748 36.0794830 26.7865734
v 52.3497276 33.3311348 21.0833282
v 15.6466665 5.3290172 29.8938503
v 17.5447407 8.4800434 29.8264923
v 46.1706696 34.7361298 26.2134113
v 44.8821335 29.8452740 8.6356792
v 5.5206790 3.9061618 3.6106000
v 35.2801285 23.8336792 24.4064407
v 34.5302773 45.4233360 28.9736729
v 35.0942459 47.2074509 28.4455910
v 32.7532997 44.7132645 28.8247757
v 33.0740280 50.3167648 25.9131584
v 30.3350544 47.5075340 26.6381798
v 36.1501541 45.9520760 29.1111984
v 16.3093262 1.8915610 29.8565369
v 12.2452431 1.7862700 29.6499023
v 37.7562523 49.6981087 28.0338516
v 12.3839569 7.2822037 29.5628548
v 14.1376028 4.7852535 29.8594837
v 31.6776104 48.9133415 26.3214779
v 35.8534279 49.0096779 27.8391247
v 33.6434860 48.5875626 27.3281574
v 37.8769302 51.4122353 27.0563679
v 35.3642273 56.7749710 17.5462799
v 47.3300171 55.1217651 2.9099936
v 32.8424835 36.0078201 29.8763351
v 48.3619232 53.8808899 1.9571589
v 33.7421684 39.4223251 29.8961048
v 62.1959114 35.9107399 22.5262489
v 3.7812266 19.7441940 18.9212551
v 60.5762825 35.3129730 21.6235218
v 40.1371727 58.4211731 19.5069618
v 3.4417517 19.9806366 17.0045204
v 57.3354797 34.7875595 21.4626713
v 33.8424644 22.2744827 5.4234657
v 3.4523051 17.9796658 19.5868416
v 15.1009541 3.5173347 29.9055443
v 18.7221756 4.3078432 29.5007401
v 30.7560863 54.2178879 17.5616684
v 32.9337807 17.0681133 8.6953468
v 15.7474146 9.4001160 29.9140816
v 20.1564465 14.4023170 0.3695714
v 35.3172913 56.1825294 19.5570068
v 18.5791111 14.3390408 0.1457279
v 26.3997307 51.3378181 17.4422379
v 30.7131081 53.5954971 19.5893593
v 35.9339333 25.0527802 5.2975435
v 17.4600029 42.4693718 20.0654716
v 23.3410778 24.5924644 0.1263079
v 8.3531656 29.8085003 19.7361183
v 22.4557629 48.1801682 17.5762177
v 56.3936195 63.2987556 15.3268557
v 18.2590599 40.4441986 23.6833477
# 2157 vertices, 0 vertices normals

f 457 459 460
f 461 462 36
f 2090 35 464
f 464 466 1519
f 465 1519 468
f 471 42 472
f 472 474 41
f 477 478 479
f 478 481 482
f 483 484 485
f 485 486 487
f 486 45 488
f 488 490 491
f 491 492 69
f 492 493 48
f 494 495 496
f 1523 533 463
f 536 83 537
f 59 537 458
f 539 538 540
f 539 2103 2142
f 558 559 1862
f 565 566 496
f 566 93 567
f 567 568 569
f 569 570 489
f 570 571 572
f 572 573 487
f 67 574 66
f 574 575 576
f 576 577 482
f 577 98 578
f 579 580 581
f 584 585 77
f 586 639 640
f 532 101 587
f 587 588 2088
f 589 590 533
f 81 592 82
f 592 103 593
f 593 594 595
f 595 596 538
f 596 105 597
f 597 598 599
f 600 602 2091
f 624 625 568
f 625 626 627
f 627 628 571
f 95 629 96
f 629 630 631
f 631 632 575
f 632 633 119
f 97 634 98
f 99 121 580
f 580 635 583
f 636 637 638
f 638 1751 585
f 639 123 640
f 591 645 590
f 102 646 103
f 646 647 648
f 648 649 594
f 649 127 650
f 650 128 651
f 651 652 653
f 117 678 118
f 681 683 633
f 683 684 140
f 685 141 686
f 687 688 689
f 689 690 635
f 637 144 692
f 692 693 122
f 694 695 696
f 696 697 641
f 643 147 699
f 699 2027 701
f 701 702 125
f 702 149 647
f 704 150 705
f 127 705 128
f 705 706 707
f 707 708 652
f 730 731 675
f 734 735 736
f 736 737 682
f 737 739 684
f 739 740 165
f 140 741 141
f 741 166 742
f 743 168 744
f 744 745 691
f 746 747 748
f 748 749 693
f 751 752 700
f 148 754 149
f 754 755 756
f 756 757 706
f 757 172 758
f 786 787 185
f 788 789 790
f 790 791 738
f 793 794 186
f 165 795 166
f 795 187 796
f 797 798 799
f 799 800 745
f 747 190 801
f 801 802 749
f 802 803 804
f 804 805 806
f 806 807 169
f 808 809 811
f 2009 812 170
f 812 813 814
f 814 815 755
f 815 195 816
f 816 196 817
f 817 818 819
f 819 820 761
f 820 821 2007
f 841 842 785
f 842 844 787
f 844 2064 2051
f 847 849 794
f 849 850 210
f 186 851 187
f 851 211 852
f 857 858 190
f 859 860 214
f 191 861 807
f 809 215 863
f 863 864 865
f 865 866 193
f 866 868 813
f 868 217 869
f 869 218 870
f 195 870 196
f 870 871 872
f 872 873 818
f 873 874 875
f 896 897 843
f 898 899 232
f 900 901 902
f 902 903 848
f 903 905 850
f 905 906 233
f 210 907 211
f 907 234 908
f 856 236 912
f 912 913 858
f 913 914 860
f 862 237 917
f 917 918 919
f 919 920 864
f 216 924 217
f 924 239 925
f 925 926 927
f 927 928 871
f 928 241 929
f 953 954 231
f 954 955 899
f 955 956 254
f 957 958 959
f 959 960 904
f 960 962 906
f 962 963 255
f 233 964 234
f 964 256 234
f 969 1780 914
f 970 971 237
f 921 976 923
f 238 977 239
f 977 260 239
f 239 978 926
f 978 261 979
f 979 262 980
f 980 981 982
f 982 983 932
f 983 984 2013
f 1004 1005 253
f 1005 1006 956
f 1006 1007 276
f 1008 1009 1010
f 1010 1011 961
f 1011 1013 963
f 1013 1014 277
f 255 1015 256
f 1015 278 1016
f 1017 1018 1019
f 1019 1020 966
f 968 281 1022
f 1024 1025 1026
f 1026 1027 971
f 973 284 1029
f 1029 1030 1031
f 1031 1032 2046
f 977 1033 260
f 1033 285 1034
f 1034 286 1035
f 261 1035 262
f 1035 1036 1037
f 1061 1062 275
f 1062 1063 1007
f 1063 1064 300
f 1065 1066 1067
f 1067 1068 1012
f 1068 1070 1014
f 1070 1071 301
f 277 1072 278
f 1072 302 1073
f 1074 304 1075
f 1075 1076 1021
f 1077 1078 1079
f 1079 1080 1023
f 1082 1083 1030
f 1085 307 1086
f 1086 1087 1088
f 1088 1089 1036
f 1089 309 1090
f 1113 2030 299
f 1114 319 320
f 1115 1116 1117
f 1117 1118 1069
f 1118 1120 1071
f 1120 1121 321
f 301 1122 302
f 1122 322 1123
f 1124 2011 1125
f 1125 1126 1076
f 1078 325 1127
f 1127 1128 1080
f 1128 1129 1130
f 1130 1131 1132
f 1132 1133 305
f 1134 1135 1137
f 306 1138 307
f 1138 1139 1140
f 1140 1141 1087
f 1141 330 1142
f 1142 331 1143
f 1143 1144 1145
f 1145 1146 1093
f 1146 1147 2014
f 1168 1169 342
f 1170 1171 1172
f 1172 1173 1119
f 1173 1175 1121
f 321 1177 322
f 1177 344 1178
f 1183 1184 325
f 1185 1186 346
f 326 1187 1133
f 1135 347 1188
f 1188 2024 1189
f 1189 2109 328
f 2109 1190 1139
f 1190 348 1191
f 330 1191 331
f 1191 1192 1193
f 1193 1194 1144
f 1194 1195 1196
f 1196 1197 1147
f 1197 1199 1148
f 1221 1222 341
f 1222 1224 1169
f 1225 1226 1227
f 1227 1228 1174
f 1230 1231 362
f 1232 363 345
f 1233 1234 1235
f 1182 366 1237
f 1237 1238 1184
f 1238 1239 1186
f 1241 1242 2106
f 1245 368 1246
f 1246 1247 1248
f 1248 1249 1192
f 1249 370 1250
f 1250 1251 1252
f 1252 1253 1198
f 1253 372 1254
f 1254 1255 1200
f 1274 1275 1223
f 1275 1276 1277
f 1281 1283 1231
f 1283 1284 384
f 362 1285 363
f 1285 385 1286
f 1287 387 1288
f 1288 1289 1236
f 1292 1809 1239
f 1293 388 1294
f 1299 1300 1301
f 1301 1302 1247
f 1302 391 1303
f 1303 1304 1305
f 1305 1306 1251
f 1307 1308 1309
f 1309 1310 1256
f 1330 1331 1276
f 1331 1333 1278
f 1334 1335 1336
f 1336 1337 1282
f 1337 1339 1284
f 1339 1340 405
f 384 1341 385
f 1341 406 1342
f 1343 1344 1345
f 1345 1346 1289
f 1291 2003 1348
f 1350 1351 1295
f 1353 1354 1355
f 1355 1356 389
f 1356 1357 1300
f 1357 411 1358
f 1358 1359 1360
f 391 1360 1304
f 1361 412 413
f 1362 1363 393
f 393 1364 2056
f 1364 1365 2056
f 1385 1386 1387
f 1387 1388 404
f 1389 1390 1391
f 1391 1392 1338
f 1392 1394 1340
f 1394 1395 426
f 405 1396 406
f 1396 427 1397
f 1398 429 1399
f 1399 1400 1347
f 1401 1402 1403
f 1403 1404 2003
f 1405 1406 1407
f 1352 431 1408
f 410 1412 411
f 1412 1413 1414
f 1414 1415 1359
f 1415 434 435
f 1416 1417 1418
f 1418 1419 1363
f 1419 437 1420
f 1420 1421 1422
f 1422 1877 1366
f 1445 1446 2004
f 1446 450 1447
f 1447 1448 1449
f 1449 1450 1393
f 1450 1452 1395
f 1452 1453 451
f 426 1454 427
f 1454 452 1455
f 1459 430 1405
f 2 1461 1460
f 1461 1462 1421
f 438 1462 1463
f 1463 5 1464
f 449 1489 450
f 1489 1490 14
f 1491 18 1492
f 1492 1493 1494
f 1494 1495 1453
f 1495 16 1496
f 1496 1497 20
f 1498 19 1499
f 1499 1500 1501
f 1457 1503 1458
f 1503 22 1504
f 1504 1505 1506
f 1406 26 1507
f 1507 1508 25
f 2133 1509 1510
f 1510 1511 433
f 1511 1513 1413
f 1514 1515 1516
f 1516 1517 1417
f 436 1460 437
f 2120 2031 2028
f 58 1878 2123
f 456 457 2142
f 458 457 460
f 59 458 460
f 457 34 459
f 460 459 33
f 59 460 60
f 460 33 32
f 60 32 462
f 461 36 2090
f 1989 2090 464
f 2090 36 35
f 1989 464 465
f 465 464 1519
f 464 35 466
f 1519 466 469
f 1519 469 467
f 467 469 39
f 467 39 2044
f 2032 38 470
f 61 470 37
f 61 37 471
f 471 37 42
f 62 472 473
f 472 42 474
f 63 472 41
f 64 1929 475
f 64 475 477
f 477 475 476
f 475 40 476
f 477 476 480
f 65 477 479
f 477 480 478
f 478 480 44
f 479 478 482
f 478 44 481
f 482 481 66
f 481 44 43
f 66 481 483
f 481 43 483
f 66 483 67
f 67 483 485
f 483 43 484
f 485 484 46
f 67 485 487
f 485 46 486
f 487 486 68
f 68 486 488
f 486 46 45
f 68 488 489
f 489 488 491
f 69 489 491
f 488 45 490
f 491 490 493
f 491 493 492
f 69 492 2093
f 494 492 48
f 496 495 70
f 70 495 1992
f 2022 1521 1584
f 507 1585 1586
f 511 1990 1587
f 513 1587 1588
f 517 516 1522
f 519 1522 56
f 520 519 521
f 522 520 523
f 524 522 55
f 526 524 57
f 1749 526 528
f 76 1749 2120
f 531 532 79
f 531 79 468
f 465 468 1523
f 468 79 1523
f 465 1523 463
f 1989 465 463
f 1523 80 533
f 463 533 534
f 536 82 83
f 59 536 537
f 458 537 539
f 537 83 538
f 539 537 538
f 1943 1884 84
f 545 1943 85
f 546 545 85
f 547 546 86
f 548 547 86
f 1589 548 2001
f 549 548 1589
f 1590 1591 1524
f 512 1524 551
f 552 1592 553
f 1593 552 1594
f 555 1595 556
f 1596 555 1597
f 72 1526 1598
f 71 1598 558
f 560 559 89
f 561 560 90
f 91 2100 90
f 563 2025 2100
f 565 563 92
f 70 565 496
f 565 92 566
f 496 566 2093
f 566 92 93
f 69 567 569
f 567 93 568
f 569 568 94
f 69 569 489
f 569 94 570
f 489 570 68
f 68 570 572
f 570 94 571
f 572 571 95
f 68 572 487
f 572 95 573
f 487 573 67
f 67 573 574
f 573 95 96
f 574 573 96
f 66 574 576
f 574 96 575
f 576 575 97
f 66 576 482
f 576 97 577
f 482 577 479
f 479 577 578
f 577 97 98
f 479 578 65
f 65 578 579
f 578 98 99
f 579 578 99
f 65 579 64
f 64 579 581
f 579 99 580
f 581 580 583
f 64 581 1929
f 582 1929 581
f 582 583 2037
f 62 100 585
f 471 584 61
f 584 62 585
f 529 584 77
f 77 586 78
f 79 532 587
f 79 587 80
f 80 587 589
f 587 101 588
f 80 589 533
f 533 590 534
f 590 589 591
f 534 590 102
f 81 534 592
f 534 102 592
f 82 592 593
f 592 102 103
f 82 593 83
f 593 103 594
f 83 593 595
f 595 594 104
f 83 595 538
f 595 104 596
f 538 596 540
f 540 596 597
f 596 104 105
f 597 105 598
f 540 597 2108
f 599 598 601
f 599 601 600
f 542 2091 604
f 84 543 606
f 1885 604 106
f 606 1885 107
f 85 544 1827
f 607 606 107
f 608 607 108
f 611 610 612
f 1600 1601 1527
f 87 1883 1602
f 1605 614 1607
f 1607 1608 1529
f 88 1529 1609
f 618 1530 113
f 1829 618 1879
f 90 89 562
f 92 564 622
f 92 622 93
f 93 622 624
f 624 2058 2062
f 93 624 568
f 568 625 94
f 94 625 627
f 625 2062 626
f 627 626 117
f 94 627 571
f 627 117 628
f 571 628 95
f 95 628 629
f 628 117 118
f 629 628 118
f 96 629 631
f 629 118 630
f 631 630 633
f 96 631 575
f 631 633 632
f 575 632 97
f 97 632 634
f 634 632 119
f 99 120 121
f 580 121 635
f 585 1751 77
f 77 1751 586
f 639 122 123
f 586 640 101
f 640 123 641
f 101 640 588
f 588 642 2088
f 589 587 2088
f 2088 642 644
f 589 2088 591
f 2088 644 591
f 591 644 124
f 591 124 645
f 590 645 102
f 645 124 125
f 102 645 646
f 645 125 646
f 103 646 648
f 646 125 647
f 648 647 126
f 103 648 594
f 648 126 649
f 594 649 104
f 104 649 650
f 649 126 127
f 104 650 105
f 650 127 128
f 105 650 651
f 105 651 598
f 651 128 652
f 598 651 653
f 601 598 653
f 653 652 2039
f 601 2050 603
f 106 603 2055
f 107 605 657
f 1886 2055 129
f 657 1886 130
f 658 657 130
f 661 660 132
f 662 661 1956
f 1610 1935 1531
f 110 1531 1611
f 111 1611 1612
f 1612 1613 1614
f 1614 1615 1616
f 1616 1617 1532
f 112 1532 1618
f 113 1618 1753
f 668 1533 134
f 669 668 136
f 1887 670 136
f 673 672 137
f 626 677 117
f 117 677 678
f 118 678 680
f 678 2148 2146
f 633 630 681
f 681 680 682
f 681 682 684
f 681 684 683
f 633 683 119
f 119 683 685
f 685 683 140
f 119 685 686
f 685 140 141
f 120 686 687
f 686 141 142
f 120 687 121
f 121 687 689
f 687 142 688
f 689 688 691
f 121 689 635
f 635 690 636
f 690 689 691
f 690 691 143
f 636 690 637
f 690 143 637
f 637 143 144
f 692 144 693
f 586 1751 639
f 639 692 122
f 122 694 123
f 123 694 696
f 696 695 145
f 123 696 641
f 696 145 697
f 146 145 698
f 697 145 146
f 697 146 643
f 644 643 699
f 643 146 147
f 644 699 124
f 124 699 701
f 701 700 703
f 124 701 125
f 701 703 702
f 702 703 148
f 125 702 647
f 702 148 149
f 647 149 126
f 126 149 704
f 126 704 127
f 704 149 150
f 127 704 705
f 705 150 706
f 128 705 707
f 707 706 151
f 128 707 652
f 707 151 708
f 652 708 2039
f 708 151 709
f 129 655 712
f 130 656 714
f 1888 712 153
f 714 1888 154
f 715 714 154
f 1756 715 716
f 1832 716 717
f 718 717 1957
f 1956 1757 1619
f 1619 1936 1534
f 1622 1623 1624
f 1624 1625 1535
f 1535 1626 1536
f 133 1536 1627
f 134 1627 1758
f 724 1537 160
f 725 724 1889
f 137 671 2081
f 675 674 730
f 728 727 162
f 730 728 163
f 675 731 138
f 138 731 2048
f 2040 732 2049
f 734 733 2049
f 682 679 736
f 734 164 735
f 736 735 738
f 684 682 737
f 737 736 738
f 737 738 740
f 737 740 739
f 684 739 140
f 140 739 741
f 741 739 165
f 141 741 742
f 741 165 166
f 141 742 142
f 142 742 743
f 742 166 167
f 142 743 688
f 688 743 744
f 691 688 744
f 743 167 168
f 744 168 745
f 748 143 746
f 144 748 693
f 693 749 694
f 122 693 694
f 694 749 695
f 145 695 1931
f 145 1931 698
f 146 698 750
f 146 750 147
f 147 750 751
f 147 751 2027
f 703 1982 2009
f 754 2009 170
f 149 754 150
f 754 170 755
f 150 754 756
f 756 755 171
f 150 756 706
f 756 171 757
f 706 757 151
f 757 171 172
f 758 172 759
f 709 758 760
f 760 761 2015
f 152 2015 711
f 153 711 764
f 762 173 763
f 154 713 766
f 1891 764 174
f 766 1891 175
f 767 766 175
f 1761 767 768
f 1834 768 769
f 770 769 1958
f 1957 1762 1628
f 1628 1937 1538
f 158 1630 1631
f 1631 1632 1633
f 1633 1634 1539
f 1539 1635 1540
f 159 1540 1636
f 160 1636 1763
f 777 1541 181
f 778 777 1892
f 162 726 2066
f 163 729 2033
f 782 781 183
f 2033 184 784
f 784 184 785
f 784 785 787
f 784 787 786
f 788 786 185
f 735 788 790
f 738 735 790
f 788 185 789
f 790 789 792
f 740 738 791
f 791 794 793
f 740 793 165
f 165 793 795
f 795 793 186
f 166 795 796
f 795 186 187
f 166 796 167
f 167 796 797
f 796 187 188
f 167 797 168
f 168 797 799
f 797 188 798
f 168 799 745
f 745 800 746
f 746 800 747
f 800 189 747
f 748 747 801
f 747 189 190
f 748 801 749
f 801 190 803
f 749 802 695
f 695 802 1931
f 802 801 803
f 1931 802 804
f 806 805 191
f 806 191 807
f 169 807 808
f 169 808 750
f 750 808 810
f 751 750 810
f 808 807 809
f 810 811 753
f 753 811 192
f 753 192 1997
f 1997 192 193
f 1997 193 812
f 170 812 814
f 812 193 813
f 814 813 194
f 170 814 755
f 814 194 815
f 755 815 171
f 171 815 816
f 815 194 195
f 171 816 172
f 816 195 196
f 172 816 817
f 172 817 759
f 817 196 818
f 759 817 819
f 761 759 819
f 819 818 197
f 819 197 820
f 761 820 173
f 820 197 821
f 174 763 823
f 175 765 825
f 1894 823 198
f 825 1894 199
f 826 825 199
f 1766 826 827
f 1836 827 828
f 829 828 1959
f 1958 1767 1637
f 179 1638 1639
f 1639 1640 1641
f 1641 1642 1542
f 1542 1643 1543
f 180 1543 1644
f 181 1644 1768
f 835 1544 205
f 836 835 1895
f 183 780 2063
f 184 783 841
f 839 838 207
f 841 839 208
f 184 841 785
f 841 208 842
f 785 842 787
f 787 844 185
f 185 2153 789
f 789 2153 846
f 2153 2051 845
f 794 792 847
f 847 846 848
f 847 848 850
f 847 850 849
f 794 849 186
f 186 849 851
f 851 849 210
f 187 851 852
f 851 210 211
f 187 852 188
f 188 852 853
f 852 211 212
f 188 853 798
f 853 212 213
f 853 213 854
f 857 189 855
f 803 858 804
f 804 858 805
f 805 859 191
f 191 859 214
f 191 214 861
f 861 214 862
f 807 861 809
f 811 809 863
f 809 861 215
f 811 863 192
f 192 863 865
f 863 215 864
f 865 864 867
f 192 865 193
f 865 867 866
f 866 867 216
f 193 866 813
f 866 216 868
f 813 868 194
f 194 868 869
f 868 216 217
f 194 869 195
f 869 217 218
f 195 869 870
f 870 218 871
f 196 870 872
f 872 871 219
f 196 872 818
f 872 219 873
f 818 873 197
f 197 873 2034
f 873 219 874
f 198 822 878
f 199 824 880
f 1897 878 221
f 880 1897 222
f 881 880 222
f 1771 881 882
f 1838 882 883
f 884 883 1960
f 1959 1772 1645
f 1645 1939 885
f 203 1646 1647
f 1647 1648 1649
f 1649 1650 1545
f 1545 1651 1546
f 204 1546 1652
f 205 1652 1773
f 890 1547 228
f 891 890 1898
f 208 840 843
f 894 893 2069
f 896 894 230
f 843 897 2059
f 897 231 898
f 898 231 899
f 900 898 232
f 209 900 845
f 845 900 902
f 848 845 902
f 900 232 901
f 902 901 904
f 850 848 903
f 903 902 904
f 903 904 906
f 903 906 905
f 850 905 210
f 210 905 907
f 907 905 233
f 211 907 908
f 907 233 234
f 211 908 212
f 212 908 2139
f 213 2139 910
f 910 909 911
f 213 910 854
f 854 1998 855
f 1998 910 911
f 1998 911 235
f 855 1998 856
f 857 912 858
f 912 236 914
f 858 913 805
f 805 913 859
f 913 912 914
f 859 913 860
f 860 915 916
f 214 860 916
f 214 916 862
f 861 862 917
f 862 916 237
f 861 917 215
f 215 917 919
f 917 237 918
f 215 919 864
f 864 920 2112
f 920 921 923
f 920 923 2112
f 867 922 216
f 922 923 238
f 216 922 924
f 922 238 924
f 217 924 925
f 924 238 239
f 217 925 218
f 925 239 926
f 218 925 927
f 927 926 240
f 218 927 871
f 927 240 928
f 871 928 219
f 928 240 241
f 929 241 930
f 874 929 931
f 931 932 2018
f 220 2018 877
f 221 877 935
f 222 879 937
f 1900 935 242
f 937 1900 243
f 938 937 243
f 1776 938 939
f 1840 939 2157
f 1960 1777 1653
f 1653 941 942
f 226 1654 1655
f 1655 1656 1657
f 1657 1658 1548
f 1548 1659 1549
f 227 1549 1660
f 228 1660 1778
f 947 1550 249
f 948 947 1901
f 951 950 251
f 230 953 231
f 954 252 253
f 231 954 899
f 954 253 955
f 899 955 232
f 232 955 957
f 955 253 956
f 957 955 254
f 232 957 901
f 901 957 959
f 904 901 959
f 957 254 958
f 959 958 961
f 906 904 960
f 960 959 961
f 960 961 963
f 960 963 962
f 906 962 233
f 233 962 964
f 964 962 255
f 964 255 256
f 969 236 967
f 236 969 914
f 914 1780 860
f 860 1780 915
f 1993 1024 258
f 916 970 237
f 970 258 971
f 237 971 918
f 918 972 974
f 919 918 974
f 974 972 975
f 974 975 921
f 921 975 259
f 921 259 976
f 923 976 238
f 976 259 2046
f 238 976 977
f 976 2046 977
f 977 2046 1033
f 239 260 978
f 926 978 240
f 240 978 979
f 978 260 261
f 240 979 241
f 979 261 262
f 241 979 980
f 241 980 930
f 980 262 981
f 930 980 982
f 932 930 982
f 982 981 263
f 982 263 983
f 932 983 934
f 983 263 984
f 242 934 986
f 243 936 988
f 1903 986 264
f 988 1903 265
f 989 988 265
f 1782 989 990
f 1842 990 991
f 992 991 1962
f 1961 1783 1661
f 247 1662 1663
f 1663 1664 1665
f 1665 1666 1551
f 1551 1667 1552
f 248 1552 1668
f 249 1668 1784
f 998 1553 271
f 999 998 1904
f 252 952 1004
f 1002 1001 273
f 1004 1002 274
f 252 1004 253
f 1004 274 1005
f 1005 274 275
f 253 1005 956
f 1005 275 1006
f 956 1006 254
f 254 1006 1008
f 1006 275 1007
f 1008 1006 276
f 254 1008 958
f 958 1008 1010
f 961 958 1010
f 1008 276 1009
f 1010 1009 1012
f 963 961 1011
f 1011 1010 1012
f 1011 1012 1014
f 1011 1014 1013
f 963 1013 255
f 255 1013 1015
f 1015 1013 277
f 256 1015 1016
f 1015 277 278
f 256 1016 2151
f 1016 278 279
f 257 1017 1019
f 1017 279 1018
f 1019 1018 1021
f 257 1019 966
f 966 1020 967
f 1020 1019 1021
f 1020 1021 280
f 1020 280 968
f 968 280 281
f 1022 281 1023
f 915 1780 1993
f 258 1024 1026
f 1026 1025 282
f 258 1026 971
f 1026 282 1027
f 283 282 1028
f 1027 282 283
f 1027 283 973
f 975 973 1029
f 973 283 284
f 975 1029 259
f 259 1029 1031
f 1029 284 1030
f 1031 1030 2019
f 259 1031 2046
f 1031 2019 1032
f 1032 285 1033
f 260 1033 1034
f 260 1034 261
f 1034 285 286
f 261 1034 1035
f 1035 286 1036
f 262 1035 1037
f 1037 1036 287
f 262 1037 981
f 264 985 1042
f 265 987 1044
f 1906 1042 289
f 1044 1906 290
f 1045 1044 290
f 1787 1045 1046
f 1844 1046 1047
f 1048 1047 1963
f 1962 1788 1669
f 1669 1941 1554
f 269 1670 1671
f 1671 1672 1673
f 1673 1674 1555
f 1555 1675 1556
f 270 1556 1676
f 271 1676 1789
f 1055 1557 295
f 1056 1055 1907
f 274 1003 1061
f 1059 1058 297
f 1061 1059 298
f 274 1061 275
f 1061 298 1062
f 1062 298 299
f 275 1062 1007
f 1062 299 1063
f 1007 1063 276
f 276 1063 1065
f 1063 299 1064
f 1065 1063 300
f 276 1065 1009
f 1009 1065 1067
f 1012 1009 1067
f 1065 300 1066
f 1067 1066 1069
f 1014 1012 1068
f 1068 1067 1069
f 1068 1069 1071
f 1068 1071 1070
f 1014 1070 277
f 277 1070 1072
f 1072 1070 301
f 278 1072 1073
f 1072 301 302
f 278 1073 279
f 279 1073 1074
f 1073 302 303
f 279 1074 1018
f 1018 1074 1075
f 1021 1018 1075
f 1074 303 304
f 1075 304 1076
f 1079 280 1077
f 281 1079 1023
f 1023 1080 1024
f 1024 1080 1025
f 282 1025 1932
f 282 1932 1028
f 283 1028 1081
f 283 1081 284
f 284 1081 1082
f 284 1082 1030
f 1083 306 2019
f 285 1085 1086
f 1085 306 307
f 285 1086 286
f 1086 307 1087
f 286 1086 1088
f 1088 1087 308
f 286 1088 1036
f 1088 308 1089
f 1036 1089 287
f 1089 308 309
f 1090 309 1091
f 1038 1090 1092
f 1092 1093 2020
f 289 1041 1094
f 290 1043 1095
f 1095 2115 311
f 1096 1095 311
f 1792 2117 1097
f 1846 1097 1098
f 1963 1793 1677
f 293 1678 1679
f 1679 1680 1681
f 1681 1682 1559
f 1559 1683 1560
f 294 1560 1684
f 295 1684 1794
f 1106 1561 315
f 1107 1106 1910
f 298 1060 1113
f 1111 1110 317
f 1113 1111 318
f 298 1113 299
f 1113 318 2030
f 299 2030 1064
f 1064 1114 300
f 300 1114 1115
f 1114 2030 319
f 1115 1114 320
f 300 1115 1066
f 1066 1115 1117
f 1069 1066 1117
f 1115 320 1116
f 1117 1116 1119
f 1071 1069 1118
f 1118 1117 1119
f 1118 1119 1121
f 1118 1121 1120
f 1071 1120 301
f 301 1120 1122
f 1122 1120 321
f 302 1122 1123
f 1122 321 322
f 302 1123 303
f 303 1123 1124
f 1123 322 323
f 303 1124 304
f 304 1124 1125
f 1124 323 2011
f 304 1125 1076
f 1076 1126 1077
f 1077 1126 1078
f 1126 324 1078
f 1079 1078 1127
f 1078 324 325
f 1079 1127 1080
f 1127 325 1129
f 1080 1128 1025
f 1025 1128 1932
f 1128 1127 1129
f 1932 1128 1130
f 1132 1131 326
f 1132 326 1133
f 305 1133 1134
f 305 1134 1081
f 1081 1134 1136
f 1082 1081 1136
f 1134 1133 1135
f 1136 1137 1084
f 1084 1137 327
f 1084 327 1999
f 1083 1999 306
f 1999 327 328
f 306 1999 1138
f 1999 328 1138
f 307 1138 1140
f 1138 328 1139
f 1140 1139 329
f 307 1140 1087
f 1140 329 1141
f 1087 1141 308
f 308 1141 1142
f 1141 329 330
f 308 1142 309
f 1142 330 331
f 309 1142 1143
f 309 1143 1091
f 1143 331 1144
f 1091 1143 1145
f 1093 1091 1145
f 1145 1144 332
f 1145 332 1146
f 1093 1146 2045
f 1146 332 1147
f 2116 1151 1152
f 1848 1152 1153
f 1964 1796 1942
f 313 1685 1686
f 1686 1687 1688
f 1688 1689 1562
f 1562 1690 1563
f 314 1563 1691
f 315 1691 1797
f 1161 1564 338
f 1162 1161 1913
f 317 1109 1164
f 340 1163 1914
f 318 1112 1166
f 1165 1164 340
f 318 1166 319
f 319 1168 320
f 320 1168 1170
f 1170 1168 342
f 320 1170 1116
f 1116 1170 1172
f 1119 1116 1172
f 1170 342 1171
f 1172 1171 1174
f 1121 1119 1173
f 1173 1172 1174
f 1173 1174 1176
f 1175 1176 343
f 1121 1175 321
f 321 1175 1177
f 1177 1175 343
f 1178 344 345
f 1183 324 1181
f 1129 1184 1130
f 1130 1184 1131
f 1131 1185 326
f 326 1185 346
f 326 346 1187
f 1133 1187 1135
f 1137 1135 1188
f 1135 1187 347
f 1137 1188 327
f 327 1188 1189
f 327 1189 328
f 328 2109 1139
f 1139 1190 329
f 329 1190 330
f 1190 2105 348
f 330 1190 1191
f 1191 348 1192
f 331 1191 1193
f 1193 1192 349
f 331 1193 1144
f 1193 349 1194
f 1144 1194 332
f 332 1194 1196
f 1194 349 1195
f 1196 1195 1198
f 332 1196 1147
f 1196 1198 1197
f 1197 1198 350
f 1197 350 1199
f 333 1148 1201
f 1199 350 1200
f 1915 1201 351
f 1203 1915 352
f 1204 1203 352
f 1800 1204 1205
f 1850 1205 1206
f 1965 1801 1692
f 336 1693 1694
f 1694 1695 1696
f 1696 1697 1565
f 1565 1698 1566
f 337 1566 1699
f 338 1699 1802
f 1214 1567 357
f 1215 1214 1916
f 1219 1218 359
f 341 1222 1169
f 1169 1224 342
f 342 1224 1225
f 1224 2053 2057
f 342 1225 1171
f 1171 1225 1227
f 1174 1171 1227
f 1225 2057 1226
f 1227 1226 1229
f 1228 1231 1230
f 1176 1230 343
f 343 1230 1232
f 1232 1230 362
f 344 1232 345
f 1232 362 363
f 345 363 364
f 1179 1233 1235
f 1233 364 1234
f 1235 1234 1236
f 1179 1235 1180
f 1180 2000 1181
f 2000 1235 1236
f 2000 1236 365
f 1181 2000 1182
f 1183 1237 1184
f 1237 366 1239
f 1184 1238 1131
f 1131 1238 1185
f 1238 1237 1239
f 1185 1238 1186
f 346 1186 1240
f 346 1240 367
f 1187 346 367
f 1187 1241 347
f 347 1241 1243
f 1241 367 1242
f 2105 1245 1246
f 2105 1246 348
f 1246 368 1247
f 348 1246 1248
f 1248 1247 369
f 348 1248 1192
f 1248 369 1249
f 1192 1249 349
f 349 1249 1250
f 1249 369 370
f 349 1250 1195
f 1250 370 1251
f 1195 1250 1252
f 1198 1195 1252
f 1252 1251 371
f 1252 371 1253
f 1198 1253 350
f 350 1253 1254
f 1253 371 372
f 350 1254 1200
f 1254 372 1255
f 351 1200 1257
f 1255 372 1256
f 352 1202 1259
f 1918 1257 373
f 1259 1918 374
f 1260 1259 374
f 1805 1260 1261
f 1262 1852 376
f 1966 1806 1700
f 355 1702 1703
f 1703 1704 1705
f 1705 1706 1568
f 1568 1707 1569
f 356 1569 1708
f 357 1708 1807
f 1268 1570 380
f 1269 1268 1919
f 359 1217 2080
f 1223 1220 1274
f 1272 1271 2078
f 1274 1272 382
f 1274 382 1275
f 1223 1275 360
f 1275 382 1276
f 1277 1276 1278
f 361 2041 1226
f 1226 2041 1280
f 2041 383 1279
f 1231 1229 1281
f 1281 1280 1282
f 1281 1282 1284
f 1281 1284 1283
f 1231 1283 362
f 362 1283 1285
f 1285 1283 384
f 363 1285 1286
f 1285 384 385
f 363 1286 364
f 364 1286 1287
f 1286 385 386
f 364 1287 1234
f 1234 1287 1288
f 1236 1234 1288
f 1287 386 387
f 1288 387 1289
f 1292 366 1290
f 366 1292 1239
f 1239 1809 1186
f 1186 1809 1240
f 1293 1996 388
f 1240 1294 367
f 1242 1880 2106
f 1297 2106 1298
f 1297 1298 1244
f 2002 1244 389
f 2016 2002 1299
f 2002 389 1299
f 368 1299 1301
f 1299 389 1300
f 1301 1300 390
f 368 1301 1247
f 1301 390 1302
f 1247 1302 369
f 369 1302 1303
f 1302 390 391
f 369 1303 370
f 1303 391 1304
f 370 1303 1305
f 1305 1304 392
f 370 1305 1251
f 1305 392 1306
f 1251 1306 371
f 371 1306 1307
f 1306 392 2061
f 371 1307 372
f 372 1307 1309
f 1307 2061 1308
f 1309 1308 394
f 372 1309 1256
f 1309 394 1310
f 373 1256 1312
f 1310 394 1311
f 374 1258 1314
f 1921 1312 395
f 1314 1921 396
f 1315 1314 396
f 1968 2099 2098
f 1709 1710 1319
f 378 1711 1712
f 1712 1713 1714
f 1714 1715 1571
f 1571 1716 1572
f 379 1572 1717
f 380 1717 1812
f 1324 1573 400
f 1325 1324 1922
f 382 1330 1276
f 1276 1331 1278
f 1331 1332 403
f 1331 403 1333
f 1278 1333 383
f 383 1333 1334
f 1333 403 404
f 1282 1279 1336
f 1336 1335 1338
f 1284 1282 1337
f 1337 1336 1338
f 1337 1338 1340
f 1337 1340 1339
f 1284 1339 384
f 384 1339 1341
f 1341 1339 405
f 385 1341 1342
f 1341 405 406
f 385 1342 386
f 386 1342 1343
f 1342 406 407
f 386 1343 387
f 387 1343 1345
f 1343 407 1344
f 1345 1344 1347
f 387 1345 1289
f 1289 1346 1290
f 1346 1345 1347
f 1346 1347 408
f 1346 408 1291
f 1240 1809 1293
f 1293 1348 1996
f 1350 1349 409
f 388 1350 1295
f 1350 409 1351
f 1351 409 1352
f 1880 1295 1296
f 1298 1296 1353
f 1296 1351 2138
f 1298 1353 1244
f 1244 1353 1355
f 1353 2138 1354
f 1244 1355 389
f 1356 1355 410
f 389 1356 1300
f 1356 410 1357
f 1300 1357 390
f 390 1357 1358
f 1357 410 411
f 390 1358 391
f 1358 411 1359
f 391 1358 1360
f 1360 1359 412
f 1304 1360 1361
f 1360 412 1361
f 1304 1361 392
f 392 1361 1362
f 1361 413 1362
f 1362 413 1363
f 393 1363 2054
f 1364 414 1365
f 395 1311 1367
f 1365 414 1366
f 396 1313 1368
f 1924 1367 415
f 1371 1881 417
f 398 1720 1721
f 1721 1722 1723
f 1723 1724 1574
f 1574 1725 1575
f 399 1575 1726
f 400 1726 1815
f 1378 1576 421
f 1379 1378 1926
f 402 1327 1382
f 1381 1380 1927
f 1382 1381 423
f 1332 1329 1385
f 1383 1382 423
f 1385 1383 1386
f 1332 1385 403
f 403 1385 1387
f 1387 1386 424
f 403 1387 404
f 1387 424 1388
f 404 1388 1389
f 1388 424 425
f 1389 1388 425
f 404 1389 1335
f 1335 1389 1391
f 1338 1335 1391
f 1389 425 1390
f 1391 1390 1393
f 1340 1338 1392
f 1392 1391 1393
f 1392 1393 1395
f 1392 1395 1394
f 1340 1394 405
f 405 1394 1396
f 1396 1394 426
f 406 1396 1397
f 1396 426 427
f 406 1397 407
f 407 1397 1398
f 1397 427 428
f 407 1398 1344
f 1344 1398 1399
f 1347 1344 1399
f 1398 428 429
f 1399 429 1400
f 1403 408 1401
f 1349 1405 409
f 409 1405 1407
f 1405 430 1406
f 409 1407 1352
f 1351 1352 1408
f 1352 1407 431
f 1351 1408 2138
f 1408 431 2135
f 2138 1410 1354
f 1411 1355 1354
f 1355 1411 410
f 1411 432 433
f 410 1411 1412
f 1411 433 1412
f 411 1412 1414
f 1412 433 1413
f 1414 1413 434
f 411 1414 1359
f 1414 434 1415
f 1359 1415 412
f 412 1415 1416
f 1415 435 1416
f 412 1416 413
f 413 1416 1418
f 1416 435 1417
f 1418 1417 436
f 413 1418 1363
f 1418 436 1419
f 1363 1419 2054
f 2054 1419 1420
f 1419 436 437
f 414 1420 1422
f 1420 437 1421
f 1422 1421 438
f 414 1422 1366
f 1422 438 1877
f 415 1366 1423
f 1423 1877 439
f 1424 1423 2047
f 1426 1425 441
f 1427 1426 442
f 417 2026 1429
f 417 1429 1728
f 1429 1577 1727
f 1728 1729 1578
f 418 1578 1730
f 419 1730 1731
f 1731 2156 1732
f 1732 1733 1734
f 1734 1733 1882
f 1734 1882 1579
f 420 1579 1735
f 421 1735 1818
f 1437 1580 1970
f 1439 1437 446
f 1440 1439 446
f 1441 1440 447
f 423 1974 1442
f 1442 1441 448
f 1386 1384 1444
f 1443 1442 448
f 1444 1443 1445
f 1386 1444 424
f 424 1444 2004
f 1445 449 1446
f 425 1446 1447
f 1446 449 450
f 425 1447 1390
f 1390 1447 1449
f 1393 1390 1449
f 1447 450 1448
f 1449 1448 1451
f 1395 1393 1450
f 1450 1449 1451
f 1450 1451 1453
f 1450 1453 1452
f 1395 1452 426
f 426 1452 1454
f 1454 1452 451
f 427 1454 1455
f 1454 451 452
f 427 1455 428
f 428 1455 1456
f 1455 452 453
f 428 1456 429
f 2012 429 2008
f 1456 453 2008
f 2005 1457 1458
f 1402 1458 454
f 1403 1402 1404
f 1402 454 1459
f 1404 1459 1349
f 1349 1459 1405
f 1459 454 430
f 29 2 1460
f 1460 1461 437
f 1 1461 2
f 437 1461 1421
f 1461 1 1462
f 1421 1462 438
f 1462 3 1463
f 3 1462 1
f 438 1463 1994
f 1876 1994 1464
f 1463 3 5
f 1465 1464 1466
f 1467 1465 1468
f 1469 1467 4
f 1470 1469 7
f 1471 1470 7
f 1428 1471 1581
f 1736 1981 1977
f 443 1431 1955
f 444 1737 1739
f 1476 9 1477
f 1739 1477 1740
f 1740 1479 1741
f 1741 1480 1583
f 445 1583 1976
f 1742 1482 1969
f 1971 1969 10
f 1483 1945 1484
f 1445 1995 1985
f 1988 1488 1490
f 449 1988 1489
f 1988 1490 1489
f 450 1489 1491
f 1491 1489 14
f 450 1491 1448
f 1448 1491 1492
f 1451 1448 1492
f 1491 14 18
f 1451 1492 1494
f 1453 1451 1494
f 1492 18 1493
f 1494 1493 17
f 1494 17 1495
f 1453 1495 451
f 451 1495 1496
f 1495 17 16
f 451 1496 452
f 452 1496 1498
f 1496 16 1497
f 1498 1496 20
f 452 1498 453
f 453 1498 1499
f 1498 20 19
f 453 1499 2008
f 2008 1499 1501
f 2012 2008 1501
f 1499 19 1500
f 1501 1500 1502
f 1501 1502 1457
f 1457 1502 23
f 1457 23 1503
f 1458 1503 454
f 454 1503 1504
f 1503 23 22
f 454 1504 430
f 430 1504 1506
f 1504 22 1505
f 1506 1505 21
f 430 1506 1406
f 1506 21 26
f 1407 1406 1507
f 1406 1506 26
f 1407 1507 431
f 431 1507 1409
f 1507 26 1508
f 1409 1507 25
f 1409 25 24
f 1410 2135 432
f 432 2133 1510
f 2133 24 1509
f 1510 1509 1512
f 432 1510 433
f 1510 1512 1511
f 1511 1512 28
f 433 1511 1413
f 1511 28 1513
f 1413 1513 434
f 1513 28 27
f 434 1513 1514
f 1513 27 1514
f 434 1514 435
f 435 1514 1516
f 1514 27 1515
f 1516 1515 1518
f 435 1516 1417
f 1516 1518 1517
f 1417 1517 436
f 1517 1518 29
f 436 1517 1460
f 1517 29 1460
f 1519 467 468
f 507 1586 509
f 511 1587 513
f 513 1588 516
f 517 1522 519
f 1824 1746 1747
f 525 1747 1748
f 549 1589 1590
f 1589 1864 1591
f 1591 1592 551
f 1592 1591 550
f 551 552 1593
f 1528 552 553
f 1593 1594 1525
f 1594 1595 554
f 1595 1594 1528
f 554 555 1596
f 557 555 556
f 1596 1597 1526
f 1597 88 1599
f 88 1597 557
f 1599 1944 558
f 1743 2025 565
f 611 612 1600
f 1601 1828 1883
f 87 1602 1603
f 1602 111 1604
f 1604 613 614
f 615 614 613
f 614 1606 1607
f 1606 616 1608
f 616 1606 615
f 1608 112 1934
f 112 1608 616
f 1609 617 1750
f 109 1830 1930
f 2140 1865 1611
f 665 1615 664
f 1615 665 1617
f 666 1617 665
f 1617 666 1831
f 1831 1753 1618
f 1753 1533 667
f 113 667 619
f 1866 158 1623
f 1623 720 1625
f 721 1625 720
f 1625 721 1626
f 722 1626 721
f 1626 722 1833
f 1833 1758 1627
f 1758 1537 723
f 134 723 135
f 178 772 1629
f 772 1867 1630
f 1867 179 1632
f 1632 773 1634
f 774 1634 773
f 1634 774 1635
f 775 1635 774
f 1635 775 1835
f 1835 1763 1636
f 1763 1541 776
f 160 776 161
f 202 830 1938
f 830 1868 1638
f 1868 203 1640
f 1640 831 1642
f 832 1642 831
f 1642 832 1643
f 833 1643 832
f 1643 833 1837
f 1837 1768 1644
f 1768 1544 834
f 181 834 182
f 225 885 1939
f 885 1869 1646
f 1869 226 1648
f 1648 886 1650
f 887 1650 886
f 1650 887 1651
f 888 1651 887
f 1651 888 1839
f 1839 1773 1652
f 1773 1547 889
f 205 889 206
f 2152 246 941
f 942 1870 1654
f 1870 247 1656
f 1656 943 1658
f 944 1658 943
f 1658 944 1659
f 945 1659 944
f 1659 945 1841
f 1841 1778 1660
f 1778 1550 946
f 228 946 229
f 268 993 1940
f 993 1871 1662
f 1871 269 1664
f 1664 994 1666
f 995 1666 994
f 1666 995 1667
f 996 1667 995
f 1667 996 1843
f 1843 1784 1668
f 1784 1553 997
f 249 997 250
f 2155 293 1672
f 1672 1051 1674
f 1052 1674 1051
f 1674 1052 1675
f 1053 1675 1052
f 1675 1053 1845
f 1845 1789 1676
f 1789 1557 1054
f 271 1054 272
f 2149 313 1680
f 1680 1102 1682
f 1103 1682 1102
f 1682 1103 1683
f 1104 1683 1103
f 1683 1104 1847
f 1847 1794 1684
f 1794 1561 1105
f 295 1105 296
f 2143 336 1687
f 1687 1157 1689
f 1158 1689 1157
f 1689 1158 1690
f 1159 1690 1158
f 1690 1159 1849
f 1849 1797 1691
f 1797 1564 1160
f 315 1160 316
f 2128 355 1695
f 1695 1210 1697
f 1211 1697 1210
f 1697 1211 1698
f 1212 1698 1211
f 1698 1212 1851
f 1851 1802 1699
f 1802 1567 1213
f 338 1213 339
f 2136 1872 1702
f 1872 378 1704
f 1704 1264 1706
f 1265 1706 1264
f 1706 1265 1707
f 1266 1707 1265
f 1707 1266 1853
f 1853 1807 1708
f 1807 1570 1267
f 357 1267 358
f 397 1319 1710
f 1319 1873 1711
f 1873 398 1713
f 1713 1320 1715
f 1321 1715 1320
f 1715 1321 1716
f 1322 1716 1321
f 1716 1322 1855
f 1855 1812 1717
f 1812 1573 1323
f 380 1323 381
f 1371 1372 1986
f 418 1373 1719
f 1373 1874 1720
f 1874 419 1722
f 1722 1374 1724
f 1375 1724 1374
f 1724 1375 1725
f 1376 1725 1375
f 1725 1376 1856
f 1856 1815 1726
f 1815 1576 1377
f 400 1377 401
f 1881 416 2026
f 1427 1577 1429
f 1429 1727 1728
f 1727 1431 1729
f 1431 1727 1430
f 443 1432 1729
f 1432 1875 1730
f 1875 444 2156
f 1733 1434 1882
f 1435 1882 1434
f 1882 1435 1858
f 1858 1818 1735
f 1818 1580 1436
f 421 1436 422
f 1464 1465 1876
f 442 1859 1428
f 1471 1582 1581
f 1736 1582 1981
f 1981 1474 1977
f 1476 1477 1739
f 1480 1742 1583
f 565 70 1743
f 498 499 50
f 503 1745 71
f 505 1521 502
f 71 1745 1520
f 1520 1521 2022
f 1520 2022 72
f 52 1584 505
f 2022 1584 506
f 1584 51 506
f 51 1584 52
f 73 507 1980
f 507 73 2023
f 2023 1585 507
f 1585 508 1586
f 508 1585 51
f 510 1586 508
f 1991 1586 1972
f 1978 511 512
f 513 512 511
f 53 1990 54
f 512 513 514
f 514 516 74
f 516 514 513
f 515 1587 53
f 518 1588 515
f 517 74 516
f 516 1588 1522
f 74 517 75
f 1588 518 1522
f 1522 518 56
f 75 517 1823
f 1825 1823 1746
f 519 56 521
f 520 521 523
f 522 523 55
f 524 55 57
f 526 57 528
f 1749 528 455
f 1523 79 80
f 76 1878 1860
f 1860 1943 1928
f 525 545 1861
f 1861 547 1825
f 548 86 2001
f 75 1590 74
f 1591 1590 1589
f 1864 1589 2001
f 74 1524 514
f 1524 74 1590
f 514 1524 512
f 551 1524 1591
f 550 1591 1864
f 550 553 1592
f 1593 512 551
f 551 1592 552
f 512 1593 1978
f 87 553 550
f 1525 1978 1593
f 1594 552 1528
f 554 1525 1594
f 556 1595 1528
f 1596 1980 554
f 554 1595 555
f 73 1526 72
f 1526 73 1596
f 1597 555 557
f 1526 1599 1598
f 1599 1526 1597
f 1598 1599 558
f 558 1944 559
f 559 1750 89
f 1862 560 1826
f 560 89 90
f 91 90 562
f 563 91 564
f 563 564 92
f 543 1885 606
f 84 606 544
f 544 607 608
f 607 107 1752
f 2001 1600 1864
f 1601 1600 612
f 1527 1864 1600
f 550 1527 87
f 1527 1883 87
f 1883 1527 1601
f 1602 1883 110
f 553 1603 1528
f 1603 553 87
f 1604 1603 1602
f 111 1602 110
f 1605 556 1528
f 614 1605 1604
f 613 1604 111
f 1607 556 1605
f 1606 614 615
f 556 1607 557
f 1608 1607 1606
f 1529 557 1607
f 557 1529 88
f 1529 1934 1609
f 88 1609 1944
f 1530 1934 112
f 617 1530 618
f 89 1750 2083
f 114 1879 1754
f 620 1879 114
f 562 620 621
f 115 114 2077
f 620 114 2079
f 2037 636 638
f 106 2055 605
f 605 1886 657
f 107 657 1752
f 1752 658 659
f 658 130 1755
f 660 131 132
f 612 1930 1610
f 663 1935 1956
f 1531 1828 1610
f 1531 2140 1611
f 110 1611 111
f 111 1612 613
f 613 1614 615
f 1614 613 1612
f 1615 1614 1613
f 664 1613 2137
f 1616 615 1614
f 615 1616 616
f 1617 1616 1615
f 1532 616 1616
f 616 1532 112
f 1532 1831 1618
f 1831 1532 1617
f 112 1618 1530
f 1753 1831 133
f 1530 1618 113
f 113 1753 667
f 1533 1753 133
f 619 667 669
f 667 1533 668
f 114 1754 2077
f 687 686 142
f 129 712 656
f 656 1888 714
f 130 714 1755
f 1755 715 1756
f 715 154 1760
f 1756 716 1832
f 716 155 156
f 1757 1832 718
f 1956 1619 663
f 719 1936 1957
f 1534 663 1619
f 1534 1620 1621
f 1866 1620 157
f 1623 1622 1866
f 158 1866 157
f 2137 1622 664
f 664 1624 665
f 1624 664 1622
f 1625 1624 1623
f 720 1623 158
f 1535 665 1624
f 665 1535 666
f 1626 1535 1625
f 1536 666 1535
f 666 1536 133
f 1536 1833 1627
f 1833 1536 1626
f 133 1627 1533
f 1758 1833 159
f 1533 1627 134
f 134 1758 723
f 1537 1758 159
f 135 723 725
f 723 1537 724
f 1890 2060 1889
f 671 2060 727
f 674 728 730
f 743 742 167
f 144 143 748
f 153 764 713
f 713 1891 766
f 154 766 1760
f 1760 767 1761
f 767 175 1765
f 1761 768 1834
f 768 176 177
f 1762 1834 770
f 1957 1628 719
f 771 1937 1958
f 1538 1946 1628
f 1538 772 1630
f 772 1538 1629
f 157 1630 158
f 1867 772 178
f 1632 1631 1867
f 179 1867 178
f 158 1631 720
f 720 1633 721
f 1633 720 1631
f 1634 1633 1632
f 773 1632 179
f 1539 721 1633
f 721 1539 722
f 1635 1539 1634
f 1540 722 1539
f 722 1540 159
f 1540 1835 1636
f 1835 1540 1635
f 159 1636 1537
f 1763 1835 180
f 1537 1636 160
f 160 1763 776
f 1541 1763 180
f 161 776 778
f 776 1541 777
f 1893 779 1892
f 1890 1764 726
f 726 779 781
f 729 782 2033
f 797 796 188
f 174 823 765
f 765 1894 825
f 175 825 1765
f 1765 826 1766
f 826 199 1770
f 1766 827 1836
f 827 200 201
f 1767 1836 829
f 1958 1637 771
f 178 1638 179
f 1868 830 202
f 1640 1639 1868
f 203 1868 202
f 179 1639 773
f 773 1641 774
f 1641 773 1639
f 1642 1641 1640
f 831 1640 203
f 1542 774 1641
f 774 1542 775
f 1643 1542 1642
f 1543 775 1542
f 775 1543 180
f 1543 1837 1644
f 1837 1543 1643
f 180 1644 1541
f 1768 1837 204
f 1541 1644 181
f 181 1768 834
f 1544 1768 204
f 182 834 836
f 834 1544 835
f 1896 837 1895
f 1893 1769 780
f 780 837 838
f 783 839 841
f 853 852 212
f 198 878 824
f 824 1897 880
f 199 880 1770
f 1770 881 1771
f 881 222 1775
f 1771 882 1838
f 882 223 224
f 1772 1838 884
f 885 1947 1645
f 202 1646 203
f 1869 885 225
f 1648 1647 1869
f 226 1869 225
f 203 1647 831
f 831 1649 832
f 1649 831 1647
f 1650 1649 1648
f 886 1648 226
f 1545 832 1649
f 832 1545 833
f 1651 1545 1650
f 1546 833 1545
f 833 1546 204
f 1546 1839 1652
f 1839 1546 1651
f 204 1652 1544
f 1773 1839 227
f 1544 1652 205
f 205 1773 889
f 1547 1773 227
f 206 889 891
f 889 1547 890
f 1899 892 1898
f 1896 1774 2065
f 2065 892 893
f 2065 893 2072
f 221 935 879
f 879 1900 937
f 222 937 1775
f 1775 938 1776
f 938 243 1781
f 1776 939 1840
f 939 244 245
f 1777 1840 940
f 942 1948 1653
f 225 1654 226
f 1870 942 246
f 1656 1655 1870
f 247 1870 246
f 226 1655 886
f 886 1657 887
f 1657 886 1655
f 1658 1657 1656
f 943 1656 247
f 1548 887 1657
f 887 1548 888
f 1659 1548 1658
f 1549 888 1548
f 888 1549 227
f 1549 1841 1660
f 1841 1549 1659
f 227 1660 1547
f 1778 1841 248
f 1547 1660 228
f 228 1778 946
f 1550 1778 248
f 229 946 948
f 946 1550 947
f 1902 949 1901
f 1899 949 950
f 895 951 953
f 242 986 936
f 936 1903 988
f 243 988 1781
f 1781 989 1782
f 989 265 1786
f 1782 990 1842
f 990 266 267
f 1783 1842 992
f 246 1662 247
f 1871 993 268
f 1664 1663 1871
f 269 1871 268
f 247 1663 943
f 943 1665 944
f 1665 943 1663
f 1666 1665 1664
f 994 1664 269
f 1551 944 1665
f 944 1551 945
f 1667 1551 1666
f 1552 945 1551
f 945 1552 248
f 1552 1843 1668
f 1843 1552 1667
f 248 1668 1550
f 1784 1843 270
f 1550 1668 249
f 249 1784 997
f 1553 1784 270
f 250 997 999
f 997 1553 998
f 1905 1000 1904
f 1902 1785 2067
f 2067 1000 1001
f 2067 1001 2070
f 952 1002 1004
f 1017 1016 279
f 264 1042 987
f 987 1906 1044
f 265 1044 1786
f 1786 1045 1787
f 1045 290 1791
f 1787 1046 1844
f 1046 291 292
f 1788 1844 1048
f 1049 1941 1963
f 1554 1949 1669
f 1554 1050 2155
f 1050 1554 1049
f 268 1670 269
f 1672 1671 2155
f 293 2155 1050
f 269 1671 994
f 994 1673 995
f 1673 994 1671
f 1674 1673 1672
f 1051 1672 293
f 1555 995 1673
f 995 1555 996
f 1675 1555 1674
f 1556 996 1555
f 996 1556 270
f 1556 1845 1676
f 1845 1556 1675
f 270 1676 1553
f 1789 1845 294
f 1553 1676 271
f 271 1789 1054
f 1557 1789 294
f 272 1054 1056
f 1054 1557 1055
f 1908 1057 1907
f 1905 1790 2068
f 2068 1057 1058
f 2068 1058 2071
f 1003 1059 1061
f 1074 1073 303
f 281 280 1079
f 289 1094 1043
f 290 1095 1791
f 1792 1097 1846
f 1097 2124 312
f 1963 1677 1049
f 1101 1558 1100
f 1050 1678 293
f 1680 1679 2149
f 313 2149 1101
f 293 1679 1051
f 1051 1681 1052
f 1681 1051 1679
f 1682 1681 1680
f 1102 1680 313
f 1559 1052 1681
f 1052 1559 1053
f 1683 1559 1682
f 1560 1053 1559
f 1053 1560 294
f 1560 1847 1684
f 1847 1560 1683
f 294 1684 1557
f 1794 1847 314
f 1557 1684 295
f 295 1794 1105
f 1561 1794 314
f 296 1105 1107
f 1105 1561 1106
f 1911 1108 1910
f 1908 1795 2074
f 2074 1108 1110
f 2074 1110 2075
f 1060 1111 1113
f 1124 1123 323
f 311 2114 2126
f 1152 334 335
f 1796 1848 1154
f 1101 1685 313
f 1687 1686 2143
f 336 2143 1156
f 313 1686 1102
f 1102 1688 1103
f 1688 1102 1686
f 1689 1688 1687
f 1157 1687 336
f 1562 1103 1688
f 1103 1562 1104
f 1690 1562 1689
f 1563 1104 1562
f 1104 1563 314
f 1563 1849 1691
f 1849 1563 1690
f 314 1691 1561
f 1797 1849 337
f 1561 1691 315
f 315 1797 1160
f 1564 1797 337
f 316 1160 1162
f 1160 1564 1161
f 1914 1163 1913
f 1911 1798 1109
f 1109 340 1164
f 317 1164 1112
f 333 1201 1150
f 1150 1915 1203
f 1204 352 1804
f 1800 1205 1850
f 1205 353 354
f 1156 1693 336
f 1695 1694 2128
f 355 2128 1209
f 336 1694 1157
f 1157 1696 1158
f 1696 1157 1694
f 1697 1696 1695
f 1210 1695 355
f 1565 1158 1696
f 1158 1565 1159
f 1698 1565 1697
f 1566 1159 1565
f 1159 1566 337
f 1566 1851 1699
f 1851 1566 1698
f 337 1699 1564
f 1802 1851 356
f 1564 1699 338
f 338 1802 1213
f 1567 1802 356
f 339 1213 1215
f 1213 1567 1214
f 1917 1216 1916
f 1914 1803 2082
f 2082 1216 1218
f 2082 1218 2084
f 1233 345 364
f 351 1257 1202
f 1202 1918 1259
f 352 1259 1804
f 1804 1260 1805
f 1260 374 1810
f 1805 1261 1852
f 376 375 2095
f 1806 1852 2097
f 1209 1702 355
f 1704 1703 1872
f 378 1872 377
f 355 1703 1210
f 1210 1705 1211
f 1705 1210 1703
f 1706 1705 1704
f 1264 1704 378
f 1568 1211 1705
f 1211 1568 1212
f 1707 1568 1706
f 1569 1212 1568
f 1212 1569 356
f 1569 1853 1708
f 1853 1569 1707
f 356 1708 1567
f 1807 1853 379
f 1567 1708 357
f 357 1807 1267
f 1570 1807 379
f 358 1267 1269
f 1267 1570 1268
f 1920 1270 1919
f 1917 1808 1217
f 1217 1270 1271
f 1287 1286 386
f 373 1312 1258
f 1258 1921 1314
f 374 1314 1810
f 1810 1315 1316
f 1315 396 1814
f 2098 1814 1968
f 1811 1854 1317
f 1318 1710 1317
f 1319 1953 1709
f 377 1711 378
f 1873 1319 397
f 1713 1712 1873
f 398 1873 397
f 378 1712 1264
f 1264 1714 1265
f 1714 1264 1712
f 1715 1714 1713
f 1320 1713 398
f 1571 1265 1714
f 1265 1571 1266
f 1716 1571 1715
f 1572 1266 1571
f 1266 1572 379
f 1572 1855 1717
f 1855 1572 1716
f 379 1717 1570
f 1812 1855 399
f 1570 1717 380
f 380 1812 1323
f 1573 1812 399
f 381 1323 1325
f 1323 1573 1324
f 1923 1326 1922
f 1273 1328 1330
f 1343 1342 407
f 395 1367 1313
f 1313 1924 1368
f 396 1368 1814
f 1372 1371 417
f 1373 1954 1718
f 397 1720 398
f 1874 1373 418
f 1722 1721 1874
f 419 1874 418
f 398 1721 1320
f 1320 1723 1321
f 1723 1320 1721
f 1724 1723 1722
f 1374 1722 419
f 1574 1321 1723
f 1321 1574 1322
f 1725 1574 1724
f 1575 1322 1574
f 1322 1575 399
f 1575 1856 1726
f 1856 1575 1725
f 399 1726 1573
f 1815 1856 420
f 1573 1726 400
f 400 1815 1377
f 1576 1815 420
f 401 1377 1379
f 1377 1576 1378
f 1927 1380 1926
f 1923 1816 1327
f 1327 1381 1382
f 423 1381 1927
f 402 1382 1329
f 1329 1383 1385
f 1398 1397 428
f 415 1423 1424
f 440 439 1876
f 1423 439 440
f 2036 1424 1817
f 1817 1425 1426
f 1425 440 1820
f 442 441 1859
f 2026 1427 1429
f 1427 442 1577
f 417 1728 1372
f 1729 1728 1727
f 1430 1727 1577
f 1578 1719 1728
f 1578 1432 1730
f 1432 1578 1729
f 418 1730 419
f 419 1731 1374
f 1374 1732 1375
f 1732 1374 1731
f 1733 1732 2156
f 1433 2156 444
f 1734 1375 1732
f 1375 1734 1376
f 1579 1376 1734
f 1376 1579 420
f 1579 1858 1735
f 1858 1579 1882
f 420 1735 1576
f 1818 1858 445
f 1576 1735 421
f 421 1818 1436
f 1580 1818 445
f 422 1436 1439
f 1436 1580 1437
f 1437 1438 446
f 447 446 1821
f 1440 446 447
f 1927 1819 1974
f 1974 1441 1442
f 1441 447 448
f 423 1442 1384
f 1384 1443 1444
f 1443 448 1995
f 1456 1455 453
f 1464 5 1466
f 1465 1466 1468
f 440 1876 1820
f 1820 1467 1469
f 1467 1468 4
f 441 1820 1859
f 1428 1470 1471
f 1469 4 7
f 1428 1581 1577
f 1471 7 1472
f 1473 1582 1472
f 1581 1582 1736
f 1736 1430 1581
f 1582 1473 1981
f 1933 1955 1977
f 1474 1981 6
f 1475 1738 1474
f 443 1737 444
f 1737 1476 1739
f 1476 1737 1738
f 9 1476 1475
f 444 1739 1433
f 1433 1740 1434
f 1740 1433 1739
f 1479 1740 1477
f 1478 1477 9
f 8 1477 1478
f 1733 1433 1434
f 1434 1741 1435
f 1741 1434 1740
f 1480 1741 1479
f 1479 11 1480
f 11 1479 8
f 1583 1435 1741
f 1435 1583 445
f 1976 1583 1742
f 1480 1481 1742
f 1481 1480 11
f 1482 1742 1481
f 1969 1976 1742
f 1580 1976 1970
f 1976 1969 1970
f 1969 1482 10
f 446 1438 1821
f 1945 13 1484
f 1483 1484 12
f 447 1821 1822
f 1483 12 1485
f 448 1822 1983
f 1979 1486 15
f 502 504 505
f 558 1862 71
f 602 603 106
f 2006 655 129
f 710 711 153
f 762 763 174
f 808 811 810
f 2007 822 198
f 876 877 221
f 915 1993 970
f 933 934 242
f 2013 985 264
f 1134 1137 1136
f 1199 1200 351
f 1255 1256 373
f 1310 1311 395
f 1365 1366 415
f 1863 1743 1744
f 1587 1990 53
f 1588 1587 515
f 1746 1824 1825
f 1747 525 1824
f 1748 527 1928
f 76 527 1749
f 75 1825 549
f 75 549 1590
f 1929 582 473
f 582 2037 100
f 2091 602 604
f 604 602 106
f 1827 544 608
f 2001 611 1600
f 562 89 1829
f 583 635 636
f 2037 583 636
f 642 643 644
f 1751 692 639
f 655 710 712
f 712 710 153
f 1757 718 1619
f 691 745 746
f 143 691 746
f 711 762 764
f 764 762 174
f 1762 770 1628
f 823 2007 198
f 1767 829 1637
f 822 876 878
f 878 876 221
f 1772 884 1645
f 877 933 935
f 935 933 242
f 1777 940 1653
f 916 915 970
f 972 973 975
f 986 2013 264
f 1783 992 1661
f 1780 1022 1993
f 985 1040 1042
f 1042 1040 289
f 1788 1048 1669
f 1021 1076 1077
f 280 1021 1077
f 1041 2089 1094
f 1094 2089 1909
f 1148 1199 1201
f 1201 1199 351
f 1200 1255 1257
f 1257 1255 373
f 1806 2097 1700
f 1880 1296 1298
f 1256 1310 1312
f 1312 1310 395
f 1811 1317 1709
f 1809 1348 1293
f 1295 1351 1296
f 1311 1365 1367
f 1367 1365 415
f 1347 1400 1401
f 408 1347 1401
f 1366 1877 1423
f 1400 2012 2005
f 1994 1463 1464
f 1992 1744 1743
f 1744 1992 498
f 75 1823 1825
f 522 1747 1746
f 524 1748 1747
f 526 527 1748
f 527 526 1749
f 76 1860 527
f 525 1861 1824
f 1861 545 546
f 547 549 1825
f 549 547 548
f 71 1862 503
f 1828 1601 612
f 617 618 2083
f 133 1831 666
f 667 668 669
f 159 1833 722
f 723 724 725
f 2154 1629 771
f 180 1835 775
f 776 777 778
f 204 1837 833
f 834 835 836
f 227 1839 888
f 889 890 891
f 248 1841 945
f 946 947 948
f 270 1843 996
f 997 998 999
f 294 1845 1053
f 1054 1055 1056
f 314 1847 1104
f 1105 1106 1107
f 337 1849 1159
f 1160 1161 1162
f 356 1851 1212
f 1213 1214 1215
f 1953 1701 1263
f 379 1853 1266
f 1267 1268 1269
f 1954 1710 1318
f 399 1855 1322
f 1323 1324 1325
f 420 1856 1376
f 1377 1378 1379
f 445 1858 1435
f 1436 1437 1439
f 1859 1470 1428
f 1744 500 2111
f 517 519 1823
f 520 1823 519
f 1823 520 1746
f 522 1746 520
f 524 1747 522
f 526 1748 524
f 1928 527 1860
f 1928 545 525
f 545 1928 1943
f 547 1861 546
f 1824 1861 1825
f 560 1862 559
f 1750 559 1944
f 503 1826 2111
f 1826 503 1862
f 1826 561 1863
f 561 1826 560
f 1863 561 2025
f 1863 2025 1743
f 543 604 1885
f 544 606 607
f 607 1752 108
f 1864 1527 550
f 618 113 619
f 564 621 2073
f 605 2055 1886
f 1752 657 658
f 658 1755 131
f 1752 659 108
f 659 660 1830
f 661 662 1830
f 1956 661 1757
f 1828 612 1610
f 110 1828 1531
f 1612 1865 1613
f 668 134 135
f 619 669 1754
f 670 1754 669
f 1754 670 2077
f 1887 2077 670
f 656 712 1888
f 1755 714 715
f 715 1760 155
f 1755 1756 131
f 717 718 1832
f 1957 717 1762
f 724 160 161
f 135 725 1759
f 2060 1759 725
f 674 2081 728
f 713 764 1891
f 1760 766 767
f 767 1765 176
f 1760 1761 155
f 769 770 1834
f 1958 769 1767
f 1946 719 1628
f 1630 1946 1538
f 1630 1867 1631
f 777 181 182
f 161 778 1764
f 779 1764 778
f 1764 779 726
f 729 2066 782
f 765 823 1894
f 1765 825 826
f 826 1770 200
f 1765 1766 176
f 828 829 1836
f 1959 828 1772
f 830 2154 1637
f 1638 2154 830
f 1638 1868 1639
f 835 205 206
f 182 836 1769
f 837 1769 836
f 1769 837 780
f 783 2063 839
f 824 878 1897
f 1770 880 881
f 881 1775 223
f 1770 1771 200
f 883 884 1838
f 1960 883 1777
f 1947 1938 1959
f 1646 1947 885
f 1646 1869 1647
f 890 228 229
f 206 891 1774
f 892 1774 891
f 1774 892 2065
f 896 2072 894
f 879 935 1900
f 1775 937 938
f 938 1781 244
f 1775 1776 223
f 2157 940 1840
f 1961 2157 1783
f 1948 1939 1960
f 1654 1948 942
f 1654 1870 1655
f 947 249 250
f 229 948 1779
f 949 1779 948
f 1779 949 1899
f 936 986 1903
f 1781 988 989
f 989 1786 266
f 1781 1782 244
f 991 992 1842
f 1962 991 1788
f 993 2152 1661
f 1662 2152 993
f 1662 1871 1663
f 998 271 272
f 250 999 1785
f 1000 1785 999
f 1785 1000 2067
f 952 2070 1002
f 987 1042 1906
f 1786 1044 1045
f 1045 1791 291
f 1786 1787 266
f 1047 1048 1844
f 1963 1047 1793
f 1949 1940 1962
f 1670 1949 1554
f 1670 2155 1671
f 1055 295 296
f 272 1056 1790
f 1057 1790 1056
f 1790 1057 2068
f 1003 2071 1059
f 1043 1094 2115
f 1791 1095 2117
f 1791 1792 291
f 1098 1099 1846
f 1950 1049 1677
f 1678 1950 1558
f 1678 2149 1679
f 1106 315 316
f 296 1107 1795
f 1108 1795 1107
f 1795 1108 2074
f 1060 2075 1111
f 1151 1799 334
f 2126 2116 2124
f 1153 1154 1848
f 1685 2143 1686
f 1161 338 339
f 316 1162 1798
f 1163 1798 1162
f 1798 1163 1109
f 340 1109 1163
f 1112 1164 2094
f 1150 1201 1915
f 1800 2127 1204
f 1204 1804 353
f 1799 2127 334
f 1206 1207 1850
f 1693 2128 1694
f 1214 357 358
f 339 1215 1803
f 1216 1803 1215
f 1803 1216 2082
f 1221 2086 1219
f 1202 1257 1918
f 1804 1259 1260
f 1260 1810 375
f 1804 1805 353
f 1262 2097 1852
f 2136 2102 1700
f 1702 1872 1703
f 1268 380 381
f 358 1269 1808
f 1270 1808 1269
f 1808 1270 1217
f 1274 2080 1272
f 1258 1312 1921
f 1810 1314 1315
f 1810 1316 375
f 1953 1263 1709
f 1711 1953 1319
f 1711 1873 1712
f 1324 400 401
f 381 1325 1813
f 1326 1813 1325
f 1813 1326 2129
f 1313 1367 1924
f 1881 1925 1370
f 1954 1318 1718
f 1720 1954 1373
f 1720 1874 1721
f 401 1379 1816
f 1380 1816 1379
f 1816 1380 1327
f 1381 1327 1380
f 1329 1382 1383
f 1817 1424 2047
f 1425 1820 441
f 1817 1426 1857
f 1719 1372 1728
f 418 1719 1578
f 1437 1970 1438
f 1439 1819 422
f 1819 1440 1974
f 1384 1442 1443
f 1876 1465 1467
f 1467 1820 1876
f 1820 1469 1859
f 1470 1859 1469
f 1821 1483 1822
f 1485 1987 1483
f 1822 1987 1983
f 1294 1880 1242
f 1877 1994 439
f 582 581 583
f 1879 618 619
f 620 562 1829
f 588 641 642
f 136 668 135
f 136 670 669
f 642 641 697
f 1889 724 161
f 1889 2060 725
f 1892 777 182
f 1892 779 778
f 1895 835 206
f 1895 837 836
f 1898 890 229
f 1898 892 891
f 1901 947 250
f 1901 949 948
f 918 971 972
f 1904 998 272
f 1904 1000 999
f 972 971 1027
f 1907 1055 296
f 1907 1057 1056
f 1910 1106 316
f 1910 1108 1107
f 1913 1161 339
f 1913 1163 1162
f 1916 1214 358
f 1916 1216 1215
f 1919 1268 381
f 1919 1270 1269
f 1922 1324 401
f 1922 1326 1325
f 1881 1370 416
f 1926 1380 1379
f 1877 438 1994
f 110 1883 1828
f 1934 1530 617
f 157 1620 1946
f 178 1629 2154
f 202 1938 1947
f 225 1939 1948
f 268 1940 1949
f 1050 1049 1950
f 1101 1100 1951
f 1156 1155 1952
f 1209 1208 2102
f 377 1701 1953
f 397 1710 1954
f 443 1729 1431
f 84 1884 543
f 85 84 544
f 1943 84 85
f 107 1885 605
f 1885 106 605
f 1879 619 1754
f 130 1886 656
f 1886 129 656
f 1759 136 135
f 137 1887 671
f 154 1888 713
f 1888 153 713
f 1890 1889 1764
f 1764 1889 161
f 162 1890 726
f 728 162 729
f 728 729 163
f 175 1891 765
f 1891 174 765
f 1893 1892 1769
f 1769 1892 182
f 183 1893 780
f 782 183 783
f 782 783 184
f 199 1894 824
f 1894 198 824
f 1896 1895 1774
f 1774 1895 206
f 207 1896 2065
f 839 207 840
f 839 840 208
f 222 1897 879
f 1897 221 879
f 1899 1898 1779
f 1779 1898 229
f 894 2069 895
f 243 1900 936
f 1900 242 936
f 1902 1901 1785
f 1785 1901 250
f 251 1902 2067
f 951 251 952
f 951 952 252
f 265 1903 987
f 1903 264 987
f 1905 1904 1790
f 1790 1904 272
f 273 1905 2068
f 1002 273 1003
f 1002 1003 274
f 290 1906 1043
f 1906 289 1043
f 1908 1907 1795
f 1795 1907 296
f 297 1908 2074
f 1059 297 1060
f 1059 1060 298
f 1911 1910 1798
f 1798 1910 316
f 317 1911 1109
f 1111 317 1112
f 1111 1112 318
f 1914 1913 1803
f 1803 1913 339
f 340 1914 2082
f 352 1915 1202
f 1915 351 1202
f 1917 1916 1808
f 1808 1916 358
f 359 1917 1217
f 1219 359 1220
f 1221 1220 1223
f 374 1918 1258
f 1918 373 1258
f 1920 1919 1813
f 1813 1919 381
f 1272 2078 1273
f 396 1921 1313
f 1921 395 1313
f 1923 1922 1816
f 1816 1922 401
f 402 1923 1327
f 1328 402 1329
f 1328 1329 1332
f 1975 1925 1371
f 1927 1926 1819
f 1819 1926 422
f 423 1927 1974
f 1383 423 1384
f 1383 1384 1386
f 1577 442 1428
f 448 447 1822
f 1955 1431 1430
f 1477 8 1479
f 1945 1971 13
f 1471 1472 1582
f 1748 1928 525
f 642 697 643
f 972 1027 973
f 1925 1881 1371
f 1750 1944 1609
f 610 1930 612
f 1609 1934 617
f 661 1830 660
f 1819 1439 1440
f 1955 1430 1736
f 1929 63 475
f 64 477 65
f 609 608 108
f 1603 1604 1605
f 1528 1603 1605
f 660 659 131
f 1935 2140 1531
f 716 715 155
f 1936 1620 1534
f 698 1931 169
f 768 767 176
f 1937 1629 1538
f 1931 804 806
f 169 1931 806
f 827 826 200
f 882 881 223
f 939 938 244
f 990 989 266
f 1046 1045 291
f 1941 1049 1554
f 1028 1932 305
f 1097 2117 2124
f 1677 1100 1558
f 1932 1130 1132
f 305 1932 1132
f 1152 1151 334
f 1942 1155 2150
f 1205 1204 353
f 1692 1208 2147
f 1261 1260 375
f 1718 1986 1373
f 443 1933 1737
f 1935 663 2140
f 1936 719 1620
f 1937 771 1629
f 1986 1372 1719
f 1736 1977 1955
f 88 1944 1599
f 609 108 109
f 1608 1934 1529
f 132 131 1756
f 1930 1830 662
f 662 1935 1610
f 156 155 1761
f 718 1936 1619
f 177 176 1766
f 770 1937 1628
f 201 200 1771
f 829 1938 1637
f 224 223 1776
f 884 1939 1645
f 245 244 1782
f 940 941 1653
f 267 266 1787
f 992 1940 1661
f 292 291 1792
f 1048 1941 1669
f 335 334 1800
f 354 353 1805
f 376 1261 375
f 2097 1701 1700
f 1317 1710 1709
f 1577 1581 1430
f 1737 1933 1738
f 1977 1738 1933
f 1610 1930 662
f 1973 610 611
f 1943 1860 1884
f 1378 421 422
f 1438 1945 1821
f 1483 1821 1945
f 1926 1378 422
f 1971 10 13
f 157 1946 1630
f 178 2154 1638
f 202 1947 1646
f 225 1948 1654
f 246 2152 1662
f 268 1949 1670
f 1050 1950 1678
f 1685 1951 2150
f 1693 1952 2147
f 1702 2102 2136
f 377 1953 1711
f 397 1954 1720
f 443 1955 1933
f 1738 1475 1476
f 662 1956 1935
f 1757 132 1832
f 718 1957 1936
f 1762 156 1834
f 770 1958 1937
f 1767 177 1836
f 829 1959 1938
f 1772 201 1838
f 884 1960 1939
f 1777 224 1840
f 940 1961 941
f 1783 245 1842
f 992 1962 1940
f 1788 267 1844
f 1048 1963 1941
f 1793 292 1846
f 1677 1099 1100
f 1796 312 1848
f 1942 1154 1155
f 1801 335 1850
f 1692 1207 1208
f 1806 354 1852
f 1811 376 2095
f 1317 1967 1318
f 1968 1925 2099
f 1975 1967 1925
f 1971 1438 1970
f 1973 609 610
f 132 1756 1832
f 156 1761 1834
f 177 1766 1836
f 201 1771 1838
f 224 1776 1840
f 245 1782 1842
f 267 1787 1844
f 292 1792 1846
f 335 1800 1850
f 354 1805 1852
f 1968 1370 1925
f 1974 1440 1441
f 1970 1969 1971
f 1971 1945 1438
f 1827 608 609
f 661 132 1757
f 717 156 1762
f 769 177 1767
f 828 201 1772
f 883 224 1777
f 2157 245 1783
f 991 267 1788
f 1047 292 1793
f 1098 312 1796
f 1153 335 1801
f 1206 354 1806
f 1262 376 1811
f 1972 1586 510
f 1586 1991 509
f 546 85 1827
f 546 1827 86
f 1967 1975 1318
f 1977 1474 1738
f 445 1976 1580
f 1975 1371 1986
f 1854 1967 1317
f 1975 1986 1718
f 1978 1525 509
f 2119 31 34
f 752 751 810
f 752 810 753
f 1084 1082 1136
f 1083 1082 1084
f 1980 507 509
f 1980 1525 554
f 73 1980 1596
f 6 1981 1473
f 1318 1975 1718
f 1240 1293 1294
f 969 968 1022
f 969 1022 1780
f 1292 1291 1348
f 1292 1348 1809
f 1884 2122 542
f 1987 1485 1486
f 1860 1878 2122
f 1987 1822 1483
f 1986 1719 1373
f 62 584 471
f 969 967 968
f 1292 1290 1291
f 62 471 472
f 967 236 235
f 967 1020 968
f 1290 366 365
f 1290 1346 1291
f 54 1990 1972
f 449 1985 1988
f 1972 1990 1991
f 1985 1487 1988
f 54 1972 510
f 1988 1487 1488
f 717 716 156
f 769 768 177
f 828 827 201
f 883 882 224
f 2157 939 245
f 991 990 267
f 1047 1046 292
f 1098 1097 312
f 1153 1152 335
f 1206 1205 354
f 1445 1443 1995
f 1995 1487 1985
f 509 1525 1980
f 70 1992 1743
f 1991 1978 509
f 1487 1983 1979
f 511 1991 1990
f 1991 511 1978
f 1983 1987 1979
f 1993 1023 1024
f 1993 1022 1023
f 1996 1348 2003
f 439 1994 1876
f 698 169 750
f 1028 305 1081
f 1350 1996 1349
f 1880 1294 388
f 388 1996 1350
f 1996 1404 1349
f 970 1993 258
f 235 911 966
f 365 1236 1289
f 1827 609 1973
f 1880 388 1295
f 967 235 966
f 1290 365 1289
f 463 534 81
f 86 1827 1973
f 1997 1982 752
f 910 1998 854
f 1235 2000 1180
f 752 753 1997
f 856 1998 235
f 1182 2000 365
f 1404 1402 1459
f 659 658 131
f 1520 1745 1521
f 1973 2001 86
f 2001 1973 611
f 856 235 236
f 1182 365 366
f 2003 1404 1996
f 2005 2012 1457
f 461 535 2087
f 1445 1985 449
f 2004 1446 425
f 603 2050 2006
f 654 2038 655
f 173 820 2007
f 2007 763 173
f 821 2034 822
f 2007 821 822
f 857 855 856
f 1183 1181 1182
f 1291 408 2003
f 2004 1444 1445
f 424 2004 425
f 1400 2005 1401
f 1401 2005 1402
f 2005 1458 1402
f 2022 506 2023
f 1520 72 1598
f 2003 408 1403
f 603 2006 2055
f 763 2007 823
f 2010 854 855
f 189 2144 855
f 2110 1180 1181
f 324 2110 1181
f 857 856 912
f 1183 1182 1237
f 2012 1501 1457
f 1520 1598 71
f 190 858 803
f 325 1184 1129
f 535 2090 1989
f 2029 2145 2091
f 600 601 603
f 600 603 602
f 148 2009 754
f 2009 148 703
f 799 798 2010
f 2010 2144 799
f 854 2010 853
f 934 983 2013
f 2013 984 985
f 2011 2110 1125
f 1180 2011 1179
f 1147 1197 1148
f 1370 1369 416
f 2008 429 1456
f 2012 1400 429
f 190 189 857
f 325 324 1183
f 416 1369 1857
f 934 2013 986
f 1369 1817 1857
f 100 2037 585
f 1521 1745 502
f 2015 762 711
f 1083 1084 1999
f 2017 1368 2036
f 1584 1521 505
f 2017 1814 1368
f 1370 2017 1369
f 1995 1983 1487
f 1030 1083 2019
f 2017 1370 1968
f 2018 933 877
f 2019 306 1085
f 288 2089 1041
f 1984 2016 1245
f 506 51 1585
f 1369 2036 1817
f 1979 1987 1486
f 2021 1984 1245
f 1585 2023 506
f 1995 448 1983
f 72 2023 73
f 2023 72 2022
f 1979 15 1488
f 1487 1979 1488
f 2024 1188 347
f 347 1243 2024
f 2101 2024 1243
f 2025 563 565
f 1857 1426 1427
f 2002 2101 1297
f 2024 1984 1189
f 2085 2086 341
f 1701 2097 1263
f 442 1426 441
f 2026 1857 1427
f 2026 416 1857
f 1881 2026 417
f 1222 1223 2053
f 1166 2085 1167
f 1982 1997 812
f 2009 1982 812
f 1168 1167 1169
f 2015 761 173
f 2018 932 934
f 700 752 1982
f 700 1982 703
f 762 2015 173
f 933 2018 934
f 473 582 100
f 62 473 100
f 2027 700 701
f 699 147 2027
f 2027 751 700
f 760 2015 152
f 931 2018 220
f 1166 2094 2085
f 63 1929 473
f 63 41 40
f 475 63 40
f 76 2120 2028
f 151 757 758
f 151 758 709
f 760 758 759
f 219 928 929
f 219 929 874
f 931 929 930
f 287 1089 1090
f 287 1090 1038
f 1092 1090 1091
f 2030 318 319
f 1064 2030 1114
f 2028 1878 76
f 473 472 63
f 760 759 761
f 931 930 932
f 1092 1091 1093
f 152 709 760
f 220 874 931
f 288 1038 1092
f 1334 1333 404
f 1334 404 1335
f 31 2031 30
f 2038 152 710
f 710 152 711
f 2033 782 184
f 732 2033 784
f 875 874 220
f 875 220 876
f 876 220 877
f 1039 1038 2132
f 638 637 692
f 638 692 1751
f 2032 2044 38
f 731 2040 733
f 2034 875 876
f 2039 708 2038
f 2040 163 732
f 2034 873 875
f 197 2034 821
f 263 2035 984
f 383 1277 1278
f 1279 383 1334
f 2036 1369 2017
f 2038 710 655
f 2034 876 822
f 2037 638 585
f 2036 1368 1924
f 530 78 532
f 531 530 532
f 530 2032 529
f 1279 1334 1336
f 2038 708 709
f 2038 709 152
f 732 784 2052
f 2041 1277 383
f 2032 470 61
f 1280 1281 1229
f 2044 39 38
f 675 2042 673
f 2014 1147 1148
f 467 2044 531
f 467 531 468
f 1280 2041 1279
f 1280 1279 1282
f 676 2042 138
f 333 2014 1148
f 1032 2019 1085
f 1229 1226 1280
f 1424 2036 1924
f 285 1032 1085
f 1424 1924 415
f 676 677 626
f 116 676 626
f 164 786 788
f 164 788 735
f 2046 1032 1033
f 2047 1423 440
f 1425 2047 440
f 1817 2047 1425
f 653 2039 2050
f 654 2050 2039
f 138 2042 675
f 1228 1230 1176
f 677 2048 2148
f 2048 731 733
f 139 2048 733
f 2049 732 2052
f 734 2049 164
f 654 2039 2038
f 2040 2049 733
f 676 138 2048
f 677 676 2048
f 842 208 2064
f 360 1275 1277
f 360 1277 361
f 732 163 2033
f 1228 1227 1229
f 1228 1229 1231
f 209 898 900
f 653 2050 601
f 2051 2064 2059
f 78 586 101
f 532 78 101
f 730 163 2040
f 731 730 2040
f 164 2052 786
f 2051 209 845
f 1222 2053 1224
f 2053 360 361
f 1176 1174 1228
f 393 2054 1364
f 2006 2050 654
f 2053 1223 360
f 2052 784 786
f 2049 2052 164
f 2006 654 655
f 897 898 2059
f 2054 1420 414
f 1173 1176 1175
f 2055 2006 129
f 842 2064 844
f 361 1277 2041
f 1364 2054 414
f 343 1232 344
f 1306 2061 1307
f 2056 1365 1311
f 529 77 78
f 1177 343 344
f 2057 2053 361
f 1225 1224 2057
f 2057 361 1226
f 2061 393 1308
f 1308 2056 394
f 394 2056 1311
f 530 531 2044
f 2032 530 2044
f 623 2043 2042
f 623 2042 116
f 530 529 78
f 622 2058 624
f 61 584 529
f 2058 2073 623
f 2058 623 116
f 843 840 896
f 897 896 230
f 2032 61 529
f 897 230 231
f 838 837 1896
f 893 892 1899
f 843 2059 2064
f 207 838 1896
f 2069 893 1899
f 2060 671 1759
f 209 2051 2059
f 2059 898 209
f 393 2056 1308
f 116 2042 676
f 2061 1362 393
f 2062 2058 116
f 624 2062 625
f 2062 116 626
f 781 779 1893
f 2063 780 838
f 2064 208 843
f 950 949 1902
f 1001 1000 1905
f 1058 1057 1908
f 1271 1270 1920
f 183 781 1893
f 183 2063 783
f 207 2072 840
f 2072 207 2065
f 251 950 1902
f 273 1001 1905
f 297 1058 1908
f 2078 1271 1920
f 2063 838 839
f 2072 893 894
f 2061 392 1362
f 2066 726 781
f 2080 1217 1271
f 162 2066 729
f 251 2070 952
f 2070 251 2067
f 273 2071 1003
f 2071 273 2068
f 359 2080 1220
f 2066 781 782
f 2070 1001 1002
f 2071 1058 1059
f 2080 1271 1272
f 115 2076 2079
f 840 2072 896
f 622 2073 2058
f 1110 1108 1911
f 564 2073 622
f 317 1110 1911
f 2043 623 2076
f 1221 1219 1220
f 2129 1326 1923
f 297 2075 1060
f 2075 297 2074
f 402 2131 1923
f 2075 1110 1111
f 1887 136 1759
f 1222 1221 1223
f 671 1887 1759
f 2076 115 2043
f 2073 2076 623
f 115 2077 672
f 542 604 543
f 2043 672 673
f 1884 542 543
f 341 2086 1221
f 621 620 2079
f 727 2060 1890
f 2079 114 115
f 162 727 1890
f 1220 2080 1274
f 2073 621 2076
f 2079 2076 621
f 2081 671 727
f 1218 1216 1917
f 137 2081 674
f 359 1218 1917
f 2081 727 728
f 620 1829 1879
f 1750 617 2083
f 89 2083 1829
f 2084 340 2082
f 2083 618 1829
f 2084 1218 1219
f 2086 2084 1219
f 2139 909 910
f 2139 965 909
f 1165 2086 2085
f 672 2077 1887
f 672 1887 137
f 1989 463 81
f 115 672 2043
f 60 2087 59
f 495 47 497
f 535 81 2092
f 98 634 120
f 1992 495 497
f 99 98 120
f 673 137 674
f 675 673 674
f 673 2042 2043
f 60 460 32
f 461 60 462
f 494 48 47
f 495 494 47
f 640 641 588
f 461 2087 60
f 2087 536 59
f 536 2087 2092
f 2093 492 494
f 2093 494 496
f 1165 340 2084
f 2020 1093 2045
f 2086 1165 2084
f 536 2092 82
f 2092 81 82
f 2090 535 461
f 2092 2087 535
f 567 2093 566
f 2093 567 69
f 376 1852 1261
f 1112 2094 1166
f 2094 1164 1165
f 288 2020 2089
f 2094 1165 2085
f 895 2069 950
f 2095 375 1316
f 1811 2095 1854
f 1854 2095 1316
f 895 950 951
f 1092 2020 288
f 230 895 953
f 1040 1041 289
f 2111 1863 1744
f 503 2111 501
f 894 895 230
f 1316 1315 2098
f 953 951 252
f 953 252 954
f 1037 2096 2130
f 1037 287 2096
f 2098 1315 1814
f 2096 1039 2130
f 2035 985 984
f 985 2035 1040
f 1709 1263 1811
f 2097 1262 1263
f 1968 1814 2017
f 2131 2078 2129
f 1967 1854 2099
f 2098 2099 1316
f 382 1273 1330
f 2099 1925 1967
f 91 562 621
f 91 621 564
f 2099 1854 1316
f 1272 1273 382
f 2100 561 90
f 563 2100 91
f 502 2104 504
f 2025 561 2100
f 1330 1328 1332
f 1330 1332 1331
f 503 501 1745
f 501 2104 502
f 1189 1984 2021
f 2104 49 504
f 2002 1297 1244
f 2021 1245 2105
f 2024 2101 1984
f 2002 2016 2101
f 2101 1243 1297
f 1263 1262 1811
f 1700 1701 2136
f 1989 81 535
f 501 502 1745
f 2103 2108 541
f 1187 367 1241
f 1189 2021 2109
f 2016 1984 2101
f 2016 1299 368
f 540 2108 2103
f 1245 2016 368
f 1294 1242 367
f 50 2104 500
f 2021 2105 2109
f 1241 2106 1243
f 541 2108 2145
f 2108 597 599
f 2106 1880 1298
f 1243 2106 1297
f 1899 950 2069
f 2109 2105 1190
f 2120 1749 455
f 30 2031 2120
f 1126 2110 324
f 2110 2011 1180
f 2110 1126 1125
f 1863 2111 1826
f 2104 50 49
f 920 919 974
f 920 974 921
f 2045 1146 2014
f 2045 2014 1149
f 867 2112 922
f 864 2112 867
f 2112 923 922
f 2089 2020 310
f 2045 310 2020
f 2103 539 540
f 1912 1149 333
f 1149 2014 333
f 2107 456 2103
f 634 119 686
f 634 686 120
f 2113 2118 2114
f 1909 310 2113
f 310 2045 1149
f 1043 2115 1095
f 1909 2089 310
f 2115 1094 1909
f 311 2115 2113
f 2115 1909 2113
f 2116 2126 1151
f 2116 1152 1848
f 1912 333 1150
f 312 2116 1848
f 2116 312 2124
f 2114 1912 2125
f 1096 311 2126
f 2113 2114 311
f 2117 1096 2124
f 1791 2117 1792
f 2117 1095 1096
f 2118 1912 2114
f 2118 310 1149
f 1912 2118 1149
f 2113 310 2118
f 456 2119 457
f 2123 2141 2107
f 31 2119 2031
f 30 2120 455
f 2119 2141 2031
f 58 2029 2122
f 1878 58 2122
f 542 2122 2029
f 1860 2122 1884
f 2029 541 2145
f 2121 1912 1150
f 542 2029 2091
f 2127 1203 1204
f 2127 1800 334
f 2123 1878 2028
f 2124 1096 2126
f 1203 2121 1150
f 2125 2121 1799
f 2125 1912 2121
f 2126 2114 2125
f 2126 2125 1151
f 1799 1151 2125
f 1203 2127 2121
f 2127 1799 2121
f 109 108 659
f 1830 109 659
f 610 609 109
f 610 109 1930
f 1920 1813 2129
f 1039 2096 1038
f 1273 2078 2131
f 1040 1039 2132
f 2035 1039 1040
f 2096 287 1038
f 981 2130 263
f 1037 2130 981
f 1039 2035 2130
f 263 2130 2035
f 1920 2129 2078
f 2132 1038 288
f 2131 2129 1923
f 2147 2128 1693
f 1328 2131 402
f 1273 2131 1328
f 1041 2132 288
f 1040 2132 1041
f 1692 2147 1952
f 2134 2140 663
f 1207 1966 1208
f 2133 1409 24
f 2135 431 1409
f 2135 1409 2133
f 1966 1700 2102
f 1801 1850 1207
f 1801 1207 1692
f 1966 1207 1206
f 1966 1206 1806
f 2102 1208 1966
f 1209 2102 1702
f 377 2136 1701
f 1872 2136 377
f 1411 1410 432
f 432 2135 2133
f 1865 2137 1613
f 1621 1866 1622
f 2137 2134 1621
f 1296 2138 1353
f 212 2139 213
f 1411 1354 1410
f 1621 1620 1866
f 1946 1620 719
f 2134 663 1534
f 1408 2135 1410
f 1621 2134 1534
f 2138 1408 1410
f 2137 1865 2134
f 965 2139 908
f 965 908 234
f 2137 1621 1622
f 909 965 2151
f 1611 1865 1612
f 1865 2140 2134
f 911 909 257
f 1613 664 1615
f 911 257 966
f 2119 34 457
f 323 1178 1179
f 2011 323 1179
f 2141 2123 2028
f 2141 2028 2031
f 456 2107 2141
f 456 2141 2119
f 2142 2103 456
f 2142 457 458
f 2142 458 539
f 2010 798 853
f 800 2144 189
f 2144 2010 855
f 2144 800 799
f 680 681 630
f 118 680 630
f 2103 541 2107
f 680 2146 682
f 2107 541 58
f 58 541 2029
f 2123 2107 58
f 2145 599 600
f 600 2091 2145
f 2145 2108 599
f 2150 2143 1685
f 1942 2150 1951
f 1154 1965 1155
f 1965 1692 1952
f 1796 1154 1942
f 1965 1154 1153
f 1965 1153 1801
f 1952 1155 1965
f 679 734 736
f 2146 139 679
f 1156 1952 1693
f 680 678 2146
f 2146 679 682
f 1209 2147 1208
f 2147 1209 2128
f 1178 345 1233
f 1178 1233 1179
f 322 1177 1178
f 322 1178 323
f 139 733 734
f 679 139 734
f 677 2148 678
f 2148 139 2146
f 2148 2048 139
f 1558 1101 2149
f 1558 2149 1678
f 1677 1558 1950
f 1099 1964 1100
f 1964 1942 1951
f 1793 1846 1099
f 1793 1099 1677
f 1964 1099 1098
f 1964 1098 1796
f 1951 1100 1964
f 1101 1951 1685
f 1156 2150 1155
f 2150 1156 2143
f 1962 1669 1949
f 2151 1016 1017
f 257 2151 1017
f 909 2151 257
f 1959 1645 1947
f 1661 1940 993
f 965 234 256
f 2152 941 1961
f 2151 965 256
f 1960 1653 1948
f 185 844 2153
f 2153 844 2051
f 1637 1938 830
f 2154 771 1637
f 846 847 792
f 1554 2155 1670
f 846 2153 845
f 846 845 848
f 792 789 846
f 1875 1432 443
f 444 1875 443
f 791 793 740
f 1731 1875 2156
f 791 790 792
f 791 792 794
f 1730 1875 1731
f 1733 2156 1433
f 246 942 941
f 1961 1661 2152
f 940 2157 1961
f 498 1992 497
f 499 498 497
f 500 1744 498
f 50 500 498
f 1167 2085 341
f 1167 341 1169
f 500 2104 501
f 2111 500 501
f 1167 1168 319
f 1166 1167 319
# 4210 faces, 0 coords texture

# End of File
