####
#
# OBJ File Generated by Meshlab
#
####
# Object disk.obj
#
# Vertices: 4317
# Faces: 8423
#
####
vn 0.0000000 1.0000000 0.0000000
v -0.1736480 0.0000000 -0.9848080
vn 0.0000000 1.0000000 0.0000000
v -0.3314968 0.0000000 -0.9425126
vn 0.0000000 1.0000000 0.0000000
v -0.4901263 0.0000000 -0.8706292
vn 0.0000000 1.0000000 0.0000000
v -0.6427880 0.0000000 -0.7660440
vn 0.0000000 1.0000000 0.0000000
v -0.8597761 0.0000000 -0.5089242
vn 0.0000000 1.0000000 0.0000000
v -0.9396930 0.0000000 -0.3420200
vn 0.0000000 1.0000000 0.0000000
v -0.9819883 0.0000000 -0.1841712
vn 0.0000000 1.0000000 0.0000000
v -1.0000000 0.0000000 0.0000000
vn 0.0000000 1.0000000 0.0000000
v -0.9857575 0.0000000 0.1627949
vn 0.0000000 1.0000000 0.0000000
v -0.9396930 0.0000000 0.3420200
vn 0.0000000 1.0000000 0.0000000
v -0.5000000 0.0000000 0.8660250
vn 0.0000000 1.0000000 0.0000000
v -0.0108531 0.0000000 0.9990505
vn 0.0000000 1.0000000 0.0000000
v 0.1736480 0.0000000 0.9848080
vn 0.0000000 1.0000000 0.0000000
v 0.7660440 0.0000000 0.6427880
vn 0.0000000 1.0000000 0.0000000
v 0.8660250 0.0000000 0.5000000
vn 0.0000000 1.0000000 0.0000000
v 0.9819883 0.0000000 0.1841712
vn 0.0000000 1.0000000 0.0000000
v 0.9990505 0.0000000 0.0108531
vn 0.0000000 1.0000000 0.0000000
v 0.9425126 0.0000000 -0.3314968
vn 0.0000000 1.0000000 0.0000000
v 0.8660250 0.0000000 -0.5000000
vn 0.0000000 1.0000000 0.0000000
v 0.6427880 0.0000000 -0.7660440
vn 0.0000000 1.0000000 0.0000000
v 0.5000000 0.0000000 -0.8660250
vn 0.0000000 1.0000000 0.0000000
v 0.3420200 0.0000000 -0.9396930
vn 0.0000000 1.0000000 0.0000000
v 0.1736480 0.0000000 -0.9848080
vn 0.0000000 1.0000000 0.0000000
v -0.0759710 0.0000000 -0.9933535
vn 0.0000000 1.0000000 0.0000000
v 0.0153563 0.0000000 -0.9800899
vn 0.0000000 1.0000000 0.0000000
v 0.1694108 0.0000000 -0.9326702
vn 0.0000000 1.0000000 0.0000000
v 0.0491139 0.0000000 -0.9157112
vn 0.0000000 1.0000000 0.0000000
v 0.4210100 0.0000000 -0.9028590
vn 0.0000000 1.0000000 0.0000000
v 0.2683573 0.0000000 -0.9594308
vn 0.0000000 1.0000000 0.0000000
v -0.4210100 0.0000000 -0.9028590
vn 0.0000000 1.0000000 0.0000000
v -0.0018661 0.0000000 -0.8693769
vn 0.0000000 1.0000000 0.0000000
v 0.5713940 0.0000000 -0.8160345
vn 0.0000000 1.0000000 0.0000000
v 0.0590505 0.0000000 -0.8138674
vn 0.0000000 1.0000000 0.0000000
v -0.5713940 0.0000000 -0.8160345
vn 0.0000000 1.0000000 0.0000000
v 0.0028458 0.0000000 -0.7470113
vn 0.0000000 1.0000000 0.0000000
v 0.1910050 0.0000000 -0.6247605
vn 0.0000000 1.0000000 0.0000000
v 0.6649748 0.0000000 -0.6459771
vn 0.0000000 1.0000000 0.0000000
v 0.2578340 0.0000000 0.9622505
vn 0.0000000 1.0000000 0.0000000
v 0.8160345 0.0000000 -0.5713940
vn 0.0000000 1.0000000 0.0000000
v 0.7044160 0.0000000 -0.7044160
vn 0.0000000 1.0000000 0.0000000
v -0.0823471 0.0000000 -0.5195613
vn 0.0000000 1.0000000 0.0000000
v 0.9028590 0.0000000 -0.4210100
vn 0.0000000 1.0000000 0.0000000
v 0.0396100 0.0000000 -0.4287571
vn 0.0000000 1.0000000 0.0000000
v 0.0112442 0.0000000 -0.3311984
vn 0.0000000 1.0000000 0.0000000
v 0.9650702 0.0000000 -0.2473108
vn 0.0000000 1.0000000 0.0000000
v 0.0061072 0.0000000 -0.1720329
vn 0.0000000 1.0000000 0.0000000
v -0.9914545 0.0000000 -0.0976770
vn 0.0000000 1.0000000 0.0000000
v 0.9924040 0.0000000 0.0868240
vn 0.0000000 1.0000000 0.0000000
v -0.0201008 0.0000000 0.0920283
vn 0.0000000 1.0000000 0.0000000
v -0.0269087 0.0000000 0.2520237
vn 0.0000000 1.0000000 0.0000000
v -0.9622505 0.0000000 0.2578340
vn 0.0000000 1.0000000 0.0000000
v -0.0038129 0.0000000 0.3284096
vn 0.0000000 1.0000000 0.0000000
v -0.9028590 0.0000000 0.4210100
vn 0.0000000 1.0000000 0.0000000
v -0.1289192 0.0000000 0.6396219
vn 0.0000000 1.0000000 0.0000000
v 0.6967125 0.0000000 0.7121195
vn 0.0000000 1.0000000 0.0000000
v 0.8160345 0.0000000 0.5713940
vn 0.0000000 1.0000000 0.0000000
v -0.6653994 0.0000000 0.6355202
vn 0.0000000 1.0000000 0.0000000
v -0.0121681 0.0000000 0.7481993
vn 0.0000000 1.0000000 0.0000000
v 0.5713940 0.0000000 0.8160345
vn 0.0000000 1.0000000 0.0000000
v -0.5803182 0.0000000 0.8097857
vn 0.0000000 1.0000000 0.0000000
v -0.0060959 0.0000000 0.8623740
vn 0.0000000 1.0000000 0.0000000
v 0.4111363 0.0000000 0.9074632
vn 0.0000000 1.0000000 0.0000000
v -0.2683573 0.0000000 0.9594308
vn 0.0000000 1.0000000 0.0000000
v -0.0016500 0.0000000 0.9749848
vn 0.0000000 1.0000000 0.0000000
v 0.0759710 0.0000000 0.9933535
vn 0.0000000 1.0000000 0.0000000
v -0.0976770 0.0000000 0.9914545
vn 0.0000000 1.0000000 0.0000000
v -0.8160345 0.0000000 0.5713940
vn 0.0000000 1.0000000 0.0000000
v -0.7121195 0.0000000 0.6967125
vn 0.0000000 1.0000000 0.0000000
v 0.0434120 0.0000000 -0.9962020
vn 0.0000000 1.0000000 0.0000000
v 0.2582043 0.0000000 -0.9160925
vn 0.0000000 1.0000000 0.0000000
v 0.2176889 0.0000000 -0.9487938
vn 0.0000000 1.0000000 0.0000000
v -0.0464483 0.0000000 -0.9445059
vn 0.0000000 1.0000000 0.0000000
v -0.1416381 0.0000000 -0.9180158
vn 0.0000000 1.0000000 0.0000000
v -0.1619334 0.0000000 -0.9073771
vn 0.0000000 1.0000000 0.0000000
v 0.2423507 0.0000000 -0.8303367
vn 0.0000000 1.0000000 0.0000000
v 0.0436778 0.0000000 -0.8417823
vn 0.0000000 1.0000000 0.0000000
v 0.2723970 0.0000000 -0.8303818
vn 0.0000000 1.0000000 0.0000000
v -0.2511476 0.0000000 -0.8075218
vn 0.0000000 1.0000000 0.0000000
v -0.2758388 0.0000000 -0.7904050
vn 0.0000000 1.0000000 0.0000000
v 0.4023276 0.0000000 -0.6975597
vn 0.0000000 1.0000000 0.0000000
v 0.1155429 0.0000000 -0.6876158
vn 0.0000000 1.0000000 0.0000000
v -0.1230961 0.0000000 0.9352174
vn 0.0000000 1.0000000 0.0000000
v -0.0827316 0.0000000 0.9622685
vn 0.0000000 1.0000000 0.0000000
v 0.7972881 0.0000000 -0.5981667
vn 0.0000000 1.0000000 0.0000000
v 0.7273443 0.0000000 -0.6477061
vn 0.0000000 1.0000000 0.0000000
v 0.7465296 0.0000000 -0.6238481
vn 0.0000000 1.0000000 0.0000000
v -0.2011763 0.0000000 -0.6914917
vn 0.0000000 1.0000000 0.0000000
v -0.3184637 0.0000000 -0.6306401
vn 0.0000000 1.0000000 0.0000000
v 0.0600954 0.0000000 -0.5827407
vn 0.0000000 1.0000000 0.0000000
v 0.5248646 0.0000000 -0.4610611
vn 0.0000000 1.0000000 0.0000000
v -0.0848731 0.0000000 -0.4562124
vn 0.0000000 1.0000000 0.0000000
v 0.0146968 0.0000000 -0.3855875
vn 0.0000000 1.0000000 0.0000000
v 0.5436230 0.0000000 -0.3082708
vn 0.0000000 1.0000000 0.0000000
v -0.0777380 0.0000000 -0.3001453
vn 0.0000000 1.0000000 0.0000000
v 0.3748023 0.0000000 -0.2670591
vn 0.0000000 1.0000000 0.0000000
v -0.4789038 0.0000000 -0.2186235
vn 0.0000000 1.0000000 0.0000000
v 0.0201705 0.0000000 -0.2064450
vn 0.0000000 1.0000000 0.0000000
v -0.0915313 0.0000000 -0.1229682
vn 0.0000000 1.0000000 0.0000000
v 0.3800936 0.0000000 -0.0858959
vn 0.0000000 1.0000000 0.0000000
v -0.4941328 0.0000000 -0.0952518
vn 0.0000000 1.0000000 0.0000000
v -0.5068153 0.0000000 -0.0447714
vn 0.0000000 1.0000000 0.0000000
v -0.0359687 0.0000000 -0.0330960
vn 0.0000000 1.0000000 0.0000000
v 0.4927124 0.0000000 0.0268176
vn 0.0000000 1.0000000 0.0000000
v -0.0151919 0.0000000 0.0417714
vn 0.0000000 1.0000000 0.0000000
v -0.3881605 0.0000000 0.0884762
vn 0.0000000 1.0000000 0.0000000
v -0.5030122 0.0000000 0.1210034
vn 0.0000000 1.0000000 0.0000000
v 0.0972662 0.0000000 0.1268997
vn 0.0000000 1.0000000 0.0000000
v 0.4839680 0.0000000 0.2204653
vn 0.0000000 1.0000000 0.0000000
v -0.3827078 0.0000000 0.2660865
vn 0.0000000 1.0000000 0.0000000
v -0.4781947 0.0000000 0.3020036
vn 0.0000000 1.0000000 0.0000000
v 0.0727890 0.0000000 0.2926722
vn 0.0000000 1.0000000 0.0000000
v 0.4466157 0.0000000 0.3889611
vn 0.0000000 1.0000000 0.0000000
v 0.4317715 0.0000000 0.4205638
vn 0.0000000 1.0000000 0.0000000
v -0.3592227 0.0000000 0.4113832
vn 0.0000000 1.0000000 0.0000000
v -0.4374597 0.0000000 0.4675539
vn 0.0000000 1.0000000 0.0000000
v 0.0673022 0.0000000 0.4510480
vn 0.0000000 1.0000000 0.0000000
v 0.2644726 0.0000000 0.6335775
vn 0.0000000 1.0000000 0.0000000
v 0.3540909 0.0000000 0.5628906
vn 0.0000000 1.0000000 0.0000000
v -0.0357696 0.0000000 0.5650621
vn 0.0000000 1.0000000 0.0000000
v -0.7352300 0.0000000 -0.6736020
vn 0.0000000 1.0000000 0.0000000
v -0.7130788 0.0000000 -0.6231653
vn 0.0000000 1.0000000 0.0000000
v -0.6696439 0.0000000 -0.6651731
vn 0.0000000 1.0000000 0.0000000
v 0.7380180 0.0000000 0.6348429
vn 0.0000000 1.0000000 0.0000000
v 0.6909530 0.0000000 0.6660513
vn 0.0000000 1.0000000 0.0000000
v -0.3408169 0.0000000 0.7056370
vn 0.0000000 1.0000000 0.0000000
v 0.2843332 0.0000000 0.7957836
vn 0.0000000 1.0000000 0.0000000
v -0.0487063 0.0000000 0.7860852
vn 0.0000000 1.0000000 0.0000000
v 0.2640552 0.0000000 0.8085689
vn 0.0000000 1.0000000 0.0000000
v -0.2483964 0.0000000 0.8421778
vn 0.0000000 1.0000000 0.0000000
v -0.0318864 0.0000000 0.8469480
vn 0.0000000 1.0000000 0.0000000
v 0.1634556 0.0000000 0.9056546
vn 0.0000000 1.0000000 0.0000000
v 0.1394931 0.0000000 0.9093586
vn 0.0000000 1.0000000 0.0000000
v -0.3815150 0.0000000 0.9212760
vn 0.0000000 1.0000000 0.0000000
v -0.2480942 0.0000000 0.9417974
vn 0.0000000 1.0000000 0.0000000
v -0.1714471 0.0000000 0.9575824
vn 0.0000000 1.0000000 0.0000000
v -0.0324874 0.0000000 0.9768337
vn 0.0000000 1.0000000 0.0000000
v -0.0434120 0.0000000 0.9962020
vn 0.0000000 1.0000000 0.0000000
v -0.7972881 0.0000000 0.5981667
vn 0.0000000 1.0000000 0.0000000
v -0.7357154 0.0000000 0.6383314
vn 0.0000000 1.0000000 0.0000000
v -0.7398825 0.0000000 0.6099014
vn 0.0000000 1.0000000 0.0000000
v 0.1410890 0.0000000 -0.9876565
vn 0.0000000 1.0000000 0.0000000
v 0.0943931 0.0000000 -0.9690643
vn 0.0000000 1.0000000 0.0000000
v -0.0434120 0.0000000 -0.9962020
vn 0.0000000 1.0000000 0.0000000
v -0.0314425 0.0000000 -0.9713102
vn 0.0000000 1.0000000 0.0000000
v 0.0364108 0.0000000 -0.9625649
vn 0.0000000 1.0000000 0.0000000
v 0.3246390 0.0000000 -0.9174136
vn 0.0000000 1.0000000 0.0000000
v 0.1551426 0.0000000 -0.9604320
vn 0.0000000 1.0000000 0.0000000
v -0.2999270 0.0000000 -0.9509717
vn 0.0000000 1.0000000 0.0000000
v 0.2722347 0.0000000 -0.8863506
vn 0.0000000 1.0000000 0.0000000
v -0.2052178 0.0000000 -0.9763489
vn 0.0000000 1.0000000 0.0000000
v 0.4703788 0.0000000 -0.8798378
vn 0.0000000 1.0000000 0.0000000
v 0.2999270 0.0000000 -0.9509717
vn 0.0000000 1.0000000 0.0000000
v 0.2445199 0.0000000 -0.8744085
vn 0.0000000 1.0000000 0.0000000
v -0.2165800 0.0000000 -0.8860385
vn 0.0000000 1.0000000 0.0000000
v -0.4605050 0.0000000 -0.8844420
vn 0.0000000 1.0000000 0.0000000
v 0.5446212 0.0000000 -0.8347809
vn 0.0000000 1.0000000 0.0000000
v -0.5981667 0.0000000 -0.7972881
vn 0.0000000 1.0000000 0.0000000
v -0.3241788 0.0000000 -0.7552571
vn 0.0000000 1.0000000 0.0000000
v 0.5169250 0.0000000 -0.5554373
vn 0.0000000 1.0000000 0.0000000
v 0.5090733 0.0000000 -0.6037470
vn 0.0000000 1.0000000 0.0000000
v 0.6743560 0.0000000 -0.6679069
vn 0.0000000 1.0000000 0.0000000
v 0.0976905 0.0000000 0.9457635
vn 0.0000000 1.0000000 0.0000000
v 0.0699626 0.0000000 0.9524735
vn 0.0000000 1.0000000 0.0000000
v 0.2894038 0.0000000 0.9537914
vn 0.0000000 1.0000000 0.0000000
v 0.7352300 0.0000000 -0.6736020
vn 0.0000000 1.0000000 0.0000000
v 0.6813055 0.0000000 -0.7275265
vn 0.0000000 1.0000000 0.0000000
v 0.3626772 0.0000000 -0.5229471
vn 0.0000000 1.0000000 0.0000000
v -0.6658985 0.0000000 -0.7429335
vn 0.0000000 1.0000000 0.0000000
v -0.4274753 0.0000000 -0.6272511
vn 0.0000000 1.0000000 0.0000000
v -0.4092784 0.0000000 -0.5786231
vn 0.0000000 1.0000000 0.0000000
v -0.7323653 0.0000000 -0.6039426
vn 0.0000000 1.0000000 0.0000000
v 0.9212760 0.0000000 -0.3815150
vn 0.0000000 1.0000000 0.0000000
v -0.4428287 0.0000000 -0.5085497
vn 0.0000000 1.0000000 0.0000000
v -0.4205531 0.0000000 -0.4523347
vn 0.0000000 1.0000000 0.0000000
v 0.4674202 0.0000000 -0.3387929
vn 0.0000000 1.0000000 0.0000000
v -0.8844420 0.0000000 -0.4605050
vn 0.0000000 1.0000000 0.0000000
v -0.9212760 0.0000000 -0.3815150
vn 0.0000000 1.0000000 0.0000000
v -0.4670012 0.0000000 -0.3301300
vn 0.0000000 1.0000000 0.0000000
v 0.9735293 0.0000000 -0.2157410
vn 0.0000000 1.0000000 0.0000000
v 0.5161126 0.0000000 -0.2124645
vn 0.0000000 1.0000000 0.0000000
v 0.9509717 0.0000000 -0.2999270
vn 0.0000000 1.0000000 0.0000000
v 0.4915457 0.0000000 -0.1705447
vn 0.0000000 1.0000000 0.0000000
v -0.9481521 0.0000000 -0.3104503
vn 0.0000000 1.0000000 0.0000000
v -0.9735293 0.0000000 -0.2157410
vn 0.0000000 1.0000000 0.0000000
v 0.9962020 0.0000000 -0.0434120
vn 0.0000000 1.0000000 0.0000000
v 0.5609844 0.0000000 -0.0542186
vn 0.0000000 1.0000000 0.0000000
v 0.9886060 0.0000000 -0.1302360
vn 0.0000000 1.0000000 0.0000000
v -0.4684511 0.0000000 -0.1325586
vn 0.0000000 1.0000000 0.0000000
v 0.4997692 0.0000000 -0.0015896
vn 0.0000000 1.0000000 0.0000000
v -0.9886060 0.0000000 -0.1302360
vn 0.0000000 1.0000000 0.0000000
v -0.4781027 0.0000000 -0.0016187
vn 0.0000000 1.0000000 0.0000000
v 0.4866930 0.0000000 0.1364537
vn 0.0000000 1.0000000 0.0000000
v 0.9962020 0.0000000 0.0434120
vn 0.0000000 1.0000000 0.0000000
v 0.4944220 0.0000000 0.1878486
vn 0.0000000 1.0000000 0.0000000
v -0.9971515 0.0000000 0.0325590
vn 0.0000000 1.0000000 0.0000000
v -0.9886060 0.0000000 0.1302360
vn 0.0000000 1.0000000 0.0000000
v 0.9509717 0.0000000 0.2999270
vn 0.0000000 1.0000000 0.0000000
v 0.4508113 0.0000000 0.3020123
vn 0.0000000 1.0000000 0.0000000
v 0.9735293 0.0000000 0.2157410
vn 0.0000000 1.0000000 0.0000000
v -0.4360358 0.0000000 0.3351679
vn 0.0000000 1.0000000 0.0000000
v 0.8798378 0.0000000 0.4703788
vn 0.0000000 1.0000000 0.0000000
v 0.4213196 0.0000000 0.4681518
vn 0.0000000 1.0000000 0.0000000
v 0.9212760 0.0000000 0.3815150
vn 0.0000000 1.0000000 0.0000000
v -0.8890462 0.0000000 0.4506313
vn 0.0000000 1.0000000 0.0000000
v 0.2861975 0.0000000 0.7016974
vn 0.0000000 1.0000000 0.0000000
v 0.6736020 0.0000000 0.7352300
vn 0.0000000 1.0000000 0.0000000
v 0.3599044 0.0000000 0.6677347
vn 0.0000000 1.0000000 0.0000000
v 0.7294310 0.0000000 0.6072454
vn 0.0000000 1.0000000 0.0000000
v 0.4646121 0.0000000 0.5476285
vn 0.0000000 1.0000000 0.0000000
v -0.7910392 0.0000000 -0.6070910
vn 0.0000000 1.0000000 0.0000000
v -0.8410298 0.0000000 -0.5356970
vn 0.0000000 1.0000000 0.0000000
v 0.7847904 0.0000000 0.6160152
vn 0.0000000 1.0000000 0.0000000
v 0.3061384 0.0000000 0.7532274
vn 0.0000000 1.0000000 0.0000000
v -0.8410298 0.0000000 0.5356970
vn 0.0000000 1.0000000 0.0000000
v -0.4903541 0.0000000 0.6028129
vn 0.0000000 1.0000000 0.0000000
v -0.7004052 0.0000000 0.6697768
vn 0.0000000 1.0000000 0.0000000
v 0.5356970 0.0000000 0.8410298
vn 0.0000000 1.0000000 0.0000000
v 0.5981667 0.0000000 0.7972881
vn 0.0000000 1.0000000 0.0000000
v -0.3259649 0.0000000 0.7550372
vn 0.0000000 1.0000000 0.0000000
v -0.3627755 0.0000000 0.7962928
vn 0.0000000 1.0000000 0.0000000
v -0.6070910 0.0000000 0.7910393
vn 0.0000000 1.0000000 0.0000000
v -0.2434848 0.0000000 0.8702043
vn 0.0000000 1.0000000 0.0000000
v 0.3815150 0.0000000 0.9212760
vn 0.0000000 1.0000000 0.0000000
v 0.2010003 0.0000000 0.8801675
vn 0.0000000 1.0000000 0.0000000
v 0.4605050 0.0000000 0.8844420
vn 0.0000000 1.0000000 0.0000000
v -0.4703788 0.0000000 0.8798378
vn 0.0000000 1.0000000 0.0000000
v -0.2999270 0.0000000 0.9509717
vn 0.0000000 1.0000000 0.0000000
v -0.2157410 0.0000000 0.9735292
vn 0.0000000 1.0000000 0.0000000
v 0.0072021 0.0000000 0.9491005
vn 0.0000000 1.0000000 0.0000000
v -0.1122635 0.0000000 0.9637380
vn 0.0000000 1.0000000 0.0000000
v -0.1302360 0.0000000 0.9886060
vn 0.0000000 1.0000000 0.0000000
v 0.0434120 0.0000000 0.9962020
vn 0.0000000 1.0000000 0.0000000
v -0.7352300 0.0000000 0.6736020
vn 0.0000000 1.0000000 0.0000000
v -0.6736020 0.0000000 0.7352300
vn 0.0000000 1.0000000 0.0000000
v 0.0759710 0.0000000 -0.9933535
vn 0.0000000 1.0000000 0.0000000
v 0.0015328 0.0000000 -0.9223738
vn 0.0000000 1.0000000 0.0000000
v 0.4012625 0.0000000 -0.9120675
vn 0.0000000 1.0000000 0.0000000
v -0.0891570 0.0000000 -0.9093442
vn 0.0000000 1.0000000 0.0000000
v -0.0592544 0.0000000 -0.9171219
vn 0.0000000 1.0000000 0.0000000
v 0.1305523 0.0000000 -0.8327456
vn 0.0000000 1.0000000 0.0000000
v 0.1808705 0.0000000 -0.8312177
vn 0.0000000 1.0000000 0.0000000
v -0.1102978 0.0000000 -0.7989147
vn 0.0000000 1.0000000 0.0000000
v 0.2844099 0.0000000 -0.6591753
vn 0.0000000 1.0000000 0.0000000
v -0.0445574 0.0000000 0.9317225
vn 0.0000000 1.0000000 0.0000000
v -0.0730428 0.0000000 0.9377915
vn 0.0000000 1.0000000 0.0000000
v 0.7785416 0.0000000 -0.6249394
vn 0.0000000 1.0000000 0.0000000
v -0.2711977 0.0000000 -0.6696178
vn 0.0000000 1.0000000 0.0000000
v -0.0673026 0.0000000 -0.6374248
vn 0.0000000 1.0000000 0.0000000
v 0.2068978 0.0000000 -0.4653498
vn 0.0000000 1.0000000 0.0000000
v 0.2573874 0.0000000 -0.4510469
vn 0.0000000 1.0000000 0.0000000
v 0.2427190 0.0000000 -0.3105226
vn 0.0000000 1.0000000 0.0000000
v 0.1686411 0.0000000 -0.2863869
vn 0.0000000 1.0000000 0.0000000
v 0.5588942 0.0000000 -0.2815677
vn 0.0000000 1.0000000 0.0000000
v -0.4755394 0.0000000 -0.2506280
vn 0.0000000 1.0000000 0.0000000
v -0.2339731 0.0000000 -0.2200363
vn 0.0000000 1.0000000 0.0000000
v -0.2249663 0.0000000 -0.2453827
vn 0.0000000 1.0000000 0.0000000
v 0.2537558 0.0000000 -0.1364947
vn 0.0000000 1.0000000 0.0000000
v -0.4992307 0.0000000 -0.0669686
vn 0.0000000 1.0000000 0.0000000
v -0.2377312 0.0000000 -0.0380318
vn 0.0000000 1.0000000 0.0000000
v 0.2346588 0.0000000 0.0646345
vn 0.0000000 1.0000000 0.0000000
v 0.4847611 0.0000000 0.0564527
vn 0.0000000 1.0000000 0.0000000
v -0.2267044 0.0000000 0.1417866
vn 0.0000000 1.0000000 0.0000000
v 0.2287765 0.0000000 0.2221512
vn 0.0000000 1.0000000 0.0000000
v 0.2196259 0.0000000 0.2501732
vn 0.0000000 1.0000000 0.0000000
v 0.4892977 0.0000000 0.2530084
vn 0.0000000 1.0000000 0.0000000
v -0.2371230 0.0000000 0.3015311
vn 0.0000000 1.0000000 0.0000000
v -0.2232175 0.0000000 0.2757462
vn 0.0000000 1.0000000 0.0000000
v 0.2181070 0.0000000 0.3815256
vn 0.0000000 1.0000000 0.0000000
v -0.5132394 0.0000000 0.4356612
vn 0.0000000 1.0000000 0.0000000
v -0.1960253 0.0000000 0.4624226
vn 0.0000000 1.0000000 0.0000000
v 0.3139833 0.0000000 0.6010023
vn 0.0000000 1.0000000 0.0000000
v 0.1061143 0.0000000 0.6101887
vn 0.0000000 1.0000000 0.0000000
v -0.7222688 0.0000000 -0.6499275
vn 0.0000000 1.0000000 0.0000000
v -0.6912510 0.0000000 -0.6430460
vn 0.0000000 1.0000000 0.0000000
v 0.7169899 0.0000000 0.6534271
vn 0.0000000 1.0000000 0.0000000
v -0.3917714 0.0000000 0.6602536
vn 0.0000000 1.0000000 0.0000000
v -0.2032350 0.0000000 0.7028036
vn 0.0000000 1.0000000 0.0000000
v -0.2354164 0.0000000 0.6584226
vn 0.0000000 1.0000000 0.0000000
v 0.0981031 0.0000000 0.7924743
vn 0.0000000 1.0000000 0.0000000
v -0.3226598 0.0000000 0.8262891
vn 0.0000000 1.0000000 0.0000000
v -0.1432409 0.0000000 0.8404513
vn 0.0000000 1.0000000 0.0000000
v 0.0874839 0.0000000 0.8907850
vn 0.0000000 1.0000000 0.0000000
v 0.0665451 0.0000000 0.9023659
vn 0.0000000 1.0000000 0.0000000
v -0.4111363 0.0000000 0.9074632
vn 0.0000000 1.0000000 0.0000000
v -0.0651180 0.0000000 0.9943030
vn 0.0000000 1.0000000 0.0000000
v -0.7785416 0.0000000 0.6249394
vn 0.0000000 1.0000000 0.0000000
v -0.7559327 0.0000000 0.6253110
vn 0.0000000 1.0000000 0.0000000
v 0.1085300 0.0000000 -0.9905050
vn 0.0000000 1.0000000 0.0000000
v 0.1238872 0.0000000 -0.9655997
vn 0.0000000 1.0000000 0.0000000
v -0.0073131 0.0000000 -0.9704706
vn 0.0000000 1.0000000 0.0000000
v 0.0093541 0.0000000 -0.9532068
vn 0.0000000 1.0000000 0.0000000
v 0.0650910 0.0000000 -0.9683494
vn 0.0000000 1.0000000 0.0000000
v 0.3022350 0.0000000 -0.9009669
vn 0.0000000 1.0000000 0.0000000
v -0.0755787 0.0000000 -0.9407269
vn 0.0000000 1.0000000 0.0000000
v -0.1509888 0.0000000 -0.9607212
vn 0.0000000 1.0000000 0.0000000
v 0.4407575 0.0000000 -0.8936505
vn 0.0000000 1.0000000 0.0000000
v 0.1869360 0.0000000 -0.9553262
vn 0.0000000 1.0000000 0.0000000
v 0.1458800 0.0000000 -0.8829311
vn 0.0000000 1.0000000 0.0000000
v -0.1884302 0.0000000 -0.8956167
vn 0.0000000 1.0000000 0.0000000
v -0.3106462 0.0000000 -0.8929712
vn 0.0000000 1.0000000 0.0000000
v -0.3409193 0.0000000 -0.8759208
vn 0.0000000 1.0000000 0.0000000
v -0.2401761 0.0000000 -0.8808720
vn 0.0000000 1.0000000 0.0000000
v -0.1415213 0.0000000 -0.8493531
vn 0.0000000 1.0000000 0.0000000
v 0.2019194 0.0000000 -0.7877064
vn 0.0000000 1.0000000 0.0000000
v 0.1766618 0.0000000 -0.7711724
vn 0.0000000 1.0000000 0.0000000
v -0.3732277 0.0000000 -0.8703364
vn 0.0000000 1.0000000 0.0000000
v -0.3856624 0.0000000 -0.8404473
vn 0.0000000 1.0000000 0.0000000
v -0.2263262 0.0000000 -0.8236744
vn 0.0000000 1.0000000 0.0000000
v -0.4339847 0.0000000 -0.7950510
vn 0.0000000 1.0000000 0.0000000
v -0.3002178 0.0000000 -0.7729018
vn 0.0000000 1.0000000 0.0000000
v -0.0559580 0.0000000 -0.6961193
vn 0.0000000 1.0000000 0.0000000
v -0.1109390 0.0000000 -0.7230881
vn 0.0000000 1.0000000 0.0000000
v 0.6179399 0.0000000 -0.5664414
vn 0.0000000 1.0000000 0.0000000
v 0.7022658 0.0000000 -0.5606620
vn 0.0000000 1.0000000 0.0000000
v 0.5294715 0.0000000 -0.5811467
vn 0.0000000 1.0000000 0.0000000
v 0.5548652 0.0000000 -0.6706938
vn 0.0000000 1.0000000 0.0000000
v 0.1131096 0.0000000 0.9699790
vn 0.0000000 1.0000000 0.0000000
v 0.1218985 0.0000000 0.9260977
vn 0.0000000 1.0000000 0.0000000
v 0.1788229 0.0000000 0.9554946
vn 0.0000000 1.0000000 0.0000000
v -0.2936857 0.0000000 0.8800627
vn 0.0000000 1.0000000 0.0000000
v 0.7137283 0.0000000 -0.6219773
vn 0.0000000 1.0000000 0.0000000
v 0.5897394 0.0000000 -0.6295260
vn 0.0000000 1.0000000 0.0000000
v 0.7148071 0.0000000 -0.6676019
vn 0.0000000 1.0000000 0.0000000
v 0.4670146 0.0000000 -0.7301145
vn 0.0000000 1.0000000 0.0000000
v 0.5507630 0.0000000 -0.7460912
vn 0.0000000 1.0000000 0.0000000
v 0.3927034 0.0000000 -0.7436744
vn 0.0000000 1.0000000 0.0000000
v 0.3730108 0.0000000 -0.5876594
vn 0.0000000 1.0000000 0.0000000
v 0.2964850 0.0000000 -0.5765668
vn 0.0000000 1.0000000 0.0000000
v 0.4776863 0.0000000 -0.5277377
vn 0.0000000 1.0000000 0.0000000
v -0.5097671 0.0000000 -0.7006617
vn 0.0000000 1.0000000 0.0000000
v -0.3770356 0.0000000 -0.6435549
vn 0.0000000 1.0000000 0.0000000
v -0.5857269 0.0000000 -0.5961738
vn 0.0000000 1.0000000 0.0000000
v -0.6054871 0.0000000 -0.5749946
vn 0.0000000 1.0000000 0.0000000
v -0.4322384 0.0000000 -0.5635485
vn 0.0000000 1.0000000 0.0000000
v 0.7924337 0.0000000 -0.4036258
vn 0.0000000 1.0000000 0.0000000
v 0.4194822 0.0000000 -0.4114219
vn 0.0000000 1.0000000 0.0000000
v 0.7261871 0.0000000 -0.3760230
vn 0.0000000 1.0000000 0.0000000
v 0.6416661 0.0000000 -0.4953914
vn 0.0000000 1.0000000 0.0000000
v 0.4159786 0.0000000 -0.4813111
vn 0.0000000 1.0000000 0.0000000
v 0.6484396 0.0000000 -0.4665436
vn 0.0000000 1.0000000 0.0000000
v 0.2470984 0.0000000 -0.3642994
vn 0.0000000 1.0000000 0.0000000
v 0.4806089 0.0000000 -0.3625510
vn 0.0000000 1.0000000 0.0000000
v -0.6622469 0.0000000 -0.4439513
vn 0.0000000 1.0000000 0.0000000
v -0.4572105 0.0000000 -0.3593496
vn 0.0000000 1.0000000 0.0000000
v 0.4405202 0.0000000 -0.2394325
vn 0.0000000 1.0000000 0.0000000
v 0.7489905 0.0000000 -0.2348758
vn 0.0000000 1.0000000 0.0000000
v 0.7297575 0.0000000 -0.2854582
vn 0.0000000 1.0000000 0.0000000
v -0.1932393 0.0000000 -0.3277912
vn 0.0000000 1.0000000 0.0000000
v 0.2551741 0.0000000 -0.2175357
vn 0.0000000 1.0000000 0.0000000
v 0.2508353 0.0000000 -0.1841714
vn 0.0000000 1.0000000 0.0000000
v 0.4930899 0.0000000 -0.2023709
vn 0.0000000 1.0000000 0.0000000
v -0.7497538 0.0000000 -0.3014645
vn 0.0000000 1.0000000 0.0000000
v -0.4604638 0.0000000 -0.2785152
vn 0.0000000 1.0000000 0.0000000
v -0.7284895 0.0000000 -0.2227139
vn 0.0000000 1.0000000 0.0000000
v -0.7341003 0.0000000 -0.1919599
vn 0.0000000 1.0000000 0.0000000
v -0.4827757 0.0000000 -0.1894842
vn 0.0000000 1.0000000 0.0000000
v 0.8515424 0.0000000 -0.0592365
vn 0.0000000 1.0000000 0.0000000
v 0.7322626 0.0000000 -0.1403693
vn 0.0000000 1.0000000 0.0000000
v 0.4769866 0.0000000 -0.1465931
vn 0.0000000 1.0000000 0.0000000
v -0.2363661 0.0000000 -0.1433593
vn 0.0000000 1.0000000 0.0000000
v -0.5687898 0.0000000 -0.1550990
vn 0.0000000 1.0000000 0.0000000
v 0.2833747 0.0000000 -0.0368805
vn 0.0000000 1.0000000 0.0000000
v 0.2567409 0.0000000 -0.0240908
vn 0.0000000 1.0000000 0.0000000
v 0.4624487 0.0000000 -0.0251179
vn 0.0000000 1.0000000 0.0000000
v -0.7422565 0.0000000 -0.1321255
vn 0.0000000 1.0000000 0.0000000
v -0.7531753 0.0000000 -0.0995931
vn 0.0000000 1.0000000 0.0000000
v -0.4914080 0.0000000 -0.1253268
vn 0.0000000 1.0000000 0.0000000
v -0.7590294 0.0000000 -0.0527874
vn 0.0000000 1.0000000 0.0000000
v -0.7700785 0.0000000 -0.0257263
vn 0.0000000 1.0000000 0.0000000
v -0.4984811 0.0000000 -0.0207012
vn 0.0000000 1.0000000 0.0000000
v 0.7447310 0.0000000 0.1016665
vn 0.0000000 1.0000000 0.0000000
v 0.5009149 0.0000000 0.1055375
vn 0.0000000 1.0000000 0.0000000
v 0.7503004 0.0000000 0.1295399
vn 0.0000000 1.0000000 0.0000000
v 0.7706903 0.0000000 0.0163928
vn 0.0000000 1.0000000 0.0000000
v 0.7572809 0.0000000 0.0404384
vn 0.0000000 1.0000000 0.0000000
v -0.2622660 0.0000000 0.0309509
vn 0.0000000 1.0000000 0.0000000
v -0.5037972 0.0000000 0.0315277
vn 0.0000000 1.0000000 0.0000000
v -0.2541986 0.0000000 0.0527077
vn 0.0000000 1.0000000 0.0000000
v -0.4832622 0.0000000 0.0741365
vn 0.0000000 1.0000000 0.0000000
v -0.6698977 0.0000000 0.1399014
vn 0.0000000 1.0000000 0.0000000
v -0.8053715 0.0000000 0.1513627
vn 0.0000000 1.0000000 0.0000000
v -0.4547555 0.0000000 0.1455303
vn 0.0000000 1.0000000 0.0000000
v 0.7079228 0.0000000 0.2812456
vn 0.0000000 1.0000000 0.0000000
v 0.7340885 0.0000000 0.1992398
vn 0.0000000 1.0000000 0.0000000
v -0.4978479 0.0000000 0.1977515
vn 0.0000000 1.0000000 0.0000000
v 0.2132139 0.0000000 0.3267861
vn 0.0000000 1.0000000 0.0000000
v 0.4762713 0.0000000 0.3001453
vn 0.0000000 1.0000000 0.0000000
v -0.6689515 0.0000000 0.2220245
vn 0.0000000 1.0000000 0.0000000
v -0.8034750 0.0000000 0.2257563
vn 0.0000000 1.0000000 0.0000000
v -0.4858385 0.0000000 0.2435257
vn 0.0000000 1.0000000 0.0000000
v -0.6338085 0.0000000 0.3101806
vn 0.0000000 1.0000000 0.0000000
v -0.8004596 0.0000000 0.3207761
vn 0.0000000 1.0000000 0.0000000
v -0.4480057 0.0000000 0.3096920
vn 0.0000000 1.0000000 0.0000000
v 0.6584157 0.0000000 0.4291580
vn 0.0000000 1.0000000 0.0000000
v 0.4197095 0.0000000 0.4418802
vn 0.0000000 1.0000000 0.0000000
v 0.6509786 0.0000000 0.4626970
vn 0.0000000 1.0000000 0.0000000
v 0.6865375 0.0000000 0.3652700
vn 0.0000000 1.0000000 0.0000000
v 0.4600243 0.0000000 0.3548141
vn 0.0000000 1.0000000 0.0000000
v -0.2488552 0.0000000 0.3516147
vn 0.0000000 1.0000000 0.0000000
v -0.4787533 0.0000000 0.3685558
vn 0.0000000 1.0000000 0.0000000
v -0.2500211 0.0000000 0.3806071
vn 0.0000000 1.0000000 0.0000000
v -0.6353174 0.0000000 0.3838582
vn 0.0000000 1.0000000 0.0000000
v -0.4627677 0.0000000 0.4133949
vn 0.0000000 1.0000000 0.0000000
v -0.5914980 0.0000000 0.4534707
vn 0.0000000 1.0000000 0.0000000
v -0.7278835 0.0000000 0.4826402
vn 0.0000000 1.0000000 0.0000000
v -0.4096451 0.0000000 0.4791420
vn 0.0000000 1.0000000 0.0000000
v -0.2531584 0.0000000 0.5578622
vn 0.0000000 1.0000000 0.0000000
v -0.4560248 0.0000000 0.5442804
vn 0.0000000 1.0000000 0.0000000
v 0.4815567 0.0000000 0.7208884
vn 0.0000000 1.0000000 0.0000000
v 0.4989549 0.0000000 0.7019784
vn 0.0000000 1.0000000 0.0000000
v 0.4006621 0.0000000 0.5455487
vn 0.0000000 1.0000000 0.0000000
v -0.5097416 0.0000000 -0.6344011
vn 0.0000000 1.0000000 0.0000000
v -0.4132491 0.0000000 -0.6032048
vn 0.0000000 1.0000000 0.0000000
v -0.7607508 0.0000000 -0.6071955
vn 0.0000000 1.0000000 0.0000000
v 0.5301763 0.0000000 0.6699087
vn 0.0000000 1.0000000 0.0000000
v 0.6670032 0.0000000 0.6468972
vn 0.0000000 1.0000000 0.0000000
v 0.5203497 0.0000000 0.6464661
vn 0.0000000 1.0000000 0.0000000
v 0.7571747 0.0000000 0.6119482
vn 0.0000000 1.0000000 0.0000000
v 0.1165263 0.0000000 0.7138328
vn 0.0000000 1.0000000 0.0000000
v 0.3297658 0.0000000 0.7417387
vn 0.0000000 1.0000000 0.0000000
v -0.6501365 0.0000000 0.5531062
vn 0.0000000 1.0000000 0.0000000
v -0.7299829 0.0000000 0.5606738
vn 0.0000000 1.0000000 0.0000000
v -0.5330279 0.0000000 0.6877661
vn 0.0000000 1.0000000 0.0000000
v -0.4079930 0.0000000 0.7183322
vn 0.0000000 1.0000000 0.0000000
v 0.3883406 0.0000000 0.8294775
vn 0.0000000 1.0000000 0.0000000
v 0.3867590 0.0000000 0.8543562
vn 0.0000000 1.0000000 0.0000000
v 0.4655902 0.0000000 0.7760528
vn 0.0000000 1.0000000 0.0000000
v 0.2941357 0.0000000 0.7750376
vn 0.0000000 1.0000000 0.0000000
v -0.1986831 0.0000000 0.7848060
vn 0.0000000 1.0000000 0.0000000
v 0.1016554 0.0000000 0.8398476
vn 0.0000000 1.0000000 0.0000000
v 0.1517963 0.0000000 0.8577923
vn 0.0000000 1.0000000 0.0000000
v -0.4269934 0.0000000 0.7962019
vn 0.0000000 1.0000000 0.0000000
v -0.5068743 0.0000000 0.8093147
vn 0.0000000 1.0000000 0.0000000
v -0.3365647 0.0000000 0.8067403
vn 0.0000000 1.0000000 0.0000000
v -0.3502446 0.0000000 0.8263892
vn 0.0000000 1.0000000 0.0000000
v -0.2222829 0.0000000 0.8515427
vn 0.0000000 1.0000000 0.0000000
v 0.2789162 0.0000000 0.9067571
vn 0.0000000 1.0000000 0.0000000
v 0.2492345 0.0000000 0.9104483
vn 0.0000000 1.0000000 0.0000000
v 0.3350082 0.0000000 0.8874438
vn 0.0000000 1.0000000 0.0000000
v -0.1692849 0.0000000 0.8974669
vn 0.0000000 1.0000000 0.0000000
v -0.4407575 0.0000000 0.8936505
vn 0.0000000 1.0000000 0.0000000
v -0.0232683 0.0000000 0.9529086
vn 0.0000000 1.0000000 0.0000000
v -0.1419602 0.0000000 0.9615995
vn 0.0000000 1.0000000 0.0000000
v 0.0870221 0.0000000 0.9706723
vn 0.0000000 1.0000000 0.0000000
v 0.0407857 0.0000000 0.9445900
vn 0.0000000 1.0000000 0.0000000
v 0.0573928 0.0000000 0.9717085
vn 0.0000000 1.0000000 0.0000000
v -0.6295296 0.0000000 0.6086138
vn 0.0000000 1.0000000 0.0000000
v -0.7105712 0.0000000 0.6211190
vn 0.0000000 1.0000000 0.0000000
v -0.5739399 0.0000000 0.6231954
vn 0.0000000 1.0000000 0.0000000
v -0.5124269 0.0000000 0.7387719
vn 0.0000000 1.0000000 0.0000000
v -0.3793193 0.0000000 0.7417185
vn 0.0000000 1.0000000 0.0000000
v 0.0217060 0.0000000 -0.9981010
vn 0.0000000 1.0000000 0.0000000
v 0.0763347 0.0000000 -0.9204814
vn 0.0000000 1.0000000 0.0000000
v 0.0566202 0.0000000 -0.9415268
vn 0.0000000 1.0000000 0.0000000
v 0.1348729 0.0000000 -0.9355047
vn 0.0000000 1.0000000 0.0000000
v 0.1045014 0.0000000 -0.9259698
vn 0.0000000 1.0000000 0.0000000
v 0.3716413 0.0000000 -0.9258802
vn 0.0000000 1.0000000 0.0000000
v -0.2350273 0.0000000 -0.9320798
vn 0.0000000 1.0000000 0.0000000
v 0.4894912 0.0000000 -0.8363466
vn 0.0000000 1.0000000 0.0000000
v 0.4407385 0.0000000 -0.8074173
vn 0.0000000 1.0000000 0.0000000
v 0.1377507 0.0000000 -0.8571405
vn 0.0000000 1.0000000 0.0000000
v 0.0792367 0.0000000 -0.8400159
vn 0.0000000 1.0000000 0.0000000
v 0.1518540 0.0000000 -0.8159226
vn 0.0000000 1.0000000 0.0000000
v -0.0924852 0.0000000 -0.8232418
vn 0.0000000 1.0000000 0.0000000
v -0.4107851 0.0000000 -0.8163205
vn 0.0000000 1.0000000 0.0000000
v -0.1301291 0.0000000 -0.7780590
vn 0.0000000 1.0000000 0.0000000
v 0.0353708 0.0000000 -0.7410814
vn 0.0000000 1.0000000 0.0000000
v 0.3043363 0.0000000 -0.6423418
vn 0.0000000 1.0000000 0.0000000
v 0.4105828 0.0000000 -0.6462943
vn 0.0000000 1.0000000 0.0000000
v 0.5655272 0.0000000 -0.6284717
vn 0.0000000 1.0000000 0.0000000
v 0.5242545 0.0000000 -0.6625018
vn 0.0000000 1.0000000 0.0000000
v -0.0531374 0.0000000 0.9570333
vn 0.0000000 1.0000000 0.0000000
v -0.0624691 0.0000000 0.9797673
vn 0.0000000 1.0000000 0.0000000
v -0.0942560 0.0000000 0.9205723
vn 0.0000000 1.0000000 0.0000000
v -0.0971940 0.0000000 0.9437783
vn 0.0000000 1.0000000 0.0000000
v -0.1518713 0.0000000 0.9393252
vn 0.0000000 1.0000000 0.0000000
v 0.7813320 0.0000000 -0.5697622
vn 0.0000000 1.0000000 0.0000000
v 0.0791249 0.0000000 -0.6414720
vn 0.0000000 1.0000000 0.0000000
v -0.2736034 0.0000000 -0.7299795
vn 0.0000000 1.0000000 0.0000000
v -0.3453694 0.0000000 -0.7096032
vn 0.0000000 1.0000000 0.0000000
v -0.1954825 0.0000000 -0.5825427
vn 0.0000000 1.0000000 0.0000000
v 0.0023268 0.0000000 -0.5552669
vn 0.0000000 1.0000000 0.0000000
v 0.6061435 0.0000000 -0.4266265
vn 0.0000000 1.0000000 0.0000000
v 0.1572867 0.0000000 -0.5011587
vn 0.0000000 1.0000000 0.0000000
v 0.1469408 0.0000000 -0.4203469
vn 0.0000000 1.0000000 0.0000000
v -0.1968507 0.0000000 -0.4213617
vn 0.0000000 1.0000000 0.0000000
v 0.0347960 0.0000000 -0.4039596
vn 0.0000000 1.0000000 0.0000000
v -0.6631875 0.0000000 -0.4139879
vn 0.0000000 1.0000000 0.0000000
v -0.6881810 0.0000000 -0.3988949
vn 0.0000000 1.0000000 0.0000000
v -0.2281257 0.0000000 -0.3631252
vn 0.0000000 1.0000000 0.0000000
v 0.0047576 0.0000000 -0.3593736
vn 0.0000000 1.0000000 0.0000000
v 0.8386328 0.0000000 -0.2960322
vn 0.0000000 1.0000000 0.0000000
v 0.7115474 0.0000000 -0.2644082
vn 0.0000000 1.0000000 0.0000000
v 0.2589496 0.0000000 -0.3337725
vn 0.0000000 1.0000000 0.0000000
v -0.0556918 0.0000000 -0.2739999
vn 0.0000000 1.0000000 0.0000000
v 0.1548436 0.0000000 -0.2630595
vn 0.0000000 1.0000000 0.0000000
v 0.0246132 0.0000000 -0.2385705
vn 0.0000000 1.0000000 0.0000000
v -0.7194945 0.0000000 -0.2498438
vn 0.0000000 1.0000000 0.0000000
v -0.2436921 0.0000000 -0.1948914
vn 0.0000000 1.0000000 0.0000000
v 0.8212710 0.0000000 -0.0950389
vn 0.0000000 1.0000000 0.0000000
v 0.7977825 0.0000000 -0.0744574
vn 0.0000000 1.0000000 0.0000000
v 0.1420217 0.0000000 -0.0771779
vn 0.0000000 1.0000000 0.0000000
v -0.2281652 0.0000000 -0.0856820
vn 0.0000000 1.0000000 0.0000000
v 0.0024416 0.0000000 -0.0669427
vn 0.0000000 1.0000000 0.0000000
v -0.2556540 0.0000000 -0.0164071
vn 0.0000000 1.0000000 0.0000000
v 0.7416759 0.0000000 0.0695696
vn 0.0000000 1.0000000 0.0000000
v 0.2495060 0.0000000 0.0419902
vn 0.0000000 1.0000000 0.0000000
v 0.0040229 0.0000000 0.0172851
vn 0.0000000 1.0000000 0.0000000
v -0.0034888 0.0000000 0.0701136
vn 0.0000000 1.0000000 0.0000000
v 0.2483259 0.0000000 0.0893769
vn 0.0000000 1.0000000 0.0000000
v 0.0078801 0.0000000 0.0979108
vn 0.0000000 1.0000000 0.0000000
v -0.7341746 0.0000000 0.0743865
vn 0.0000000 1.0000000 0.0000000
v -0.9027780 0.0000000 0.1048204
vn 0.0000000 1.0000000 0.0000000
v 0.0713591 0.0000000 0.1457683
vn 0.0000000 1.0000000 0.0000000
v 0.7132837 0.0000000 0.2263000
vn 0.0000000 1.0000000 0.0000000
v 0.7245123 0.0000000 0.2561121
vn 0.0000000 1.0000000 0.0000000
v 0.2382145 0.0000000 0.1902379
vn 0.0000000 1.0000000 0.0000000
v -0.0050558 0.0000000 0.2015852
vn 0.0000000 1.0000000 0.0000000
v -0.0030811 0.0000000 0.2327182
vn 0.0000000 1.0000000 0.0000000
v -0.0492151 0.0000000 0.2685210
vn 0.0000000 1.0000000 0.0000000
v -0.7152787 0.0000000 0.2542838
vn 0.0000000 1.0000000 0.0000000
v -0.8295060 0.0000000 0.2793159
vn 0.0000000 1.0000000 0.0000000
v 0.0561373 0.0000000 0.3130386
vn 0.0000000 1.0000000 0.0000000
v 0.6753594 0.0000000 0.3963465
vn 0.0000000 1.0000000 0.0000000
v 0.2322204 0.0000000 0.3526925
vn 0.0000000 1.0000000 0.0000000
v -0.0119206 0.0000000 0.3556988
vn 0.0000000 1.0000000 0.0000000
v -0.0303850 0.0000000 0.4080677
vn 0.0000000 1.0000000 0.0000000
v 0.2146611 0.0000000 0.4286498
vn 0.0000000 1.0000000 0.0000000
v -0.1561122 0.0000000 0.4263491
vn 0.0000000 1.0000000 0.0000000
v -0.6731344 0.0000000 0.4274779
vn 0.0000000 1.0000000 0.0000000
v -0.2161775 0.0000000 0.4834928
vn 0.0000000 1.0000000 0.0000000
v 0.0538246 0.0000000 0.4767963
vn 0.0000000 1.0000000 0.0000000
v 0.1912876 0.0000000 0.5355359
vn 0.0000000 1.0000000 0.0000000
v -0.7121195 0.0000000 -0.6967125
vn 0.0000000 1.0000000 0.0000000
v -0.7016593 0.0000000 -0.6705052
vn 0.0000000 1.0000000 0.0000000
v -0.7506370 0.0000000 -0.6581950
vn 0.0000000 1.0000000 0.0000000
v 0.7198230 0.0000000 0.6890090
vn 0.0000000 1.0000000 0.0000000
v 0.7429335 0.0000000 0.6658985
vn 0.0000000 1.0000000 0.0000000
v 0.6944596 0.0000000 0.6367675
vn 0.0000000 1.0000000 0.0000000
v -0.2634484 0.0000000 0.6431597
vn 0.0000000 1.0000000 0.0000000
v -0.0869554 0.0000000 0.6616651
vn 0.0000000 1.0000000 0.0000000
v -0.5224891 0.0000000 0.6425523
vn 0.0000000 1.0000000 0.0000000
v -0.5133235 0.0000000 0.6680729
vn 0.0000000 1.0000000 0.0000000
v 0.4132543 0.0000000 0.8129718
vn 0.0000000 1.0000000 0.0000000
v 0.1236466 0.0000000 0.7866030
vn 0.0000000 1.0000000 0.0000000
v -0.1485878 0.0000000 0.8127821
vn 0.0000000 1.0000000 0.0000000
v -0.0602337 0.0000000 0.8361189
vn 0.0000000 1.0000000 0.0000000
v -0.4446323 0.0000000 0.8190216
vn 0.0000000 1.0000000 0.0000000
v -0.4762594 0.0000000 0.8147320
vn 0.0000000 1.0000000 0.0000000
v 0.2144312 0.0000000 0.9123935
vn 0.0000000 1.0000000 0.0000000
v 0.0420092 0.0000000 0.9143088
vn 0.0000000 1.0000000 0.0000000
v -0.0369887 0.0000000 0.9040908
vn 0.0000000 1.0000000 0.0000000
v -0.3617675 0.0000000 0.9304845
vn 0.0000000 1.0000000 0.0000000
v -0.2111533 0.0000000 0.9284387
vn 0.0000000 1.0000000 0.0000000
v -0.2864034 0.0000000 0.9077218
vn 0.0000000 1.0000000 0.0000000
v -0.2771048 0.0000000 0.9338503
vn 0.0000000 1.0000000 0.0000000
v -0.2039427 0.0000000 0.9516379
vn 0.0000000 1.0000000 0.0000000
v -0.7671861 0.0000000 0.6028752
vn 0.0000000 1.0000000 0.0000000
v -0.7144430 0.0000000 0.6493387
vn 0.0000000 1.0000000 0.0000000
v -0.0108530 0.0000000 -0.9990505
vn 0.0000000 1.0000000 0.0000000
v -0.1085300 0.0000000 -0.9905050
vn 0.0000000 1.0000000 0.0000000
v -0.1410890 0.0000000 -0.9876565
vn 0.0000000 1.0000000 0.0000000
v 0.2824652 0.0000000 -0.9132341
vn 0.0000000 1.0000000 0.0000000
v 0.4263612 0.0000000 -0.8725139
vn 0.0000000 1.0000000 0.0000000
v -0.0307663 0.0000000 -0.9203399
vn 0.0000000 1.0000000 0.0000000
v -0.2683573 0.0000000 -0.9594308
vn 0.0000000 1.0000000 0.0000000
v 0.3857964 0.0000000 -0.8659796
vn 0.0000000 1.0000000 0.0000000
v 0.1831274 0.0000000 -0.9071861
vn 0.0000000 1.0000000 0.0000000
v -0.2367875 0.0000000 -0.9678899
vn 0.0000000 1.0000000 0.0000000
v 0.3209735 0.0000000 -0.9453323
vn 0.0000000 1.0000000 0.0000000
v 0.2367875 0.0000000 -0.9678898
vn 0.0000000 1.0000000 0.0000000
v 0.2052177 0.0000000 -0.9763489
vn 0.0000000 1.0000000 0.0000000
v 0.1171938 0.0000000 -0.8772627
vn 0.0000000 1.0000000 0.0000000
v -0.1121877 0.0000000 -0.8865083
vn 0.0000000 1.0000000 0.0000000
v -0.3617675 0.0000000 -0.9304845
vn 0.0000000 1.0000000 0.0000000
v -0.2838385 0.0000000 -0.9065266
vn 0.0000000 1.0000000 0.0000000
v -0.3913888 0.0000000 -0.9166717
vn 0.0000000 1.0000000 0.0000000
v -0.1092876 0.0000000 -0.8541054
vn 0.0000000 1.0000000 0.0000000
v -0.4407575 0.0000000 -0.8936505
vn 0.0000000 1.0000000 0.0000000
v -0.3097155 0.0000000 -0.8624740
vn 0.0000000 1.0000000 0.0000000
v 0.6249394 0.0000000 -0.7785417
vn 0.0000000 1.0000000 0.0000000
v 0.5739838 0.0000000 -0.7637473
vn 0.0000000 1.0000000 0.0000000
v 0.5981667 0.0000000 -0.7972881
vn 0.0000000 1.0000000 0.0000000
v 0.2551758 0.0000000 -0.8011587
vn 0.0000000 1.0000000 0.0000000
v 0.5178485 0.0000000 -0.8535274
vn 0.0000000 1.0000000 0.0000000
v 0.4749694 0.0000000 -0.7578505
vn 0.0000000 1.0000000 0.0000000
v 0.1524630 0.0000000 -0.7530922
vn 0.0000000 1.0000000 0.0000000
v -0.5178485 0.0000000 -0.8535274
vn 0.0000000 1.0000000 0.0000000
v -0.5446212 0.0000000 -0.8347809
vn 0.0000000 1.0000000 0.0000000
v -0.4586933 0.0000000 -0.7726969
vn 0.0000000 1.0000000 0.0000000
v -0.6249394 0.0000000 -0.7785417
vn 0.0000000 1.0000000 0.0000000
v 0.3502105 0.0000000 -0.6040663
vn 0.0000000 1.0000000 0.0000000
v 0.8535274 0.0000000 -0.5178485
vn 0.0000000 1.0000000 0.0000000
v 0.8347809 0.0000000 -0.5446212
vn 0.0000000 1.0000000 0.0000000
v 0.6720886 0.0000000 -0.5685748
vn 0.0000000 1.0000000 0.0000000
v 0.2222023 0.0000000 -0.7265006
vn 0.0000000 1.0000000 0.0000000
v 0.6131362 0.0000000 -0.7249618
vn 0.0000000 1.0000000 0.0000000
v 0.1946945 0.0000000 0.9791687
vn 0.0000000 1.0000000 0.0000000
v 0.2262643 0.0000000 0.9707096
vn 0.0000000 1.0000000 0.0000000
v 0.3209735 0.0000000 0.9453323
vn 0.0000000 1.0000000 0.0000000
v -0.2003788 0.0000000 0.9044311
vn 0.0000000 1.0000000 0.0000000
v 0.4663824 0.0000000 -0.6290538
vn 0.0000000 1.0000000 0.0000000
v 0.7583405 0.0000000 -0.6504915
vn 0.0000000 1.0000000 0.0000000
v 0.7198230 0.0000000 -0.6890090
vn 0.0000000 1.0000000 0.0000000
v 0.6581950 0.0000000 -0.7506370
vn 0.0000000 1.0000000 0.0000000
v 0.7250631 0.0000000 -0.5114274
vn 0.0000000 1.0000000 0.0000000
v 0.2323190 0.0000000 -0.5487542
vn 0.0000000 1.0000000 0.0000000
v 0.2446716 0.0000000 -0.5225570
vn 0.0000000 1.0000000 0.0000000
v -0.3681759 0.0000000 -0.6155928
vn 0.0000000 1.0000000 0.0000000
v -0.5356019 0.0000000 -0.6795621
vn 0.0000000 1.0000000 0.0000000
v -0.6799003 0.0000000 -0.6927397
vn 0.0000000 1.0000000 0.0000000
v -0.6890090 0.0000000 -0.7198230
vn 0.0000000 1.0000000 0.0000000
v -0.2470887 0.0000000 -0.5519892
vn 0.0000000 1.0000000 0.0000000
v -0.2700932 0.0000000 -0.5348951
vn 0.0000000 1.0000000 0.0000000
v -0.7777791 0.0000000 -0.5853362
vn 0.0000000 1.0000000 0.0000000
v -0.6500897 0.0000000 -0.5633236
vn 0.0000000 1.0000000 0.0000000
v 0.9304845 0.0000000 -0.3617675
vn 0.0000000 1.0000000 0.0000000
v 0.7754132 0.0000000 -0.3614695
vn 0.0000000 1.0000000 0.0000000
v 0.9120675 0.0000000 -0.4012625
vn 0.0000000 1.0000000 0.0000000
v 0.2553479 0.0000000 -0.4007550
vn 0.0000000 1.0000000 0.0000000
v 0.8936505 0.0000000 -0.4407575
vn 0.0000000 1.0000000 0.0000000
v 0.8798378 0.0000000 -0.4703787
vn 0.0000000 1.0000000 0.0000000
v -0.6660115 0.0000000 -0.5059256
vn 0.0000000 1.0000000 0.0000000
v -0.6374348 0.0000000 -0.4883561
vn 0.0000000 1.0000000 0.0000000
v -0.8752335 0.0000000 -0.4802525
vn 0.0000000 1.0000000 0.0000000
v -0.8936505 0.0000000 -0.4407575
vn 0.0000000 1.0000000 0.0000000
v -0.2415246 0.0000000 -0.3388202
vn 0.0000000 1.0000000 0.0000000
v -0.9074632 0.0000000 -0.4111363
vn 0.0000000 1.0000000 0.0000000
v -0.9304845 0.0000000 -0.3617675
vn 0.0000000 1.0000000 0.0000000
v 0.9819883 0.0000000 -0.1841713
vn 0.0000000 1.0000000 0.0000000
v 0.8012882 0.0000000 -0.1964310
vn 0.0000000 1.0000000 0.0000000
v 0.9566111 0.0000000 -0.2788805
vn 0.0000000 1.0000000 0.0000000
v -0.2158035 0.0000000 -0.2712606
vn 0.0000000 1.0000000 0.0000000
v 0.7239707 0.0000000 -0.1669979
vn 0.0000000 1.0000000 0.0000000
v -0.9566111 0.0000000 -0.2788805
vn 0.0000000 1.0000000 0.0000000
v -0.2548411 0.0000000 -0.1696245
vn 0.0000000 1.0000000 0.0000000
v -0.9650702 0.0000000 -0.2473108
vn 0.0000000 1.0000000 0.0000000
v 0.9981010 0.0000000 -0.0217060
vn 0.0000000 1.0000000 0.0000000
v 0.8019171 0.0000000 -0.0130368
vn 0.0000000 1.0000000 0.0000000
v 0.9943030 0.0000000 -0.0651180
vn 0.0000000 1.0000000 0.0000000
v 0.2553706 0.0000000 -0.0567690
vn 0.0000000 1.0000000 0.0000000
v 0.9914545 0.0000000 -0.0976770
vn 0.0000000 1.0000000 0.0000000
v 0.9867070 0.0000000 -0.1519420
vn 0.0000000 1.0000000 0.0000000
v -0.2342946 0.0000000 -0.1140681
vn 0.0000000 1.0000000 0.0000000
v -0.6868706 0.0000000 -0.1592585
vn 0.0000000 1.0000000 0.0000000
v 0.7591965 0.0000000 -0.0071580
vn 0.0000000 1.0000000 0.0000000
v -0.9867070 0.0000000 -0.1519420
vn 0.0000000 1.0000000 0.0000000
v -0.9943030 0.0000000 -0.0651180
vn 0.0000000 1.0000000 0.0000000
v -0.9971515 0.0000000 -0.0325590
vn 0.0000000 1.0000000 0.0000000
v -0.7306944 0.0000000 0.0052357
vn 0.0000000 1.0000000 0.0000000
v 0.9867070 0.0000000 0.1519420
vn 0.0000000 1.0000000 0.0000000
v 0.7313096 0.0000000 0.1499869
vn 0.0000000 1.0000000 0.0000000
v 0.9895555 0.0000000 0.1193830
vn 0.0000000 1.0000000 0.0000000
v 0.2319384 0.0000000 0.1112757
vn 0.0000000 1.0000000 0.0000000
v 0.9943030 0.0000000 0.0651180
vn 0.0000000 1.0000000 0.0000000
v -0.2606439 0.0000000 0.0766447
vn 0.0000000 1.0000000 0.0000000
v -0.8387130 0.0000000 0.0203999
vn 0.0000000 1.0000000 0.0000000
v 0.7814609 0.0000000 0.1636649
vn 0.0000000 1.0000000 0.0000000
v -0.9943030 0.0000000 0.0651180
vn 0.0000000 1.0000000 0.0000000
v -0.2411452 0.0000000 0.1666000
vn 0.0000000 1.0000000 0.0000000
v -0.9914545 0.0000000 0.0976770
vn 0.0000000 1.0000000 0.0000000
v -0.7345134 0.0000000 0.1828321
vn 0.0000000 1.0000000 0.0000000
v 0.9425126 0.0000000 0.3314968
vn 0.0000000 1.0000000 0.0000000
v 0.9566111 0.0000000 0.2788805
vn 0.0000000 1.0000000 0.0000000
v 0.2102361 0.0000000 0.2763954
vn 0.0000000 1.0000000 0.0000000
v 0.9650702 0.0000000 0.2473108
vn 0.0000000 1.0000000 0.0000000
v -0.2698045 0.0000000 0.2510054
vn 0.0000000 1.0000000 0.0000000
v -0.8500736 0.0000000 0.1774234
vn 0.0000000 1.0000000 0.0000000
v -0.9791687 0.0000000 0.1946945
vn 0.0000000 1.0000000 0.0000000
v -0.9707096 0.0000000 0.2262643
vn 0.0000000 1.0000000 0.0000000
v -0.9566111 0.0000000 0.2788805
vn 0.0000000 1.0000000 0.0000000
v -0.9481521 0.0000000 0.3104503
vn 0.0000000 1.0000000 0.0000000
v -0.6858282 0.0000000 0.3241615
vn 0.0000000 1.0000000 0.0000000
v 0.8936505 0.0000000 0.4407575
vn 0.0000000 1.0000000 0.0000000
v 0.1895022 0.0000000 0.4306467
vn 0.0000000 1.0000000 0.0000000
v 0.9074632 0.0000000 0.4111363
vn 0.0000000 1.0000000 0.0000000
v 0.9304845 0.0000000 0.3617675
vn 0.0000000 1.0000000 0.0000000
v -0.2527168 0.0000000 0.4111707
vn 0.0000000 1.0000000 0.0000000
v -0.7936929 0.0000000 0.3503089
vn 0.0000000 1.0000000 0.0000000
v -0.9304845 0.0000000 0.3617675
vn 0.0000000 1.0000000 0.0000000
v -0.9166717 0.0000000 0.3913888
vn 0.0000000 1.0000000 0.0000000
v -0.2057552 0.0000000 0.5101424
vn 0.0000000 1.0000000 0.0000000
v -0.8752335 0.0000000 0.4802525
vn 0.0000000 1.0000000 0.0000000
v -0.6470234 0.0000000 0.4941549
vn 0.0000000 1.0000000 0.0000000
v -0.7386581 0.0000000 0.5372705
vn 0.0000000 1.0000000 0.0000000
v -0.2942319 0.0000000 0.5914853
vn 0.0000000 1.0000000 0.0000000
v 0.3138462 0.0000000 0.6654159
vn 0.0000000 1.0000000 0.0000000
v 0.6504915 0.0000000 0.7583405
vn 0.0000000 1.0000000 0.0000000
v 0.6872132 0.0000000 0.6908647
vn 0.0000000 1.0000000 0.0000000
v 0.2466615 0.0000000 0.5121363
vn 0.0000000 1.0000000 0.0000000
v 0.6739031 0.0000000 0.6170598
vn 0.0000000 1.0000000 0.0000000
v 0.7771388 0.0000000 0.5881655
vn 0.0000000 1.0000000 0.0000000
v 0.6438186 0.0000000 0.5523298
vn 0.0000000 1.0000000 0.0000000
v -0.7722929 0.0000000 -0.6338637
vn 0.0000000 1.0000000 0.0000000
v -0.8035369 0.0000000 -0.5892425
vn 0.0000000 1.0000000 0.0000000
v -0.8222833 0.0000000 -0.5624697
vn 0.0000000 1.0000000 0.0000000
v 0.1100603 0.0000000 0.6594666
vn 0.0000000 1.0000000 0.0000000
v 0.8035369 0.0000000 0.5892425
vn 0.0000000 1.0000000 0.0000000
v 0.8285321 0.0000000 0.5535455
vn 0.0000000 1.0000000 0.0000000
v 0.8472785 0.0000000 0.5267727
vn 0.0000000 1.0000000 0.0000000
v 0.4886268 0.0000000 0.7487732
vn 0.0000000 1.0000000 0.0000000
v 0.1329015 0.0000000 0.7605231
vn 0.0000000 1.0000000 0.0000000
v -0.3207820 0.0000000 0.6120806
vn 0.0000000 1.0000000 0.0000000
v -0.8597761 0.0000000 0.5089242
vn 0.0000000 1.0000000 0.0000000
v -0.8285321 0.0000000 0.5535455
vn 0.0000000 1.0000000 0.0000000
v -0.6697001 0.0000000 0.5747994
vn 0.0000000 1.0000000 0.0000000
v -0.3481873 0.0000000 0.7339136
vn 0.0000000 1.0000000 0.0000000
v -0.6890090 0.0000000 0.7198230
vn 0.0000000 1.0000000 0.0000000
v 0.5089242 0.0000000 0.8597761
vn 0.0000000 1.0000000 0.0000000
v 0.5535455 0.0000000 0.8285321
vn 0.0000000 1.0000000 0.0000000
v 0.6249394 0.0000000 0.7785417
vn 0.0000000 1.0000000 0.0000000
v -0.2510016 0.0000000 0.8136083
vn 0.0000000 1.0000000 0.0000000
v -0.1977797 0.0000000 0.7569097
vn 0.0000000 1.0000000 0.0000000
v 0.3666542 0.0000000 0.8749883
vn 0.0000000 1.0000000 0.0000000
v 0.0939286 0.0000000 0.8677737
vn 0.0000000 1.0000000 0.0000000
v -0.6338637 0.0000000 0.7722929
vn 0.0000000 1.0000000 0.0000000
v -0.1349597 0.0000000 0.8632574
vn 0.0000000 1.0000000 0.0000000
v -0.5535455 0.0000000 0.8285321
vn 0.0000000 1.0000000 0.0000000
v -0.5267727 0.0000000 0.8472785
vn 0.0000000 1.0000000 0.0000000
v -0.3632056 0.0000000 0.8525791
vn 0.0000000 1.0000000 0.0000000
v 0.3518938 0.0000000 0.9350887
vn 0.0000000 1.0000000 0.0000000
v 0.3065142 0.0000000 0.8986889
vn 0.0000000 1.0000000 0.0000000
v 0.4407575 0.0000000 0.8936505
vn 0.0000000 1.0000000 0.0000000
v 0.4802525 0.0000000 0.8752335
vn 0.0000000 1.0000000 0.0000000
v -0.1406782 0.0000000 0.8867739
vn 0.0000000 1.0000000 0.0000000
v -0.3314968 0.0000000 0.9425126
vn 0.0000000 1.0000000 0.0000000
v -0.2367875 0.0000000 0.9678898
vn 0.0000000 1.0000000 0.0000000
v -0.1946945 0.0000000 0.9791687
vn 0.0000000 1.0000000 0.0000000
v 0.0280367 0.0000000 0.9726098
vn 0.0000000 1.0000000 0.0000000
v -0.1627950 0.0000000 0.9857575
vn 0.0000000 1.0000000 0.0000000
v 0.0217060 0.0000000 0.9981010
vn 0.0000000 1.0000000 0.0000000
v 0.1085300 0.0000000 0.9905050
vn 0.0000000 1.0000000 0.0000000
v 0.1410890 0.0000000 0.9876565
vn 0.0000000 1.0000000 0.0000000
v -0.4465044 0.0000000 0.6358549
vn 0.0000000 1.0000000 0.0000000
v -0.7583405 0.0000000 0.6504915
vn 0.0000000 1.0000000 0.0000000
v -0.6581950 0.0000000 0.7506370
vn 0.0000000 1.0000000 0.0000000
v -0.0158431 0.0000000 -0.8950916
vn 0.0000000 1.0000000 0.0000000
v 0.2155665 0.0000000 -0.6451783
vn 0.0000000 1.0000000 0.0000000
v 0.1632901 0.0000000 -0.6441166
vn 0.0000000 1.0000000 0.0000000
v -0.1727160 0.0000000 -0.6503229
vn 0.0000000 1.0000000 0.0000000
v -0.1184201 0.0000000 -0.6209946
vn 0.0000000 1.0000000 0.0000000
v -0.1488381 0.0000000 -0.6647947
vn 0.0000000 1.0000000 0.0000000
v -0.3518170 0.0000000 -0.2372563
vn 0.0000000 1.0000000 0.0000000
v -0.3118114 0.0000000 -0.0678808
vn 0.0000000 1.0000000 0.0000000
v 0.3224864 0.0000000 0.0615901
vn 0.0000000 1.0000000 0.0000000
v 0.3545147 0.0000000 0.2365060
vn 0.0000000 1.0000000 0.0000000
v 0.3283042 0.0000000 0.3949062
vn 0.0000000 1.0000000 0.0000000
v 0.2405256 0.0000000 0.5936961
vn 0.0000000 1.0000000 0.0000000
v 0.2156236 0.0000000 0.5953764
vn 0.0000000 1.0000000 0.0000000
v -0.3123886 0.0000000 0.6720829
vn 0.0000000 1.0000000 0.0000000
v 0.0429270 0.0000000 0.8882146
vn 0.0000000 1.0000000 0.0000000
v -0.1584438 0.0000000 -0.9342794
vn 0.0000000 1.0000000 0.0000000
v 0.2395168 0.0000000 -0.8967938
vn 0.0000000 1.0000000 0.0000000
v -0.2844996 0.0000000 -0.8784386
vn 0.0000000 1.0000000 0.0000000
v -0.1704774 0.0000000 -0.8437639
vn 0.0000000 1.0000000 0.0000000
v -0.3060618 0.0000000 -0.8325866
vn 0.0000000 1.0000000 0.0000000
v -0.3770373 0.0000000 -0.7772744
vn 0.0000000 1.0000000 0.0000000
v -0.0114561 0.0000000 -0.7222236
vn 0.0000000 1.0000000 0.0000000
v 0.4747027 0.0000000 -0.6798222
vn 0.0000000 1.0000000 0.0000000
v 0.3484342 0.0000000 -0.5749157
vn 0.0000000 1.0000000 0.0000000
v 0.3472438 0.0000000 -0.5491992
vn 0.0000000 1.0000000 0.0000000
v -0.4118636 0.0000000 -0.6794714
vn 0.0000000 1.0000000 0.0000000
v -0.5056775 0.0000000 -0.5644962
vn 0.0000000 1.0000000 0.0000000
v 0.5219367 0.0000000 -0.4917950
vn 0.0000000 1.0000000 0.0000000
v 0.5430738 0.0000000 -0.4804254
vn 0.0000000 1.0000000 0.0000000
v 0.3626267 0.0000000 -0.3604488
vn 0.0000000 1.0000000 0.0000000
v -0.5394784 0.0000000 -0.4456822
vn 0.0000000 1.0000000 0.0000000
v 0.3751786 0.0000000 -0.1942319
vn 0.0000000 1.0000000 0.0000000
v 0.3353133 0.0000000 -0.0254516
vn 0.0000000 1.0000000 0.0000000
v -0.6598894 0.0000000 -0.1076630
vn 0.0000000 1.0000000 0.0000000
v 0.5519664 0.0000000 0.0915416
vn 0.0000000 1.0000000 0.0000000
v 0.6517262 0.0000000 0.0142729
vn 0.0000000 1.0000000 0.0000000
v -0.4081925 0.0000000 0.0321190
vn 0.0000000 1.0000000 0.0000000
v 0.6139374 0.0000000 0.1896887
vn 0.0000000 1.0000000 0.0000000
v -0.3668047 0.0000000 0.1963305
vn 0.0000000 1.0000000 0.0000000
v 0.5451899 0.0000000 0.4407389
vn 0.0000000 1.0000000 0.0000000
v 0.5717821 0.0000000 0.3591717
vn 0.0000000 1.0000000 0.0000000
v -0.3598384 0.0000000 0.3603721
vn 0.0000000 1.0000000 0.0000000
v 0.3073603 0.0000000 0.4789261
vn 0.0000000 1.0000000 0.0000000
v 0.4138592 0.0000000 0.7020555
vn 0.0000000 1.0000000 0.0000000
v 0.5429132 0.0000000 0.5710713
vn 0.0000000 1.0000000 0.0000000
v 0.5288970 0.0000000 0.5455731
vn 0.0000000 1.0000000 0.0000000
v -0.7554345 0.0000000 -0.5378314
vn 0.0000000 1.0000000 0.0000000
v 0.6086525 0.0000000 0.6643094
vn 0.0000000 1.0000000 0.0000000
v 0.5876707 0.0000000 0.6435850
vn 0.0000000 1.0000000 0.0000000
v 0.6936522 0.0000000 0.5315520
vn 0.0000000 1.0000000 0.0000000
v 0.1939472 0.0000000 0.7286485
vn 0.0000000 1.0000000 0.0000000
v 0.2139137 0.0000000 0.7171282
vn 0.0000000 1.0000000 0.0000000
v -0.5230904 0.0000000 0.7137884
vn 0.0000000 1.0000000 0.0000000
v 0.3839826 0.0000000 0.7717921
vn 0.0000000 1.0000000 0.0000000
v 0.0194240 0.0000000 0.8472036
vn 0.0000000 1.0000000 0.0000000
v 0.2327075 0.0000000 0.8828560
vn 0.0000000 1.0000000 0.0000000
v 0.2876750 0.0000000 0.8846021
vn 0.0000000 1.0000000 0.0000000
v -0.6906976 0.0000000 0.6433218
vn 0.0000000 1.0000000 0.0000000
v -0.0609985 0.0000000 -0.9688184
vn 0.0000000 1.0000000 0.0000000
v -0.0179042 0.0000000 -0.9473518
vn 0.0000000 1.0000000 0.0000000
v -0.2557497 0.0000000 -0.9423005
vn 0.0000000 1.0000000 0.0000000
v -0.1749546 0.0000000 -0.8115625
vn 0.0000000 1.0000000 0.0000000
v -0.0472196 0.0000000 -0.7705475
vn 0.0000000 1.0000000 0.0000000
v 0.3581440 0.0000000 -0.6357895
vn 0.0000000 1.0000000 0.0000000
v 0.4062981 0.0000000 -0.6739008
vn 0.0000000 1.0000000 0.0000000
v 0.4908687 0.0000000 -0.6520001
vn 0.0000000 1.0000000 0.0000000
v 0.4589259 0.0000000 -0.6565248
vn 0.0000000 1.0000000 0.0000000
v 0.4378927 0.0000000 -0.6370603
vn 0.0000000 1.0000000 0.0000000
v 0.1774767 0.0000000 -0.6993936
vn 0.0000000 1.0000000 0.0000000
v 0.1330055 0.0000000 -0.6326225
vn 0.0000000 1.0000000 0.0000000
v -0.2730303 0.0000000 -0.6997470
vn 0.0000000 1.0000000 0.0000000
v -0.1686075 0.0000000 -0.5950569
vn 0.0000000 1.0000000 0.0000000
v -0.1387474 0.0000000 -0.5509341
vn 0.0000000 1.0000000 0.0000000
v -0.1114538 0.0000000 -0.5652518
vn 0.0000000 1.0000000 0.0000000
v 0.0491285 0.0000000 -0.4896131
vn 0.0000000 1.0000000 0.0000000
v 0.1820963 0.0000000 -0.4836976
vn 0.0000000 1.0000000 0.0000000
v -0.0914832 0.0000000 -0.3950145
vn 0.0000000 1.0000000 0.0000000
v -0.0907882 0.0000000 -0.3657987
vn 0.0000000 1.0000000 0.0000000
v -0.5848929 0.0000000 -0.2299660
vn 0.0000000 1.0000000 0.0000000
v -0.1089945 0.0000000 -0.1979818
vn 0.0000000 1.0000000 0.0000000
v -0.1380990 0.0000000 -0.0675170
vn 0.0000000 1.0000000 0.0000000
v -0.6734367 0.0000000 -0.0788072
vn 0.0000000 1.0000000 0.0000000
v -0.1674854 0.0000000 -0.0270210
vn 0.0000000 1.0000000 0.0000000
v 0.1423061 0.0000000 0.0192218
vn 0.0000000 1.0000000 0.0000000
v 0.0716251 0.0000000 0.0538353
vn 0.0000000 1.0000000 0.0000000
v 0.1277913 0.0000000 0.1963574
vn 0.0000000 1.0000000 0.0000000
v 0.1034986 0.0000000 0.3517942
vn 0.0000000 1.0000000 0.0000000
v 0.0878672 0.0000000 0.3952988
vn 0.0000000 1.0000000 0.0000000
v 0.0794905 0.0000000 0.6122201
vn 0.0000000 1.0000000 0.0000000
v 0.0085048 0.0000000 0.6061671
vn 0.0000000 1.0000000 0.0000000
v 0.4784682 0.0000000 0.6164345
vn 0.0000000 1.0000000 0.0000000
v 0.3723567 0.0000000 0.6187220
vn 0.0000000 1.0000000 0.0000000
v 0.1644971 0.0000000 0.5489249
vn 0.0000000 1.0000000 0.0000000
v 0.0856471 0.0000000 0.5336725
vn 0.0000000 1.0000000 0.0000000
v 0.0731648 0.0000000 0.5618907
vn 0.0000000 1.0000000 0.0000000
v -0.1042596 0.0000000 0.6431594
vn 0.0000000 1.0000000 0.0000000
v 0.1720069 0.0000000 0.8045650
vn 0.0000000 1.0000000 0.0000000
v -0.1211853 0.0000000 0.8207155
vn 0.0000000 1.0000000 0.0000000
v 0.2685668 0.0000000 0.9335559
vn 0.0000000 1.0000000 0.0000000
v 0.1142907 0.0000000 0.8934280
vn 0.0000000 1.0000000 0.0000000
v 0.0221694 0.0000000 0.8992057
vn 0.0000000 1.0000000 0.0000000
v -0.2090407 0.0000000 -0.9452055
vn 0.0000000 1.0000000 0.0000000
v 0.0965045 0.0000000 -0.8988800
vn 0.0000000 1.0000000 0.0000000
v -0.1802932 0.0000000 -0.9545989
vn 0.0000000 1.0000000 0.0000000
v 0.1550484 0.0000000 -0.9086123
vn 0.0000000 1.0000000 0.0000000
v 0.1258556 0.0000000 -0.9048392
vn 0.0000000 1.0000000 0.0000000
v 0.1693816 0.0000000 -0.8885962
vn 0.0000000 1.0000000 0.0000000
v 0.1925485 0.0000000 -0.8825417
vn 0.0000000 1.0000000 0.0000000
v -0.3071231 0.0000000 -0.9229380
vn 0.0000000 1.0000000 0.0000000
v -0.3363187 0.0000000 -0.9106768
vn 0.0000000 1.0000000 0.0000000
v 0.5118940 0.0000000 -0.7818934
vn 0.0000000 1.0000000 0.0000000
v 0.2881690 0.0000000 -0.8066778
vn 0.0000000 1.0000000 0.0000000
v 0.2012059 0.0000000 -0.8568648
vn 0.0000000 1.0000000 0.0000000
v -0.1609721 0.0000000 -0.8753893
vn 0.0000000 1.0000000 0.0000000
v 0.2771577 0.0000000 -0.7798189
vn 0.0000000 1.0000000 0.0000000
v -0.1509152 0.0000000 -0.8266631
vn 0.0000000 1.0000000 0.0000000
v -0.4885824 0.0000000 -0.8124548
vn 0.0000000 1.0000000 0.0000000
v -0.2242006 0.0000000 -0.7641461
vn 0.0000000 1.0000000 0.0000000
v -0.1501602 0.0000000 -0.7579803
vn 0.0000000 1.0000000 0.0000000
v -0.3913099 0.0000000 -0.7003066
vn 0.0000000 1.0000000 0.0000000
v -0.4224136 0.0000000 -0.7387336
vn 0.0000000 1.0000000 0.0000000
v -0.4987005 0.0000000 -0.7336417
vn 0.0000000 1.0000000 0.0000000
v 0.0050068 0.0000000 -0.6375924
vn 0.0000000 1.0000000 0.0000000
v 0.0069251 0.0000000 -0.6647838
vn 0.0000000 1.0000000 0.0000000
v -0.0358742 0.0000000 -0.6723859
vn 0.0000000 1.0000000 0.0000000
v -0.2256041 0.0000000 -0.7046062
vn 0.0000000 1.0000000 0.0000000
v -0.1721192 0.0000000 -0.7354404
vn 0.0000000 1.0000000 0.0000000
v 0.4484059 0.0000000 -0.5816200
vn 0.0000000 1.0000000 0.0000000
v 0.4439006 0.0000000 -0.6094066
vn 0.0000000 1.0000000 0.0000000
v 0.2835258 0.0000000 -0.7310825
vn 0.0000000 1.0000000 0.0000000
v 0.4507151 0.0000000 -0.6792012
vn 0.0000000 1.0000000 0.0000000
v 0.6350754 0.0000000 -0.6993367
vn 0.0000000 1.0000000 0.0000000
v 0.6083137 0.0000000 -0.6980354
vn 0.0000000 1.0000000 0.0000000
v 0.0149960 0.0000000 0.9216630
vn 0.0000000 1.0000000 0.0000000
v 0.2372736 0.0000000 0.9396876
vn 0.0000000 1.0000000 0.0000000
v 0.0680109 0.0000000 0.9292505
vn 0.0000000 1.0000000 0.0000000
v -0.1464054 0.0000000 0.9150026
vn 0.0000000 1.0000000 0.0000000
v -0.3152305 0.0000000 0.8969951
vn 0.0000000 1.0000000 0.0000000
v 0.3889274 0.0000000 -0.6285611
vn 0.0000000 1.0000000 0.0000000
v 0.7256679 0.0000000 -0.5743973
vn 0.0000000 1.0000000 0.0000000
v 0.4916564 0.0000000 -0.6228088
vn 0.0000000 1.0000000 0.0000000
v 0.1095322 0.0000000 -0.7406337
vn 0.0000000 1.0000000 0.0000000
v 0.6620263 0.0000000 -0.5170079
vn 0.0000000 1.0000000 0.0000000
v 0.2086920 0.0000000 -0.5986798
vn 0.0000000 1.0000000 0.0000000
v 0.2741957 0.0000000 -0.5647045
vn 0.0000000 1.0000000 0.0000000
v 0.1554136 0.0000000 -0.5540555
vn 0.0000000 1.0000000 0.0000000
v 0.1117264 0.0000000 -0.5371531
vn 0.0000000 1.0000000 0.0000000
v -0.5822749 0.0000000 -0.7206678
vn 0.0000000 1.0000000 0.0000000
v -0.3253762 0.0000000 -0.5514339
vn 0.0000000 1.0000000 0.0000000
v -0.3537088 0.0000000 -0.5583563
vn 0.0000000 1.0000000 0.0000000
v -0.6470186 0.0000000 -0.6075948
vn 0.0000000 1.0000000 0.0000000
v -0.6926255 0.0000000 -0.5818201
vn 0.0000000 1.0000000 0.0000000
v -0.7207857 0.0000000 -0.5804830
vn 0.0000000 1.0000000 0.0000000
v 0.7766941 0.0000000 -0.4441933
vn 0.0000000 1.0000000 0.0000000
v 0.8282304 0.0000000 -0.4921690
vn 0.0000000 1.0000000 0.0000000
v -0.1097872 0.0000000 -0.5055156
vn 0.0000000 1.0000000 0.0000000
v -0.5470598 0.0000000 -0.4978355
vn 0.0000000 1.0000000 0.0000000
v 0.6007401 0.0000000 -0.3617912
vn 0.0000000 1.0000000 0.0000000
v -0.7612121 0.0000000 -0.4728499
vn 0.0000000 1.0000000 0.0000000
v -0.7949411 0.0000000 -0.4016593
vn 0.0000000 1.0000000 0.0000000
v -0.8158997 0.0000000 -0.3467545
vn 0.0000000 1.0000000 0.0000000
v 0.8705256 0.0000000 -0.3363660
vn 0.0000000 1.0000000 0.0000000
v 0.3531735 0.0000000 -0.3336809
vn 0.0000000 1.0000000 0.0000000
v -0.5949981 0.0000000 -0.3295240
vn 0.0000000 1.0000000 0.0000000
v 0.1436566 0.0000000 -0.2398544
vn 0.0000000 1.0000000 0.0000000
v 0.1260604 0.0000000 -0.1904586
vn 0.0000000 1.0000000 0.0000000
v -0.8364196 0.0000000 -0.3239741
vn 0.0000000 1.0000000 0.0000000
v -0.8329799 0.0000000 -0.2796440
vn 0.0000000 1.0000000 0.0000000
v -0.3670522 0.0000000 -0.1870862
vn 0.0000000 1.0000000 0.0000000
v -0.8461917 0.0000000 -0.2205975
vn 0.0000000 1.0000000 0.0000000
v -0.8610301 0.0000000 -0.1933603
vn 0.0000000 1.0000000 0.0000000
v 0.8797933 0.0000000 -0.1563099
vn 0.0000000 1.0000000 0.0000000
v -0.6221886 0.0000000 -0.1598426
vn 0.0000000 1.0000000 0.0000000
v 0.6315219 0.0000000 -0.0247182
vn 0.0000000 1.0000000 0.0000000
v 0.0817205 0.0000000 -0.0427813
vn 0.0000000 1.0000000 0.0000000
v -0.3676662 0.0000000 -0.1155222
vn 0.0000000 1.0000000 0.0000000
v -0.8977445 0.0000000 -0.1591187
vn 0.0000000 1.0000000 0.0000000
v -0.9374544 0.0000000 -0.1137202
vn 0.0000000 1.0000000 0.0000000
v -0.8938153 0.0000000 -0.0682781
vn 0.0000000 1.0000000 0.0000000
v -0.8790775 0.0000000 -0.0216486
vn 0.0000000 1.0000000 0.0000000
v 0.9077318 0.0000000 0.1598525
vn 0.0000000 1.0000000 0.0000000
v 0.9372362 0.0000000 0.1192158
vn 0.0000000 1.0000000 0.0000000
v 0.3717955 0.0000000 0.1029104
vn 0.0000000 1.0000000 0.0000000
v 0.9155665 0.0000000 0.0524818
vn 0.0000000 1.0000000 0.0000000
v 0.8811398 0.0000000 0.0239638
vn 0.0000000 1.0000000 0.0000000
v -0.1326667 0.0000000 0.0648550
vn 0.0000000 1.0000000 0.0000000
v -0.0676195 0.0000000 0.0352023
vn 0.0000000 1.0000000 0.0000000
v 0.1288004 0.0000000 0.1699090
vn 0.0000000 1.0000000 0.0000000
v -0.4035787 0.0000000 0.1711614
vn 0.0000000 1.0000000 0.0000000
v 0.8410314 0.0000000 0.2763970
vn 0.0000000 1.0000000 0.0000000
v -0.1373335 0.0000000 0.2398386
vn 0.0000000 1.0000000 0.0000000
v -0.1250710 0.0000000 0.1895333
vn 0.0000000 1.0000000 0.0000000
v 0.5767145 0.0000000 0.3302926
vn 0.0000000 1.0000000 0.0000000
v 0.1466827 0.0000000 0.3167010
vn 0.0000000 1.0000000 0.0000000
v -0.8665681 0.0000000 0.1992468
vn 0.0000000 1.0000000 0.0000000
v -0.3775972 0.0000000 0.3334772
vn 0.0000000 1.0000000 0.0000000
v 0.7759864 0.0000000 0.4433295
vn 0.0000000 1.0000000 0.0000000
v 0.3368495 0.0000000 0.3665145
vn 0.0000000 1.0000000 0.0000000
v -0.1465392 0.0000000 0.4035850
vn 0.0000000 1.0000000 0.0000000
v -0.1213880 0.0000000 0.3510846
vn 0.0000000 1.0000000 0.0000000
v 0.5257986 0.0000000 0.4935184
vn 0.0000000 1.0000000 0.0000000
v -0.3546862 0.0000000 0.4994566
vn 0.0000000 1.0000000 0.0000000
v -0.6568223 0.0000000 0.5229769
vn 0.0000000 1.0000000 0.0000000
v -0.1846115 0.0000000 0.5965235
vn 0.0000000 1.0000000 0.0000000
v -0.2623087 0.0000000 0.5845500
vn 0.0000000 1.0000000 0.0000000
v -0.1071280 0.0000000 0.5306878
vn 0.0000000 1.0000000 0.0000000
v -0.2210637 0.0000000 0.5279399
vn 0.0000000 1.0000000 0.0000000
v 0.2189375 0.0000000 0.5244877
vn 0.0000000 1.0000000 0.0000000
v 0.5965185 0.0000000 0.6192254
vn 0.0000000 1.0000000 0.0000000
v 0.6043649 0.0000000 0.5742061
vn 0.0000000 1.0000000 0.0000000
v 0.5256666 0.0000000 0.5953977
vn 0.0000000 1.0000000 0.0000000
v 0.6825587 0.0000000 0.5874168
vn 0.0000000 1.0000000 0.0000000
v 0.6198239 0.0000000 0.5515021
vn 0.0000000 1.0000000 0.0000000
v -0.2595459 0.0000000 -0.6106045
vn 0.0000000 1.0000000 0.0000000
v -0.2824460 0.0000000 -0.5912521
vn 0.0000000 1.0000000 0.0000000
v -0.2222437 0.0000000 -0.5683514
vn 0.0000000 1.0000000 0.0000000
v -0.6104527 0.0000000 -0.7143763
vn 0.0000000 1.0000000 0.0000000
v -0.6271185 0.0000000 -0.6300892
vn 0.0000000 1.0000000 0.0000000
v -0.1658263 0.0000000 -0.5375661
vn 0.0000000 1.0000000 0.0000000
v -0.2426453 0.0000000 -0.5236068
vn 0.0000000 1.0000000 0.0000000
v -0.1657638 0.0000000 -0.5081945
vn 0.0000000 1.0000000 0.0000000
v -0.7364776 0.0000000 -0.5582088
vn 0.0000000 1.0000000 0.0000000
v -0.0020030 0.0000000 0.6679206
vn 0.0000000 1.0000000 0.0000000
v 0.0941363 0.0000000 0.6350384
vn 0.0000000 1.0000000 0.0000000
v 0.6015981 0.0000000 0.6935288
vn 0.0000000 1.0000000 0.0000000
v 0.5231066 0.0000000 0.6944824
vn 0.0000000 1.0000000 0.0000000
v 0.3370998 0.0000000 0.6579904
vn 0.0000000 1.0000000 0.0000000
v 0.3813300 0.0000000 0.6478875
vn 0.0000000 1.0000000 0.0000000
v 0.1294117 0.0000000 0.5093889
vn 0.0000000 1.0000000 0.0000000
v 0.7426772 0.0000000 0.5533803
vn 0.0000000 1.0000000 0.0000000
v 0.3834446 0.0000000 0.7429848
vn 0.0000000 1.0000000 0.0000000
v 0.2164764 0.0000000 0.6621631
vn 0.0000000 1.0000000 0.0000000
v 0.1289594 0.0000000 0.6839465
vn 0.0000000 1.0000000 0.0000000
v 0.0388567 0.0000000 0.7367610
vn 0.0000000 1.0000000 0.0000000
v -0.2659247 0.0000000 0.6127676
vn 0.0000000 1.0000000 0.0000000
v -0.2914170 0.0000000 0.6268550
vn 0.0000000 1.0000000 0.0000000
v -0.4540269 0.0000000 0.6819358
vn 0.0000000 1.0000000 0.0000000
v -0.4733264 0.0000000 0.7009767
vn 0.0000000 1.0000000 0.0000000
v 0.4474478 0.0000000 0.8493935
vn 0.0000000 1.0000000 0.0000000
v 0.4676542 0.0000000 0.8270468
vn 0.0000000 1.0000000 0.0000000
v 0.0200555 0.0000000 0.8181940
vn 0.0000000 1.0000000 0.0000000
v 0.5118616 0.0000000 0.8034081
vn 0.0000000 1.0000000 0.0000000
v 0.2083357 0.0000000 0.7713837
vn 0.0000000 1.0000000 0.0000000
v -0.2751974 0.0000000 0.7673895
vn 0.0000000 1.0000000 0.0000000
v -0.2480084 0.0000000 0.7570828
vn 0.0000000 1.0000000 0.0000000
v -0.2812534 0.0000000 0.7995671
vn 0.0000000 1.0000000 0.0000000
v -0.1954879 0.0000000 0.8576833
vn 0.0000000 1.0000000 0.0000000
v -0.4758531 0.0000000 0.8579627
vn 0.0000000 1.0000000 0.0000000
v 0.3831591 0.0000000 0.8970999
vn 0.0000000 1.0000000 0.0000000
v -0.4201126 0.0000000 0.8764613
vn 0.0000000 1.0000000 0.0000000
v -0.3729276 0.0000000 0.6164868
vn 0.0000000 1.0000000 0.0000000
v -0.7200160 0.0000000 0.5895448
vn 0.0000000 1.0000000 0.0000000
v -0.4575111 0.0000000 0.6042273
vn 0.0000000 1.0000000 0.0000000
v -0.4769889 0.0000000 0.6283082
vn 0.0000000 1.0000000 0.0000000
v -0.2693228 0.0000000 0.7390578
vn 0.0000000 1.0000000 0.0000000
v -0.6165405 0.0000000 0.6924595
vn 0.0000000 1.0000000 0.0000000
v -0.5662793 0.0000000 0.7552127
vn 0.0000000 1.0000000 0.0000000
v 0.0295948 0.0000000 -0.9346974
vn 0.0000000 1.0000000 0.0000000
v -0.1961906 0.0000000 -0.7814992
vn 0.0000000 1.0000000 0.0000000
v 0.2637696 0.0000000 -0.6753695
vn 0.0000000 1.0000000 0.0000000
v 0.3847292 0.0000000 -0.7152821
vn 0.0000000 1.0000000 0.0000000
v -0.2238940 0.0000000 -0.6756532
vn 0.0000000 1.0000000 0.0000000
v -0.1957775 0.0000000 -0.6367234
vn 0.0000000 1.0000000 0.0000000
v -0.2950816 0.0000000 -0.6511744
vn 0.0000000 1.0000000 0.0000000
v -0.2391494 0.0000000 -0.6303782
vn 0.0000000 1.0000000 0.0000000
v -0.0826904 0.0000000 -0.5825738
vn 0.0000000 1.0000000 0.0000000
v -0.0497386 0.0000000 -0.5908327
vn 0.0000000 1.0000000 0.0000000
v 0.3134035 0.0000000 -0.4792024
vn 0.0000000 1.0000000 0.0000000
v 0.1008830 0.0000000 -0.4544950
vn 0.0000000 1.0000000 0.0000000
v -0.3450715 0.0000000 -0.3587435
vn 0.0000000 1.0000000 0.0000000
v -0.3593450 0.0000000 -0.2122076
vn 0.0000000 1.0000000 0.0000000
v -0.1134720 0.0000000 -0.0534051
vn 0.0000000 1.0000000 0.0000000
v 0.4051111 0.0000000 0.0356083
vn 0.0000000 1.0000000 0.0000000
v 0.3633292 0.0000000 0.2095259
vn 0.0000000 1.0000000 0.0000000
v 0.1098390 0.0000000 0.2202637
vn 0.0000000 1.0000000 0.0000000
v 0.1073573 0.0000000 0.3802927
vn 0.0000000 1.0000000 0.0000000
v 0.2902125 0.0000000 0.6185030
vn 0.0000000 1.0000000 0.0000000
v 0.3349300 0.0000000 0.5817804
vn 0.0000000 1.0000000 0.0000000
v 0.0440206 0.0000000 0.5672262
vn 0.0000000 1.0000000 0.0000000
v -0.3623633 0.0000000 0.6791494
vn 0.0000000 1.0000000 0.0000000
v -0.2870295 0.0000000 0.6888254
vn 0.0000000 1.0000000 0.0000000
v -0.1449450 0.0000000 0.6620440
vn 0.0000000 1.0000000 0.0000000
v -0.1319604 0.0000000 0.6872127
vn 0.0000000 1.0000000 0.0000000
v 0.0927746 0.0000000 0.9150182
vn 0.0000000 1.0000000 0.0000000
v 0.0842223 0.0000000 -0.9460204
vn 0.0000000 1.0000000 0.0000000
v 0.3792860 0.0000000 -0.8955083
vn 0.0000000 1.0000000 0.0000000
v 0.2201313 0.0000000 -0.8780511
vn 0.0000000 1.0000000 0.0000000
v -0.2791771 0.0000000 -0.9334909
vn 0.0000000 1.0000000 0.0000000
v -0.2119467 0.0000000 -0.9146566
vn 0.0000000 1.0000000 0.0000000
v -0.2607591 0.0000000 -0.8923652
vn 0.0000000 1.0000000 0.0000000
v -0.3653587 0.0000000 -0.8987541
vn 0.0000000 1.0000000 0.0000000
v -0.0454284 0.0000000 -0.8467722
vn 0.0000000 1.0000000 0.0000000
v 0.3230154 0.0000000 -0.7619014
vn 0.0000000 1.0000000 0.0000000
v 0.3609673 0.0000000 -0.7942662
vn 0.0000000 1.0000000 0.0000000
v 0.2532510 0.0000000 -0.7735989
vn 0.0000000 1.0000000 0.0000000
v -0.2820237 0.0000000 -0.8497215
vn 0.0000000 1.0000000 0.0000000
v -0.4304681 0.0000000 -0.8719903
vn 0.0000000 1.0000000 0.0000000
v -0.3534324 0.0000000 -0.7962868
vn 0.0000000 1.0000000 0.0000000
v -0.0832916 0.0000000 -0.6828637
vn 0.0000000 1.0000000 0.0000000
v -0.1552929 0.0000000 -0.7147252
vn 0.0000000 1.0000000 0.0000000
v 0.0590160 0.0000000 -0.6899207
vn 0.0000000 1.0000000 0.0000000
v -0.0839685 0.0000000 -0.7104210
vn 0.0000000 1.0000000 0.0000000
v -0.0556302 0.0000000 -0.7446930
vn 0.0000000 1.0000000 0.0000000
v 0.6207002 0.0000000 -0.6757674
vn 0.0000000 1.0000000 0.0000000
v 0.2063801 0.0000000 0.9470835
vn 0.0000000 1.0000000 0.0000000
v 0.1542630 0.0000000 0.9344665
vn 0.0000000 1.0000000 0.0000000
v 0.1310581 0.0000000 0.9548289
vn 0.0000000 1.0000000 0.0000000
v 0.5756506 0.0000000 -0.6081544
vn 0.0000000 1.0000000 0.0000000
v 0.5433059 0.0000000 -0.6112922
vn 0.0000000 1.0000000 0.0000000
v 0.4874461 0.0000000 -0.5528579
vn 0.0000000 1.0000000 0.0000000
v 0.3232052 0.0000000 -0.5915037
vn 0.0000000 1.0000000 0.0000000
v -0.3263151 0.0000000 -0.6643654
vn 0.0000000 1.0000000 0.0000000
v -0.3579856 0.0000000 -0.6658723
vn 0.0000000 1.0000000 0.0000000
v -0.3480674 0.0000000 -0.6380687
vn 0.0000000 1.0000000 0.0000000
v -0.5263972 0.0000000 -0.7277713
vn 0.0000000 1.0000000 0.0000000
v -0.4959709 0.0000000 -0.5904746
vn 0.0000000 1.0000000 0.0000000
v -0.6636227 0.0000000 -0.5840331
vn 0.0000000 1.0000000 0.0000000
v -0.5400376 0.0000000 -0.5586007
vn 0.0000000 1.0000000 0.0000000
v -0.4565660 0.0000000 -0.5516195
vn 0.0000000 1.0000000 0.0000000
v 0.6749008 0.0000000 -0.4849381
vn 0.0000000 1.0000000 0.0000000
v 0.5466580 0.0000000 -0.5056443
vn 0.0000000 1.0000000 0.0000000
v 0.4487330 0.0000000 -0.5205039
vn 0.0000000 1.0000000 0.0000000
v -0.3329962 0.0000000 -0.5043345
vn 0.0000000 1.0000000 0.0000000
v 0.3754652 0.0000000 -0.3866337
vn 0.0000000 1.0000000 0.0000000
v 0.1407011 0.0000000 -0.3879319
vn 0.0000000 1.0000000 0.0000000
v -0.7703899 0.0000000 -0.4525150
vn 0.0000000 1.0000000 0.0000000
v -0.5627525 0.0000000 -0.3897858
vn 0.0000000 1.0000000 0.0000000
v -0.8067095 0.0000000 -0.3756965
vn 0.0000000 1.0000000 0.0000000
v 0.3800795 0.0000000 -0.2216472
vn 0.0000000 1.0000000 0.0000000
v 0.1347826 0.0000000 -0.2152669
vn 0.0000000 1.0000000 0.0000000
v -0.8266509 0.0000000 -0.3021631
vn 0.0000000 1.0000000 0.0000000
v -0.6195641 0.0000000 -0.2229263
vn 0.0000000 1.0000000 0.0000000
v 0.1094113 0.0000000 -0.0378475
vn 0.0000000 1.0000000 0.0000000
v -0.6123493 0.0000000 -0.1283634
vn 0.0000000 1.0000000 0.0000000
v -0.6150144 0.0000000 -0.0539043
vn 0.0000000 1.0000000 0.0000000
v 0.6165166 0.0000000 0.1356446
vn 0.0000000 1.0000000 0.0000000
v 0.8936653 0.0000000 0.0430839
vn 0.0000000 1.0000000 0.0000000
v 0.3534993 0.0000000 0.1598032
vn 0.0000000 1.0000000 0.0000000
v 0.8305110 0.0000000 0.3069056
vn 0.0000000 1.0000000 0.0000000
v 0.5794241 0.0000000 0.3016264
vn 0.0000000 1.0000000 0.0000000
v 0.8567844 0.0000000 0.2283191
vn 0.0000000 1.0000000 0.0000000
v 0.6059129 0.0000000 0.2181211
vn 0.0000000 1.0000000 0.0000000
v -0.1332577 0.0000000 0.2166601
vn 0.0000000 1.0000000 0.0000000
v -0.3840546 0.0000000 0.2178075
vn 0.0000000 1.0000000 0.0000000
v 0.8007194 0.0000000 0.3874447
vn 0.0000000 1.0000000 0.0000000
v 0.5635663 0.0000000 0.3875512
vn 0.0000000 1.0000000 0.0000000
v -0.1336273 0.0000000 0.3770228
vn 0.0000000 1.0000000 0.0000000
v -0.3732640 0.0000000 0.3877231
vn 0.0000000 1.0000000 0.0000000
v 0.3139793 0.0000000 0.4498399
vn 0.0000000 1.0000000 0.0000000
v 0.3324449 0.0000000 0.4972709
vn 0.0000000 1.0000000 0.0000000
v -0.5376368 0.0000000 0.4728984
vn 0.0000000 1.0000000 0.0000000
v -0.3569061 0.0000000 0.5719024
vn 0.0000000 1.0000000 0.0000000
v -0.1475130 0.0000000 0.5631672
vn 0.0000000 1.0000000 0.0000000
v -0.4299507 0.0000000 0.5272468
vn 0.0000000 1.0000000 0.0000000
v 0.3857225 0.0000000 0.7135071
vn 0.0000000 1.0000000 0.0000000
v 0.4438775 0.0000000 0.6907167
vn 0.0000000 1.0000000 0.0000000
v 0.3817590 0.0000000 0.5685639
vn 0.0000000 1.0000000 0.0000000
v 0.4808653 0.0000000 0.5716324
vn 0.0000000 1.0000000 0.0000000
v 0.4320993 0.0000000 0.5477964
vn 0.0000000 1.0000000 0.0000000
v -0.6071341 0.0000000 -0.6518825
vn 0.0000000 1.0000000 0.0000000
v -0.4887286 0.0000000 -0.5164176
vn 0.0000000 1.0000000 0.0000000
v -0.5679903 0.0000000 -0.5388362
vn 0.0000000 1.0000000 0.0000000
v 0.5008873 0.0000000 0.6740973
vn 0.0000000 1.0000000 0.0000000
v 0.4380919 0.0000000 0.6598575
vn 0.0000000 1.0000000 0.0000000
v 0.5703595 0.0000000 0.6207954
vn 0.0000000 1.0000000 0.0000000
v 0.5482509 0.0000000 0.5176193
vn 0.0000000 1.0000000 0.0000000
v 0.5128763 0.0000000 0.5202453
vn 0.0000000 1.0000000 0.0000000
v 0.5607473 0.0000000 0.5468973
vn 0.0000000 1.0000000 0.0000000
v 0.2139207 0.0000000 0.6895377
vn 0.0000000 1.0000000 0.0000000
v 0.0711605 0.0000000 0.6935965
vn 0.0000000 1.0000000 0.0000000
v 0.2132142 0.0000000 0.7435694
vn 0.0000000 1.0000000 0.0000000
v -0.5580883 0.0000000 0.5691785
vn 0.0000000 1.0000000 0.0000000
v -0.5803970 0.0000000 0.5922176
vn 0.0000000 1.0000000 0.0000000
v -0.3947830 0.0000000 0.6878948
vn 0.0000000 1.0000000 0.0000000
v -0.3717167 0.0000000 0.7111585
vn 0.0000000 1.0000000 0.0000000
v -0.5919303 0.0000000 0.6737102
vn 0.0000000 1.0000000 0.0000000
v -0.6195863 0.0000000 0.6635705
vn 0.0000000 1.0000000 0.0000000
v 0.3194032 0.0000000 0.8381236
vn 0.0000000 1.0000000 0.0000000
v 0.2973318 0.0000000 0.8445182
vn 0.0000000 1.0000000 0.0000000
v 0.5287933 0.0000000 0.7800876
vn 0.0000000 1.0000000 0.0000000
v 0.3587088 0.0000000 0.7883946
vn 0.0000000 1.0000000 0.0000000
v 0.2987879 0.0000000 0.9260522
vn 0.0000000 1.0000000 0.0000000
v 0.1846820 0.0000000 0.9255951
vn 0.0000000 1.0000000 0.0000000
v 0.3578590 0.0000000 0.9055144
vn 0.0000000 1.0000000 0.0000000
v -0.2317227 0.0000000 0.9139719
vn 0.0000000 1.0000000 0.0000000
v -0.5483133 0.0000000 0.6015617
vn 0.0000000 1.0000000 0.0000000
v -0.5291187 0.0000000 0.6202068
vn 0.0000000 1.0000000 0.0000000
v -0.6832986 0.0000000 0.6206088
vn 0.0000000 1.0000000 0.0000000
v -0.4644277 0.0000000 0.7265705
vn 0.0000000 1.0000000 0.0000000
v -0.6175984 0.0000000 0.7198217
vn 0.0000000 1.0000000 0.0000000
v -0.5944915 0.0000000 0.7370873
vn 0.0000000 1.0000000 0.0000000
v -0.4387286 0.0000000 0.7673376
vn 0.0000000 1.0000000 0.0000000
v 0.2291673 0.0000000 -0.9225238
vn 0.0000000 1.0000000 0.0000000
v 0.3013809 0.0000000 -0.9272050
vn 0.0000000 1.0000000 0.0000000
v 0.0125818 0.0000000 -0.8929715
vn 0.0000000 1.0000000 0.0000000
v -0.0023116 0.0000000 -0.8219489
vn 0.0000000 1.0000000 0.0000000
v -0.0403740 0.0000000 -0.7979666
vn 0.0000000 1.0000000 0.0000000
v -0.3297364 0.0000000 -0.8146634
vn 0.0000000 1.0000000 0.0000000
v -0.0720530 0.0000000 -0.7638854
vn 0.0000000 1.0000000 0.0000000
v 0.2400299 0.0000000 -0.6319561
vn 0.0000000 1.0000000 0.0000000
v 0.5745421 0.0000000 -0.6505985
vn 0.0000000 1.0000000 0.0000000
v 0.5462564 0.0000000 -0.6426319
vn 0.0000000 1.0000000 0.0000000
v 0.3027503 0.0000000 -0.7047588
vn 0.0000000 1.0000000 0.0000000
v 0.1582311 0.0000000 -0.6131816
vn 0.0000000 1.0000000 0.0000000
v 0.0839149 0.0000000 -0.6722349
vn 0.0000000 1.0000000 0.0000000
v 0.0481895 0.0000000 -0.6083309
vn 0.0000000 1.0000000 0.0000000
v 0.0956098 0.0000000 -0.5902874
vn 0.0000000 1.0000000 0.0000000
v -0.2985600 0.0000000 -0.7428781
vn 0.0000000 1.0000000 0.0000000
v -0.3475222 0.0000000 -0.7375569
vn 0.0000000 1.0000000 0.0000000
v 0.0037067 0.0000000 -0.6106060
vn 0.0000000 1.0000000 0.0000000
v 0.0301643 0.0000000 -0.5670018
vn 0.0000000 1.0000000 0.0000000
v -0.0282473 0.0000000 -0.5150810
vn 0.0000000 1.0000000 0.0000000
v -0.0041623 0.0000000 -0.4728195
vn 0.0000000 1.0000000 0.0000000
v -0.0884487 0.0000000 -0.4255911
vn 0.0000000 1.0000000 0.0000000
v -0.3216627 0.0000000 -0.4094329
vn 0.0000000 1.0000000 0.0000000
v -0.5521094 0.0000000 -0.4187250
vn 0.0000000 1.0000000 0.0000000
v -0.7826360 0.0000000 -0.4277523
vn 0.0000000 1.0000000 0.0000000
v -0.1201893 0.0000000 -0.2451427
vn 0.0000000 1.0000000 0.0000000
v -0.3438978 0.0000000 -0.2633757
vn 0.0000000 1.0000000 0.0000000
v -0.5944270 0.0000000 -0.2531393
vn 0.0000000 1.0000000 0.0000000
v -0.8405075 0.0000000 -0.2517880
vn 0.0000000 1.0000000 0.0000000
v -0.1156232 0.0000000 -0.0773544
vn 0.0000000 1.0000000 0.0000000
v -0.4099507 0.0000000 -0.0929240
vn 0.0000000 1.0000000 0.0000000
v 0.9142610 0.0000000 0.0791445
vn 0.0000000 1.0000000 0.0000000
v 0.6264805 0.0000000 0.0826233
vn 0.0000000 1.0000000 0.0000000
v 0.1112989 0.0000000 0.1004041
vn 0.0000000 1.0000000 0.0000000
v 0.3472039 0.0000000 0.2633470
vn 0.0000000 1.0000000 0.0000000
v 0.1032427 0.0000000 0.2549111
vn 0.0000000 1.0000000 0.0000000
v 0.7881123 0.0000000 0.4153606
vn 0.0000000 1.0000000 0.0000000
v 0.5545831 0.0000000 0.4145841
vn 0.0000000 1.0000000 0.0000000
v 0.3209267 0.0000000 0.4223695
vn 0.0000000 1.0000000 0.0000000
v 0.0837931 0.0000000 0.4241678
vn 0.0000000 1.0000000 0.0000000
v -0.0946363 0.0000000 0.5031876
vn 0.0000000 1.0000000 0.0000000
v -0.0503776 0.0000000 0.6247704
vn 0.0000000 1.0000000 0.0000000
v -0.1082396 0.0000000 0.6151397
vn 0.0000000 1.0000000 0.0000000
v 0.1221520 0.0000000 0.6333687
vn 0.0000000 1.0000000 0.0000000
v -0.0663179 0.0000000 0.5744509
vn 0.0000000 1.0000000 0.0000000
v 0.3207808 0.0000000 0.6346088
vn 0.0000000 1.0000000 0.0000000
v 0.0007481 0.0000000 0.5263221
vn 0.0000000 1.0000000 0.0000000
v -0.1854116 0.0000000 0.6259386
vn 0.0000000 1.0000000 0.0000000
v -0.3158407 0.0000000 0.6430122
vn 0.0000000 1.0000000 0.0000000
v -0.4179744 0.0000000 0.6464285
vn 0.0000000 1.0000000 0.0000000
v -0.5477648 0.0000000 0.6336124
vn 0.0000000 1.0000000 0.0000000
v -0.2906684 0.0000000 0.7184488
vn 0.0000000 1.0000000 0.0000000
v -0.1156330 0.0000000 0.7463799
vn 0.0000000 1.0000000 0.0000000
v 0.3351770 0.0000000 0.8082194
vn 0.0000000 1.0000000 0.0000000
v 0.0440427 0.0000000 0.7711474
vn 0.0000000 1.0000000 0.0000000
v -0.0050149 0.0000000 0.8951967
vn 0.0000000 1.0000000 0.0000000
v -0.1778430 0.0000000 0.9279619
vn 0.0000000 1.0000000 0.0000000
v 0.1997458 0.0000000 -0.9282695
vn 0.0000000 1.0000000 0.0000000
v -0.1849667 0.0000000 -0.9253716
vn 0.0000000 1.0000000 0.0000000
v 0.3282956 0.0000000 -0.8842713
vn 0.0000000 1.0000000 0.0000000
v 0.0573011 0.0000000 -0.8675187
vn 0.0000000 1.0000000 0.0000000
v -0.3887230 0.0000000 -0.8885142
vn 0.0000000 1.0000000 0.0000000
v 0.4285446 0.0000000 -0.7779634
vn 0.0000000 1.0000000 0.0000000
v -0.0583460 0.0000000 -0.8715228
vn 0.0000000 1.0000000 0.0000000
v 0.4192102 0.0000000 -0.7485979
vn 0.0000000 1.0000000 0.0000000
v 0.1088109 0.0000000 -0.7838465
vn 0.0000000 1.0000000 0.0000000
v 0.2054711 0.0000000 -0.7555854
vn 0.0000000 1.0000000 0.0000000
v 0.1772734 0.0000000 -0.7456445
vn 0.0000000 1.0000000 0.0000000
v -0.4670965 0.0000000 -0.8314362
vn 0.0000000 1.0000000 0.0000000
v -0.1189456 0.0000000 -0.7507506
vn 0.0000000 1.0000000 0.0000000
v -0.1399496 0.0000000 -0.7319170
vn 0.0000000 1.0000000 0.0000000
v -0.5423968 0.0000000 -0.7718344
vn 0.0000000 1.0000000 0.0000000
v -0.3958114 0.0000000 -0.7291355
vn 0.0000000 1.0000000 0.0000000
v 0.2952976 0.0000000 -0.6105307
vn 0.0000000 1.0000000 0.0000000
v 0.3268396 0.0000000 -0.6230580
vn 0.0000000 1.0000000 0.0000000
v 0.4158293 0.0000000 -0.6191134
vn 0.0000000 1.0000000 0.0000000
v 0.7552751 0.0000000 -0.5131549
vn 0.0000000 1.0000000 0.0000000
v 0.5942211 0.0000000 -0.5867448
vn 0.0000000 1.0000000 0.0000000
v 0.2666391 0.0000000 -0.7540787
vn 0.0000000 1.0000000 0.0000000
v 0.6047180 0.0000000 -0.6524078
vn 0.0000000 1.0000000 0.0000000
v 0.4577484 0.0000000 -0.7023709
vn 0.0000000 1.0000000 0.0000000
v 0.4384156 0.0000000 -0.7247631
vn 0.0000000 1.0000000 0.0000000
v 0.1562957 0.0000000 0.9634481
vn 0.0000000 1.0000000 0.0000000
v -0.2717597 0.0000000 0.8607582
vn 0.0000000 1.0000000 0.0000000
v 0.5895815 0.0000000 -0.5267820
vn 0.0000000 1.0000000 0.0000000
v 0.3279207 0.0000000 -0.5311834
vn 0.0000000 1.0000000 0.0000000
v 0.1792490 0.0000000 -0.5673615
vn 0.0000000 1.0000000 0.0000000
v 0.2091732 0.0000000 -0.4938871
vn 0.0000000 1.0000000 0.0000000
v -0.0563457 0.0000000 -0.5023454
vn 0.0000000 1.0000000 0.0000000
v -0.3878135 0.0000000 -0.5952784
vn 0.0000000 1.0000000 0.0000000
v -0.3398616 0.0000000 -0.6086864
vn 0.0000000 1.0000000 0.0000000
v -0.4801164 0.0000000 -0.6479794
vn 0.0000000 1.0000000 0.0000000
v -0.6583873 0.0000000 -0.7148121
vn 0.0000000 1.0000000 0.0000000
v -0.4312958 0.0000000 -0.5329852
vn 0.0000000 1.0000000 0.0000000
v -0.4687329 0.0000000 -0.5941107
vn 0.0000000 1.0000000 0.0000000
v -0.6261334 0.0000000 -0.5555558
vn 0.0000000 1.0000000 0.0000000
v -0.7491733 0.0000000 -0.5829260
vn 0.0000000 1.0000000 0.0000000
v -0.3173213 0.0000000 -0.5249611
vn 0.0000000 1.0000000 0.0000000
v -0.5806714 0.0000000 -0.4928291
vn 0.0000000 1.0000000 0.0000000
v -0.7682844 0.0000000 -0.4948398
vn 0.0000000 1.0000000 0.0000000
v -0.7186670 0.0000000 -0.4988369
vn 0.0000000 1.0000000 0.0000000
v 0.8463937 0.0000000 -0.3514162
vn 0.0000000 1.0000000 0.0000000
v 0.3218262 0.0000000 -0.3283712
vn 0.0000000 1.0000000 0.0000000
v 0.1233915 0.0000000 -0.3590309
vn 0.0000000 1.0000000 0.0000000
v -0.1107212 0.0000000 -0.3469050
vn 0.0000000 1.0000000 0.0000000
v -0.7848499 0.0000000 -0.3348925
vn 0.0000000 1.0000000 0.0000000
v 0.8599336 0.0000000 -0.1785659
vn 0.0000000 1.0000000 0.0000000
v 0.3262035 0.0000000 -0.1629543
vn 0.0000000 1.0000000 0.0000000
v 0.1172435 0.0000000 -0.1663368
vn 0.0000000 1.0000000 0.0000000
v -0.1246862 0.0000000 -0.1729760
vn 0.0000000 1.0000000 0.0000000
v -0.3750139 0.0000000 -0.1614804
vn 0.0000000 1.0000000 0.0000000
v -0.8914064 0.0000000 -0.1866369
vn 0.0000000 1.0000000 0.0000000
v -0.8144532 0.0000000 -0.1644141
vn 0.0000000 1.0000000 0.0000000
v 0.6300763 0.0000000 0.0037097
vn 0.0000000 1.0000000 0.0000000
v -0.6181294 0.0000000 0.0012719
vn 0.0000000 1.0000000 0.0000000
v 0.8566970 0.0000000 0.1581771
vn 0.0000000 1.0000000 0.0000000
v 0.6276190 0.0000000 0.1641389
vn 0.0000000 1.0000000 0.0000000
v 0.3741443 0.0000000 0.1819860
vn 0.0000000 1.0000000 0.0000000
v -0.1082931 0.0000000 0.1521469
vn 0.0000000 1.0000000 0.0000000
v -0.3270787 0.0000000 0.1725559
vn 0.0000000 1.0000000 0.0000000
v -0.6144635 0.0000000 0.1732542
vn 0.0000000 1.0000000 0.0000000
v 0.8315729 0.0000000 0.3398725
vn 0.0000000 1.0000000 0.0000000
v 0.6247230 0.0000000 0.3277375
vn 0.0000000 1.0000000 0.0000000
v 0.3490433 0.0000000 0.3392111
vn 0.0000000 1.0000000 0.0000000
v 0.1498300 0.0000000 0.3404312
vn 0.0000000 1.0000000 0.0000000
v -0.1119890 0.0000000 0.3291213
vn 0.0000000 1.0000000 0.0000000
v -0.3166053 0.0000000 0.3270285
vn 0.0000000 1.0000000 0.0000000
v -0.5849150 0.0000000 0.3478124
vn 0.0000000 1.0000000 0.0000000
v 0.2832460 0.0000000 0.4582336
vn 0.0000000 1.0000000 0.0000000
v 0.7640957 0.0000000 0.5050783
vn 0.0000000 1.0000000 0.0000000
v -0.3100991 0.0000000 0.4996316
vn 0.0000000 1.0000000 0.0000000
v -0.7838175 0.0000000 0.5109137
vn 0.0000000 1.0000000 0.0000000
v -0.5639074 0.0000000 0.5408468
vn 0.0000000 1.0000000 0.0000000
v -0.2150604 0.0000000 0.6069735
vn 0.0000000 1.0000000 0.0000000
v 0.3476480 0.0000000 0.5401241
vn 0.0000000 1.0000000 0.0000000
v 0.4190632 0.0000000 0.5211712
vn 0.0000000 1.0000000 0.0000000
v 0.7155930 0.0000000 0.5770648
vn 0.0000000 1.0000000 0.0000000
v 0.7986388 0.0000000 0.5676676
vn 0.0000000 1.0000000 0.0000000
v -0.3045500 0.0000000 -0.5717020
vn 0.0000000 1.0000000 0.0000000
v -0.6168057 0.0000000 -0.6838720
vn 0.0000000 1.0000000 0.0000000
v -0.3613468 0.0000000 -0.5059094
vn 0.0000000 1.0000000 0.0000000
v 0.0488431 0.0000000 0.6758900
vn 0.0000000 1.0000000 0.0000000
v 0.1689483 0.0000000 0.6519098
vn 0.0000000 1.0000000 0.0000000
v 0.7161042 0.0000000 0.6281746
vn 0.0000000 1.0000000 0.0000000
v 0.3583092 0.0000000 0.5156394
vn 0.0000000 1.0000000 0.0000000
v 0.4083491 0.0000000 0.7561013
vn 0.0000000 1.0000000 0.0000000
v 0.2352558 0.0000000 0.7616486
vn 0.0000000 1.0000000 0.0000000
v 0.0697238 0.0000000 0.7523434
vn 0.0000000 1.0000000 0.0000000
v -0.3776317 0.0000000 0.5881666
vn 0.0000000 1.0000000 0.0000000
v -0.4007695 0.0000000 0.6028050
vn 0.0000000 1.0000000 0.0000000
v -0.3555892 0.0000000 0.7635091
vn 0.0000000 1.0000000 0.0000000
v -0.5963782 0.0000000 0.6441005
vn 0.0000000 1.0000000 0.0000000
v -0.6710073 0.0000000 0.6627192
vn 0.0000000 1.0000000 0.0000000
v 0.1622995 0.0000000 0.8313906
vn 0.0000000 1.0000000 0.0000000
v -0.0846044 0.0000000 0.7507823
vn 0.0000000 1.0000000 0.0000000
v -0.4095759 0.0000000 0.7521765
vn 0.0000000 1.0000000 0.0000000
v 0.2800188 0.0000000 0.8627157
vn 0.0000000 1.0000000 0.0000000
v 0.0440907 0.0000000 0.8613248
vn 0.0000000 1.0000000 0.0000000
v -0.4501069 0.0000000 0.8658360
vn 0.0000000 1.0000000 0.0000000
v 0.3285436 0.0000000 0.9165162
vn 0.0000000 1.0000000 0.0000000
v 0.1429187 0.0000000 0.8846900
vn 0.0000000 1.0000000 0.0000000
v 0.3985027 0.0000000 0.8757948
vn 0.0000000 1.0000000 0.0000000
v 0.4281343 0.0000000 0.8741586
vn 0.0000000 1.0000000 0.0000000
v -0.0887040 0.0000000 0.8924112
vn 0.0000000 1.0000000 0.0000000
v 0.1904496 0.0000000 -0.6572472
vn 0.0000000 1.0000000 0.0000000
v -0.1451932 0.0000000 -0.6363226
vn 0.0000000 1.0000000 0.0000000
v 0.1637915 0.0000000 0.5783251
vn 0.0000000 1.0000000 0.0000000
v -0.3331709 0.0000000 0.6831870
vn 0.0000000 1.0000000 0.0000000
v 0.1085143 0.0000000 -0.9488199
vn 0.0000000 1.0000000 0.0000000
v 0.3861761 0.0000000 -0.7986828
vn 0.0000000 1.0000000 0.0000000
v 0.0136049 0.0000000 -0.7228831
vn 0.0000000 1.0000000 0.0000000
v 0.6446249 0.0000000 -0.5751808
vn 0.0000000 1.0000000 0.0000000
v -0.4574929 0.0000000 -0.6687974
vn 0.0000000 1.0000000 0.0000000
v 0.4724353 0.0000000 -0.4999895
vn 0.0000000 1.0000000 0.0000000
v 0.4690891 0.0000000 -0.4713991
vn 0.0000000 1.0000000 0.0000000
v -0.2933739 0.0000000 0.5412239
vn 0.0000000 1.0000000 0.0000000
v 0.5117766 0.0000000 0.5707027
vn 0.0000000 1.0000000 0.0000000
v -0.4864670 0.0000000 -0.6167433
vn 0.0000000 1.0000000 0.0000000
v 0.6376925 0.0000000 0.6560555
vn 0.0000000 1.0000000 0.0000000
v 0.7962342 0.0000000 0.5423558
vn 0.0000000 1.0000000 0.0000000
v -0.4578151 0.0000000 0.7923608
vn 0.0000000 1.0000000 0.0000000
v 0.1683652 0.0000000 -0.6731074
vn 0.0000000 1.0000000 0.0000000
v -0.1405949 0.0000000 -0.5798796
vn 0.0000000 1.0000000 0.0000000
v 0.1306086 0.0000000 -0.4918365
vn 0.0000000 1.0000000 0.0000000
v 0.0544621 0.0000000 0.6177571
vn 0.0000000 1.0000000 0.0000000
v 0.4298046 0.0000000 0.6316057
vn 0.0000000 1.0000000 0.0000000
v 0.1353627 0.0000000 0.5614386
vn 0.0000000 1.0000000 0.0000000
v -0.4127986 0.0000000 0.6692622
vn 0.0000000 1.0000000 0.0000000
v 0.2164081 0.0000000 0.8205800
vn 0.0000000 1.0000000 0.0000000
v 0.5438654 0.0000000 -0.7780652
vn 0.0000000 1.0000000 0.0000000
v 0.5943934 0.0000000 -0.7769486
vn 0.0000000 1.0000000 0.0000000
v 0.4206274 0.0000000 -0.5923020
vn 0.0000000 1.0000000 0.0000000
v 0.4246321 0.0000000 -0.5656936
vn 0.0000000 1.0000000 0.0000000
v 0.3394179 0.0000000 -0.7372489
vn 0.0000000 1.0000000 0.0000000
v 0.3119873 0.0000000 -0.7351197
vn 0.0000000 1.0000000 0.0000000
v 0.3279116 0.0000000 -0.7148432
vn 0.0000000 1.0000000 0.0000000
v 0.6696552 0.0000000 -0.6966766
vn 0.0000000 1.0000000 0.0000000
v 0.1103637 0.0000000 -0.7181813
vn 0.0000000 1.0000000 0.0000000
v 0.2497128 0.0000000 -0.5702997
vn 0.0000000 1.0000000 0.0000000
v 0.1363306 0.0000000 -0.5406239
vn 0.0000000 1.0000000 0.0000000
v 0.1334150 0.0000000 -0.5180343
vn 0.0000000 1.0000000 0.0000000
v 0.1580217 0.0000000 -0.5275679
vn 0.0000000 1.0000000 0.0000000
v -0.3820589 0.0000000 -0.5673166
vn 0.0000000 1.0000000 0.0000000
v 0.8211856 0.0000000 -0.3646924
vn 0.0000000 1.0000000 0.0000000
v 0.8393844 0.0000000 -0.4375830
vn 0.0000000 1.0000000 0.0000000
v 0.8163470 0.0000000 -0.4200504
vn 0.0000000 1.0000000 0.0000000
v -0.0832285 0.0000000 -0.4887841
vn 0.0000000 1.0000000 0.0000000
v 0.8665667 0.0000000 -0.3068430
vn 0.0000000 1.0000000 0.0000000
v 0.9369164 0.0000000 -0.0710321
vn 0.0000000 1.0000000 0.0000000
v -0.9103390 0.0000000 0.0736802
vn 0.0000000 1.0000000 0.0000000
v -0.8589981 0.0000000 0.0785425
vn 0.0000000 1.0000000 0.0000000
v -0.8975358 0.0000000 0.1899698
vn 0.0000000 1.0000000 0.0000000
v 0.4365612 0.0000000 0.4959264
vn 0.0000000 1.0000000 0.0000000
v -0.8757284 0.0000000 0.3459907
vn 0.0000000 1.0000000 0.0000000
v -0.8078906 0.0000000 0.3975402
vn 0.0000000 1.0000000 0.0000000
v -0.7817203 0.0000000 0.4062883
vn 0.0000000 1.0000000 0.0000000
v -0.8125572 0.0000000 0.4704227
vn 0.0000000 1.0000000 0.0000000
v -0.8343265 0.0000000 0.4585813
vn 0.0000000 1.0000000 0.0000000
v -0.2345785 0.0000000 0.5796871
vn 0.0000000 1.0000000 0.0000000
v 0.2754240 0.0000000 0.5263450
vn 0.0000000 1.0000000 0.0000000
v 0.5871022 0.0000000 0.5968980
vn 0.0000000 1.0000000 0.0000000
v 0.5565657 0.0000000 0.5959233
vn 0.0000000 1.0000000 0.0000000
v -0.2523830 0.0000000 -0.5810264
vn 0.0000000 1.0000000 0.0000000
v -0.6337022 0.0000000 -0.7074603
vn 0.0000000 1.0000000 0.0000000
v -0.2164827 0.0000000 -0.5034845
vn 0.0000000 1.0000000 0.0000000
v 0.0507179 0.0000000 0.6458332
vn 0.0000000 1.0000000 0.0000000
v 0.1601141 0.0000000 0.6794962
vn 0.0000000 1.0000000 0.0000000
v -0.7967831 0.0000000 0.5530310
vn 0.0000000 1.0000000 0.0000000
v 0.4761869 0.0000000 0.8522830
vn 0.0000000 1.0000000 0.0000000
v 0.1872793 0.0000000 0.9004291
vn 0.0000000 1.0000000 0.0000000
v -0.5359548 0.0000000 0.8043967
vn 0.0000000 1.0000000 0.0000000
v -0.5240139 0.0000000 0.8255509
vn 0.0000000 1.0000000 0.0000000
v -0.4961567 0.0000000 0.8374672
vn 0.0000000 1.0000000 0.0000000
v -0.6904380 0.0000000 0.5965229
vn 0.0000000 1.0000000 0.0000000
v -0.5865732 0.0000000 0.7063773
vn 0.0000000 1.0000000 0.0000000
v -0.1193398 0.0000000 -0.9142284
vn 0.0000000 1.0000000 0.0000000
v -0.1631599 0.0000000 -0.7845032
vn 0.0000000 1.0000000 0.0000000
v 0.2388884 0.0000000 -0.6617370
vn 0.0000000 1.0000000 0.0000000
v -0.1988268 0.0000000 -0.6634555
vn 0.0000000 1.0000000 0.0000000
v -0.1758283 0.0000000 -0.6779909
vn 0.0000000 1.0000000 0.0000000
v -0.2668093 0.0000000 -0.6399342
vn 0.0000000 1.0000000 0.0000000
v -0.0724686 0.0000000 -0.6107674
vn 0.0000000 1.0000000 0.0000000
v -0.0456068 0.0000000 -0.6184018
vn 0.0000000 1.0000000 0.0000000
v 0.2647169 0.0000000 -0.4736218
vn 0.0000000 1.0000000 0.0000000
v 0.0446683 0.0000000 -0.4590554
vn 0.0000000 1.0000000 0.0000000
v 0.3993970 0.0000000 -0.4574014
vn 0.0000000 1.0000000 0.0000000
v 0.3522446 0.0000000 -0.4418682
vn 0.0000000 1.0000000 0.0000000
v 0.4762286 0.0000000 -0.2781783
vn 0.0000000 1.0000000 0.0000000
v -0.2968761 0.0000000 -0.2161770
vn 0.0000000 1.0000000 0.0000000
v 0.5292073 0.0000000 -0.1294506
vn 0.0000000 1.0000000 0.0000000
v 0.4283868 0.0000000 -0.1199869
vn 0.0000000 1.0000000 0.0000000
v 0.4803178 0.0000000 -0.0951352
vn 0.0000000 1.0000000 0.0000000
v 0.2970024 0.0000000 0.0459472
vn 0.0000000 1.0000000 0.0000000
v -0.4225504 0.0000000 0.1307403
vn 0.0000000 1.0000000 0.0000000
v -0.4915347 0.0000000 0.0962318
vn 0.0000000 1.0000000 0.0000000
v 0.2958539 0.0000000 0.2215088
vn 0.0000000 1.0000000 0.0000000
v -0.4360914 0.0000000 0.2672856
vn 0.0000000 1.0000000 0.0000000
v 0.2802779 0.0000000 0.3725069
vn 0.0000000 1.0000000 0.0000000
v -0.4422724 0.0000000 0.4356659
vn 0.0000000 1.0000000 0.0000000
v 0.0904256 0.0000000 0.5867113
vn 0.0000000 1.0000000 0.0000000
v -0.2881919 0.0000000 0.6582095
vn 0.0000000 1.0000000 0.0000000
v 0.4084689 0.0000000 -0.8584179
vn 0.0000000 1.0000000 0.0000000
v 0.2873770 0.0000000 -0.8563225
vn 0.0000000 1.0000000 0.0000000
v -0.0754237 0.0000000 -0.8486530
vn 0.0000000 1.0000000 0.0000000
v -0.1044954 0.0000000 -0.6735064
vn 0.0000000 1.0000000 0.0000000
v -0.1067414 0.0000000 -0.6963011
vn 0.0000000 1.0000000 0.0000000
v -0.1272110 0.0000000 -0.6808340
vn 0.0000000 1.0000000 0.0000000
v 0.0320036 0.0000000 -0.6774663
vn 0.0000000 1.0000000 0.0000000
v 0.0346447 0.0000000 -0.7077961
vn 0.0000000 1.0000000 0.0000000
v 0.0054634 0.0000000 -0.6955737
vn 0.0000000 1.0000000 0.0000000
v -0.0637327 0.0000000 -0.7228845
vn 0.0000000 1.0000000 0.0000000
v 0.4034178 0.0000000 -0.5536227
vn 0.0000000 1.0000000 0.0000000
v 0.4243119 0.0000000 -0.5389703
vn 0.0000000 1.0000000 0.0000000
v -0.4836004 0.0000000 -0.5438930
vn 0.0000000 1.0000000 0.0000000
v 0.7641072 0.0000000 -0.3863154
vn 0.0000000 1.0000000 0.0000000
v 0.5620691 0.0000000 -0.4101517
vn 0.0000000 1.0000000 0.0000000
v 0.5059522 0.0000000 -0.4086550
vn 0.0000000 1.0000000 0.0000000
v 0.4641879 0.0000000 -0.3884091
vn 0.0000000 1.0000000 0.0000000
v 0.7878294 0.0000000 -0.4693618
vn 0.0000000 1.0000000 0.0000000
v 0.5334598 0.0000000 -0.5325319
vn 0.0000000 1.0000000 0.0000000
v -0.3175244 0.0000000 -0.4824175
vn 0.0000000 1.0000000 0.0000000
v -0.3904163 0.0000000 -0.5055794
vn 0.0000000 1.0000000 0.0000000
v -0.3756174 0.0000000 -0.4804460
vn 0.0000000 1.0000000 0.0000000
v 0.3095801 0.0000000 -0.3795639
vn 0.0000000 1.0000000 0.0000000
v -0.5847297 0.0000000 -0.4654872
vn 0.0000000 1.0000000 0.0000000
v -0.6206912 0.0000000 -0.3837704
vn 0.0000000 1.0000000 0.0000000
v 0.6167059 0.0000000 -0.2274044
vn 0.0000000 1.0000000 0.0000000
v 0.5734211 0.0000000 -0.2548495
vn 0.0000000 1.0000000 0.0000000
v 0.4674580 0.0000000 -0.2203602
vn 0.0000000 1.0000000 0.0000000
v 0.7446635 0.0000000 -0.3037363
vn 0.0000000 1.0000000 0.0000000
v -0.4318053 0.0000000 -0.3334427
vn 0.0000000 1.0000000 0.0000000
v 0.3153901 0.0000000 -0.2081548
vn 0.0000000 1.0000000 0.0000000
v -0.6392981 0.0000000 -0.3095786
vn 0.0000000 1.0000000 0.0000000
v -0.6812866 0.0000000 -0.2075073
vn 0.0000000 1.0000000 0.0000000
v 0.8995091 0.0000000 -0.0302216
vn 0.0000000 1.0000000 0.0000000
v 0.6903939 0.0000000 -0.0747580
vn 0.0000000 1.0000000 0.0000000
v 0.5829064 0.0000000 -0.0776603
vn 0.0000000 1.0000000 0.0000000
v -0.4834115 0.0000000 -0.1568597
vn 0.0000000 1.0000000 0.0000000
v -0.6713564 0.0000000 -0.0480955
vn 0.0000000 1.0000000 0.0000000
v 0.6656299 0.0000000 0.1142846
vn 0.0000000 1.0000000 0.0000000
v 0.6753621 0.0000000 0.1430333
vn 0.0000000 1.0000000 0.0000000
v 0.6923041 0.0000000 0.0355735
vn 0.0000000 1.0000000 0.0000000
v 0.6744677 0.0000000 0.0609529
vn 0.0000000 1.0000000 0.0000000
v -0.3109819 0.0000000 0.0345363
vn 0.0000000 1.0000000 0.0000000
v 0.4738889 0.0000000 0.1647638
vn 0.0000000 1.0000000 0.0000000
v 0.4213045 0.0000000 0.1417435
vn 0.0000000 1.0000000 0.0000000
v 0.4412369 0.0000000 0.1697097
vn 0.0000000 1.0000000 0.0000000
v -0.5222785 0.0000000 0.0489638
vn 0.0000000 1.0000000 0.0000000
v -0.6071289 0.0000000 0.0689453
vn 0.0000000 1.0000000 0.0000000
v -0.4897592 0.0000000 0.1458190
vn 0.0000000 1.0000000 0.0000000
v -0.5491830 0.0000000 0.1413800
vn 0.0000000 1.0000000 0.0000000
v 0.6275097 0.0000000 0.3036962
vn 0.0000000 1.0000000 0.0000000
v -0.3122369 0.0000000 0.2242613
vn 0.0000000 1.0000000 0.0000000
v 0.4405631 0.0000000 0.3299040
vn 0.0000000 1.0000000 0.0000000
v 0.3907580 0.0000000 0.3096231
vn 0.0000000 1.0000000 0.0000000
v 0.4106124 0.0000000 0.3329983
vn 0.0000000 1.0000000 0.0000000
v -0.6142793 0.0000000 0.2210323
vn 0.0000000 1.0000000 0.0000000
v -0.4711938 0.0000000 0.3354652
vn 0.0000000 1.0000000 0.0000000
v -0.5344604 0.0000000 0.3101378
vn 0.0000000 1.0000000 0.0000000
v 0.5967587 0.0000000 0.4554518
vn 0.0000000 1.0000000 0.0000000
v 0.6256709 0.0000000 0.3754213
vn 0.0000000 1.0000000 0.0000000
v -0.3051087 0.0000000 0.3789530
vn 0.0000000 1.0000000 0.0000000
v 0.3607169 0.0000000 0.4857900
vn 0.0000000 1.0000000 0.0000000
v -0.4840381 0.0000000 0.3967051
vn 0.0000000 1.0000000 0.0000000
v -0.4334714 0.0000000 0.4970777
vn 0.0000000 1.0000000 0.0000000
v -0.4891766 0.0000000 0.4757541
vn 0.0000000 1.0000000 0.0000000
v -0.4868600 0.0000000 0.5047969
vn 0.0000000 1.0000000 0.0000000
v -0.3087344 0.0000000 0.5597448
vn 0.0000000 1.0000000 0.0000000
v 0.4349214 0.0000000 0.7199188
vn 0.0000000 1.0000000 0.0000000
v 0.4582656 0.0000000 0.7135201
vn 0.0000000 1.0000000 0.0000000
v -0.5125481 0.0000000 -0.5358308
vn 0.0000000 1.0000000 0.0000000
v 0.4676287 0.0000000 0.6668946
vn 0.0000000 1.0000000 0.0000000
v 0.6294847 0.0000000 0.6847521
vn 0.0000000 1.0000000 0.0000000
v 0.5541365 0.0000000 0.6510466
vn 0.0000000 1.0000000 0.0000000
v 0.4967438 0.0000000 0.5461724
vn 0.0000000 1.0000000 0.0000000
v 0.1697141 0.0000000 0.7298442
vn 0.0000000 1.0000000 0.0000000
v 0.3864419 0.0000000 0.8007069
vn 0.0000000 1.0000000 0.0000000
v -0.2756598 0.0000000 0.8313344
vn 0.0000000 1.0000000 0.0000000
v -0.2149273 0.0000000 0.8782516
vn 0.0000000 1.0000000 0.0000000
v -0.4932120 0.0000000 0.7194692
vn 0.0000000 1.0000000 0.0000000
v -0.6452961 0.0000000 0.7283429
vn 0.0000000 1.0000000 0.0000000
v -0.6252820 0.0000000 0.7456239
vn 0.0000000 1.0000000 0.0000000
v 0.0262069 0.0000000 -0.9115481
vn 0.0000000 1.0000000 0.0000000
v 0.0090931 0.0000000 -0.7970954
vn 0.0000000 1.0000000 0.0000000
v -0.3027803 0.0000000 -0.8028643
vn 0.0000000 1.0000000 0.0000000
v -0.0744048 0.0000000 -0.7923406
vn 0.0000000 1.0000000 0.0000000
v 0.3811811 0.0000000 -0.6866950
vn 0.0000000 1.0000000 0.0000000
v 0.2863168 0.0000000 -0.6835231
vn 0.0000000 1.0000000 0.0000000
v -0.0219875 0.0000000 -0.6002465
vn 0.0000000 1.0000000 0.0000000
v -0.0238123 0.0000000 -0.5725289
vn 0.0000000 1.0000000 0.0000000
v -0.2155358 0.0000000 -0.6252533
vn 0.0000000 1.0000000 0.0000000
v -0.0820888 0.0000000 -0.5496466
vn 0.0000000 1.0000000 0.0000000
v 0.7677528 0.0000000 -0.4177130
vn 0.0000000 1.0000000 0.0000000
v 0.6838144 0.0000000 -0.4330800
vn 0.0000000 1.0000000 0.0000000
v 0.4926287 0.0000000 -0.4503784
vn 0.0000000 1.0000000 0.0000000
v 0.5156405 0.0000000 -0.4316080
vn 0.0000000 1.0000000 0.0000000
v 0.0246440 0.0000000 -0.5088012
vn 0.0000000 1.0000000 0.0000000
v 0.0730762 0.0000000 -0.4374050
vn 0.0000000 1.0000000 0.0000000
v 0.0122592 0.0000000 -0.4486886
vn 0.0000000 1.0000000 0.0000000
v -0.0082740 0.0000000 -0.4300643
vn 0.0000000 1.0000000 0.0000000
v -0.3716078 0.0000000 -0.4298710
vn 0.0000000 1.0000000 0.0000000
v 0.1830206 0.0000000 -0.3107627
vn 0.0000000 1.0000000 0.0000000
v 0.0456965 0.0000000 -0.3322431
vn 0.0000000 1.0000000 0.0000000
v 0.0930795 0.0000000 -0.3094576
vn 0.0000000 1.0000000 0.0000000
v -0.1686143 0.0000000 -0.2613417
vn 0.0000000 1.0000000 0.0000000
v -0.4067955 0.0000000 -0.2563835
vn 0.0000000 1.0000000 0.0000000
v -0.1718769 0.0000000 -0.2332873
vn 0.0000000 1.0000000 0.0000000
v -0.6538684 0.0000000 -0.2619179
vn 0.0000000 1.0000000 0.0000000
v -0.1748464 0.0000000 -0.2026754
vn 0.0000000 1.0000000 0.0000000
v 0.1839799 0.0000000 -0.1364509
vn 0.0000000 1.0000000 0.0000000
v 0.0316914 0.0000000 -0.1536576
vn 0.0000000 1.0000000 0.0000000
v 0.1084532 0.0000000 -0.1414958
vn 0.0000000 1.0000000 0.0000000
v -0.4389982 0.0000000 -0.0969820
vn 0.0000000 1.0000000 0.0000000
v -0.1945180 0.0000000 -0.0756368
vn 0.0000000 1.0000000 0.0000000
v -0.1946589 0.0000000 -0.0116702
vn 0.0000000 1.0000000 0.0000000
v 0.1913668 0.0000000 0.0389020
vn 0.0000000 1.0000000 0.0000000
v 0.1809073 0.0000000 0.0599611
vn 0.0000000 1.0000000 0.0000000
v 0.1892720 0.0000000 0.0819809
vn 0.0000000 1.0000000 0.0000000
v -0.1704001 0.0000000 0.1446588
vn 0.0000000 1.0000000 0.0000000
v 0.6571435 0.0000000 0.2622129
vn 0.0000000 1.0000000 0.0000000
v 0.1754149 0.0000000 0.2079194
vn 0.0000000 1.0000000 0.0000000
v 0.1678825 0.0000000 0.2367949
vn 0.0000000 1.0000000 0.0000000
v 0.1601146 0.0000000 0.2689033
vn 0.0000000 1.0000000 0.0000000
v -0.0892368 0.0000000 0.3138355
vn 0.0000000 1.0000000 0.0000000
v -0.1657983 0.0000000 0.3313466
vn 0.0000000 1.0000000 0.0000000
v -0.0335636 0.0000000 0.3338631
vn 0.0000000 1.0000000 0.0000000
v 0.1582040 0.0000000 0.3862326
vn 0.0000000 1.0000000 0.0000000
v 0.1530202 0.0000000 0.4085345
vn 0.0000000 1.0000000 0.0000000
v 0.1364635 0.0000000 0.4234656
vn 0.0000000 1.0000000 0.0000000
v -0.0764166 0.0000000 0.4756108
vn 0.0000000 1.0000000 0.0000000
v -0.1418010 0.0000000 0.4797230
vn 0.0000000 1.0000000 0.0000000
v -0.0131969 0.0000000 0.5852206
vn 0.0000000 1.0000000 0.0000000
v 0.3917592 0.0000000 0.5965491
vn 0.0000000 1.0000000 0.0000000
v 0.2160083 0.0000000 0.5491993
vn 0.0000000 1.0000000 0.0000000
v 0.0518312 0.0000000 0.5336179
vn 0.0000000 1.0000000 0.0000000
v -0.2101954 0.0000000 0.6419585
vn 0.0000000 1.0000000 0.0000000
v -0.1159002 0.0000000 0.6646729
vn 0.0000000 1.0000000 0.0000000
v -0.4244122 0.0000000 0.6883497
vn 0.0000000 1.0000000 0.0000000
v -0.3134698 0.0000000 0.6993515
vn 0.0000000 1.0000000 0.0000000
v -0.0656931 0.0000000 0.7299917
vn 0.0000000 1.0000000 0.0000000
v 0.3084236 0.0000000 0.7995281
vn 0.0000000 1.0000000 0.0000000
v 0.0470344 0.0000000 0.8019116
vn 0.0000000 1.0000000 0.0000000
v 0.0732540 0.0000000 0.7832303
vn 0.0000000 1.0000000 0.0000000
v -0.0063215 0.0000000 0.7770935
vn 0.0000000 1.0000000 0.0000000
v -0.0913014 0.0000000 -0.9659763
vn 0.0000000 1.0000000 0.0000000
v 0.4046378 0.0000000 -0.8846441
vn 0.0000000 1.0000000 0.0000000
v 0.3016202 0.0000000 -0.8769092
vn 0.0000000 1.0000000 0.0000000
v -0.2373512 0.0000000 -0.9039932
vn 0.0000000 1.0000000 0.0000000
v -0.2539753 0.0000000 -0.8375104
vn 0.0000000 1.0000000 0.0000000
v -0.4015808 0.0000000 -0.8675314
vn 0.0000000 1.0000000 0.0000000
v 0.4701439 0.0000000 -0.8086540
vn 0.0000000 1.0000000 0.0000000
v 0.4989297 0.0000000 -0.8073051
vn 0.0000000 1.0000000 0.0000000
v 0.5150482 0.0000000 -0.8275679
vn 0.0000000 1.0000000 0.0000000
v 0.3057549 0.0000000 -0.7848135
vn 0.0000000 1.0000000 0.0000000
v 0.1227758 0.0000000 -0.8087255
vn 0.0000000 1.0000000 0.0000000
v 0.3148932 0.0000000 -0.8566990
vn 0.0000000 1.0000000 0.0000000
v 0.0272282 0.0000000 -0.8677626
vn 0.0000000 1.0000000 0.0000000
v 0.0128188 0.0000000 -0.8440999
vn 0.0000000 1.0000000 0.0000000
v 0.5216091 0.0000000 -0.7548718
vn 0.0000000 1.0000000 0.0000000
v 0.1992836 0.0000000 -0.8118247
vn 0.0000000 1.0000000 0.0000000
v 0.1761761 0.0000000 -0.8003675
vn 0.0000000 1.0000000 0.0000000
v 0.2236259 0.0000000 -0.8072833
vn 0.0000000 1.0000000 0.0000000
v 0.1450058 0.0000000 -0.7846015
vn 0.0000000 1.0000000 0.0000000
v 0.1238348 0.0000000 -0.7593205
vn 0.0000000 1.0000000 0.0000000
v -0.1245174 0.0000000 -0.8258127
vn 0.0000000 1.0000000 0.0000000
v -0.4194082 0.0000000 -0.8451781
vn 0.0000000 1.0000000 0.0000000
v -0.4401514 0.0000000 -0.8238905
vn 0.0000000 1.0000000 0.0000000
v -0.3266664 0.0000000 -0.7849752
vn 0.0000000 1.0000000 0.0000000
v -0.4617740 0.0000000 -0.8039757
vn 0.0000000 1.0000000 0.0000000
v -0.1770512 0.0000000 -0.7633247
vn 0.0000000 1.0000000 0.0000000
v -0.3502329 0.0000000 -0.7667126
vn 0.0000000 1.0000000 0.0000000
v -0.5114915 0.0000000 -0.7882215
vn 0.0000000 1.0000000 0.0000000
v -0.5182462 0.0000000 -0.7554995
vn 0.0000000 1.0000000 0.0000000
v -0.5535408 0.0000000 -0.7244995
vn 0.0000000 1.0000000 0.0000000
v -0.5699834 0.0000000 -0.7515334
vn 0.0000000 1.0000000 0.0000000
v -0.3658656 0.0000000 -0.6921136
vn 0.0000000 1.0000000 0.0000000
v -0.3733157 0.0000000 -0.7480946
vn 0.0000000 1.0000000 0.0000000
v 0.0861861 0.0000000 -0.7032711
vn 0.0000000 1.0000000 0.0000000
v 0.4545816 0.0000000 -0.5514993
vn 0.0000000 1.0000000 0.0000000
v 0.5838690 0.0000000 -0.5552178
vn 0.0000000 1.0000000 0.0000000
v 0.7391956 0.0000000 -0.5354318
vn 0.0000000 1.0000000 0.0000000
v 0.7257265 0.0000000 -0.5534444
vn 0.0000000 1.0000000 0.0000000
v 0.7686224 0.0000000 -0.5395846
vn 0.0000000 1.0000000 0.0000000
v 0.5621657 0.0000000 -0.5831339
vn 0.0000000 1.0000000 0.0000000
v 0.2534440 0.0000000 -0.7276828
vn 0.0000000 1.0000000 0.0000000
v 0.1487442 0.0000000 -0.6929321
vn 0.0000000 1.0000000 0.0000000
v 0.5874022 0.0000000 -0.6789523
vn 0.0000000 1.0000000 0.0000000
v 0.4108631 0.0000000 -0.7202603
vn 0.0000000 1.0000000 0.0000000
v 0.4285327 0.0000000 -0.6942935
vn 0.0000000 1.0000000 0.0000000
v 0.2647407 0.0000000 -0.6185492
vn 0.0000000 1.0000000 0.0000000
v 0.6616502 0.0000000 -0.5961075
vn 0.0000000 1.0000000 0.0000000
v 0.5172807 0.0000000 -0.6322438
vn 0.0000000 1.0000000 0.0000000
v 0.1589672 0.0000000 -0.7231139
vn 0.0000000 1.0000000 0.0000000
v 0.2383795 0.0000000 -0.7529442
vn 0.0000000 1.0000000 0.0000000
v 0.6481305 0.0000000 -0.7251697
vn 0.0000000 1.0000000 0.0000000
v 0.4017134 0.0000000 -0.7730514
vn 0.0000000 1.0000000 0.0000000
v 0.6938554 0.0000000 -0.5125996
vn 0.0000000 1.0000000 0.0000000
v 0.3227753 0.0000000 -0.5610123
vn 0.0000000 1.0000000 0.0000000
v 0.1815824 0.0000000 -0.5940947
vn 0.0000000 1.0000000 0.0000000
v 0.0883824 0.0000000 -0.5589925
vn 0.0000000 1.0000000 0.0000000
v 0.0825027 0.0000000 -0.5290596
vn 0.0000000 1.0000000 0.0000000
v -0.4522708 0.0000000 -0.6427795
vn 0.0000000 1.0000000 0.0000000
v -0.2977819 0.0000000 -0.5439306
vn 0.0000000 1.0000000 0.0000000
v -0.4544978 0.0000000 -0.5745347
vn 0.0000000 1.0000000 0.0000000
v 0.5506463 0.0000000 -0.3845970
vn 0.0000000 1.0000000 0.0000000
v 0.6125159 0.0000000 -0.3935276
vn 0.0000000 1.0000000 0.0000000
v 0.6347135 0.0000000 -0.5205775
vn 0.0000000 1.0000000 0.0000000
v 0.6135844 0.0000000 -0.5369637
vn 0.0000000 1.0000000 0.0000000
v 0.6099246 0.0000000 -0.5061196
vn 0.0000000 1.0000000 0.0000000
v 0.2837522 0.0000000 -0.4889156
vn 0.0000000 1.0000000 0.0000000
v 0.1540690 0.0000000 -0.5826259
vn 0.0000000 1.0000000 0.0000000
v -0.0604056 0.0000000 -0.4701241
vn 0.0000000 1.0000000 0.0000000
v -0.7967128 0.0000000 -0.5018916
vn 0.0000000 1.0000000 0.0000000
v 0.7159051 0.0000000 -0.3429514
vn 0.0000000 1.0000000 0.0000000
v 0.4347258 0.0000000 -0.3876344
vn 0.0000000 1.0000000 0.0000000
v 0.1978482 0.0000000 -0.4102531
vn 0.0000000 1.0000000 0.0000000
v 0.1911781 0.0000000 -0.3835752
vn 0.0000000 1.0000000 0.0000000
v 0.4113877 0.0000000 -0.3385924
vn 0.0000000 1.0000000 0.0000000
v 0.1809271 0.0000000 -0.3586293
vn 0.0000000 1.0000000 0.0000000
v -0.0632504 0.0000000 -0.4396083
vn 0.0000000 1.0000000 0.0000000
v -0.0358949 0.0000000 -0.4265468
vn 0.0000000 1.0000000 0.0000000
v -0.4708190 0.0000000 -0.4699904
vn 0.0000000 1.0000000 0.0000000
v -0.7151412 0.0000000 -0.4709374
vn 0.0000000 1.0000000 0.0000000
v -0.7303247 0.0000000 -0.4296822
vn 0.0000000 1.0000000 0.0000000
v -0.2870989 0.0000000 -0.3605728
vn 0.0000000 1.0000000 0.0000000
v -0.7359978 0.0000000 -0.4066510
vn 0.0000000 1.0000000 0.0000000
v -0.7439195 0.0000000 -0.3764684
vn 0.0000000 1.0000000 0.0000000
v -0.5166020 0.0000000 -0.3470447
vn 0.0000000 1.0000000 0.0000000
v -0.7642368 0.0000000 -0.3531227
vn 0.0000000 1.0000000 0.0000000
v 0.8249474 0.0000000 -0.2099384
vn 0.0000000 1.0000000 0.0000000
v 0.9194382 0.0000000 -0.2032624
vn 0.0000000 1.0000000 0.0000000
v 0.8705159 0.0000000 -0.2048687
vn 0.0000000 1.0000000 0.0000000
v 0.7764676 0.0000000 -0.2319349
vn 0.0000000 1.0000000 0.0000000
v 0.7667421 0.0000000 -0.2583051
vn 0.0000000 1.0000000 0.0000000
v 0.9266213 0.0000000 -0.2807338
vn 0.0000000 1.0000000 0.0000000
v 0.6543874 0.0000000 -0.2753045
vn 0.0000000 1.0000000 0.0000000
v 0.7719496 0.0000000 -0.3373805
vn 0.0000000 1.0000000 0.0000000
v 0.7958877 0.0000000 -0.3168620
vn 0.0000000 1.0000000 0.0000000
v 0.7969031 0.0000000 -0.3489615
vn 0.0000000 1.0000000 0.0000000
v 0.5271368 0.0000000 -0.3345468
vn 0.0000000 1.0000000 0.0000000
v 0.3037718 0.0000000 -0.3051186
vn 0.0000000 1.0000000 0.0000000
v 0.4018102 0.0000000 -0.3134269
vn 0.0000000 1.0000000 0.0000000
v 0.2887771 0.0000000 -0.3301147
vn 0.0000000 1.0000000 0.0000000
v -0.4043230 0.0000000 -0.3232802
vn 0.0000000 1.0000000 0.0000000
v -0.4019629 0.0000000 -0.3466238
vn 0.0000000 1.0000000 0.0000000
v -0.8789555 0.0000000 -0.3455684
vn 0.0000000 1.0000000 0.0000000
v 0.7024647 0.0000000 -0.2177566
vn 0.0000000 1.0000000 0.0000000
v 0.6847827 0.0000000 -0.1962833
vn 0.0000000 1.0000000 0.0000000
v 0.4099929 0.0000000 -0.2295257
vn 0.0000000 1.0000000 0.0000000
v 0.4367589 0.0000000 -0.2108021
vn 0.0000000 1.0000000 0.0000000
v 0.1961782 0.0000000 -0.2332101
vn 0.0000000 1.0000000 0.0000000
v 0.1897930 0.0000000 -0.1999797
vn 0.0000000 1.0000000 0.0000000
v -0.0745790 0.0000000 -0.2498063
vn 0.0000000 1.0000000 0.0000000
v -0.2631729 0.0000000 -0.2883930
vn 0.0000000 1.0000000 0.0000000
v -0.2878863 0.0000000 -0.2862511
vn 0.0000000 1.0000000 0.0000000
v -0.7775697 0.0000000 -0.3088962
vn 0.0000000 1.0000000 0.0000000
v -0.5293522 0.0000000 -0.2554701
vn 0.0000000 1.0000000 0.0000000
v -0.7690586 0.0000000 -0.2867548
vn 0.0000000 1.0000000 0.0000000
v -0.7759285 0.0000000 -0.2642078
vn 0.0000000 1.0000000 0.0000000
v -0.0615301 0.0000000 -0.1732127
vn 0.0000000 1.0000000 0.0000000
v -0.3056987 0.0000000 -0.1914881
vn 0.0000000 1.0000000 0.0000000
v -0.5364642 0.0000000 -0.1973926
vn 0.0000000 1.0000000 0.0000000
v -0.7840011 0.0000000 -0.2373566
vn 0.0000000 1.0000000 0.0000000
v -0.7921839 0.0000000 -0.2114580
vn 0.0000000 1.0000000 0.0000000
v -0.5643806 0.0000000 -0.1856989
vn 0.0000000 1.0000000 0.0000000
v 0.6082689 0.0000000 -0.0407376
vn 0.0000000 1.0000000 0.0000000
v 0.6839440 0.0000000 -0.0456994
vn 0.0000000 1.0000000 0.0000000
v 0.8171329 0.0000000 -0.1233903
vn 0.0000000 1.0000000 0.0000000
v 0.9299824 0.0000000 -0.1195351
vn 0.0000000 1.0000000 0.0000000
v 0.8737128 0.0000000 -0.1282254
vn 0.0000000 1.0000000 0.0000000
v 0.8094441 0.0000000 -0.1512595
vn 0.0000000 1.0000000 0.0000000
v 0.8263285 0.0000000 -0.1793286
vn 0.0000000 1.0000000 0.0000000
v 0.5494843 0.0000000 -0.1814150
vn 0.0000000 1.0000000 0.0000000
v 0.3744417 0.0000000 -0.1413104
vn 0.0000000 1.0000000 0.0000000
v 0.3039178 0.0000000 -0.1544997
vn 0.0000000 1.0000000 0.0000000
v 0.0581385 0.0000000 -0.1582534
vn 0.0000000 1.0000000 0.0000000
v -0.1905813 0.0000000 -0.1740880
vn 0.0000000 1.0000000 0.0000000
v -0.4309903 0.0000000 -0.1726803
vn 0.0000000 1.0000000 0.0000000
v -0.9230381 0.0000000 -0.1758982
vn 0.0000000 1.0000000 0.0000000
v 0.6756768 0.0000000 0.0107814
vn 0.0000000 1.0000000 0.0000000
v 0.4586258 0.0000000 -0.0515547
vn 0.0000000 1.0000000 0.0000000
v 0.4328808 0.0000000 -0.0628785
vn 0.0000000 1.0000000 0.0000000
v 0.1846432 0.0000000 -0.0121413
vn 0.0000000 1.0000000 0.0000000
v -0.0154458 0.0000000 -0.0935528
vn 0.0000000 1.0000000 0.0000000
v -0.0456762 0.0000000 -0.0959908
vn 0.0000000 1.0000000 0.0000000
v -0.2952409 0.0000000 -0.0939267
vn 0.0000000 1.0000000 0.0000000
v -0.7840323 0.0000000 -0.1645216
vn 0.0000000 1.0000000 0.0000000
v -0.7957129 0.0000000 -0.1406471
vn 0.0000000 1.0000000 0.0000000
v -0.8036246 0.0000000 -0.1147783
vn 0.0000000 1.0000000 0.0000000
v -0.8091127 0.0000000 -0.0890689
vn 0.0000000 1.0000000 0.0000000
v -0.0594775 0.0000000 0.0093194
vn 0.0000000 1.0000000 0.0000000
v -0.3155613 0.0000000 -0.0169873
vn 0.0000000 1.0000000 0.0000000
v -0.5568641 0.0000000 -0.0471167
vn 0.0000000 1.0000000 0.0000000
v -0.8360677 0.0000000 -0.0813193
vn 0.0000000 1.0000000 0.0000000
v -0.8200977 0.0000000 -0.0366206
vn 0.0000000 1.0000000 0.0000000
v -0.5622808 0.0000000 0.0115048
vn 0.0000000 1.0000000 0.0000000
v -0.8596641 0.0000000 -0.0014837
vn 0.0000000 1.0000000 0.0000000
v 0.8080764 0.0000000 0.0626197
vn 0.0000000 1.0000000 0.0000000
v 0.8491495 0.0000000 -0.0069248
vn 0.0000000 1.0000000 0.0000000
v 0.3094553 0.0000000 0.0179282
vn 0.0000000 1.0000000 0.0000000
v 0.3072287 0.0000000 -0.0135976
vn 0.0000000 1.0000000 0.0000000
v 0.0698709 0.0000000 -0.0188245
vn 0.0000000 1.0000000 0.0000000
v -0.2061405 0.0000000 0.0541923
vn 0.0000000 1.0000000 0.0000000
v -0.2036050 0.0000000 0.0312826
vn 0.0000000 1.0000000 0.0000000
v -0.1866983 0.0000000 0.0162841
vn 0.0000000 1.0000000 0.0000000
v -0.6798408 0.0000000 0.0138283
vn 0.0000000 1.0000000 0.0000000
v -0.9456497 0.0000000 -0.0057306
vn 0.0000000 1.0000000 0.0000000
v 0.9315677 0.0000000 0.1758457
vn 0.0000000 1.0000000 0.0000000
v 0.5624187 0.0000000 0.1446418
vn 0.0000000 1.0000000 0.0000000
v 0.6861264 0.0000000 0.1715481
vn 0.0000000 1.0000000 0.0000000
v 0.3456447 0.0000000 0.1121623
vn 0.0000000 1.0000000 0.0000000
v 0.0433626 0.0000000 0.1345461
vn 0.0000000 1.0000000 0.0000000
v 0.1815895 0.0000000 0.1778117
vn 0.0000000 1.0000000 0.0000000
v -0.0761622 0.0000000 0.0800039
vn 0.0000000 1.0000000 0.0000000
v -0.3955995 0.0000000 0.0591103
vn 0.0000000 1.0000000 0.0000000
v -0.4362622 0.0000000 0.0814781
vn 0.0000000 1.0000000 0.0000000
v -0.5783964 0.0000000 0.0346011
vn 0.0000000 1.0000000 0.0000000
v -0.6024222 0.0000000 0.0429909
vn 0.0000000 1.0000000 0.0000000
v -0.8488876 0.0000000 0.0497553
vn 0.0000000 1.0000000 0.0000000
v -0.9371045 0.0000000 0.0275895
vn 0.0000000 1.0000000 0.0000000
v -0.9153287 0.0000000 0.0486677
vn 0.0000000 1.0000000 0.0000000
v -0.0656489 0.0000000 0.1565039
vn 0.0000000 1.0000000 0.0000000
v -0.3038685 0.0000000 0.1677790
vn 0.0000000 1.0000000 0.0000000
v -0.5817657 0.0000000 0.1377753
vn 0.0000000 1.0000000 0.0000000
v -0.8229779 0.0000000 0.1269391
vn 0.0000000 1.0000000 0.0000000
v -0.9286466 0.0000000 0.1167974
vn 0.0000000 1.0000000 0.0000000
v -0.9113367 0.0000000 0.1358254
vn 0.0000000 1.0000000 0.0000000
v -0.5396459 0.0000000 0.1674041
vn 0.0000000 1.0000000 0.0000000
v 0.7849497 0.0000000 0.2690448
vn 0.0000000 1.0000000 0.0000000
v 0.2917438 0.0000000 0.2695828
vn 0.0000000 1.0000000 0.0000000
v 0.7742406 0.0000000 0.2397113
vn 0.0000000 1.0000000 0.0000000
v 0.7951120 0.0000000 0.2185834
vn 0.0000000 1.0000000 0.0000000
v 0.7877959 0.0000000 0.1907014
vn 0.0000000 1.0000000 0.0000000
v 0.8076084 0.0000000 0.1696837
vn 0.0000000 1.0000000 0.0000000
v 0.5580172 0.0000000 0.1737507
vn 0.0000000 1.0000000 0.0000000
v 0.3086459 0.0000000 0.1906620
vn 0.0000000 1.0000000 0.0000000
v -0.1922654 0.0000000 0.2267687
vn 0.0000000 1.0000000 0.0000000
v -0.2020181 0.0000000 0.1987590
vn 0.0000000 1.0000000 0.0000000
v -0.4207890 0.0000000 0.1877497
vn 0.0000000 1.0000000 0.0000000
v -0.6584575 0.0000000 0.1921042
vn 0.0000000 1.0000000 0.0000000
v 0.8795938 0.0000000 0.3450393
vn 0.0000000 1.0000000 0.0000000
v 0.5522228 0.0000000 0.3129162
vn 0.0000000 1.0000000 0.0000000
v 0.6669750 0.0000000 0.3417231
vn 0.0000000 1.0000000 0.0000000
v 0.3103080 0.0000000 0.2921158
vn 0.0000000 1.0000000 0.0000000
v 0.0965901 0.0000000 0.2849069
vn 0.0000000 1.0000000 0.0000000
v -0.0944296 0.0000000 0.2590373
vn 0.0000000 1.0000000 0.0000000
v -0.4309227 0.0000000 0.2404349
vn 0.0000000 1.0000000 0.0000000
v -0.5807890 0.0000000 0.2178497
vn 0.0000000 1.0000000 0.0000000
v -0.8377395 0.0000000 0.2013696
vn 0.0000000 1.0000000 0.0000000
v -0.9167139 0.0000000 0.2144358
vn 0.0000000 1.0000000 0.0000000
v -0.8856866 0.0000000 0.2208774
vn 0.0000000 1.0000000 0.0000000
v -0.0642105 0.0000000 0.3382207
vn 0.0000000 1.0000000 0.0000000
v -0.2954254 0.0000000 0.3033864
vn 0.0000000 1.0000000 0.0000000
v -0.3653928 0.0000000 0.3128771
vn 0.0000000 1.0000000 0.0000000
v -0.4221348 0.0000000 0.3136397
vn 0.0000000 1.0000000 0.0000000
v -0.5636624 0.0000000 0.2993571
vn 0.0000000 1.0000000 0.0000000
v -0.8077725 0.0000000 0.2962380
vn 0.0000000 1.0000000 0.0000000
v -0.8801419 0.0000000 0.2984880
vn 0.0000000 1.0000000 0.0000000
v -0.5316808 0.0000000 0.3397749
vn 0.0000000 1.0000000 0.0000000
v -0.7352535 0.0000000 0.3158105
vn 0.0000000 1.0000000 0.0000000
v 0.7052562 0.0000000 0.4811297
vn 0.0000000 1.0000000 0.0000000
v 0.7153352 0.0000000 0.4481682
vn 0.0000000 1.0000000 0.0000000
v 0.7278566 0.0000000 0.4188600
vn 0.0000000 1.0000000 0.0000000
v 0.4939325 0.0000000 0.4227553
vn 0.0000000 1.0000000 0.0000000
v 0.2607628 0.0000000 0.4365747
vn 0.0000000 1.0000000 0.0000000
v 0.7415193 0.0000000 0.3912603
vn 0.0000000 1.0000000 0.0000000
v 0.5118814 0.0000000 0.3716524
vn 0.0000000 1.0000000 0.0000000
v 0.7524386 0.0000000 0.3644246
vn 0.0000000 1.0000000 0.0000000
v 0.5200117 0.0000000 0.3445678
vn 0.0000000 1.0000000 0.0000000
v -0.1953788 0.0000000 0.3867304
vn 0.0000000 1.0000000 0.0000000
v -0.4065751 0.0000000 0.3335920
vn 0.0000000 1.0000000 0.0000000
v -0.6390380 0.0000000 0.3541708
vn 0.0000000 1.0000000 0.0000000
v 0.3668991 0.0000000 0.4592540
vn 0.0000000 1.0000000 0.0000000
v -0.4070678 0.0000000 0.3896185
vn 0.0000000 1.0000000 0.0000000
v -0.4125503 0.0000000 0.4219789
vn 0.0000000 1.0000000 0.0000000
v -0.6103271 0.0000000 0.3662826
vn 0.0000000 1.0000000 0.0000000
v -0.5789156 0.0000000 0.3803064
vn 0.0000000 1.0000000 0.0000000
v -0.8655297 0.0000000 0.3787378
vn 0.0000000 1.0000000 0.0000000
v -0.0512138 0.0000000 0.5167834
vn 0.0000000 1.0000000 0.0000000
v -0.3589959 0.0000000 0.4716701
vn 0.0000000 1.0000000 0.0000000
v -0.2614209 0.0000000 0.5097599
vn 0.0000000 1.0000000 0.0000000
v -0.5390025 0.0000000 0.4487097
vn 0.0000000 1.0000000 0.0000000
v -0.5145655 0.0000000 0.4628786
vn 0.0000000 1.0000000 0.0000000
v -0.7567843 0.0000000 0.4610515
vn 0.0000000 1.0000000 0.0000000
v -0.7042870 0.0000000 0.5033582
vn 0.0000000 1.0000000 0.0000000
v -0.7592678 0.0000000 0.5242167
vn 0.0000000 1.0000000 0.0000000
v -0.5118815 0.0000000 0.5250736
vn 0.0000000 1.0000000 0.0000000
v -0.5069805 0.0000000 0.5528170
vn 0.0000000 1.0000000 0.0000000
v -0.3282401 0.0000000 0.5813065
vn 0.0000000 1.0000000 0.0000000
v -0.1287416 0.0000000 0.5876019
vn 0.0000000 1.0000000 0.0000000
v -0.2891697 0.0000000 0.5175644
vn 0.0000000 1.0000000 0.0000000
v 0.4956813 0.0000000 0.5944716
vn 0.0000000 1.0000000 0.0000000
v 0.7019912 0.0000000 0.6089483
vn 0.0000000 1.0000000 0.0000000
v -0.1670797 0.0000000 -0.5666007
vn 0.0000000 1.0000000 0.0000000
v -0.3113812 0.0000000 -0.6005615
vn 0.0000000 1.0000000 0.0000000
v -0.4566429 0.0000000 -0.6185936
vn 0.0000000 1.0000000 0.0000000
v -0.5590397 0.0000000 -0.6628795
vn 0.0000000 1.0000000 0.0000000
v -0.5553116 0.0000000 -0.6385679
vn 0.0000000 1.0000000 0.0000000
v -0.5968611 0.0000000 -0.6236751
vn 0.0000000 1.0000000 0.0000000
v -0.6159256 0.0000000 -0.6022542
vn 0.0000000 1.0000000 0.0000000
v -0.4043273 0.0000000 -0.5259560
vn 0.0000000 1.0000000 0.0000000
v -0.5749261 0.0000000 -0.5676451
vn 0.0000000 1.0000000 0.0000000
v -0.6857824 0.0000000 -0.5329586
vn 0.0000000 1.0000000 0.0000000
v 0.1501658 0.0000000 0.6302886
vn 0.0000000 1.0000000 0.0000000
v 0.5507244 0.0000000 0.6839492
vn 0.0000000 1.0000000 0.0000000
v 0.4587219 0.0000000 0.6380106
vn 0.0000000 1.0000000 0.0000000
v 0.5392053 0.0000000 0.6212904
vn 0.0000000 1.0000000 0.0000000
v 0.3285508 0.0000000 0.5261266
vn 0.0000000 1.0000000 0.0000000
v 0.3714726 0.0000000 0.5421927
vn 0.0000000 1.0000000 0.0000000
v 0.7486055 0.0000000 0.5830922
vn 0.0000000 1.0000000 0.0000000
v 0.5976054 0.0000000 0.7682368
vn 0.0000000 1.0000000 0.0000000
v 0.3577483 0.0000000 0.7276534
vn 0.0000000 1.0000000 0.0000000
v 0.4558979 0.0000000 0.7410008
vn 0.0000000 1.0000000 0.0000000
v 0.4344575 0.0000000 0.7655591
vn 0.0000000 1.0000000 0.0000000
v 0.1399461 0.0000000 0.6565694
vn 0.0000000 1.0000000 0.0000000
v 0.2814206 0.0000000 0.7497306
vn 0.0000000 1.0000000 0.0000000
v 0.1012077 0.0000000 0.7643610
vn 0.0000000 1.0000000 0.0000000
v -0.4286556 0.0000000 0.5882653
vn 0.0000000 1.0000000 0.0000000
v -0.8105856 0.0000000 0.5284918
vn 0.0000000 1.0000000 0.0000000
v -0.7823238 0.0000000 0.5341830
vn 0.0000000 1.0000000 0.0000000
v -0.6223739 0.0000000 0.6352736
vn 0.0000000 1.0000000 0.0000000
v 0.4404634 0.0000000 0.8227328
vn 0.0000000 1.0000000 0.0000000
v 0.2714632 0.0000000 0.8365274
vn 0.0000000 1.0000000 0.0000000
v 0.0787008 0.0000000 0.8157576
vn 0.0000000 1.0000000 0.0000000
v 0.1128885 0.0000000 0.8127885
vn 0.0000000 1.0000000 0.0000000
v 0.4835048 0.0000000 0.8024497
vn 0.0000000 1.0000000 0.0000000
v 0.4992425 0.0000000 0.7770653
vn 0.0000000 1.0000000 0.0000000
v -0.1739881 0.0000000 0.7996610
vn 0.0000000 1.0000000 0.0000000
v -0.2248931 0.0000000 0.7986760
vn 0.0000000 1.0000000 0.0000000
v -0.2004774 0.0000000 0.8127006
vn 0.0000000 1.0000000 0.0000000
v -0.5313113 0.0000000 0.7588692
vn 0.0000000 1.0000000 0.0000000
v -0.5810755 0.0000000 0.7835469
vn 0.0000000 1.0000000 0.0000000
v 0.1825812 0.0000000 0.8546836
vn 0.0000000 1.0000000 0.0000000
v -0.0055408 0.0000000 0.8042657
vn 0.0000000 1.0000000 0.0000000
v -0.1283377 0.0000000 0.7983347
vn 0.0000000 1.0000000 0.0000000
v -0.3042725 0.0000000 0.7758008
vn 0.0000000 1.0000000 0.0000000
v -0.3967541 0.0000000 0.7981906
vn 0.0000000 1.0000000 0.0000000
v -0.4624210 0.0000000 0.8403741
vn 0.0000000 1.0000000 0.0000000
v 0.2631482 0.0000000 0.8844776
vn 0.0000000 1.0000000 0.0000000
v 0.4148558 0.0000000 0.8458140
vn 0.0000000 1.0000000 0.0000000
v 0.1222268 0.0000000 0.8623139
vn 0.0000000 1.0000000 0.0000000
v -0.1175239 0.0000000 0.9039915
vn 0.0000000 1.0000000 0.0000000
v -0.0597168 0.0000000 0.8838968
vn 0.0000000 1.0000000 0.0000000
v -0.3181508 0.0000000 0.8720570
vn 0.0000000 1.0000000 0.0000000
v -0.2391707 0.0000000 0.6276438
vn 0.0000000 1.0000000 0.0000000
v -0.6106084 0.0000000 0.5858516
vn 0.0000000 1.0000000 0.0000000
v -0.5692442 0.0000000 0.6529875
vn 0.0000000 1.0000000 0.0000000
v -0.0571985 0.0000000 0.7582708
vn 0.0000000 1.0000000 0.0000000
v -0.2237835 0.0000000 0.7711728
vn 0.0000000 1.0000000 0.0000000
v -0.6445754 0.0000000 0.6515118
vn 0.0000000 1.0000000 0.0000000
v -0.6467851 0.0000000 0.6829308
vn 0.0000000 1.0000000 0.0000000
v -0.5685475 0.0000000 0.7291768
vn 0.0000000 1.0000000 0.0000000
v -0.3857082 0.0000000 0.7713901
vn 0.0000000 1.0000000 0.0000000
v -0.0440489 0.0000000 -0.8946012
vn 0.0000000 1.0000000 0.0000000
v 0.2131033 0.0000000 -0.8321713
vn 0.0000000 1.0000000 0.0000000
v -0.1530961 0.0000000 -0.6919279
vn 0.0000000 1.0000000 0.0000000
v -0.1179228 0.0000000 -0.6517039
vn 0.0000000 1.0000000 0.0000000
v -0.0880486 0.0000000 -0.6565340
vn 0.0000000 1.0000000 0.0000000
v 0.2887143 0.0000000 -0.4562559
vn 0.0000000 1.0000000 0.0000000
v 0.3039597 0.0000000 -0.4258777
vn 0.0000000 1.0000000 0.0000000
v -0.2738187 0.0000000 -0.3875965
vn 0.0000000 1.0000000 0.0000000
v 0.3168187 0.0000000 -0.2801754
vn 0.0000000 1.0000000 0.0000000
v 0.2274113 0.0000000 -0.2865475
vn 0.0000000 1.0000000 0.0000000
v 0.2870950 0.0000000 -0.2833340
vn 0.0000000 1.0000000 0.0000000
v -0.2874817 0.0000000 -0.2413594
vn 0.0000000 1.0000000 0.0000000
v 0.3253735 0.0000000 -0.1112147
vn 0.0000000 1.0000000 0.0000000
v 0.2106544 0.0000000 -0.1208963
vn 0.0000000 1.0000000 0.0000000
v 0.2731885 0.0000000 -0.1169921
vn 0.0000000 1.0000000 0.0000000
v 0.3005710 0.0000000 0.2490178
vn 0.0000000 1.0000000 0.0000000
v 0.2676346 0.0000000 0.4065394
vn 0.0000000 1.0000000 0.0000000
v 0.2628233 0.0000000 0.6051376
vn 0.0000000 1.0000000 0.0000000
v 0.1589807 0.0000000 0.6049110
vn 0.0000000 1.0000000 0.0000000
v -0.2606155 0.0000000 0.6746662
vn 0.0000000 1.0000000 0.0000000
v -0.2252449 0.0000000 0.8256323
vn 0.0000000 1.0000000 0.0000000
v -0.2040376 0.0000000 0.8358657
vn 0.0000000 1.0000000 0.0000000
v -0.0249878 0.0000000 -0.6975180
vn 0.0000000 1.0000000 0.0000000
v 0.5098811 0.0000000 -0.7090566
vn 0.0000000 1.0000000 0.0000000
v 0.3753417 0.0000000 -0.5564467
vn 0.0000000 1.0000000 0.0000000
v -0.4826533 0.0000000 -0.6814819
vn 0.0000000 1.0000000 0.0000000
v -0.4053378 0.0000000 -0.6496224
vn 0.0000000 1.0000000 0.0000000
v 0.6657244 0.0000000 -0.4110953
vn 0.0000000 1.0000000 0.0000000
v 0.5919212 0.0000000 -0.4815523
vn 0.0000000 1.0000000 0.0000000
v 0.5656421 0.0000000 -0.4829206
vn 0.0000000 1.0000000 0.0000000
v -0.2404934 0.0000000 -0.4981036
vn 0.0000000 1.0000000 0.0000000
v -0.2881155 0.0000000 -0.4880804
vn 0.0000000 1.0000000 0.0000000
v 0.3010167 0.0000000 -0.3535267
vn 0.0000000 1.0000000 0.0000000
v -0.6053855 0.0000000 -0.4426765
vn 0.0000000 1.0000000 0.0000000
v -0.6396869 0.0000000 -0.3648668
vn 0.0000000 1.0000000 0.0000000
v 0.7388502 0.0000000 -0.2603275
vn 0.0000000 1.0000000 0.0000000
v 0.6696348 0.0000000 -0.3201981
vn 0.0000000 1.0000000 0.0000000
v 0.6952394 0.0000000 -0.3172868
vn 0.0000000 1.0000000 0.0000000
v -0.2525016 0.0000000 -0.3134999
vn 0.0000000 1.0000000 0.0000000
v -0.3322070 0.0000000 -0.3180265
vn 0.0000000 1.0000000 0.0000000
v 0.3088726 0.0000000 -0.1802702
vn 0.0000000 1.0000000 0.0000000
v -0.6533943 0.0000000 -0.2894665
vn 0.0000000 1.0000000 0.0000000
v -0.6685286 0.0000000 -0.1833721
vn 0.0000000 1.0000000 0.0000000
v 0.7449400 0.0000000 -0.0609158
vn 0.0000000 1.0000000 0.0000000
v 0.8259023 0.0000000 -0.0678427
vn 0.0000000 1.0000000 0.0000000
v -0.2972941 0.0000000 -0.1436711
vn 0.0000000 1.0000000 0.0000000
v 0.3350526 0.0000000 0.1379301
vn 0.0000000 1.0000000 0.0000000
v 0.2755418 0.0000000 0.1396322
vn 0.0000000 1.0000000 0.0000000
v 0.3220816 0.0000000 0.1638557
vn 0.0000000 1.0000000 0.0000000
v -0.7029526 0.0000000 0.0695350
vn 0.0000000 1.0000000 0.0000000
v -0.7371092 0.0000000 0.1543481
vn 0.0000000 1.0000000 0.0000000
v 0.6528900 0.0000000 0.2925804
vn 0.0000000 1.0000000 0.0000000
v 0.6665193 0.0000000 0.1987357
vn 0.0000000 1.0000000 0.0000000
v -0.3080808 0.0000000 0.1918312
vn 0.0000000 1.0000000 0.0000000
v 0.3297812 0.0000000 0.3156988
vn 0.0000000 1.0000000 0.0000000
v 0.2722583 0.0000000 0.3195404
vn 0.0000000 1.0000000 0.0000000
v 0.2894049 0.0000000 0.3444108
vn 0.0000000 1.0000000 0.0000000
v -0.6864558 0.0000000 0.2485944
vn 0.0000000 1.0000000 0.0000000
v -0.7313347 0.0000000 0.2308060
vn 0.0000000 1.0000000 0.0000000
v -0.6600068 0.0000000 0.3154513
vn 0.0000000 1.0000000 0.0000000
v 0.6052063 0.0000000 0.4288711
vn 0.0000000 1.0000000 0.0000000
v -0.2968678 0.0000000 0.3538430
vn 0.0000000 1.0000000 0.0000000
v 0.2442701 0.0000000 0.4872290
vn 0.0000000 1.0000000 0.0000000
v -0.7156794 0.0000000 0.3930400
vn 0.0000000 1.0000000 0.0000000
v -0.6183323 0.0000000 0.4898418
vn 0.0000000 1.0000000 0.0000000
v -0.6690635 0.0000000 0.4521465
vn 0.0000000 1.0000000 0.0000000
v -0.6754970 0.0000000 0.4978294
vn 0.0000000 1.0000000 0.0000000
v 0.4752868 0.0000000 0.6948341
vn 0.0000000 1.0000000 0.0000000
v 0.5793798 0.0000000 0.6731722
vn 0.0000000 1.0000000 0.0000000
v -0.6996694 0.0000000 0.5669494
vn 0.0000000 1.0000000 0.0000000
v -0.6785625 0.0000000 0.5454141
vn 0.0000000 1.0000000 0.0000000
v 0.4107346 0.0000000 0.7836577
vn 0.0000000 1.0000000 0.0000000
v 0.0717331 0.0000000 0.8485501
vn 0.0000000 1.0000000 0.0000000
v -0.3961086 0.0000000 0.8556984
vn 0.0000000 1.0000000 0.0000000
v 0.3095887 0.0000000 0.8687382
vn 0.0000000 1.0000000 0.0000000
v -0.4834131 0.0000000 0.7439052
vn 0.0000000 1.0000000 0.0000000
v 0.1541382 0.0000000 -0.8395279
vn 0.0000000 1.0000000 0.0000000
v -0.1421903 0.0000000 -0.8041151
vn 0.0000000 1.0000000 0.0000000
v -0.0983763 0.0000000 -0.7708155
vn 0.0000000 1.0000000 0.0000000
v 0.3833022 0.0000000 -0.6568646
vn 0.0000000 1.0000000 0.0000000
v 0.5032498 0.0000000 -0.6838177
vn 0.0000000 1.0000000 0.0000000
v 0.4322373 0.0000000 -0.6641984
vn 0.0000000 1.0000000 0.0000000
v 0.2384574 0.0000000 -0.6959925
vn 0.0000000 1.0000000 0.0000000
v 0.2715547 0.0000000 -0.7036046
vn 0.0000000 1.0000000 0.0000000
v 0.2057470 0.0000000 -0.7005930
vn 0.0000000 1.0000000 0.0000000
v 0.1394124 0.0000000 -0.6637486
vn 0.0000000 1.0000000 0.0000000
v -0.1152634 0.0000000 -0.5937867
vn 0.0000000 1.0000000 0.0000000
v 0.6273075 0.0000000 -0.4466957
vn 0.0000000 1.0000000 0.0000000
v 0.1065449 0.0000000 -0.5097817
vn 0.0000000 1.0000000 0.0000000
v 0.2027318 0.0000000 -0.4375721
vn 0.0000000 1.0000000 0.0000000
v 0.1973888 0.0000000 -0.3355895
vn 0.0000000 1.0000000 0.0000000
v 0.1391622 0.0000000 -0.2860920
vn 0.0000000 1.0000000 0.0000000
v 0.0783533 0.0000000 -0.2856151
vn 0.0000000 1.0000000 0.0000000
v -0.6676978 0.0000000 -0.2323758
vn 0.0000000 1.0000000 0.0000000
v 0.7881350 0.0000000 -0.1292518
vn 0.0000000 1.0000000 0.0000000
v 0.1809767 0.0000000 -0.1678526
vn 0.0000000 1.0000000 0.0000000
v 0.1490773 0.0000000 -0.0998225
vn 0.0000000 1.0000000 0.0000000
v 0.0711808 0.0000000 -0.1075671
vn 0.0000000 1.0000000 0.0000000
v 0.0428095 0.0000000 -0.0993911
vn 0.0000000 1.0000000 0.0000000
v -0.1840007 0.0000000 0.0997170
vn 0.0000000 1.0000000 0.0000000
v -0.6929480 0.0000000 0.1178552
vn 0.0000000 1.0000000 0.0000000
v -0.7920094 0.0000000 0.0916967
vn 0.0000000 1.0000000 0.0000000
v -0.7565127 0.0000000 0.1257720
vn 0.0000000 1.0000000 0.0000000
v 0.6608275 0.0000000 0.2311426
vn 0.0000000 1.0000000 0.0000000
v -0.1800511 0.0000000 0.2548326
vn 0.0000000 1.0000000 0.0000000
v -0.7712175 0.0000000 0.2678024
vn 0.0000000 1.0000000 0.0000000
v 0.6143517 0.0000000 0.4029856
vn 0.0000000 1.0000000 0.0000000
v -0.6200618 0.0000000 0.4434132
vn 0.0000000 1.0000000 0.0000000
v -0.6946978 0.0000000 0.4388517
vn 0.0000000 1.0000000 0.0000000
v 0.0628459 0.0000000 0.5903366
vn 0.0000000 1.0000000 0.0000000
v 0.4506385 0.0000000 0.6098937
vn 0.0000000 1.0000000 0.0000000
v 0.3628494 0.0000000 0.5901438
vn 0.0000000 1.0000000 0.0000000
v 0.1409944 0.0000000 0.5340821
vn 0.0000000 1.0000000 0.0000000
v -0.1575640 0.0000000 0.6361846
vn 0.0000000 1.0000000 0.0000000
v -0.2065812 0.0000000 0.6734794
vn 0.0000000 1.0000000 0.0000000
v -0.4948053 0.0000000 0.6487024
vn 0.0000000 1.0000000 0.0000000
v -0.4838582 0.0000000 0.6747863
vn 0.0000000 1.0000000 0.0000000
v -0.2270416 0.0000000 0.7184440
vn 0.0000000 1.0000000 0.0000000
v 0.4595768 0.0000000 0.8046109
vn 0.0000000 1.0000000 0.0000000
v 0.1524670 0.0000000 0.7820286
vn 0.0000000 1.0000000 0.0000000
v 0.1427909 0.0000000 0.8085845
vn 0.0000000 1.0000000 0.0000000
v -0.4128113 0.0000000 0.8234690
vn 0.0000000 1.0000000 0.0000000
v -0.1758541 0.0000000 0.8321370
vn 0.0000000 1.0000000 0.0000000
v -0.0147380 0.0000000 0.9260695
vn 0.0000000 1.0000000 0.0000000
v -0.1324062 0.0000000 -0.8717703
vn 0.0000000 1.0000000 0.0000000
v -0.3334063 0.0000000 -0.8440250
vn 0.0000000 1.0000000 0.0000000
v 0.3341726 0.0000000 -0.7901323
vn 0.0000000 1.0000000 0.0000000
v -0.2583005 0.0000000 -0.8659426
vn 0.0000000 1.0000000 0.0000000
v 0.2295989 0.0000000 -0.7797508
vn 0.0000000 1.0000000 0.0000000
v -0.0599516 0.0000000 -0.8218275
vn 0.0000000 1.0000000 0.0000000
v -0.2494739 0.0000000 -0.7773969
vn 0.0000000 1.0000000 0.0000000
v -0.3699227 0.0000000 -0.7194912
vn 0.0000000 1.0000000 0.0000000
v -0.4453356 0.0000000 -0.7482054
vn 0.0000000 1.0000000 0.0000000
v -0.4698662 0.0000000 -0.7418424
vn 0.0000000 1.0000000 0.0000000
v -0.0415118 0.0000000 -0.6455487
vn 0.0000000 1.0000000 0.0000000
v 0.0298488 0.0000000 -0.6485303
vn 0.0000000 1.0000000 0.0000000
v -0.0131751 0.0000000 -0.6767518
vn 0.0000000 1.0000000 0.0000000
v -0.2000352 0.0000000 -0.7501742
vn 0.0000000 1.0000000 0.0000000
v 0.4756043 0.0000000 -0.5991781
vn 0.0000000 1.0000000 0.0000000
v 0.4983914 0.0000000 -0.5773405
vn 0.0000000 1.0000000 0.0000000
v 0.8005285 0.0000000 -0.5430202
vn 0.0000000 1.0000000 0.0000000
v 0.5636680 0.0000000 -0.6942552
vn 0.0000000 1.0000000 0.0000000
v 0.5570619 0.0000000 -0.7176861
vn 0.0000000 1.0000000 0.0000000
v 0.3727234 0.0000000 -0.6117086
vn 0.0000000 1.0000000 0.0000000
v 0.0879835 0.0000000 -0.7320184
vn 0.0000000 1.0000000 0.0000000
v 0.1313684 0.0000000 -0.7343463
vn 0.0000000 1.0000000 0.0000000
v 0.6031011 0.0000000 -0.7552079
vn 0.0000000 1.0000000 0.0000000
v 0.2698707 0.0000000 -0.5897515
vn 0.0000000 1.0000000 0.0000000
v 0.1821438 0.0000000 -0.5401329
vn 0.0000000 1.0000000 0.0000000
v 0.1836732 0.0000000 -0.5117847
vn 0.0000000 1.0000000 0.0000000
v -0.5377315 0.0000000 -0.7052937
vn 0.0000000 1.0000000 0.0000000
v -0.2759800 0.0000000 -0.5626206
vn 0.0000000 1.0000000 0.0000000
v -0.6346141 0.0000000 -0.5812902
vn 0.0000000 1.0000000 0.0000000
v 0.3153837 0.0000000 -0.4027574
vn 0.0000000 1.0000000 0.0000000
v 0.3620963 0.0000000 -0.4136773
vn 0.0000000 1.0000000 0.0000000
v 0.2487973 0.0000000 -0.4285901
vn 0.0000000 1.0000000 0.0000000
v 0.3913824 0.0000000 -0.5025353
vn 0.0000000 1.0000000 0.0000000
v 0.3656253 0.0000000 -0.4897762
vn 0.0000000 1.0000000 0.0000000
v -0.1381453 0.0000000 -0.4330681
vn 0.0000000 1.0000000 0.0000000
v -0.1908350 0.0000000 -0.4974611
vn 0.0000000 1.0000000 0.0000000
v -0.6911388 0.0000000 -0.4863768
vn 0.0000000 1.0000000 0.0000000
v 0.7597535 0.0000000 -0.2102424
vn 0.0000000 1.0000000 0.0000000
v 0.3226008 0.0000000 -0.2366042
vn 0.0000000 1.0000000 0.0000000
v 0.3860011 0.0000000 -0.2444937
vn 0.0000000 1.0000000 0.0000000
v -0.1385410 0.0000000 -0.2966199
vn 0.0000000 1.0000000 0.0000000
v -0.0880639 0.0000000 -0.2743620
vn 0.0000000 1.0000000 0.0000000
v -0.1258195 0.0000000 -0.3226844
vn 0.0000000 1.0000000 0.0000000
v 0.7744808 0.0000000 -0.1846698
vn 0.0000000 1.0000000 0.0000000
v -0.7564391 0.0000000 -0.3270735
vn 0.0000000 1.0000000 0.0000000
v 0.3245457 0.0000000 -0.0771179
vn 0.0000000 1.0000000 0.0000000
v 0.3127295 0.0000000 -0.0453864
vn 0.0000000 1.0000000 0.0000000
v 0.2149694 0.0000000 -0.0920025
vn 0.0000000 1.0000000 0.0000000
v 0.7986405 0.0000000 -0.1731148
vn 0.0000000 1.0000000 0.0000000
v 0.7530337 0.0000000 -0.1618600
vn 0.0000000 1.0000000 0.0000000
v -0.1819871 0.0000000 -0.1006247
vn 0.0000000 1.0000000 0.0000000
v -0.1046210 0.0000000 -0.0982485
vn 0.0000000 1.0000000 0.0000000
v -0.2144298 0.0000000 -0.1276040
vn 0.0000000 1.0000000 0.0000000
v -0.1732020 0.0000000 -0.1483969
vn 0.0000000 1.0000000 0.0000000
v -0.1406367 0.0000000 -0.1476835
vn 0.0000000 1.0000000 0.0000000
v -0.6733415 0.0000000 -0.1331606
vn 0.0000000 1.0000000 0.0000000
v 0.7321768 0.0000000 -0.0138177
vn 0.0000000 1.0000000 0.0000000
v 0.7812151 0.0000000 -0.0030662
vn 0.0000000 1.0000000 0.0000000
v 0.7971553 0.0000000 0.0131509
vn 0.0000000 1.0000000 0.0000000
v -0.7355146 0.0000000 0.0289872
vn 0.0000000 1.0000000 0.0000000
v -0.7103547 0.0000000 0.0220747
vn 0.0000000 1.0000000 0.0000000
v -0.7786014 0.0000000 0.0028779
vn 0.0000000 1.0000000 0.0000000
v 0.1574279 0.0000000 0.1252759
vn 0.0000000 1.0000000 0.0000000
v 0.2156028 0.0000000 0.1329802
vn 0.0000000 1.0000000 0.0000000
v 0.2915270 0.0000000 0.1161878
vn 0.0000000 1.0000000 0.0000000
v 0.1724380 0.0000000 0.1027092
vn 0.0000000 1.0000000 0.0000000
v 0.1436257 0.0000000 0.1467157
vn 0.0000000 1.0000000 0.0000000
v 0.0991714 0.0000000 0.1584325
vn 0.0000000 1.0000000 0.0000000
v -0.3231090 0.0000000 0.0893109
vn 0.0000000 1.0000000 0.0000000
v -0.2387889 0.0000000 0.1184243
vn 0.0000000 1.0000000 0.0000000
v -0.3165529 0.0000000 0.0643329
vn 0.0000000 1.0000000 0.0000000
v -0.7841772 0.0000000 0.0321481
vn 0.0000000 1.0000000 0.0000000
v -0.8359358 0.0000000 0.1528279
vn 0.0000000 1.0000000 0.0000000
v -0.7472340 0.0000000 0.2064494
vn 0.0000000 1.0000000 0.0000000
v 0.1436978 0.0000000 0.2929731
vn 0.0000000 1.0000000 0.0000000
v 0.1974833 0.0000000 0.3012369
vn 0.0000000 1.0000000 0.0000000
v 0.2544922 0.0000000 0.2959918
vn 0.0000000 1.0000000 0.0000000
v 0.0868336 0.0000000 0.3108869
vn 0.0000000 1.0000000 0.0000000
v -0.3263847 0.0000000 0.2548179
vn 0.0000000 1.0000000 0.0000000
v -0.2521389 0.0000000 0.2751814
vn 0.0000000 1.0000000 0.0000000
v -0.8436841 0.0000000 0.2501178
vn 0.0000000 1.0000000 0.0000000
v -0.8218591 0.0000000 0.3403033
vn 0.0000000 1.0000000 0.0000000
v 0.2061351 0.0000000 0.4516657
vn 0.0000000 1.0000000 0.0000000
v -0.7147185 0.0000000 0.3643447
vn 0.0000000 1.0000000 0.0000000
v -0.6634871 0.0000000 0.3690375
vn 0.0000000 1.0000000 0.0000000
v 0.1458225 0.0000000 0.4570683
vn 0.0000000 1.0000000 0.0000000
v 0.1700296 0.0000000 0.4836576
vn 0.0000000 1.0000000 0.0000000
v -0.3078454 0.0000000 0.4093351
vn 0.0000000 1.0000000 0.0000000
v -0.2800271 0.0000000 0.4264770
vn 0.0000000 1.0000000 0.0000000
v -0.2273272 0.0000000 0.4252550
vn 0.0000000 1.0000000 0.0000000
v -0.7399506 0.0000000 0.3771549
vn 0.0000000 1.0000000 0.0000000
v -0.6941311 0.0000000 0.4715664
vn 0.0000000 1.0000000 0.0000000
v -0.6851473 0.0000000 0.5207013
vn 0.0000000 1.0000000 0.0000000
v -0.1652461 0.0000000 0.5385801
vn 0.0000000 1.0000000 0.0000000
v 0.2461816 0.0000000 0.5457271
vn 0.0000000 1.0000000 0.0000000
v 0.2793645 0.0000000 0.5583214
vn 0.0000000 1.0000000 0.0000000
v -0.2258439 0.0000000 -0.6011341
vn 0.0000000 1.0000000 0.0000000
v -0.2891877 0.0000000 -0.6206760
vn 0.0000000 1.0000000 0.0000000
v -0.5863801 0.0000000 -0.6720405
vn 0.0000000 1.0000000 0.0000000
v -0.5367996 0.0000000 -0.6185157
vn 0.0000000 1.0000000 0.0000000
v -0.1379130 0.0000000 -0.5214082
vn 0.0000000 1.0000000 0.0000000
v -0.1935565 0.0000000 -0.5533507
vn 0.0000000 1.0000000 0.0000000
v -0.2189260 0.0000000 -0.5386453
vn 0.0000000 1.0000000 0.0000000
v -0.7052982 0.0000000 -0.5567684
vn 0.0000000 1.0000000 0.0000000
v 0.6467168 0.0000000 0.7269475
vn 0.0000000 1.0000000 0.0000000
v 0.6615672 0.0000000 0.5675162
vn 0.0000000 1.0000000 0.0000000
v 0.0932557 0.0000000 0.7339448
vn 0.0000000 1.0000000 0.0000000
v 0.0890158 0.0000000 0.7097883
vn 0.0000000 1.0000000 0.0000000
v -0.5032601 0.0000000 0.6939878
vn 0.0000000 1.0000000 0.0000000
v 0.1609836 0.0000000 0.7555611
vn 0.0000000 1.0000000 0.0000000
v -0.0350875 0.0000000 0.8149043
vn 0.0000000 1.0000000 0.0000000
v -0.3129096 0.0000000 0.8021679
vn 0.0000000 1.0000000 0.0000000
v -0.2990054 0.0000000 0.8217893
vn 0.0000000 1.0000000 0.0000000
v -0.7500783 0.0000000 0.5821298
vn 0.0000000 1.0000000 0.0000000
v -0.5059122 0.0000000 0.6236447
vn 0.0000000 1.0000000 0.0000000
v -0.6614141 0.0000000 0.7107065
vn 0.0000000 1.0000000 0.0000000
v -0.2021896 0.0000000 -0.8082716
vn 0.0000000 1.0000000 0.0000000
v 0.3551286 0.0000000 -0.7073925
vn 0.0000000 1.0000000 0.0000000
v -0.2201842 0.0000000 -0.6482315
vn 0.0000000 1.0000000 0.0000000
v -0.2453099 0.0000000 -0.6583651
vn 0.0000000 1.0000000 0.0000000
v -0.1953782 0.0000000 -0.6105199
vn 0.0000000 1.0000000 0.0000000
v -0.1701892 0.0000000 -0.6227922
vn 0.0000000 1.0000000 0.0000000
v -0.0963191 0.0000000 -0.6073224
vn 0.0000000 1.0000000 0.0000000
v -0.0527904 0.0000000 -0.5620762
vn 0.0000000 1.0000000 0.0000000
v 0.4430052 0.0000000 -0.4666107
vn 0.0000000 1.0000000 0.0000000
v 0.1248563 0.0000000 -0.4391400
vn 0.0000000 1.0000000 0.0000000
v -0.3836893 0.0000000 -0.4027349
vn 0.0000000 1.0000000 0.0000000
v -0.3942423 0.0000000 -0.3746690
vn 0.0000000 1.0000000 0.0000000
v 0.4803380 0.0000000 -0.3094734
vn 0.0000000 1.0000000 0.0000000
v -0.4148978 0.0000000 -0.2307676
vn 0.0000000 1.0000000 0.0000000
v -0.4223394 0.0000000 -0.2037014
vn 0.0000000 1.0000000 0.0000000
v -0.4279940 0.0000000 -0.0700455
vn 0.0000000 1.0000000 0.0000000
v -0.4467829 0.0000000 -0.0462940
vn 0.0000000 1.0000000 0.0000000
v -0.3175481 0.0000000 0.1122642
vn 0.0000000 1.0000000 0.0000000
v 0.0169568 0.0000000 0.1249863
vn 0.0000000 1.0000000 0.0000000
v 0.4291728 0.0000000 0.1989131
vn 0.0000000 1.0000000 0.0000000
v 0.4188406 0.0000000 0.2269419
vn 0.0000000 1.0000000 0.0000000
v -0.3095917 0.0000000 0.2791567
vn 0.0000000 1.0000000 0.0000000
v 0.0318761 0.0000000 0.2984017
vn 0.0000000 1.0000000 0.0000000
v -0.1213047 0.0000000 0.3077562
vn 0.0000000 1.0000000 0.0000000
v 0.3896646 0.0000000 0.3822656
vn 0.0000000 1.0000000 0.0000000
v 0.3815094 0.0000000 0.4075295
vn 0.0000000 1.0000000 0.0000000
v -0.3342278 0.0000000 0.4552708
vn 0.0000000 1.0000000 0.0000000
v 0.0242076 0.0000000 0.4754207
vn 0.0000000 1.0000000 0.0000000
v -0.0944400 0.0000000 0.4543949
vn 0.0000000 1.0000000 0.0000000
v 0.1030733 0.0000000 0.5606285
vn 0.0000000 1.0000000 0.0000000
v 0.0157148 0.0000000 0.5758637
vn 0.0000000 1.0000000 0.0000000
v -0.3390238 0.0000000 0.6589532
vn 0.0000000 1.0000000 0.0000000
v -0.0740800 0.0000000 0.7059770
vn 0.0000000 1.0000000 0.0000000
v 0.2322441 0.0000000 0.7954435
vn 0.0000000 1.0000000 0.0000000
v -0.0912733 0.0000000 0.8280579
vn 0.0000000 1.0000000 0.0000000
v 0.3942704 0.0000000 -0.8329276
vn 0.0000000 1.0000000 0.0000000
v -0.0164269 0.0000000 -0.8459258
vn 0.0000000 1.0000000 0.0000000
v -0.1939085 0.0000000 -0.8654063
vn 0.0000000 1.0000000 0.0000000
v -0.1994299 0.0000000 -0.8350824
vn 0.0000000 1.0000000 0.0000000
v -0.2786148 0.0000000 -0.8203416
vn 0.0000000 1.0000000 0.0000000
v -0.1771192 0.0000000 -0.7056083
vn 0.0000000 1.0000000 0.0000000
v -0.1322055 0.0000000 -0.7067414
vn 0.0000000 1.0000000 0.0000000
v 0.0615941 0.0000000 -0.7206749
vn 0.0000000 1.0000000 0.0000000
v -0.0858269 0.0000000 -0.7410108
vn 0.0000000 1.0000000 0.0000000
v -0.0273378 0.0000000 -0.7473587
vn 0.0000000 1.0000000 0.0000000
v 0.6006998 0.0000000 -0.6098740
vn 0.0000000 1.0000000 0.0000000
v 0.6484399 0.0000000 -0.6227743
vn 0.0000000 1.0000000 0.0000000
v 0.3982909 0.0000000 -0.5763184
vn 0.0000000 1.0000000 0.0000000
v 0.3959820 0.0000000 -0.5309411
vn 0.0000000 1.0000000 0.0000000
v -0.3437645 0.0000000 -0.6857482
vn 0.0000000 1.0000000 0.0000000
v -0.4775649 0.0000000 -0.5698563
vn 0.0000000 1.0000000 0.0000000
v -0.5241561 0.0000000 -0.5886809
vn 0.0000000 1.0000000 0.0000000
v -0.4657315 0.0000000 -0.4981672
vn 0.0000000 1.0000000 0.0000000
v -0.3589662 0.0000000 -0.4559151
vn 0.0000000 1.0000000 0.0000000
v 0.4221412 0.0000000 -0.3632138
vn 0.0000000 1.0000000 0.0000000
v 0.5060627 0.0000000 -0.2594899
vn 0.0000000 1.0000000 0.0000000
v 0.5692803 0.0000000 -0.2047456
vn 0.0000000 1.0000000 0.0000000
v 0.6741199 0.0000000 -0.2219116
vn 0.0000000 1.0000000 0.0000000
v -0.4968978 0.0000000 -0.3268272
vn 0.0000000 1.0000000 0.0000000
v -0.3883291 0.0000000 -0.3049757
vn 0.0000000 1.0000000 0.0000000
v 0.4317804 0.0000000 -0.1825130
vn 0.0000000 1.0000000 0.0000000
v -0.5204251 0.0000000 -0.2803129
vn 0.0000000 1.0000000 0.0000000
v 0.5061131 0.0000000 -0.0545035
vn 0.0000000 1.0000000 0.0000000
v -0.1572960 0.0000000 -0.1179100
vn 0.0000000 1.0000000 0.0000000
v -0.5398459 0.0000000 -0.1662861
vn 0.0000000 1.0000000 0.0000000
v 0.5307500 0.0000000 -0.0397330
vn 0.0000000 1.0000000 0.0000000
v -0.5499254 0.0000000 -0.1030605
vn 0.0000000 1.0000000 0.0000000
v -0.5594522 0.0000000 -0.0197944
vn 0.0000000 1.0000000 0.0000000
v 0.5593960 0.0000000 0.1178932
vn 0.0000000 1.0000000 0.0000000
v 0.5053477 0.0000000 0.1592170
vn 0.0000000 1.0000000 0.0000000
v 0.5169245 0.0000000 0.1327279
vn 0.0000000 1.0000000 0.0000000
v 0.5704031 0.0000000 0.0279312
vn 0.0000000 1.0000000 0.0000000
v -0.4397907 0.0000000 0.0290202
vn 0.0000000 1.0000000 0.0000000
v -0.4921291 0.0000000 0.0522873
vn 0.0000000 1.0000000 0.0000000
v 0.1708400 0.0000000 0.1498969
vn 0.0000000 1.0000000 0.0000000
v -0.6563693 0.0000000 0.0858936
vn 0.0000000 1.0000000 0.0000000
v -0.5122296 0.0000000 0.0765049
vn 0.0000000 1.0000000 0.0000000
v -0.6393207 0.0000000 0.1318956
vn 0.0000000 1.0000000 0.0000000
v 0.5424666 0.0000000 0.2642221
vn 0.0000000 1.0000000 0.0000000
v 0.5275464 0.0000000 0.2930726
vn 0.0000000 1.0000000 0.0000000
v 0.5493260 0.0000000 0.2080126
vn 0.0000000 1.0000000 0.0000000
v -0.4402924 0.0000000 0.2084971
vn 0.0000000 1.0000000 0.0000000
v -0.5122745 0.0000000 0.2600537
vn 0.0000000 1.0000000 0.0000000
v -0.6100445 0.0000000 0.3073879
vn 0.0000000 1.0000000 0.0000000
v 0.4799148 0.0000000 0.4507360
vn 0.0000000 1.0000000 0.0000000
v 0.4808194 0.0000000 0.4774860
vn 0.0000000 1.0000000 0.0000000
v -0.4203143 0.0000000 0.3596024
vn 0.0000000 1.0000000 0.0000000
v -0.4337457 0.0000000 0.3798559
vn 0.0000000 1.0000000 0.0000000
v -0.4572956 0.0000000 0.3868806
vn 0.0000000 1.0000000 0.0000000
v 0.0834238 0.0000000 0.4782599
vn 0.0000000 1.0000000 0.0000000
v -0.7882238 0.0000000 0.3795893
vn 0.0000000 1.0000000 0.0000000
v -0.5998513 0.0000000 0.4251143
vn 0.0000000 1.0000000 0.0000000
v -0.4882423 0.0000000 0.4230120
vn 0.0000000 1.0000000 0.0000000
v -0.3985333 0.0000000 0.5421304
vn 0.0000000 1.0000000 0.0000000
v 0.3321564 0.0000000 0.7112445
vn 0.0000000 1.0000000 0.0000000
v 0.3093421 0.0000000 0.6935467
vn 0.0000000 1.0000000 0.0000000
v 0.3602297 0.0000000 0.6972609
vn 0.0000000 1.0000000 0.0000000
v 0.3355661 0.0000000 0.6822134
vn 0.0000000 1.0000000 0.0000000
v 0.3901541 0.0000000 0.6802130
vn 0.0000000 1.0000000 0.0000000
v 0.4121578 0.0000000 0.5731657
vn 0.0000000 1.0000000 0.0000000
v -0.4378832 0.0000000 -0.5929364
vn 0.0000000 1.0000000 0.0000000
v -0.5971256 0.0000000 -0.5477006
vn 0.0000000 1.0000000 0.0000000
v -0.6372215 0.0000000 -0.5127605
vn 0.0000000 1.0000000 0.0000000
v 0.4099559 0.0000000 0.6539358
vn 0.0000000 1.0000000 0.0000000
v 0.4889767 0.0000000 0.6435542
vn 0.0000000 1.0000000 0.0000000
v 0.6159831 0.0000000 0.6351129
vn 0.0000000 1.0000000 0.0000000
v 0.6088754 0.0000000 0.5276260
vn 0.0000000 1.0000000 0.0000000
v 0.5911689 0.0000000 0.5495410
vn 0.0000000 1.0000000 0.0000000
v 0.6368997 0.0000000 0.5304571
vn 0.0000000 1.0000000 0.0000000
v -0.5627973 0.0000000 0.6817867
vn 0.0000000 1.0000000 0.0000000
v 0.2507931 0.0000000 0.8576199
vn 0.0000000 1.0000000 0.0000000
v 0.2414794 0.0000000 0.8282773
vn 0.0000000 1.0000000 0.0000000
v 0.2168342 0.0000000 0.8504421
vn 0.0000000 1.0000000 0.0000000
v -0.5621659 0.0000000 0.8000773
vn 0.0000000 1.0000000 0.0000000
v -0.3337352 0.0000000 0.8513230
vn 0.0000000 1.0000000 0.0000000
v -0.5181874 0.0000000 0.5999466
vn 0.0000000 1.0000000 0.0000000
v -0.6018880 0.0000000 0.6149010
vn 0.0000000 1.0000000 0.0000000
v -0.6440899 0.0000000 0.6276453
vn 0.0000000 1.0000000 0.0000000
v -0.4430009 0.0000000 0.7090313
vn 0.0000000 1.0000000 0.0000000
v -0.4587149 0.0000000 0.7485698
vn 0.0000000 1.0000000 0.0000000
v 0.1096743 0.0000000 -0.8505219
vn 0.0000000 1.0000000 0.0000000
v 0.0917489 0.0000000 -0.8092977
vn 0.0000000 1.0000000 0.0000000
v 0.0269966 0.0000000 -0.8183447
vn 0.0000000 1.0000000 0.0000000
v -0.3812384 0.0000000 -0.8071988
vn 0.0000000 1.0000000 0.0000000
v -0.3566935 0.0000000 -0.8258097
vn 0.0000000 1.0000000 0.0000000
v -0.0140717 0.0000000 -0.7764460
vn 0.0000000 1.0000000 0.0000000
v 0.2622196 0.0000000 -0.6467491
vn 0.0000000 1.0000000 0.0000000
v 0.2821017 0.0000000 -0.6349936
vn 0.0000000 1.0000000 0.0000000
v 0.3066674 0.0000000 -0.6724995
vn 0.0000000 1.0000000 0.0000000
v 0.0288469 0.0000000 -0.5952315
vn 0.0000000 1.0000000 0.0000000
v 0.0033551 0.0000000 -0.5832230
vn 0.0000000 1.0000000 0.0000000
v -0.0258145 0.0000000 -0.5442965
vn 0.0000000 1.0000000 0.0000000
v -0.0543378 0.0000000 -0.5326304
vn 0.0000000 1.0000000 0.0000000
v 0.3913726 0.0000000 -0.4107340
vn 0.0000000 1.0000000 0.0000000
v 0.0281292 0.0000000 -0.5377644
vn 0.0000000 1.0000000 0.0000000
v -0.0187781 0.0000000 -0.4530167
vn 0.0000000 1.0000000 0.0000000
v -0.0432287 0.0000000 -0.4548292
vn 0.0000000 1.0000000 0.0000000
v 0.0900254 0.0000000 -0.4097948
vn 0.0000000 1.0000000 0.0000000
v -0.0390937 0.0000000 -0.3934960
vn 0.0000000 1.0000000 0.0000000
v -0.0413669 0.0000000 -0.3641636
vn 0.0000000 1.0000000 0.0000000
v 0.4100763 0.0000000 -0.2606274
vn 0.0000000 1.0000000 0.0000000
v 0.0488620 0.0000000 -0.2850850
vn 0.0000000 1.0000000 0.0000000
v -0.5339824 0.0000000 -0.2275635
vn 0.0000000 1.0000000 0.0000000
v -0.0468692 0.0000000 -0.1997149
vn 0.0000000 1.0000000 0.0000000
v -0.0145487 0.0000000 -0.1455472
vn 0.0000000 1.0000000 0.0000000
v 0.0488369 0.0000000 -0.1305929
vn 0.0000000 1.0000000 0.0000000
v 0.0673073 0.0000000 -0.0737092
vn 0.0000000 1.0000000 0.0000000
v -0.0602951 0.0000000 -0.0764342
vn 0.0000000 1.0000000 0.0000000
v -0.0606436 0.0000000 -0.0513853
vn 0.0000000 1.0000000 0.0000000
v -0.5534135 0.0000000 -0.0739841
vn 0.0000000 1.0000000 0.0000000
v -0.0614232 0.0000000 -0.0223101
vn 0.0000000 1.0000000 0.0000000
v 0.0529537 0.0000000 0.0304879
vn 0.0000000 1.0000000 0.0000000
v 0.0597237 0.0000000 0.0830168
vn 0.0000000 1.0000000 0.0000000
v 0.0258516 0.0000000 0.0763543
vn 0.0000000 1.0000000 0.0000000
v -0.2082192 0.0000000 0.0826548
vn 0.0000000 1.0000000 0.0000000
v -0.9333711 0.0000000 0.0913839
vn 0.0000000 1.0000000 0.0000000
v 0.0206401 0.0000000 0.1524194
vn 0.0000000 1.0000000 0.0000000
v 0.5542480 0.0000000 0.2380496
vn 0.0000000 1.0000000 0.0000000
v 0.0489600 0.0000000 0.1942221
vn 0.0000000 1.0000000 0.0000000
v 0.0496938 0.0000000 0.2247566
vn 0.0000000 1.0000000 0.0000000
v 0.0499101 0.0000000 0.2550935
vn 0.0000000 1.0000000 0.0000000
v 0.0234540 0.0000000 0.2437260
vn 0.0000000 1.0000000 0.0000000
v 0.0255595 0.0000000 0.3223170
vn 0.0000000 1.0000000 0.0000000
v 0.5039179 0.0000000 0.3978836
vn 0.0000000 1.0000000 0.0000000
v 0.0410269 0.0000000 0.3724388
vn 0.0000000 1.0000000 0.0000000
v 0.0490927 0.0000000 0.3438188
vn 0.0000000 1.0000000 0.0000000
v 0.0307499 0.0000000 0.3994451
vn 0.0000000 1.0000000 0.0000000
v -0.0396191 0.0000000 0.4343505
vn 0.0000000 1.0000000 0.0000000
v -0.0103598 0.0000000 0.4283046
vn 0.0000000 1.0000000 0.0000000
v -0.2056441 0.0000000 0.4110830
vn 0.0000000 1.0000000 0.0000000
v 0.3432242 0.0000000 0.6111775
vn 0.0000000 1.0000000 0.0000000
v 0.0395817 0.0000000 0.5017483
vn 0.0000000 1.0000000 0.0000000
v -0.3443784 0.0000000 0.6295165
vn 0.0000000 1.0000000 0.0000000
v -0.1790536 0.0000000 0.6895113
vn 0.0000000 1.0000000 0.0000000
v -0.0483521 0.0000000 0.7080956
vn 0.0000000 1.0000000 0.0000000
v 0.3628372 0.0000000 0.8173465
vn 0.0000000 1.0000000 0.0000000
v -0.1010633 0.0000000 0.7968312
vn 0.0000000 1.0000000 0.0000000
v -0.0530136 0.0000000 0.8603755
vn 0.0000000 1.0000000 0.0000000
v 0.0876934 0.0000000 -0.8711048
vn 0.0000000 1.0000000 0.0000000
v -0.4716364 0.0000000 -0.8558223
vn 0.0000000 1.0000000 0.0000000
v 0.4845020 0.0000000 -0.7833958
vn 0.0000000 1.0000000 0.0000000
v 0.4725598 0.0000000 -0.8558379
vn 0.0000000 1.0000000 0.0000000
v 0.3406142 0.0000000 -0.8539515
vn 0.0000000 1.0000000 0.0000000
v 0.2302589 0.0000000 -0.8547019
vn 0.0000000 1.0000000 0.0000000
v 0.0727295 0.0000000 -0.7822952
vn 0.0000000 1.0000000 0.0000000
v 0.0470457 0.0000000 -0.7673748
vn 0.0000000 1.0000000 0.0000000
v -0.2244597 0.0000000 -0.7940894
vn 0.0000000 1.0000000 0.0000000
v -0.4920986 0.0000000 -0.8408772
vn 0.0000000 1.0000000 0.0000000
v -0.5164143 0.0000000 -0.8220649
vn 0.0000000 1.0000000 0.0000000
v -0.4050066 0.0000000 -0.7867782
vn 0.0000000 1.0000000 0.0000000
v -0.5428723 0.0000000 -0.8029754
vn 0.0000000 1.0000000 0.0000000
v -0.2742352 0.0000000 -0.7602133
vn 0.0000000 1.0000000 0.0000000
v -0.4276039 0.0000000 -0.7667255
vn 0.0000000 1.0000000 0.0000000
v -0.5704178 0.0000000 -0.7848286
vn 0.0000000 1.0000000 0.0000000
v -0.5975937 0.0000000 -0.7689037
vn 0.0000000 1.0000000 0.0000000
v -0.6200593 0.0000000 -0.7584822
vn 0.0000000 1.0000000 0.0000000
v 0.4726840 0.0000000 -0.5724223
vn 0.0000000 1.0000000 0.0000000
v 0.3945985 0.0000000 -0.6025333
vn 0.0000000 1.0000000 0.0000000
v 0.2946792 0.0000000 -0.7581086
vn 0.0000000 1.0000000 0.0000000
v 0.1913776 0.0000000 -0.7252021
vn 0.0000000 1.0000000 0.0000000
v 0.1329323 0.0000000 -0.7111824
vn 0.0000000 1.0000000 0.0000000
v 0.6359273 0.0000000 -0.6498471
vn 0.0000000 1.0000000 0.0000000
v 0.4200670 0.0000000 -0.5111995
vn 0.0000000 1.0000000 0.0000000
v 0.2613954 0.0000000 -0.5445055
vn 0.0000000 1.0000000 0.0000000
v 0.2221172 0.0000000 -0.5751271
vn 0.0000000 1.0000000 0.0000000
v 0.0571698 0.0000000 -0.5490320
vn 0.0000000 1.0000000 0.0000000
v -0.5342577 0.0000000 -0.6497433
vn 0.0000000 1.0000000 0.0000000
v -0.5086865 0.0000000 -0.6654327
vn 0.0000000 1.0000000 0.0000000
v -0.6332910 0.0000000 -0.7355837
vn 0.0000000 1.0000000 0.0000000
v -0.4057044 0.0000000 -0.5504372
vn 0.0000000 1.0000000 0.0000000
v -0.5110284 0.0000000 -0.6096017
vn 0.0000000 1.0000000 0.0000000
v -0.6821854 0.0000000 -0.6110357
vn 0.0000000 1.0000000 0.0000000
v 0.8477733 0.0000000 -0.3806750
vn 0.0000000 1.0000000 0.0000000
v 0.8455646 0.0000000 -0.4095849
vn 0.0000000 1.0000000 0.0000000
v 0.8538016 0.0000000 -0.4833574
vn 0.0000000 1.0000000 0.0000000
v 0.3049469 0.0000000 -0.5101725
vn 0.0000000 1.0000000 0.0000000
v 0.2044204 0.0000000 -0.5556315
vn 0.0000000 1.0000000 0.0000000
v -0.2914826 0.0000000 -0.5173012
vn 0.0000000 1.0000000 0.0000000
v -0.4933901 0.0000000 -0.4883136
vn 0.0000000 1.0000000 0.0000000
v -0.5228696 0.0000000 -0.4742070
vn 0.0000000 1.0000000 0.0000000
v 0.5391979 0.0000000 -0.3594148
vn 0.0000000 1.0000000 0.0000000
v 0.0767296 0.0000000 -0.3832664
vn 0.0000000 1.0000000 0.0000000
v 0.0616187 0.0000000 -0.3574665
vn 0.0000000 1.0000000 0.0000000
v -0.8137772 0.0000000 -0.4791195
vn 0.0000000 1.0000000 0.0000000
v -0.8294657 0.0000000 -0.4542458
vn 0.0000000 1.0000000 0.0000000
v -0.8478140 0.0000000 -0.4272435
vn 0.0000000 1.0000000 0.0000000
v -0.8576347 0.0000000 -0.3956734
vn 0.0000000 1.0000000 0.0000000
v -0.8686290 0.0000000 -0.3691012
vn 0.0000000 1.0000000 0.0000000
v -0.8993903 0.0000000 -0.3649420
vn 0.0000000 1.0000000 0.0000000
v 0.6518991 0.0000000 -0.3386602
vn 0.0000000 1.0000000 0.0000000
v -0.3034521 0.0000000 -0.3320941
vn 0.0000000 1.0000000 0.0000000
v -0.5428043 0.0000000 -0.3366011
vn 0.0000000 1.0000000 0.0000000
v 0.0775303 0.0000000 -0.2348379
vn 0.0000000 1.0000000 0.0000000
v 0.0730084 0.0000000 -0.2062153
vn 0.0000000 1.0000000 0.0000000
v 0.0665728 0.0000000 -0.1824395
vn 0.0000000 1.0000000 0.0000000
v -0.3977154 0.0000000 -0.2812262
vn 0.0000000 1.0000000 0.0000000
v -0.8855262 0.0000000 -0.3220629
vn 0.0000000 1.0000000 0.0000000
v -0.8909028 0.0000000 -0.2956002
vn 0.0000000 1.0000000 0.0000000
v -0.8981437 0.0000000 -0.2662534
vn 0.0000000 1.0000000 0.0000000
v -0.9087504 0.0000000 -0.2048325
vn 0.0000000 1.0000000 0.0000000
v 0.9450637 0.0000000 0.0078137
vn 0.0000000 1.0000000 0.0000000
v 0.9294347 0.0000000 -0.0413748
vn 0.0000000 1.0000000 0.0000000
v 0.9172692 0.0000000 -0.0918409
vn 0.0000000 1.0000000 0.0000000
v 0.9293889 0.0000000 -0.1498747
vn 0.0000000 1.0000000 0.0000000
v 0.9252492 0.0000000 -0.1764468
vn 0.0000000 1.0000000 0.0000000
v 0.4243407 0.0000000 -0.1516445
vn 0.0000000 1.0000000 0.0000000
v -0.0928833 0.0000000 -0.1729352
vn 0.0000000 1.0000000 0.0000000
v -0.3154250 0.0000000 -0.1667863
vn 0.0000000 1.0000000 0.0000000
v -0.5924971 0.0000000 -0.1746096
vn 0.0000000 1.0000000 0.0000000
v -0.5945318 0.0000000 -0.1479617
vn 0.0000000 1.0000000 0.0000000
v 0.5545903 0.0000000 -0.0214591
vn 0.0000000 1.0000000 0.0000000
v 0.0525232 0.0000000 -0.0434278
vn 0.0000000 1.0000000 0.0000000
v -0.4218201 0.0000000 -0.1159746
vn 0.0000000 1.0000000 0.0000000
v -0.9510615 0.0000000 -0.0351409
vn 0.0000000 1.0000000 0.0000000
v 0.4228429 0.0000000 0.1072128
vn 0.0000000 1.0000000 0.0000000
v 0.9421146 0.0000000 0.0374928
vn 0.0000000 1.0000000 0.0000000
v 0.2071538 0.0000000 0.0112713
vn 0.0000000 1.0000000 0.0000000
v -0.0592121 0.0000000 0.0588437
vn 0.0000000 1.0000000 0.0000000
v -0.1808088 0.0000000 0.1748616
vn 0.0000000 1.0000000 0.0000000
v -0.6788090 0.0000000 0.1684393
vn 0.0000000 1.0000000 0.0000000
v -0.9208522 0.0000000 0.1638325
vn 0.0000000 1.0000000 0.0000000
v 0.8857799 0.0000000 0.3172673
vn 0.0000000 1.0000000 0.0000000
v 0.8918323 0.0000000 0.2876401
vn 0.0000000 1.0000000 0.0000000
v 0.8961298 0.0000000 0.2617555
vn 0.0000000 1.0000000 0.0000000
v 0.4003509 0.0000000 0.2823172
vn 0.0000000 1.0000000 0.0000000
v 0.9095778 0.0000000 0.2166233
vn 0.0000000 1.0000000 0.0000000
v 0.9293017 0.0000000 0.2011439
vn 0.0000000 1.0000000 0.0000000
v -0.0816890 0.0000000 0.2320264
vn 0.0000000 1.0000000 0.0000000
v -0.0660452 0.0000000 0.1831804
vn 0.0000000 1.0000000 0.0000000
v -0.5646529 0.0000000 0.1889925
vn 0.0000000 1.0000000 0.0000000
v 0.5278174 0.0000000 0.3209627
vn 0.0000000 1.0000000 0.0000000
v -0.9314985 0.0000000 0.1853590
vn 0.0000000 1.0000000 0.0000000
v -0.8978307 0.0000000 0.2742694
vn 0.0000000 1.0000000 0.0000000
v -0.6429167 0.0000000 0.3310177
vn 0.0000000 1.0000000 0.0000000
v -0.8934464 0.0000000 0.3207676
vn 0.0000000 1.0000000 0.0000000
v 0.8246435 0.0000000 0.4643673
vn 0.0000000 1.0000000 0.0000000
v 0.8348554 0.0000000 0.4388337
vn 0.0000000 1.0000000 0.0000000
v 0.8473372 0.0000000 0.4129850
vn 0.0000000 1.0000000 0.0000000
v 0.3738202 0.0000000 0.4332877
vn 0.0000000 1.0000000 0.0000000
v 0.8613979 0.0000000 0.3867699
vn 0.0000000 1.0000000 0.0000000
v 0.8766466 0.0000000 0.3672759
vn 0.0000000 1.0000000 0.0000000
v 0.3994509 0.0000000 0.3580482
vn 0.0000000 1.0000000 0.0000000
v -0.0836222 0.0000000 0.3951169
vn 0.0000000 1.0000000 0.0000000
v -0.0729775 0.0000000 0.3667134
vn 0.0000000 1.0000000 0.0000000
v -0.5306435 0.0000000 0.3675777
vn 0.0000000 1.0000000 0.0000000
v 0.4812200 0.0000000 0.5214996
vn 0.0000000 1.0000000 0.0000000
v 0.2533319 0.0000000 0.4646319
vn 0.0000000 1.0000000 0.0000000
v 0.0693366 0.0000000 0.5050535
vn 0.0000000 1.0000000 0.0000000
v -0.1664659 0.0000000 0.4926709
vn 0.0000000 1.0000000 0.0000000
v -0.8437474 0.0000000 0.4356670
vn 0.0000000 1.0000000 0.0000000
v -0.8104787 0.0000000 0.4984129
vn 0.0000000 1.0000000 0.0000000
v -0.2436875 0.0000000 0.6024078
vn 0.0000000 1.0000000 0.0000000
v -0.1655468 0.0000000 0.6131060
vn 0.0000000 1.0000000 0.0000000
v -0.0880057 0.0000000 0.5533323
vn 0.0000000 1.0000000 0.0000000
v -0.6379395 0.0000000 -0.6590855
vn 0.0000000 1.0000000 0.0000000
v -0.6590566 0.0000000 -0.6362308
vn 0.0000000 1.0000000 0.0000000
v -0.7664479 0.0000000 -0.5620795
vn 0.0000000 1.0000000 0.0000000
v -0.7815752 0.0000000 -0.5437285
vn 0.0000000 1.0000000 0.0000000
v 0.2189560 0.0000000 0.6394339
vn 0.0000000 1.0000000 0.0000000
v 0.6455830 0.0000000 0.7023533
vn 0.0000000 1.0000000 0.0000000
v 0.3805457 0.0000000 0.4987101
vn 0.0000000 1.0000000 0.0000000
v 0.3891700 0.0000000 0.5199518
vn 0.0000000 1.0000000 0.0000000
v 0.4059935 0.0000000 0.4965345
vn 0.0000000 1.0000000 0.0000000
v 0.7714336 0.0000000 0.5613103
vn 0.0000000 1.0000000 0.0000000
v 0.0152594 0.0000000 0.7593045
vn 0.0000000 1.0000000 0.0000000
v -0.3502550 0.0000000 0.5999509
vn 0.0000000 1.0000000 0.0000000
v -0.4776344 0.0000000 0.5836083
vn 0.0000000 1.0000000 0.0000000
v -0.6401887 0.0000000 0.5811726
vn 0.0000000 1.0000000 0.0000000
v -0.7815549 0.0000000 0.5767866
vn 0.0000000 1.0000000 0.0000000
v -0.5417132 0.0000000 0.6611069
vn 0.0000000 1.0000000 0.0000000
v 0.4556700 0.0000000 0.8717247
vn 0.0000000 1.0000000 0.0000000
v 0.3394195 0.0000000 0.8584420
vn 0.0000000 1.0000000 0.0000000
v 0.3430781 0.0000000 0.8333344
vn 0.0000000 1.0000000 0.0000000
v 0.5409482 0.0000000 0.8065418
vn 0.0000000 1.0000000 0.0000000
v 0.5566514 0.0000000 0.7840990
vn 0.0000000 1.0000000 0.0000000
v -0.0764684 0.0000000 0.7781331
vn 0.0000000 1.0000000 0.0000000
v -0.1482340 0.0000000 0.7856946
vn 0.0000000 1.0000000 0.0000000
v 0.1321078 0.0000000 0.8350499
vn 0.0000000 1.0000000 0.0000000
v 0.0674867 0.0000000 0.8762618
vn 0.0000000 1.0000000 0.0000000
v -0.6016567 0.0000000 0.7638568
vn 0.0000000 1.0000000 0.0000000
v -0.4713512 0.0000000 0.7674372
vn 0.0000000 1.0000000 0.0000000
v -0.1129474 0.0000000 0.8755896
vn 0.0000000 1.0000000 0.0000000
v -0.3440724 0.0000000 0.8806648
vn 0.0000000 1.0000000 0.0000000
v -0.0661290 0.0000000 0.9116269
vn 0.0000000 1.0000000 0.0000000
v -0.1449136 0.0000000 0.7581561
vn 0.0000000 1.0000000 0.0000000
v -0.2973117 0.0000000 0.7471124
vn 0.0000000 1.0000000 0.0000000
v 0.4449799 0.0000000 -0.4922806
vn 0.0000000 1.0000000 0.0000000
v -0.8066564 0.0000000 -0.5330197
vn 0.0000000 1.0000000 0.0000000
v 0.8199679 0.0000000 0.5229385
vn 0.0000000 1.0000000 0.0000000
v -0.2976031 0.0000000 -0.6823245
vn 0.0000000 1.0000000 0.0000000
v 0.1030775 0.0000000 -0.4820955
vn 0.0000000 1.0000000 0.0000000
v -0.7418945 0.0000000 -0.6295189
vn 0.0000000 1.0000000 0.0000000
v -0.2010438 0.0000000 -0.7205401
vn 0.0000000 1.0000000 0.0000000
v -0.3963920 0.0000000 -0.6217063
vn 0.0000000 1.0000000 0.0000000
v -0.8228658 0.0000000 0.0761090
vn 0.0000000 1.0000000 0.0000000
v -0.1379036 0.0000000 -0.8953822
vn 0.0000000 1.0000000 0.0000000
v 0.3013554 0.0000000 -0.8327550
vn 0.0000000 1.0000000 0.0000000
v 0.4455660 0.0000000 -0.2685302
vn 0.0000000 1.0000000 0.0000000
v 0.5013882 0.0000000 -0.1402045
vn 0.0000000 1.0000000 0.0000000
v 0.4788815 0.0000000 -0.1228220
vn 0.0000000 1.0000000 0.0000000
v 0.5044002 0.0000000 -0.1116220
vn 0.0000000 1.0000000 0.0000000
v -0.2684297 0.0000000 -0.0418521
vn 0.0000000 1.0000000 0.0000000
v -0.5146367 0.0000000 0.1013814
vn 0.0000000 1.0000000 0.0000000
v -0.5303346 0.0000000 0.1199638
vn 0.0000000 1.0000000 0.0000000
v -0.4828326 0.0000000 0.2723974
vn 0.0000000 1.0000000 0.0000000
v -0.5084825 0.0000000 0.2909141
vn 0.0000000 1.0000000 0.0000000
v -0.4647827 0.0000000 0.4580674
vn 0.0000000 1.0000000 0.0000000
v 0.7949609 0.0000000 -0.3764621
vn 0.0000000 1.0000000 0.0000000
v 0.5997887 0.0000000 -0.4551422
vn 0.0000000 1.0000000 0.0000000
v 0.5566597 0.0000000 -0.2306603
vn 0.0000000 1.0000000 0.0000000
v -0.4788693 0.0000000 -0.3037265
vn 0.0000000 1.0000000 0.0000000
v 0.6363869 0.0000000 -0.0883376
vn 0.0000000 1.0000000 0.0000000
v 0.6192510 0.0000000 -0.1485788
vn 0.0000000 1.0000000 0.0000000
v 0.5904465 0.0000000 -0.1510969
vn 0.0000000 1.0000000 0.0000000
v 0.6492117 0.0000000 -0.1451267
vn 0.0000000 1.0000000 0.0000000
v -0.7056178 0.0000000 -0.1327357
vn 0.0000000 1.0000000 0.0000000
v 0.7233711 0.0000000 0.1228349
vn 0.0000000 1.0000000 0.0000000
v 0.7247849 0.0000000 0.0382423
vn 0.0000000 1.0000000 0.0000000
v -0.5775043 0.0000000 0.0612591
vn 0.0000000 1.0000000 0.0000000
v -0.5449157 0.0000000 0.0686831
vn 0.0000000 1.0000000 0.0000000
v -0.5669563 0.0000000 0.2394797
vn 0.0000000 1.0000000 0.0000000
v -0.5327378 0.0000000 0.3937559
vn 0.0000000 1.0000000 0.0000000
v -0.5104508 0.0000000 0.4085547
vn 0.0000000 1.0000000 0.0000000
v -0.6224545 0.0000000 0.5587260
vn 0.0000000 1.0000000 0.0000000
v 0.0727427 0.0000000 -0.6123485
vn 0.0000000 1.0000000 0.0000000
v 0.1024867 0.0000000 -0.6215528
vn 0.0000000 1.0000000 0.0000000
v -0.3225071 0.0000000 -0.7258615
vn 0.0000000 1.0000000 0.0000000
v -0.2977751 0.0000000 -0.7128731
vn 0.0000000 1.0000000 0.0000000
v 0.7389016 0.0000000 -0.3999254
vn 0.0000000 1.0000000 0.0000000
v 0.2367839 0.0000000 -0.4755221
vn 0.0000000 1.0000000 0.0000000
v 0.0204192 0.0000000 -0.4797148
vn 0.0000000 1.0000000 0.0000000
v 0.1234940 0.0000000 -0.3097647
vn 0.0000000 1.0000000 0.0000000
v -0.1955245 0.0000000 -0.2515209
vn 0.0000000 1.0000000 0.0000000
v 0.1615922 0.0000000 -0.1494068
vn 0.0000000 1.0000000 0.0000000
v 0.1370605 0.0000000 -0.1459239
vn 0.0000000 1.0000000 0.0000000
v -0.7049781 0.0000000 -0.0790250
vn 0.0000000 1.0000000 0.0000000
v 0.7159554 0.0000000 0.0935775
vn 0.0000000 1.0000000 0.0000000
v 0.2209649 0.0000000 0.0398974
vn 0.0000000 1.0000000 0.0000000
v -0.1365952 0.0000000 0.3299121
vn 0.0000000 1.0000000 0.0000000
v -0.1089565 0.0000000 0.4782061
vn 0.0000000 1.0000000 0.0000000
v -0.4247607 0.0000000 0.6182469
vn 0.0000000 1.0000000 0.0000000
v -0.0251356 0.0000000 0.7903509
vn 0.0000000 1.0000000 0.0000000
v -0.3379300 0.0000000 0.9130666
vn 0.0000000 1.0000000 0.0000000
v 0.0675921 0.0000000 -0.8940948
vn 0.0000000 1.0000000 0.0000000
v -0.0854579 0.0000000 -0.8767861
vn 0.0000000 1.0000000 0.0000000
v -0.4612047 0.0000000 -0.5252260
vn 0.0000000 1.0000000 0.0000000
v 0.5803299 0.0000000 -0.3864391
vn 0.0000000 1.0000000 0.0000000
v -0.0308739 0.0000000 -0.4818708
vn 0.0000000 1.0000000 0.0000000
v -0.8273052 0.0000000 -0.5066154
vn 0.0000000 1.0000000 0.0000000
v -0.2160400 0.0000000 -0.4469618
vn 0.0000000 1.0000000 0.0000000
v -0.6881808 0.0000000 -0.4579407
vn 0.0000000 1.0000000 0.0000000
v 0.8599366 0.0000000 -0.2781402
vn 0.0000000 1.0000000 0.0000000
v 0.6752387 0.0000000 -0.2966267
vn 0.0000000 1.0000000 0.0000000
v 0.4968336 0.0000000 -0.3359763
vn 0.0000000 1.0000000 0.0000000
v -0.9083550 0.0000000 -0.3422232
vn 0.0000000 1.0000000 0.0000000
v 0.7134575 0.0000000 -0.1926729
vn 0.0000000 1.0000000 0.0000000
v 0.2309133 0.0000000 -0.2377169
vn 0.0000000 1.0000000 0.0000000
v -0.7707820 0.0000000 -0.1889287
vn 0.0000000 1.0000000 0.0000000
v 0.6577272 0.0000000 -0.0359667
vn 0.0000000 1.0000000 0.0000000
v 0.8461182 0.0000000 -0.1138299
vn 0.0000000 1.0000000 0.0000000
v 0.5762066 0.0000000 -0.1294632
vn 0.0000000 1.0000000 0.0000000
v 0.5993370 0.0000000 -0.1252190
vn 0.0000000 1.0000000 0.0000000
v 0.9025750 0.0000000 -0.1378856
vn 0.0000000 1.0000000 0.0000000
v 0.5254049 0.0000000 -0.1599845
vn 0.0000000 1.0000000 0.0000000
v 0.3949237 0.0000000 -0.1533884
vn 0.0000000 1.0000000 0.0000000
v -0.4608742 0.0000000 -0.1738894
vn 0.0000000 1.0000000 0.0000000
v 0.2290688 0.0000000 -0.0350368
vn 0.0000000 1.0000000 0.0000000
v -0.3391448 0.0000000 -0.1164201
vn 0.0000000 1.0000000 0.0000000
v -0.7200934 0.0000000 -0.1608296
vn 0.0000000 1.0000000 0.0000000
v -0.7532626 0.0000000 -0.1635577
vn 0.0000000 1.0000000 0.0000000
v 0.7564355 0.0000000 0.1559805
vn 0.0000000 1.0000000 0.0000000
v 0.8272266 0.0000000 -0.0232348
vn 0.0000000 1.0000000 0.0000000
v -0.8889928 0.0000000 0.0025689
vn 0.0000000 1.0000000 0.0000000
v 0.5350654 0.0000000 0.1537173
vn 0.0000000 1.0000000 0.0000000
v 0.7394691 0.0000000 0.1721895
vn 0.0000000 1.0000000 0.0000000
v 0.7155997 0.0000000 0.1730648
vn 0.0000000 1.0000000 0.0000000
v 0.3942183 0.0000000 0.1210578
vn 0.0000000 1.0000000 0.0000000
v 0.0656093 0.0000000 0.1157175
vn 0.0000000 1.0000000 0.0000000
v -0.4115559 0.0000000 0.0767333
vn 0.0000000 1.0000000 0.0000000
v -0.0411438 0.0000000 0.1633143
vn 0.0000000 1.0000000 0.0000000
v -0.3992143 0.0000000 0.1475948
vn 0.0000000 1.0000000 0.0000000
v -0.5585105 0.0000000 0.1152410
vn 0.0000000 1.0000000 0.0000000
v -0.8825793 0.0000000 0.1313370
vn 0.0000000 1.0000000 0.0000000
v -0.4781936 0.0000000 0.1734606
vn 0.0000000 1.0000000 0.0000000
v -0.5092335 0.0000000 0.1710106
vn 0.0000000 1.0000000 0.0000000
v 0.9096843 0.0000000 0.3375651
vn 0.0000000 1.0000000 0.0000000
v 0.0513472 0.0000000 0.2837011
vn 0.0000000 1.0000000 0.0000000
v -0.5985134 0.0000000 0.1934796
vn 0.0000000 1.0000000 0.0000000
v -0.8529860 0.0000000 0.3021698
vn 0.0000000 1.0000000 0.0000000
v -0.8269253 0.0000000 0.3114907
vn 0.0000000 1.0000000 0.0000000
v -0.7125189 0.0000000 0.3349105
vn 0.0000000 1.0000000 0.0000000
v 0.6830566 0.0000000 0.4543433
vn 0.0000000 1.0000000 0.0000000
v 0.8151491 0.0000000 0.4931552
vn 0.0000000 1.0000000 0.0000000
v 0.6273142 0.0000000 0.5055869
vn 0.0000000 1.0000000 0.0000000
v -0.4357981 0.0000000 0.4042633
vn 0.0000000 1.0000000 0.0000000
v -0.0216050 0.0000000 0.5023667
vn 0.0000000 1.0000000 0.0000000
v -0.3327625 0.0000000 0.4840161
vn 0.0000000 1.0000000 0.0000000
v -0.7900349 0.0000000 0.4526179
vn 0.0000000 1.0000000 0.0000000
v -0.4832517 0.0000000 0.5335153
vn 0.0000000 1.0000000 0.0000000
v -0.2441081 0.0000000 0.5316476
vn 0.0000000 1.0000000 0.0000000
v 0.2645420 0.0000000 0.6904015
vn 0.0000000 1.0000000 0.0000000
v 0.3288964 0.0000000 0.5537940
vn 0.0000000 1.0000000 0.0000000
v -0.7471158 0.0000000 -0.5111559
vn 0.0000000 1.0000000 0.0000000
v 0.6607515 0.0000000 0.6792806
vn 0.0000000 1.0000000 0.0000000
v -0.5867915 0.0000000 0.5332056
vn 0.0000000 1.0000000 0.0000000
v 0.2571322 0.0000000 -0.2856466
vn 0.0000000 1.0000000 0.0000000
v -0.3198091 0.0000000 -0.2401428
vn 0.0000000 1.0000000 0.0000000
v 0.3239366 0.0000000 0.2418441
vn 0.0000000 1.0000000 0.0000000
v 0.2985004 0.0000000 0.4012686
vn 0.0000000 1.0000000 0.0000000
v -0.0395501 0.0000000 -0.7219101
vn 0.0000000 1.0000000 0.0000000
v 0.7044687 0.0000000 -0.3971078
vn 0.0000000 1.0000000 0.0000000
v -0.5707430 0.0000000 -0.4436118
vn 0.0000000 1.0000000 0.0000000
v 0.3423653 0.0000000 -0.1835183
vn 0.0000000 1.0000000 0.0000000
v 0.7694679 0.0000000 -0.0818153
vn 0.0000000 1.0000000 0.0000000
v -0.3265848 0.0000000 -0.1416874
vn 0.0000000 1.0000000 0.0000000
v 0.6399611 0.0000000 0.1868725
vn 0.0000000 1.0000000 0.0000000
v 0.3003705 0.0000000 0.3175522
vn 0.0000000 1.0000000 0.0000000
v 0.5756614 0.0000000 0.4354693
vn 0.0000000 1.0000000 0.0000000
v -0.3285444 0.0000000 0.3572295
vn 0.0000000 1.0000000 0.0000000
v -0.7181205 0.0000000 0.4212304
vn 0.0000000 1.0000000 0.0000000
v -0.3375263 0.0000000 0.5522306
vn 0.0000000 1.0000000 0.0000000
v -0.3169905 0.0000000 0.5290999
vn 0.0000000 1.0000000 0.0000000
v -0.7208148 0.0000000 -0.5294183
vn 0.0000000 1.0000000 0.0000000
v 0.1499112 0.0000000 0.7074925
vn 0.0000000 1.0000000 0.0000000
v 0.1549744 0.0000000 -0.4743735
vn 0.0000000 1.0000000 0.0000000
v 0.1748539 0.0000000 -0.4292699
vn 0.0000000 1.0000000 0.0000000
v 0.1675967 0.0000000 -0.3344574
vn 0.0000000 1.0000000 0.0000000
v 0.0943255 0.0000000 -0.2613080
vn 0.0000000 1.0000000 0.0000000
v -0.6398956 0.0000000 -0.2336628
vn 0.0000000 1.0000000 0.0000000
v -0.1401794 0.0000000 -0.1976873
vn 0.0000000 1.0000000 0.0000000
v 0.0913832 0.0000000 -0.0902492
vn 0.0000000 1.0000000 0.0000000
v -0.1669815 0.0000000 -0.0556129
vn 0.0000000 1.0000000 0.0000000
v 0.1331403 0.0000000 0.0475918
vn 0.0000000 1.0000000 0.0000000
v 0.1229709 0.0000000 0.0748762
vn 0.0000000 1.0000000 0.0000000
v -0.0938489 0.0000000 0.1027174
vn 0.0000000 1.0000000 0.0000000
v -0.7139606 0.0000000 0.0960498
vn 0.0000000 1.0000000 0.0000000
v -0.7441546 0.0000000 0.1007513
vn 0.0000000 1.0000000 0.0000000
v -0.7245330 0.0000000 0.1232462
vn 0.0000000 1.0000000 0.0000000
v 0.6290394 0.0000000 0.2420496
vn 0.0000000 1.0000000 0.0000000
v 0.1524219 0.0000000 0.1889903
vn 0.0000000 1.0000000 0.0000000
v 0.1354115 0.0000000 0.2449431
vn 0.0000000 1.0000000 0.0000000
v 0.1345563 0.0000000 0.3638735
vn 0.0000000 1.0000000 0.0000000
v -0.6487169 0.0000000 0.4341457
vn 0.0000000 1.0000000 0.0000000
v 0.1156059 0.0000000 0.5343878
vn 0.0000000 1.0000000 0.0000000
v -0.3805811 0.0000000 0.8253765
vn 0.0000000 1.0000000 0.0000000
v 0.5850135 0.0000000 -0.7085713
vn 0.0000000 1.0000000 0.0000000
v 0.2740975 0.0000000 -0.4272029
vn 0.0000000 1.0000000 0.0000000
v -0.1588762 0.0000000 -0.4486628
vn 0.0000000 1.0000000 0.0000000
v -0.6095568 0.0000000 -0.4753822
vn 0.0000000 1.0000000 0.0000000
v 0.6937132 0.0000000 -0.3692776
vn 0.0000000 1.0000000 0.0000000
v 0.1695747 0.0000000 -0.4019368
vn 0.0000000 1.0000000 0.0000000
v 0.1526030 0.0000000 -0.3583409
vn 0.0000000 1.0000000 0.0000000
v -0.2814669 0.0000000 -0.4393091
vn 0.0000000 1.0000000 0.0000000
v -0.3167689 0.0000000 -0.3601116
vn 0.0000000 1.0000000 0.0000000
v -0.7645411 0.0000000 -0.4030288
vn 0.0000000 1.0000000 0.0000000
v -0.7895286 0.0000000 -0.3574718
vn 0.0000000 1.0000000 0.0000000
v 0.2718738 0.0000000 -0.2610995
vn 0.0000000 1.0000000 0.0000000
v -0.2342503 0.0000000 -0.2922767
vn 0.0000000 1.0000000 0.0000000
v -0.0967589 0.0000000 -0.3225940
vn 0.0000000 1.0000000 0.0000000
v 0.1686519 0.0000000 -0.2433878
vn 0.0000000 1.0000000 0.0000000
v 0.1574690 0.0000000 -0.1936235
vn 0.0000000 1.0000000 0.0000000
v -0.7995966 0.0000000 -0.2878776
vn 0.0000000 1.0000000 0.0000000
v -0.3363670 0.0000000 -0.1896819
vn 0.0000000 1.0000000 0.0000000
v -0.8154597 0.0000000 -0.2317367
vn 0.0000000 1.0000000 0.0000000
v 0.3376619 0.0000000 -0.0513156
vn 0.0000000 1.0000000 0.0000000
v 0.2663216 0.0000000 -0.0881041
vn 0.0000000 1.0000000 0.0000000
v 0.2415041 0.0000000 -0.1097829
vn 0.0000000 1.0000000 0.0000000
v 0.2401666 0.0000000 -0.0817220
vn 0.0000000 1.0000000 0.0000000
v 0.7810427 0.0000000 -0.1555796
vn 0.0000000 1.0000000 0.0000000
v -0.2563466 0.0000000 -0.1242036
vn 0.0000000 1.0000000 0.0000000
v -0.1082816 0.0000000 -0.1479084
vn 0.0000000 1.0000000 0.0000000
v 0.1746920 0.0000000 -0.0568495
vn 0.0000000 1.0000000 0.0000000
v -0.3720757 0.0000000 -0.0163505
vn 0.0000000 1.0000000 0.0000000
v -0.8639470 0.0000000 -0.0748586
vn 0.0000000 1.0000000 0.0000000
v 0.8289289 0.0000000 0.1450349
vn 0.0000000 1.0000000 0.0000000
v 0.8601595 0.0000000 0.1043669
vn 0.0000000 1.0000000 0.0000000
v 0.8694845 0.0000000 0.0487052
vn 0.0000000 1.0000000 0.0000000
v 0.3607275 0.0000000 0.0215892
vn 0.0000000 1.0000000 0.0000000
v -0.1818566 0.0000000 0.0700029
vn 0.0000000 1.0000000 0.0000000
v -0.1415722 0.0000000 0.0400231
vn 0.0000000 1.0000000 0.0000000
v 0.2452764 0.0000000 0.1369836
vn 0.0000000 1.0000000 0.0000000
v 0.1417276 0.0000000 0.1000148
vn 0.0000000 1.0000000 0.0000000
v 0.1556083 0.0000000 0.1666527
vn 0.0000000 1.0000000 0.0000000
v 0.1195600 0.0000000 0.1450506
vn 0.0000000 1.0000000 0.0000000
v 0.8059691 0.0000000 0.3324904
vn 0.0000000 1.0000000 0.0000000
v 0.8146012 0.0000000 0.2744187
vn 0.0000000 1.0000000 0.0000000
v 0.3414313 0.0000000 0.1870341
vn 0.0000000 1.0000000 0.0000000
v -0.1547165 0.0000000 0.1963011
vn 0.0000000 1.0000000 0.0000000
v 0.2263981 0.0000000 0.2992009
vn 0.0000000 1.0000000 0.0000000
v 0.2375840 0.0000000 0.2728075
vn 0.0000000 1.0000000 0.0000000
v 0.1259842 0.0000000 0.2752998
vn 0.0000000 1.0000000 0.0000000
v -0.3441173 0.0000000 0.2323780
vn 0.0000000 1.0000000 0.0000000
v -0.7877351 0.0000000 0.2432845
vn 0.0000000 1.0000000 0.0000000
v 0.7456921 0.0000000 0.4447632
vn 0.0000000 1.0000000 0.0000000
v 0.7828708 0.0000000 0.3568201
vn 0.0000000 1.0000000 0.0000000
v -0.1504194 0.0000000 0.3546128
vn 0.0000000 1.0000000 0.0000000
v 0.6190475 0.0000000 0.4773400
vn 0.0000000 1.0000000 0.0000000
v 0.5558930 0.0000000 0.4876069
vn 0.0000000 1.0000000 0.0000000
v 0.0930802 0.0000000 0.4539649
vn 0.0000000 1.0000000 0.0000000
v 0.1989285 0.0000000 0.4777360
vn 0.0000000 1.0000000 0.0000000
v 0.1441950 0.0000000 0.4885739
vn 0.0000000 1.0000000 0.0000000
v -0.0581956 0.0000000 0.5454067
vn 0.0000000 1.0000000 0.0000000
v -0.1101998 0.0000000 -0.5353832
vn 0.0000000 1.0000000 0.0000000
v 0.4285458 0.0000000 0.7424538
vn 0.0000000 1.0000000 0.0000000
v -0.1641818 0.0000000 0.8658187
vn 0.0000000 1.0000000 0.0000000
v 0.3561345 0.0000000 -0.6715799
vn 0.0000000 1.0000000 0.0000000
v 0.1516551 0.0000000 -0.4477510
vn 0.0000000 1.0000000 0.0000000
v -0.3523906 0.0000000 -0.4064198
vn 0.0000000 1.0000000 0.0000000
v -0.3637562 0.0000000 -0.3800175
vn 0.0000000 1.0000000 0.0000000
v -0.1214465 0.0000000 -0.3783824
vn 0.0000000 1.0000000 0.0000000
v 0.4540730 0.0000000 -0.3202268
vn 0.0000000 1.0000000 0.0000000
v -0.3832409 0.0000000 -0.2342768
vn 0.0000000 1.0000000 0.0000000
v -0.3905729 0.0000000 -0.2089247
vn 0.0000000 1.0000000 0.0000000
v -0.1493414 0.0000000 -0.2202504
vn 0.0000000 1.0000000 0.0000000
v 0.3525303 0.0000000 -0.0974856
vn 0.0000000 1.0000000 0.0000000
v 0.3773282 0.0000000 -0.1143552
vn 0.0000000 1.0000000 0.0000000
v 0.1287006 0.0000000 -0.1202450
vn 0.0000000 1.0000000 0.0000000
v 0.0787414 0.0000000 -0.1363052
vn 0.0000000 1.0000000 0.0000000
v -0.4644557 0.0000000 -0.0750879
vn 0.0000000 1.0000000 0.0000000
v -0.3431836 0.0000000 0.1258000
vn 0.0000000 1.0000000 0.0000000
v -0.0239011 0.0000000 0.1406934
vn 0.0000000 1.0000000 0.0000000
v 0.4501788 0.0000000 0.2219320
vn 0.0000000 1.0000000 0.0000000
v 0.1448737 0.0000000 0.2156528
vn 0.0000000 1.0000000 0.0000000
v -0.3629138 0.0000000 0.2883457
vn 0.0000000 1.0000000 0.0000000
v -0.3363648 0.0000000 0.2823462
vn 0.0000000 1.0000000 0.0000000
v -0.0261021 0.0000000 0.3079221
vn 0.0000000 1.0000000 0.0000000
v 0.4115885 0.0000000 0.4004211
vn 0.0000000 1.0000000 0.0000000
v 0.1331510 0.0000000 0.3951087
vn 0.0000000 1.0000000 0.0000000
v -0.3644336 0.0000000 0.4396594
vn 0.0000000 1.0000000 0.0000000
v -0.3073611 0.0000000 0.4408785
vn 0.0000000 1.0000000 0.0000000
v -0.3868106 0.0000000 0.4615293
vn 0.0000000 1.0000000 0.0000000
v 0.2357747 0.0000000 0.6194823
vn 0.0000000 1.0000000 0.0000000
v 0.1419465 0.0000000 0.5877682
vn 0.0000000 1.0000000 0.0000000
v -0.0060366 0.0000000 0.5553000
vn 0.0000000 1.0000000 0.0000000
v -0.1323653 0.0000000 -0.9383725
vn 0.0000000 1.0000000 0.0000000
v 0.4978954 0.0000000 -0.7352111
vn 0.0000000 1.0000000 0.0000000
v 0.6469669 0.0000000 -0.3895143
vn 0.0000000 1.0000000 0.0000000
v 0.6353971 0.0000000 -0.4175729
vn 0.0000000 1.0000000 0.0000000
v 0.8115707 0.0000000 -0.4739824
vn 0.0000000 1.0000000 0.0000000
v 0.7276552 0.0000000 -0.4609393
vn 0.0000000 1.0000000 0.0000000
v -0.2303806 0.0000000 -0.4740030
vn 0.0000000 1.0000000 0.0000000
v -0.4390788 0.0000000 -0.4805273
vn 0.0000000 1.0000000 0.0000000
v -0.4057127 0.0000000 -0.4800352
vn 0.0000000 1.0000000 0.0000000
v 0.1664407 0.0000000 -0.3781826
vn 0.0000000 1.0000000 0.0000000
v 0.3928341 0.0000000 -0.3618915
vn 0.0000000 1.0000000 0.0000000
v -0.7404939 0.0000000 -0.4547172
vn 0.0000000 1.0000000 0.0000000
v -0.7770565 0.0000000 -0.3777126
vn 0.0000000 1.0000000 0.0000000
v -0.5396200 0.0000000 -0.3667138
vn 0.0000000 1.0000000 0.0000000
v 0.6046677 0.0000000 -0.2534907
vn 0.0000000 1.0000000 0.0000000
v 0.5986890 0.0000000 -0.2027745
vn 0.0000000 1.0000000 0.0000000
v 0.6276777 0.0000000 -0.2012048
vn 0.0000000 1.0000000 0.0000000
v -0.1584327 0.0000000 -0.3237374
vn 0.0000000 1.0000000 0.0000000
v -0.3602344 0.0000000 -0.3100041
vn 0.0000000 1.0000000 0.0000000
v 0.4633785 0.0000000 -0.1916883
vn 0.0000000 1.0000000 0.0000000
v 0.1651422 0.0000000 -0.2204820
vn 0.0000000 1.0000000 0.0000000
v 0.4059435 0.0000000 -0.2022157
vn 0.0000000 1.0000000 0.0000000
v -0.5664570 0.0000000 -0.3209745
vn 0.0000000 1.0000000 0.0000000
v -0.5762345 0.0000000 -0.2764962
vn 0.0000000 1.0000000 0.0000000
v -0.5484424 0.0000000 -0.2773574
vn 0.0000000 1.0000000 0.0000000
v -0.5109745 0.0000000 -0.1779813
vn 0.0000000 1.0000000 0.0000000
v 0.4563827 0.0000000 -0.0791237
vn 0.0000000 1.0000000 0.0000000
v -0.1896584 0.0000000 -0.1249139
vn 0.0000000 1.0000000 0.0000000
v -0.4529144 0.0000000 -0.1503693
vn 0.0000000 1.0000000 0.0000000
v -0.3817474 0.0000000 -0.1376777
vn 0.0000000 1.0000000 0.0000000
v 0.1377413 0.0000000 -0.0338994
vn 0.0000000 1.0000000 0.0000000
v 0.4423458 0.0000000 -0.0079821
vn 0.0000000 1.0000000 0.0000000
v -0.5197812 0.0000000 -0.1146348
vn 0.0000000 1.0000000 0.0000000
v -0.8524220 0.0000000 -0.1351232
vn 0.0000000 1.0000000 0.0000000
v -0.5869110 0.0000000 -0.0356853
vn 0.0000000 1.0000000 0.0000000
v -0.5898041 0.0000000 -0.0081255
vn 0.0000000 1.0000000 0.0000000
v 0.8582029 0.0000000 0.1314821
vn 0.0000000 1.0000000 0.0000000
v 0.3643434 0.0000000 0.1317499
vn 0.0000000 1.0000000 0.0000000
v -0.6290828 0.0000000 0.0525486
vn 0.0000000 1.0000000 0.0000000
v -0.8154400 0.0000000 0.0426268
vn 0.0000000 1.0000000 0.0000000
v -0.6354979 0.0000000 0.1042618
vn 0.0000000 1.0000000 0.0000000
v -0.6103332 0.0000000 0.0942583
vn 0.0000000 1.0000000 0.0000000
v -0.6131781 0.0000000 0.1493466
vn 0.0000000 1.0000000 0.0000000
v -0.7904722 0.0000000 0.1220585
vn 0.0000000 1.0000000 0.0000000
v 0.5826144 0.0000000 0.1958068
vn 0.0000000 1.0000000 0.0000000
v 0.5767286 0.0000000 0.2274968
vn 0.0000000 1.0000000 0.0000000
v -0.1785887 0.0000000 0.2049158
vn 0.0000000 1.0000000 0.0000000
v -0.3940030 0.0000000 0.1927417
vn 0.0000000 1.0000000 0.0000000
v -0.4687051 0.0000000 0.2009818
vn 0.0000000 1.0000000 0.0000000
v 0.3602827 0.0000000 0.3128165
vn 0.0000000 1.0000000 0.0000000
v -0.6211646 0.0000000 0.2829706
vn 0.0000000 1.0000000 0.0000000
v -0.5983695 0.0000000 0.2675735
vn 0.0000000 1.0000000 0.0000000
v -0.5876410 0.0000000 0.3182787
vn 0.0000000 1.0000000 0.0000000
v -0.7834662 0.0000000 0.2967256
vn 0.0000000 1.0000000 0.0000000
v -0.7548645 0.0000000 0.2932268
vn 0.0000000 1.0000000 0.0000000
v 0.7332084 0.0000000 0.4681010
vn 0.0000000 1.0000000 0.0000000
v 0.5142068 0.0000000 0.4453010
vn 0.0000000 1.0000000 0.0000000
v 0.5055263 0.0000000 0.4716507
vn 0.0000000 1.0000000 0.0000000
v 0.7706223 0.0000000 0.3887535
vn 0.0000000 1.0000000 0.0000000
v 0.5414799 0.0000000 0.3662794
vn 0.0000000 1.0000000 0.0000000
v -0.1642257 0.0000000 0.3817686
vn 0.0000000 1.0000000 0.0000000
v -0.3905929 0.0000000 0.3605433
vn 0.0000000 1.0000000 0.0000000
v 0.3376026 0.0000000 0.4686247
vn 0.0000000 1.0000000 0.0000000
v 0.1156889 0.0000000 0.4763805
vn 0.0000000 1.0000000 0.0000000
v -0.5676833 0.0000000 0.4324695
vn 0.0000000 1.0000000 0.0000000
v -0.3661919 0.0000000 0.5456676
vn 0.0000000 1.0000000 0.0000000
v -0.6124437 0.0000000 -0.5032430
vn 0.0000000 1.0000000 0.0000000
v 0.3018498 0.0000000 0.7247487
vn 0.0000000 1.0000000 0.0000000
v -0.5188710 0.0000000 0.7838317
vn 0.0000000 1.0000000 0.0000000
v -0.4310921 0.0000000 0.8467651
vn 0.0000000 1.0000000 0.0000000
v 0.3711045 0.0000000 -0.8195463
vn 0.0000000 1.0000000 0.0000000
v 0.1086564 0.0000000 -0.6529735
vn 0.0000000 1.0000000 0.0000000
v 0.0521384 0.0000000 -0.6316747
vn 0.0000000 1.0000000 0.0000000
v -0.3222281 0.0000000 -0.6967952
vn 0.0000000 1.0000000 0.0000000
v 0.3886087 0.0000000 -0.4787706
vn 0.0000000 1.0000000 0.0000000
v 0.0781068 0.0000000 -0.5000988
vn 0.0000000 1.0000000 0.0000000
v 0.0532857 0.0000000 -0.5191497
vn 0.0000000 1.0000000 0.0000000
v 0.2262463 0.0000000 -0.4187403
vn 0.0000000 1.0000000 0.0000000
v 0.1017249 0.0000000 -0.4311771
vn 0.0000000 1.0000000 0.0000000
v -0.0150564 0.0000000 -0.3757228
vn 0.0000000 1.0000000 0.0000000
v -0.7539127 0.0000000 -0.4290171
vn 0.0000000 1.0000000 0.0000000
v -0.3036759 0.0000000 -0.3855780
vn 0.0000000 1.0000000 0.0000000
v -0.0666606 0.0000000 -0.3524624
vn 0.0000000 1.0000000 0.0000000
v 0.0351315 0.0000000 -0.2630472
vn 0.0000000 1.0000000 0.0000000
v -0.0277894 0.0000000 -0.2550265
vn 0.0000000 1.0000000 0.0000000
v -0.2558720 0.0000000 -0.2421654
vn 0.0000000 1.0000000 0.0000000
v -0.0052787 0.0000000 -0.2321882
vn 0.0000000 1.0000000 0.0000000
v -0.5053588 0.0000000 -0.2371663
vn 0.0000000 1.0000000 0.0000000
v -0.8081541 0.0000000 -0.2586888
vn 0.0000000 1.0000000 0.0000000
v -0.3281673 0.0000000 -0.2144960
vn 0.0000000 1.0000000 0.0000000
v -0.0776912 0.0000000 -0.1990205
vn 0.0000000 1.0000000 0.0000000
v 0.5302861 0.0000000 -0.0993827
vn 0.0000000 1.0000000 0.0000000
v 0.1820995 0.0000000 -0.1040795
vn 0.0000000 1.0000000 0.0000000
v -0.2992096 0.0000000 -0.0428182
vn 0.0000000 1.0000000 0.0000000
v -0.0881927 0.0000000 -0.0708193
vn 0.0000000 1.0000000 0.0000000
v -0.6464361 0.0000000 -0.0639984
vn 0.0000000 1.0000000 0.0000000
v -0.5823072 0.0000000 -0.0627262
vn 0.0000000 1.0000000 0.0000000
v -0.3283063 0.0000000 -0.0423504
vn 0.0000000 1.0000000 0.0000000
v -0.0870465 0.0000000 -0.0088397
vn 0.0000000 1.0000000 0.0000000
v 0.8628818 0.0000000 0.0764497
vn 0.0000000 1.0000000 0.0000000
v 0.6155411 0.0000000 0.0542406
vn 0.0000000 1.0000000 0.0000000
v 0.5867944 0.0000000 0.0512480
vn 0.0000000 1.0000000 0.0000000
v 0.5447912 0.0000000 0.0643982
vn 0.0000000 1.0000000 0.0000000
v 0.3066753 0.0000000 0.0939894
vn 0.0000000 1.0000000 0.0000000
v 0.0418713 0.0000000 0.0539185
vn 0.0000000 1.0000000 0.0000000
v -0.1225261 0.0000000 0.0953248
vn 0.0000000 1.0000000 0.0000000
v -0.0360771 0.0000000 0.1142499
vn 0.0000000 1.0000000 0.0000000
v -0.0646999 0.0000000 0.1092420
vn 0.0000000 1.0000000 0.0000000
v -0.4642761 0.0000000 0.0894433
vn 0.0000000 1.0000000 0.0000000
v 0.8345681 0.0000000 0.2518502
vn 0.0000000 1.0000000 0.0000000
v 0.3305961 0.0000000 0.2144593
vn 0.0000000 1.0000000 0.0000000
v 0.0773058 0.0000000 0.2378865
vn 0.0000000 1.0000000 0.0000000
v 0.0772767 0.0000000 0.2065459
vn 0.0000000 1.0000000 0.0000000
v 0.3185171 0.0000000 0.2675306
vn 0.0000000 1.0000000 0.0000000
v -0.1231255 0.0000000 0.2603777
vn 0.0000000 1.0000000 0.0000000
v -0.1060554 0.0000000 0.2845865
vn 0.0000000 1.0000000 0.0000000
v -0.4583175 0.0000000 0.2556678
vn 0.0000000 1.0000000 0.0000000
v 0.0258655 0.0000000 0.2737911
vn 0.0000000 1.0000000 0.0000000
v 0.7583395 0.0000000 0.4170672
vn 0.0000000 1.0000000 0.0000000
v 0.5333297 0.0000000 0.3931966
vn 0.0000000 1.0000000 0.0000000
v 0.5242475 0.0000000 0.4192635
vn 0.0000000 1.0000000 0.0000000
v 0.3070143 0.0000000 0.3728863
vn 0.0000000 1.0000000 0.0000000
v 0.0756262 0.0000000 0.3678435
vn 0.0000000 1.0000000 0.0000000
v 0.2906603 0.0000000 0.4294459
vn 0.0000000 1.0000000 0.0000000
v 0.0000016 0.0000000 0.4028875
vn 0.0000000 1.0000000 0.0000000
v -0.0690852 0.0000000 0.4439594
vn 0.0000000 1.0000000 0.0000000
v -0.0472848 0.0000000 0.4613140
vn 0.0000000 1.0000000 0.0000000
v -0.8262580 0.0000000 0.4164832
vn 0.0000000 1.0000000 0.0000000
v -0.0803594 0.0000000 0.6338809
vn 0.0000000 1.0000000 0.0000000
v -0.0203080 0.0000000 0.6155487
vn 0.0000000 1.0000000 0.0000000
v -0.0385678 0.0000000 0.7378990
vn 0.0000000 1.0000000 0.0000000
v -0.4123222 0.0000000 -0.8900615
vn 0.0000000 1.0000000 0.0000000
v 0.4567489 0.0000000 -0.7816842
vn 0.0000000 1.0000000 0.0000000
v -0.2270617 0.0000000 -0.8564704
vn 0.0000000 1.0000000 0.0000000
v 0.6809947 0.0000000 -0.5403043
vn 0.0000000 1.0000000 0.0000000
v 0.8171037 0.0000000 -0.5180055
vn 0.0000000 1.0000000 0.0000000
v 0.5285083 0.0000000 -0.7261320
vn 0.0000000 1.0000000 0.0000000
v -0.0000948 0.0000000 -0.5268904
vn 0.0000000 1.0000000 0.0000000
v 0.8197788 0.0000000 -0.3927574
vn 0.0000000 1.0000000 0.0000000
v 0.6325704 0.0000000 -0.3637030
vn 0.0000000 1.0000000 0.0000000
v 0.7922743 0.0000000 -0.4270500
vn 0.0000000 1.0000000 0.0000000
v 0.8082603 0.0000000 -0.4483914
vn 0.0000000 1.0000000 0.0000000
v 0.2125999 0.0000000 -0.5249867
vn 0.0000000 1.0000000 0.0000000
v -0.1683297 0.0000000 -0.4758332
vn 0.0000000 1.0000000 0.0000000
v -0.2649050 0.0000000 -0.5074915
vn 0.0000000 1.0000000 0.0000000
v 0.5696806 0.0000000 -0.3597080
vn 0.0000000 1.0000000 0.0000000
v 0.3411922 0.0000000 -0.3882560
vn 0.0000000 1.0000000 0.0000000
v 0.1076248 0.0000000 -0.3851320
vn 0.0000000 1.0000000 0.0000000
v 0.0927071 0.0000000 -0.3582409
vn 0.0000000 1.0000000 0.0000000
v -0.3405276 0.0000000 -0.4325668
vn 0.0000000 1.0000000 0.0000000
v -0.7417762 0.0000000 -0.4841306
vn 0.0000000 1.0000000 0.0000000
v -0.8441192 0.0000000 -0.4811514
vn 0.0000000 1.0000000 0.0000000
v -0.5837100 0.0000000 -0.4152414
vn 0.0000000 1.0000000 0.0000000
v -0.8588477 0.0000000 -0.4572616
vn 0.0000000 1.0000000 0.0000000
v -0.3733883 0.0000000 -0.3537904
vn 0.0000000 1.0000000 0.0000000
v -0.5943881 0.0000000 -0.3854716
vn 0.0000000 1.0000000 0.0000000
v -0.8724114 0.0000000 -0.4404895
vn 0.0000000 1.0000000 0.0000000
v -0.8778290 0.0000000 -0.4173627
vn 0.0000000 1.0000000 0.0000000
v -0.6241025 0.0000000 -0.3339592
vn 0.0000000 1.0000000 0.0000000
v -0.8886446 0.0000000 -0.3898357
vn 0.0000000 1.0000000 0.0000000
v 0.8949577 0.0000000 -0.2110718
vn 0.0000000 1.0000000 0.0000000
v 0.8500158 0.0000000 -0.2227549
vn 0.0000000 1.0000000 0.0000000
v 0.6837203 0.0000000 -0.2696917
vn 0.0000000 1.0000000 0.0000000
v 0.7230798 0.0000000 -0.3115485
vn 0.0000000 1.0000000 0.0000000
v 0.6817837 0.0000000 -0.3421498
vn 0.0000000 1.0000000 0.0000000
v 0.3624474 0.0000000 -0.2908752
vn 0.0000000 1.0000000 0.0000000
v 0.3404389 0.0000000 -0.3046594
vn 0.0000000 1.0000000 0.0000000
v 0.3452888 0.0000000 -0.2738612
vn 0.0000000 1.0000000 0.0000000
v 0.4301795 0.0000000 -0.3163740
vn 0.0000000 1.0000000 0.0000000
v 0.4394799 0.0000000 -0.3402733
vn 0.0000000 1.0000000 0.0000000
v 0.7207174 0.0000000 -0.2385824
vn 0.0000000 1.0000000 0.0000000
v 0.3484305 0.0000000 -0.2150443
vn 0.0000000 1.0000000 0.0000000
v 0.0635650 0.0000000 -0.2623422
vn 0.0000000 1.0000000 0.0000000
v 0.0493134 0.0000000 -0.2439396
vn 0.0000000 1.0000000 0.0000000
v 0.1032511 0.0000000 -0.2117501
vn 0.0000000 1.0000000 0.0000000
v 0.0956241 0.0000000 -0.1868201
vn 0.0000000 1.0000000 0.0000000
v -0.3675890 0.0000000 -0.2846326
vn 0.0000000 1.0000000 0.0000000
v -0.3755340 0.0000000 -0.2593378
vn 0.0000000 1.0000000 0.0000000
v -0.6307535 0.0000000 -0.2838970
vn 0.0000000 1.0000000 0.0000000
v -0.8616713 0.0000000 -0.3283408
vn 0.0000000 1.0000000 0.0000000
v -0.8571433 0.0000000 -0.3036157
vn 0.0000000 1.0000000 0.0000000
v -0.6229504 0.0000000 -0.2564633
vn 0.0000000 1.0000000 0.0000000
v -0.6036999 0.0000000 -0.2798784
vn 0.0000000 1.0000000 0.0000000
v -0.8655868 0.0000000 -0.2737680
vn 0.0000000 1.0000000 0.0000000
v -0.3979161 0.0000000 -0.1822729
vn 0.0000000 1.0000000 0.0000000
v -0.6495942 0.0000000 -0.2070039
vn 0.0000000 1.0000000 0.0000000
v 0.8731487 0.0000000 -0.0187790
vn 0.0000000 1.0000000 0.0000000
v 0.8759103 0.0000000 -0.0465934
vn 0.0000000 1.0000000 0.0000000
v 0.6815554 0.0000000 -0.0164663
vn 0.0000000 1.0000000 0.0000000
v 0.7065102 0.0000000 -0.0268506
vn 0.0000000 1.0000000 0.0000000
v 0.8980042 0.0000000 -0.1114181
vn 0.0000000 1.0000000 0.0000000
v 0.9058328 0.0000000 -0.1609552
vn 0.0000000 1.0000000 0.0000000
v 0.8934228 0.0000000 -0.1843749
vn 0.0000000 1.0000000 0.0000000
v 0.6953097 0.0000000 -0.1707450
vn 0.0000000 1.0000000 0.0000000
v 0.4573701 0.0000000 -0.1632215
vn 0.0000000 1.0000000 0.0000000
v -0.3454371 0.0000000 -0.1646957
vn 0.0000000 1.0000000 0.0000000
v 0.6053692 0.0000000 -0.0119008
vn 0.0000000 1.0000000 0.0000000
v 0.5774496 0.0000000 -0.0010055
vn 0.0000000 1.0000000 0.0000000
v 0.0334399 0.0000000 -0.0694853
vn 0.0000000 1.0000000 0.0000000
v 0.0418332 0.0000000 -0.0167109
vn 0.0000000 1.0000000 0.0000000
v 0.0937779 0.0000000 -0.0204596
vn 0.0000000 1.0000000 0.0000000
v -0.1612889 0.0000000 -0.0848084
vn 0.0000000 1.0000000 0.0000000
v -0.3992522 0.0000000 -0.1223650
vn 0.0000000 1.0000000 0.0000000
v -0.6898478 0.0000000 -0.1061166
vn 0.0000000 1.0000000 0.0000000
v -0.1395243 0.0000000 0.0160112
vn 0.0000000 1.0000000 0.0000000
v -0.4144770 0.0000000 -0.0442425
vn 0.0000000 1.0000000 0.0000000
v -0.8999800 0.0000000 -0.0394287
vn 0.0000000 1.0000000 0.0000000
v 0.9582835 0.0000000 0.1646187
vn 0.0000000 1.0000000 0.0000000
v 0.9344736 0.0000000 0.1472498
vn 0.0000000 1.0000000 0.0000000
v 0.9646550 0.0000000 0.1047860
vn 0.0000000 1.0000000 0.0000000
v 0.6947737 0.0000000 0.1178200
vn 0.0000000 1.0000000 0.0000000
v 0.4497404 0.0000000 0.0949792
vn 0.0000000 1.0000000 0.0000000
v 0.1574717 0.0000000 0.0729639
vn 0.0000000 1.0000000 0.0000000
v 0.9667649 0.0000000 0.0776816
vn 0.0000000 1.0000000 0.0000000
v 0.9394425 0.0000000 0.0919806
vn 0.0000000 1.0000000 0.0000000
v 0.9129218 0.0000000 0.0221323
vn 0.0000000 1.0000000 0.0000000
v 0.6624750 0.0000000 0.0349818
vn 0.0000000 1.0000000 0.0000000
v 0.6548461 0.0000000 -0.0083023
vn 0.0000000 1.0000000 0.0000000
v 0.1734609 0.0000000 0.0155701
vn 0.0000000 1.0000000 0.0000000
v 0.1539564 0.0000000 -0.0085582
vn 0.0000000 1.0000000 0.0000000
v -0.0318712 0.0000000 0.0642955
vn 0.0000000 1.0000000 0.0000000
v -0.0854970 0.0000000 0.0508231
vn 0.0000000 1.0000000 0.0000000
v -0.0283331 0.0000000 0.0140946
vn 0.0000000 1.0000000 0.0000000
v -0.0438377 0.0000000 0.0370277
vn 0.0000000 1.0000000 0.0000000
v -0.5288109 0.0000000 0.0226148
vn 0.0000000 1.0000000 0.0000000
v 0.5414019 0.0000000 0.1318362
vn 0.0000000 1.0000000 0.0000000
v 0.0366264 0.0000000 0.1052592
vn 0.0000000 1.0000000 0.0000000
v -0.6905565 0.0000000 0.0426123
vn 0.0000000 1.0000000 0.0000000
v -0.9028934 0.0000000 0.0267962
vn 0.0000000 1.0000000 0.0000000
v -0.8850969 0.0000000 0.0549935
vn 0.0000000 1.0000000 0.0000000
v -0.6630536 0.0000000 0.1118963
vn 0.0000000 1.0000000 0.0000000
v -0.6431878 0.0000000 0.1637521
vn 0.0000000 1.0000000 0.0000000
v -0.8935175 0.0000000 0.1597140
vn 0.0000000 1.0000000 0.0000000
v 0.9174863 0.0000000 0.3087191
vn 0.0000000 1.0000000 0.0000000
v 0.8612266 0.0000000 0.2963395
vn 0.0000000 1.0000000 0.0000000
v 0.6007890 0.0000000 0.2530046
vn 0.0000000 1.0000000 0.0000000
v 0.3696020 0.0000000 0.2862225
vn 0.0000000 1.0000000 0.0000000
v 0.3780165 0.0000000 0.2590087
vn 0.0000000 1.0000000 0.0000000
v 0.8871640 0.0000000 0.2353484
vn 0.0000000 1.0000000 0.0000000
v 0.6358043 0.0000000 0.2111610
vn 0.0000000 1.0000000 0.0000000
v 0.4075947 0.0000000 0.1754375
vn 0.0000000 1.0000000 0.0000000
v -0.1126343 0.0000000 0.2364136
vn 0.0000000 1.0000000 0.0000000
v -0.1051375 0.0000000 0.2112882
vn 0.0000000 1.0000000 0.0000000
v -0.0964429 0.0000000 0.1859850
vn 0.0000000 1.0000000 0.0000000
v 0.4906926 0.0000000 0.3487865
vn 0.0000000 1.0000000 0.0000000
v 0.2821637 0.0000000 0.2936707
vn 0.0000000 1.0000000 0.0000000
v -0.6894860 0.0000000 0.1967896
vn 0.0000000 1.0000000 0.0000000
v -0.8750362 0.0000000 0.1768917
vn 0.0000000 1.0000000 0.0000000
v -0.8554010 0.0000000 0.2244925
vn 0.0000000 1.0000000 0.0000000
v -0.6517053 0.0000000 0.2896076
vn 0.0000000 1.0000000 0.0000000
v -0.8628830 0.0000000 0.2752228
vn 0.0000000 1.0000000 0.0000000
v -0.6639143 0.0000000 0.3409448
vn 0.0000000 1.0000000 0.0000000
v -0.8702626 0.0000000 0.3194181
vn 0.0000000 1.0000000 0.0000000
v -0.8487610 0.0000000 0.3298028
vn 0.0000000 1.0000000 0.0000000
v 0.7952454 0.0000000 0.4680060
vn 0.0000000 1.0000000 0.0000000
v 0.8499465 0.0000000 0.4595537
vn 0.0000000 1.0000000 0.0000000
v 0.5848587 0.0000000 0.4088734
vn 0.0000000 1.0000000 0.0000000
v 0.3512580 0.0000000 0.4148596
vn 0.0000000 1.0000000 0.0000000
v 0.8638069 0.0000000 0.4392740
vn 0.0000000 1.0000000 0.0000000
v 0.8772452 0.0000000 0.4125768
vn 0.0000000 1.0000000 0.0000000
v 0.5944917 0.0000000 0.3808046
vn 0.0000000 1.0000000 0.0000000
v 0.8908859 0.0000000 0.3864749
vn 0.0000000 1.0000000 0.0000000
v 0.3691191 0.0000000 0.3615718
vn 0.0000000 1.0000000 0.0000000
v -0.1158808 0.0000000 0.3999688
vn 0.0000000 1.0000000 0.0000000
v -0.1034343 0.0000000 0.3724631
vn 0.0000000 1.0000000 0.0000000
v -0.3387151 0.0000000 0.3898757
vn 0.0000000 1.0000000 0.0000000
v -0.5563651 0.0000000 0.3576957
vn 0.0000000 1.0000000 0.0000000
v 0.6841540 0.0000000 0.5088086
vn 0.0000000 1.0000000 0.0000000
v 0.4667498 0.0000000 0.4973373
vn 0.0000000 1.0000000 0.0000000
v 0.2326125 0.0000000 0.4447713
vn 0.0000000 1.0000000 0.0000000
v 0.0076567 0.0000000 0.4507027
vn 0.0000000 1.0000000 0.0000000
v 0.0195904 0.0000000 0.4253604
vn 0.0000000 1.0000000 0.0000000
v -0.8441206 0.0000000 0.3589043
vn 0.0000000 1.0000000 0.0000000
v -0.1239923 0.0000000 0.5063542
vn 0.0000000 1.0000000 0.0000000
v -0.4047986 0.0000000 0.5088384
vn 0.0000000 1.0000000 0.0000000
v -0.8173171 0.0000000 0.4435078
vn 0.0000000 1.0000000 0.0000000
v -0.7848124 0.0000000 0.4819909
vn 0.0000000 1.0000000 0.0000000
v -0.6334095 0.0000000 0.5369416
vn 0.0000000 1.0000000 0.0000000
v -0.5715729 0.0000000 0.5143079
vn 0.0000000 1.0000000 0.0000000
v -0.5190132 0.0000000 0.4935169
vn 0.0000000 1.0000000 0.0000000
v -0.4287535 0.0000000 0.5578982
vn 0.0000000 1.0000000 0.0000000
v -0.1180101 0.0000000 0.5589790
vn 0.0000000 1.0000000 0.0000000
v -0.1972262 0.0000000 0.5404929
vn 0.0000000 1.0000000 0.0000000
v -0.0786053 0.0000000 0.5256341
vn 0.0000000 1.0000000 0.0000000
v 0.2647335 0.0000000 0.6620714
vn 0.0000000 1.0000000 0.0000000
v 0.4500813 0.0000000 0.5217070
vn 0.0000000 1.0000000 0.0000000
v -0.6492276 0.0000000 -0.6874281
vn 0.0000000 1.0000000 0.0000000
v -0.3773060 0.0000000 -0.5347500
vn 0.0000000 1.0000000 0.0000000
v -0.6748477 0.0000000 -0.5591391
vn 0.0000000 1.0000000 0.0000000
v -0.7850459 0.0000000 -0.4761317
vn 0.0000000 1.0000000 0.0000000
v 0.1777873 0.0000000 0.6255241
vn 0.0000000 1.0000000 0.0000000
v 0.3886940 0.0000000 0.4763024
vn 0.0000000 1.0000000 0.0000000
v 0.6664963 0.0000000 0.5366747
vn 0.0000000 1.0000000 0.0000000
v -0.0012770 0.0000000 0.6990096
vn 0.0000000 1.0000000 0.0000000
v -0.5352349 0.0000000 0.5468912
vn 0.0000000 1.0000000 0.0000000
v 0.2632182 0.0000000 0.7765430
vn 0.0000000 1.0000000 0.0000000
v -0.4887874 0.0000000 0.7886525
vn 0.0000000 1.0000000 0.0000000
v -0.5013049 0.0000000 0.5786029
vn 0.0000000 1.0000000 0.0000000
v -0.7767074 0.0000000 -0.5206544
vn 0.0000000 1.0000000 0.0000000
v 0.4010955 0.0000000 0.6253573
vn 0.0000000 1.0000000 0.0000000
v 0.8439263 0.0000000 -0.3231963
vn 0.0000000 1.0000000 0.0000000
v 0.8217126 0.0000000 -0.3121930
vn 0.0000000 1.0000000 0.0000000
v 0.9651998 0.0000000 -0.0819547
vn 0.0000000 1.0000000 0.0000000
v 0.8722013 0.0000000 -0.1006815
vn 0.0000000 1.0000000 0.0000000
v -0.8709778 0.0000000 0.0255569
vn 0.0000000 1.0000000 0.0000000
v -0.8358096 0.0000000 0.3882833
vn 0.0000000 1.0000000 0.0000000
v -0.8546839 0.0000000 0.4081198
vn 0.0000000 1.0000000 0.0000000
v -0.7718798 0.0000000 0.4315442
vn 0.0000000 1.0000000 0.0000000
v -0.2058954 0.0000000 0.5738851
vn 0.0000000 1.0000000 0.0000000
v -0.1921225 0.0000000 -0.5241190
vn 0.0000000 1.0000000 0.0000000
v 0.0251253 0.0000000 0.6572207
vn 0.0000000 1.0000000 0.0000000
v 0.5727865 0.0000000 0.7031953
vn 0.0000000 1.0000000 0.0000000
v 0.1898463 0.0000000 0.6723151
vn 0.0000000 1.0000000 0.0000000
v -0.7624625 0.0000000 0.5527576
vn 0.0000000 1.0000000 0.0000000
v 0.1277984 0.0000000 -0.4651774
vn 0.0000000 1.0000000 0.0000000
v 0.4260545 0.0000000 -0.4513083
vn 0.0000000 1.0000000 0.0000000
v 0.3805042 0.0000000 -0.4363360
vn 0.0000000 1.0000000 0.0000000
v 0.5275127 0.0000000 -0.2837944
vn 0.0000000 1.0000000 0.0000000
v 0.5008393 0.0000000 -0.2879226
vn 0.0000000 1.0000000 0.0000000
v 0.5131134 0.0000000 -0.3098435
vn 0.0000000 1.0000000 0.0000000
v 0.4538173 0.0000000 -0.1354418
vn 0.0000000 1.0000000 0.0000000
v 0.4548916 0.0000000 -0.1073511
vn 0.0000000 1.0000000 0.0000000
v 0.4041649 0.0000000 -0.1028577
vn 0.0000000 1.0000000 0.0000000
v 0.4306012 0.0000000 -0.0911363
vn 0.0000000 1.0000000 0.0000000
v -0.3680177 0.0000000 -0.0668874
vn 0.0000000 1.0000000 0.0000000
v 0.3599805 0.0000000 0.0545887
vn 0.0000000 1.0000000 0.0000000
v -0.4742624 0.0000000 0.1180589
vn 0.0000000 1.0000000 0.0000000
v -0.4547780 0.0000000 0.2827709
vn 0.0000000 1.0000000 0.0000000
v -0.4114608 0.0000000 0.2675574
vn 0.0000000 1.0000000 0.0000000
v -0.3923930 0.0000000 0.4377691
vn 0.0000000 1.0000000 0.0000000
v -0.4694609 0.0000000 0.4355641
vn 0.0000000 1.0000000 0.0000000
v 0.2053399 0.0000000 0.6207579
vn 0.0000000 1.0000000 0.0000000
v 0.2585469 0.0000000 -0.8554928
vn 0.0000000 1.0000000 0.0000000
v 0.5333434 0.0000000 -0.4091714
vn 0.0000000 1.0000000 0.0000000
v 0.5871766 0.0000000 -0.4105278
vn 0.0000000 1.0000000 0.0000000
v 0.5761445 0.0000000 -0.4370704
vn 0.0000000 1.0000000 0.0000000
v 0.5555599 0.0000000 -0.4599111
vn 0.0000000 1.0000000 0.0000000
v 0.6456735 0.0000000 -0.2252700
vn 0.0000000 1.0000000 0.0000000
v 0.6642630 0.0000000 -0.2480166
vn 0.0000000 1.0000000 0.0000000
v 0.6350228 0.0000000 -0.2515588
vn 0.0000000 1.0000000 0.0000000
v 0.5415366 0.0000000 -0.2568598
vn 0.0000000 1.0000000 0.0000000
v 0.8109846 0.0000000 -0.2889208
vn 0.0000000 1.0000000 0.0000000
v -0.4168083 0.0000000 -0.3042648
vn 0.0000000 1.0000000 0.0000000
v -0.3806357 0.0000000 -0.3286157
vn 0.0000000 1.0000000 0.0000000
v -0.6128854 0.0000000 -0.3064285
vn 0.0000000 1.0000000 0.0000000
v 0.8322600 0.0000000 -0.0458781
vn 0.0000000 1.0000000 0.0000000
v 0.6337136 0.0000000 -0.0541225
vn 0.0000000 1.0000000 0.0000000
v 0.7432058 0.0000000 -0.0880284
vn 0.0000000 1.0000000 0.0000000
v 0.6538674 0.0000000 -0.1173748
vn 0.0000000 1.0000000 0.0000000
v 0.6270182 0.0000000 -0.1198903
vn 0.0000000 1.0000000 0.0000000
v 0.6093055 0.0000000 -0.1761167
vn 0.0000000 1.0000000 0.0000000
v -0.5150302 0.0000000 -0.1461429
vn 0.0000000 1.0000000 0.0000000
v 0.3598935 0.0000000 -0.0398020
vn 0.0000000 1.0000000 0.0000000
v -0.6424468 0.0000000 -0.1325997
vn 0.0000000 1.0000000 0.0000000
v -0.6320611 0.0000000 -0.1064545
vn 0.0000000 1.0000000 0.0000000
v -0.6442156 0.0000000 -0.0356459
vn 0.0000000 1.0000000 0.0000000
v 0.6463921 0.0000000 0.1396897
vn 0.0000000 1.0000000 0.0000000
v 0.6076914 0.0000000 0.1063127
vn 0.0000000 1.0000000 0.0000000
v 0.6345239 0.0000000 0.0313362
vn 0.0000000 1.0000000 0.0000000
v -0.3778796 0.0000000 0.0368910
vn 0.0000000 1.0000000 0.0000000
v 0.4556033 0.0000000 0.1416234
vn 0.0000000 1.0000000 0.0000000
v 0.3856642 0.0000000 0.1526382
vn 0.0000000 1.0000000 0.0000000
v -0.5658579 0.0000000 0.0886965
vn 0.0000000 1.0000000 0.0000000
v -0.6837567 0.0000000 0.0908208
vn 0.0000000 1.0000000 0.0000000
v 0.6046936 0.0000000 0.2882052
vn 0.0000000 1.0000000 0.0000000
v 0.4210680 0.0000000 0.3059509
vn 0.0000000 1.0000000 0.0000000
v -0.5458435 0.0000000 0.2502089
vn 0.0000000 1.0000000 0.0000000
v -0.6183751 0.0000000 0.2523155
vn 0.0000000 1.0000000 0.0000000
v -0.6705374 0.0000000 0.2698973
vn 0.0000000 1.0000000 0.0000000
v -0.5046565 0.0000000 0.3216693
vn 0.0000000 1.0000000 0.0000000
v -0.6289067 0.0000000 0.4143906
vn 0.0000000 1.0000000 0.0000000
v -0.4582999 0.0000000 0.5151962
vn 0.0000000 1.0000000 0.0000000
v -0.4614571 0.0000000 0.4861974
vn 0.0000000 1.0000000 0.0000000
v -0.3755592 0.0000000 0.5185043
vn 0.0000000 1.0000000 0.0000000
v 0.5956035 0.0000000 0.7223250
vn 0.0000000 1.0000000 0.0000000
v 0.1843181 0.0000000 0.7035095
vn 0.0000000 1.0000000 0.0000000
v 0.1411136 0.0000000 0.7345521
vn 0.0000000 1.0000000 0.0000000
v 0.2190866 0.0000000 -0.6201606
vn 0.0000000 1.0000000 0.0000000
v 0.6552730 0.0000000 -0.4386533
vn 0.0000000 1.0000000 0.0000000
v 0.0746783 0.0000000 -0.4704959
vn 0.0000000 1.0000000 0.0000000
v 0.1080837 0.0000000 -0.3336228
vn 0.0000000 1.0000000 0.0000000
v 0.0772625 0.0000000 -0.3330722
vn 0.0000000 1.0000000 0.0000000
v 0.0322848 0.0000000 -0.3065060
vn 0.0000000 1.0000000 0.0000000
v -0.1491972 0.0000000 -0.2734151
vn 0.0000000 1.0000000 0.0000000
v 0.1573023 0.0000000 -0.1264520
vn 0.0000000 1.0000000 0.0000000
v 0.0875291 0.0000000 -0.1624000
vn 0.0000000 1.0000000 0.0000000
v 0.0119798 0.0000000 -0.1419857
vn 0.0000000 1.0000000 0.0000000
v -0.1397421 0.0000000 -0.0400850
vn 0.0000000 1.0000000 0.0000000
v 0.1628526 0.0000000 0.0426499
vn 0.0000000 1.0000000 0.0000000
v 0.1113507 0.0000000 0.0236410
vn 0.0000000 1.0000000 0.0000000
v 0.3991790 0.0000000 0.0864137
vn 0.0000000 1.0000000 0.0000000
v 0.3746183 0.0000000 0.0777759
vn 0.0000000 1.0000000 0.0000000
v 0.0921037 0.0000000 0.0771116
vn 0.0000000 1.0000000 0.0000000
v -0.0001133 0.0000000 0.1410901
vn 0.0000000 1.0000000 0.0000000
v -0.0083306 0.0000000 0.1677730
vn 0.0000000 1.0000000 0.0000000
v -0.1377206 0.0000000 0.1170106
vn 0.0000000 1.0000000 0.0000000
v 0.0037281 0.0000000 0.2971472
vn 0.0000000 1.0000000 0.0000000
v -0.1506589 0.0000000 0.3070089
vn 0.0000000 1.0000000 0.0000000
v 0.1142264 0.0000000 0.4406239
vn 0.0000000 1.0000000 0.0000000
v -0.0047761 0.0000000 0.4756680
vn 0.0000000 1.0000000 0.0000000
v 0.0107833 0.0000000 0.5000177
vn 0.0000000 1.0000000 0.0000000
v -0.0938241 0.0000000 0.7227468
vn 0.0000000 1.0000000 0.0000000
v 0.0277824 0.0000000 -0.6216431
vn 0.0000000 1.0000000 0.0000000
v 0.7505156 0.0000000 -0.5686228
vn 0.0000000 1.0000000 0.0000000
v 0.6738375 0.0000000 -0.3871321
vn 0.0000000 1.0000000 0.0000000
v 0.8002393 0.0000000 -0.4936337
vn 0.0000000 1.0000000 0.0000000
v -0.1096783 0.0000000 -0.4749501
vn 0.0000000 1.0000000 0.0000000
v 0.4053884 0.0000000 -0.3865489
vn 0.0000000 1.0000000 0.0000000
v 0.3316503 0.0000000 -0.3569967
vn 0.0000000 1.0000000 0.0000000
v 0.0134527 0.0000000 -0.4168202
vn 0.0000000 1.0000000 0.0000000
v -0.4513200 0.0000000 -0.4480456
vn 0.0000000 1.0000000 0.0000000
v -0.5215992 0.0000000 -0.4195069
vn 0.0000000 1.0000000 0.0000000
v -0.0872339 0.0000000 -0.3427289
vn 0.0000000 1.0000000 0.0000000
v -0.5314231 0.0000000 -0.3951579
vn 0.0000000 1.0000000 0.0000000
v 0.8263041 0.0000000 -0.2384504
vn 0.0000000 1.0000000 0.0000000
v 0.9423128 0.0000000 -0.2238772
vn 0.0000000 1.0000000 0.0000000
v 0.7989850 0.0000000 -0.2562211
vn 0.0000000 1.0000000 0.0000000
v 0.5749442 0.0000000 -0.3071574
vn 0.0000000 1.0000000 0.0000000
v 0.5576177 0.0000000 -0.3336554
vn 0.0000000 1.0000000 0.0000000
v 0.2727979 0.0000000 -0.3082952
vn 0.0000000 1.0000000 0.0000000
v 0.3728863 0.0000000 -0.3119973
vn 0.0000000 1.0000000 0.0000000
v -0.6650411 0.0000000 -0.3568096
vn 0.0000000 1.0000000 0.0000000
v -0.8498800 0.0000000 -0.3474324
vn 0.0000000 1.0000000 0.0000000
v 0.7312160 0.0000000 -0.2135958
vn 0.0000000 1.0000000 0.0000000
v 0.6385570 0.0000000 -0.1740896
vn 0.0000000 1.0000000 0.0000000
v 0.3489184 0.0000000 -0.1540023
vn 0.0000000 1.0000000 0.0000000
v -0.3086291 0.0000000 -0.3008231
vn 0.0000000 1.0000000 0.0000000
v -0.3090702 0.0000000 -0.2694113
vn 0.0000000 1.0000000 0.0000000
v -0.8068113 0.0000000 -0.3171382
vn 0.0000000 1.0000000 0.0000000
v -0.5614818 0.0000000 -0.2483886
vn 0.0000000 1.0000000 0.0000000
v -0.5617374 0.0000000 -0.2159495
vn 0.0000000 1.0000000 0.0000000
v -0.8321833 0.0000000 -0.1913490
vn 0.0000000 1.0000000 0.0000000
v -0.8735375 0.0000000 -0.1714399
vn 0.0000000 1.0000000 0.0000000
v 0.7784787 0.0000000 -0.0256343
vn 0.0000000 1.0000000 0.0000000
v 0.7035632 0.0000000 -0.1452247
vn 0.0000000 1.0000000 0.0000000
v 0.7106076 0.0000000 -0.1190816
vn 0.0000000 1.0000000 0.0000000
v 0.8445573 0.0000000 -0.1474329
vn 0.0000000 1.0000000 0.0000000
v 0.5796915 0.0000000 -0.1775938
vn 0.0000000 1.0000000 0.0000000
v 0.2790775 0.0000000 -0.1440337
vn 0.0000000 1.0000000 0.0000000
v 0.4008507 0.0000000 -0.1307333
vn 0.0000000 1.0000000 0.0000000
v 0.2812256 0.0000000 -0.1703897
vn 0.0000000 1.0000000 0.0000000
v -0.1573491 0.0000000 -0.1740513
vn 0.0000000 1.0000000 0.0000000
v -0.4026663 0.0000000 -0.1544615
vn 0.0000000 1.0000000 0.0000000
v 0.4097915 0.0000000 -0.0457087
vn 0.0000000 1.0000000 0.0000000
v 0.1652917 0.0000000 -0.0782172
vn 0.0000000 1.0000000 0.0000000
v 0.1196027 0.0000000 -0.0075512
vn 0.0000000 1.0000000 0.0000000
v -0.3402020 0.0000000 -0.0672612
vn 0.0000000 1.0000000 0.0000000
v -0.3814399 0.0000000 -0.0916490
vn 0.0000000 1.0000000 0.0000000
v -0.8701215 0.0000000 -0.1489591
vn 0.0000000 1.0000000 0.0000000
v -0.6047870 0.0000000 -0.1008050
vn 0.0000000 1.0000000 0.0000000
v -0.8291141 0.0000000 -0.0080851
vn 0.0000000 1.0000000 0.0000000
v 0.8829676 0.0000000 0.1453316
vn 0.0000000 1.0000000 0.0000000
v 0.8815712 0.0000000 0.1724150
vn 0.0000000 1.0000000 0.0000000
v -0.1151976 0.0000000 0.0382979
vn 0.0000000 1.0000000 0.0000000
v -0.1137621 0.0000000 0.0045547
vn 0.0000000 1.0000000 0.0000000
v -0.6487007 0.0000000 0.0074143
vn 0.0000000 1.0000000 0.0000000
v -0.6564780 0.0000000 0.0380157
vn 0.0000000 1.0000000 0.0000000
v 0.6567684 0.0000000 0.1678681
vn 0.0000000 1.0000000 0.0000000
v 0.0851409 0.0000000 0.1003724
vn 0.0000000 1.0000000 0.0000000
v -0.1043944 0.0000000 0.0719818
vn 0.0000000 1.0000000 0.0000000
v -0.4589209 0.0000000 0.0577303
vn 0.0000000 1.0000000 0.0000000
v -0.5525215 0.0000000 0.0411957
vn 0.0000000 1.0000000 0.0000000
v -0.3473797 0.0000000 0.1539975
vn 0.0000000 1.0000000 0.0000000
v -0.2581932 0.0000000 0.1384878
vn 0.0000000 1.0000000 0.0000000
v -0.3941054 0.0000000 0.1189432
vn 0.0000000 1.0000000 0.0000000
v -0.2647382 0.0000000 0.1653732
vn 0.0000000 1.0000000 0.0000000
v -0.2838250 0.0000000 0.1793377
vn 0.0000000 1.0000000 0.0000000
v -0.2855812 0.0000000 0.1525936
vn 0.0000000 1.0000000 0.0000000
v -0.5861610 0.0000000 0.1071006
vn 0.0000000 1.0000000 0.0000000
v -0.6110399 0.0000000 0.1210704
vn 0.0000000 1.0000000 0.0000000
v -0.5895096 0.0000000 0.1674473
vn 0.0000000 1.0000000 0.0000000
v -0.7601002 0.0000000 0.1800256
vn 0.0000000 1.0000000 0.0000000
v -0.8210567 0.0000000 0.1773924
vn 0.0000000 1.0000000 0.0000000
v 0.7982935 0.0000000 0.3001108
vn 0.0000000 1.0000000 0.0000000
v 0.8157861 0.0000000 0.1968334
vn 0.0000000 1.0000000 0.0000000
v 0.5926208 0.0000000 0.1618517
vn 0.0000000 1.0000000 0.0000000
v -0.1468370 0.0000000 0.1658260
vn 0.0000000 1.0000000 0.0000000
v -0.3763387 0.0000000 0.1680121
vn 0.0000000 1.0000000 0.0000000
v -0.3508578 0.0000000 0.1782145
vn 0.0000000 1.0000000 0.0000000
v -0.6422257 0.0000000 0.2122104
vn 0.0000000 1.0000000 0.0000000
v 0.6980977 0.0000000 0.3332090
vn 0.0000000 1.0000000 0.0000000
v 0.6476473 0.0000000 0.3208784
vn 0.0000000 1.0000000 0.0000000
v 0.6737747 0.0000000 0.3123154
vn 0.0000000 1.0000000 0.0000000
v 0.3394693 0.0000000 0.2896645
vn 0.0000000 1.0000000 0.0000000
v 0.0749065 0.0000000 0.2681035
vn 0.0000000 1.0000000 0.0000000
v 0.3803014 0.0000000 0.3358815
vn 0.0000000 1.0000000 0.0000000
v 0.1776792 0.0000000 0.3282249
vn 0.0000000 1.0000000 0.0000000
v -0.3990526 0.0000000 0.2413044
vn 0.0000000 1.0000000 0.0000000
v -0.6283955 0.0000000 0.1923695
vn 0.0000000 1.0000000 0.0000000
v -0.0935505 0.0000000 0.3449542
vn 0.0000000 1.0000000 0.0000000
v -0.3198075 0.0000000 0.3014043
vn 0.0000000 1.0000000 0.0000000
v -0.2660688 0.0000000 0.3018676
vn 0.0000000 1.0000000 0.0000000
v -0.3943402 0.0000000 0.3005525
vn 0.0000000 1.0000000 0.0000000
v -0.2837939 0.0000000 0.3278122
vn 0.0000000 1.0000000 0.0000000
v -0.5703462 0.0000000 0.2671519
vn 0.0000000 1.0000000 0.0000000
v -0.9037099 0.0000000 0.3002100
vn 0.0000000 1.0000000 0.0000000
v -0.5597894 0.0000000 0.3290558
vn 0.0000000 1.0000000 0.0000000
v -0.7679664 0.0000000 0.3272818
vn 0.0000000 1.0000000 0.0000000
v 0.7362281 0.0000000 0.4939101
vn 0.0000000 1.0000000 0.0000000
v 0.6052440 0.0000000 0.3485817
vn 0.0000000 1.0000000 0.0000000
v 0.3441029 0.0000000 0.4414822
vn 0.0000000 1.0000000 0.0000000
v 0.1932872 0.0000000 0.5059406
vn 0.0000000 1.0000000 0.0000000
v -0.1309653 0.0000000 0.4258890
vn 0.0000000 1.0000000 0.0000000
v -0.0702623 0.0000000 0.5021324
vn 0.0000000 1.0000000 0.0000000
v -0.7327361 0.0000000 0.5131132
vn 0.0000000 1.0000000 0.0000000
v -0.5420299 0.0000000 0.5191016
vn 0.0000000 1.0000000 0.0000000
v -0.5786705 0.0000000 -0.6443137
vn 0.0000000 1.0000000 0.0000000
v -0.0266416 0.0000000 0.6464292
vn 0.0000000 1.0000000 0.0000000
v 0.0022657 0.0000000 0.6367640
vn 0.0000000 1.0000000 0.0000000
v -0.0318253 0.0000000 0.6812197
vn 0.0000000 1.0000000 0.0000000
v 0.1962426 0.0000000 0.6455801
vn 0.0000000 1.0000000 0.0000000
v 0.3033037 0.0000000 0.5099003
vn 0.0000000 1.0000000 0.0000000
v 0.2399003 0.0000000 0.6762801
vn 0.0000000 1.0000000 0.0000000
v 0.0986159 0.0000000 0.6867884
vn 0.0000000 1.0000000 0.0000000
v 0.0454965 0.0000000 0.7055255
vn 0.0000000 1.0000000 0.0000000
v -0.8323202 0.0000000 0.5114617
vn 0.0000000 1.0000000 0.0000000
v -0.5493832 0.0000000 0.7797466
vn 0.0000000 1.0000000 0.0000000
v 0.3225907 0.0000000 -0.4488249
vn 0.0000000 1.0000000 0.0000000
v -0.2432130 0.0000000 -0.3893134
vn 0.0000000 1.0000000 0.0000000
v 0.3020518 0.0000000 -0.2588855
vn 0.0000000 1.0000000 0.0000000
v -0.2655144 0.0000000 -0.2176285
vn 0.0000000 1.0000000 0.0000000
v 0.2306606 0.0000000 -0.1343661
vn 0.0000000 1.0000000 0.0000000
v 0.2517460 0.0000000 0.3761086
vn 0.0000000 1.0000000 0.0000000
v 0.1329757 0.0000000 0.6086845
vn 0.0000000 1.0000000 0.0000000
v 0.6198173 0.0000000 -0.4754096
vn 0.0000000 1.0000000 0.0000000
v -0.2999621 0.0000000 -0.4611883
vn 0.0000000 1.0000000 0.0000000
v -0.2581845 0.0000000 -0.4799158
vn 0.0000000 1.0000000 0.0000000
v 0.2794792 0.0000000 -0.3752624
vn 0.0000000 1.0000000 0.0000000
v 0.2748889 0.0000000 -0.3515997
vn 0.0000000 1.0000000 0.0000000
v -0.6370215 0.0000000 -0.4284690
vn 0.0000000 1.0000000 0.0000000
v -0.6358620 0.0000000 -0.4589556
vn 0.0000000 1.0000000 0.0000000
v 0.6073295 0.0000000 -0.3067788
vn 0.0000000 1.0000000 0.0000000
v -0.2238182 0.0000000 -0.3182182
vn 0.0000000 1.0000000 0.0000000
v -0.2174988 0.0000000 -0.3408681
vn 0.0000000 1.0000000 0.0000000
v 0.2830958 0.0000000 -0.1991453
vn 0.0000000 1.0000000 0.0000000
v -0.6779029 0.0000000 -0.2832783
vn 0.0000000 1.0000000 0.0000000
v -0.6662683 0.0000000 -0.3098748
vn 0.0000000 1.0000000 0.0000000
v -0.6994305 0.0000000 -0.1851841
vn 0.0000000 1.0000000 0.0000000
v -0.2682059 0.0000000 -0.1452656
vn 0.0000000 1.0000000 0.0000000
v -0.7240143 0.0000000 -0.0230497
vn 0.0000000 1.0000000 0.0000000
v -0.7026333 0.0000000 -0.0059095
vn 0.0000000 1.0000000 0.0000000
v -0.2868810 0.0000000 0.0268060
vn 0.0000000 1.0000000 0.0000000
v 0.3056298 0.0000000 0.1401981
vn 0.0000000 1.0000000 0.0000000
v -0.7217841 0.0000000 0.0481074
vn 0.0000000 1.0000000 0.0000000
v -0.7893789 0.0000000 0.0625375
vn 0.0000000 1.0000000 0.0000000
v -0.7100454 0.0000000 0.1745190
vn 0.0000000 1.0000000 0.0000000
v -0.7021508 0.0000000 0.1460410
vn 0.0000000 1.0000000 0.0000000
v -0.7731127 0.0000000 0.1515817
vn 0.0000000 1.0000000 0.0000000
v 0.6959925 0.0000000 0.3036283
vn 0.0000000 1.0000000 0.0000000
v 0.7002477 0.0000000 0.1985263
vn 0.0000000 1.0000000 0.0000000
v -0.2850757 0.0000000 0.2072615
vn 0.0000000 1.0000000 0.0000000
v 0.2437863 0.0000000 0.3233564
vn 0.0000000 1.0000000 0.0000000
v -0.7019262 0.0000000 0.2251070
vn 0.0000000 1.0000000 0.0000000
v -0.7599692 0.0000000 0.2366530
vn 0.0000000 1.0000000 0.0000000
v 0.6302261 0.0000000 0.4216910
vn 0.0000000 1.0000000 0.0000000
v 0.6563453 0.0000000 0.3711734
vn 0.0000000 1.0000000 0.0000000
v 0.2259595 0.0000000 0.4706620
vn 0.0000000 1.0000000 0.0000000
v -0.6617211 0.0000000 0.4027598
vn 0.0000000 1.0000000 0.0000000
v -0.6396807 0.0000000 0.4651938
vn 0.0000000 1.0000000 0.0000000
v -0.2806217 0.0000000 0.5621370
vn 0.0000000 1.0000000 0.0000000
v -0.2704039 0.0000000 0.5367467
vn 0.0000000 1.0000000 0.0000000
v 0.7154238 0.0000000 0.5425203
vn 0.0000000 1.0000000 0.0000000
v -0.1429697 0.0000000 -0.6080357
vn 0.0000000 1.0000000 0.0000000
v 0.6718605 0.0000000 -0.4565483
vn 0.0000000 1.0000000 0.0000000
v -0.0030636 0.0000000 -0.4981172
vn 0.0000000 1.0000000 0.0000000
v 0.2300238 0.0000000 -0.4459741
vn 0.0000000 1.0000000 0.0000000
v -0.1659581 0.0000000 -0.4257599
vn 0.0000000 1.0000000 0.0000000
v -0.1750125 0.0000000 -0.3997125
vn 0.0000000 1.0000000 0.0000000
v -0.6404977 0.0000000 -0.3983026
vn 0.0000000 1.0000000 0.0000000
v 0.2127561 0.0000000 -0.3112100
vn 0.0000000 1.0000000 0.0000000
v 0.2283448 0.0000000 -0.3363335
vn 0.0000000 1.0000000 0.0000000
v 0.1255856 0.0000000 -0.2620449
vn 0.0000000 1.0000000 0.0000000
v -0.2021044 0.0000000 -0.2245254
vn 0.0000000 1.0000000 0.0000000
v -0.6874009 0.0000000 -0.2553071
vn 0.0000000 1.0000000 0.0000000
v -0.7079629 0.0000000 -0.2072954
vn 0.0000000 1.0000000 0.0000000
v -0.2112726 0.0000000 -0.1978440
vn 0.0000000 1.0000000 0.0000000
v 0.2099313 0.0000000 -0.1489431
vn 0.0000000 1.0000000 0.0000000
v 0.2369542 0.0000000 -0.1566329
vn 0.0000000 1.0000000 0.0000000
v -0.7164189 0.0000000 -0.0518183
vn 0.0000000 1.0000000 0.0000000
v -0.1945170 0.0000000 -0.0434564
vn 0.0000000 1.0000000 0.0000000
v 0.7058857 0.0000000 0.0639942
vn 0.0000000 1.0000000 0.0000000
v 0.2055225 0.0000000 0.0621770
vn 0.0000000 1.0000000 0.0000000
v 0.2184562 0.0000000 0.0862456
vn 0.0000000 1.0000000 0.0000000
v -0.1542126 0.0000000 0.0888012
vn 0.0000000 1.0000000 0.0000000
v -0.7645085 0.0000000 0.0807863
vn 0.0000000 1.0000000 0.0000000
v -0.7697267 0.0000000 0.1042071
vn 0.0000000 1.0000000 0.0000000
v -0.8138275 0.0000000 0.1039341
vn 0.0000000 1.0000000 0.0000000
v 0.6863502 0.0000000 0.2213039
vn 0.0000000 1.0000000 0.0000000
v 0.6901461 0.0000000 0.2513918
vn 0.0000000 1.0000000 0.0000000
v 0.2106995 0.0000000 0.1764174
vn 0.0000000 1.0000000 0.0000000
v 0.2058169 0.0000000 0.2004036
vn 0.0000000 1.0000000 0.0000000
v 0.1909948 0.0000000 0.2564878
vn 0.0000000 1.0000000 0.0000000
v -0.1513999 0.0000000 0.2585907
vn 0.0000000 1.0000000 0.0000000
v -0.7440246 0.0000000 0.2635249
vn 0.0000000 1.0000000 0.0000000
v -0.7262431 0.0000000 0.2846845
vn 0.0000000 1.0000000 0.0000000
v -0.7988599 0.0000000 0.2720847
vn 0.0000000 1.0000000 0.0000000
v 0.6437596 0.0000000 0.3997251
vn 0.0000000 1.0000000 0.0000000
v 0.1867173 0.0000000 0.3832864
vn 0.0000000 1.0000000 0.0000000
v 0.1752908 0.0000000 0.4078498
vn 0.0000000 1.0000000 0.0000000
v -0.7447628 0.0000000 0.4303913
vn 0.0000000 1.0000000 0.0000000
v -0.7225933 0.0000000 0.4509352
vn 0.0000000 1.0000000 0.0000000
v 0.4571601 0.0000000 -0.8345218
vn 0.0000000 1.0000000 0.0000000
v 0.5804665 0.0000000 -0.7361683
vn 0.0000000 1.0000000 0.0000000
v 0.3329071 0.0000000 -0.4199381
vn 0.0000000 1.0000000 0.0000000
v 0.2896167 0.0000000 -0.4017178
vn 0.0000000 1.0000000 0.0000000
v 0.3363206 0.0000000 -0.5006642
vn 0.0000000 1.0000000 0.0000000
v -0.1367561 0.0000000 -0.4616438
vn 0.0000000 1.0000000 0.0000000
v -0.1378056 0.0000000 -0.4914308
vn 0.0000000 1.0000000 0.0000000
v -0.5573197 0.0000000 -0.4705949
vn 0.0000000 1.0000000 0.0000000
v 0.2216068 0.0000000 -0.3899034
vn 0.0000000 1.0000000 0.0000000
v 0.2111744 0.0000000 -0.3615173
vn 0.0000000 1.0000000 0.0000000
v -0.2295545 0.0000000 -0.4180137
vn 0.0000000 1.0000000 0.0000000
v -0.6633399 0.0000000 -0.4736918
vn 0.0000000 1.0000000 0.0000000
v -0.7108765 0.0000000 -0.4155802
vn 0.0000000 1.0000000 0.0000000
v -0.2571153 0.0000000 -0.3624830
vn 0.0000000 1.0000000 0.0000000
v -0.7142723 0.0000000 -0.3874184
vn 0.0000000 1.0000000 0.0000000
v -0.7181902 0.0000000 -0.3627749
vn 0.0000000 1.0000000 0.0000000
v 0.3549973 0.0000000 -0.2452846
vn 0.0000000 1.0000000 0.0000000
v 0.2866756 0.0000000 -0.2322351
vn 0.0000000 1.0000000 0.0000000
v -0.1074354 0.0000000 -0.2976858
vn 0.0000000 1.0000000 0.0000000
v -0.1168783 0.0000000 -0.2718367
vn 0.0000000 1.0000000 0.0000000
v 0.7429613 0.0000000 -0.1885015
vn 0.0000000 1.0000000 0.0000000
v 0.2230134 0.0000000 -0.2083617
vn 0.0000000 1.0000000 0.0000000
v -0.2453865 0.0000000 -0.2667677
vn 0.0000000 1.0000000 0.0000000
v -0.7287155 0.0000000 -0.3192914
vn 0.0000000 1.0000000 0.0000000
v -0.6989683 0.0000000 -0.3081945
vn 0.0000000 1.0000000 0.0000000
v -0.7428241 0.0000000 -0.2735770
vn 0.0000000 1.0000000 0.0000000
v -0.2749357 0.0000000 -0.1930183
vn 0.0000000 1.0000000 0.0000000
v -0.7601485 0.0000000 -0.2157720
vn 0.0000000 1.0000000 0.0000000
v 0.3563141 0.0000000 -0.0682938
vn 0.0000000 1.0000000 0.0000000
v 0.2899167 0.0000000 -0.0671534
vn 0.0000000 1.0000000 0.0000000
v 0.3261196 0.0000000 -0.1398085
vn 0.0000000 1.0000000 0.0000000
v -0.2075374 0.0000000 -0.1049769
vn 0.0000000 1.0000000 0.0000000
v -0.1227203 0.0000000 -0.1222067
vn 0.0000000 1.0000000 0.0000000
v -0.2043775 0.0000000 -0.1487443
vn 0.0000000 1.0000000 0.0000000
v -0.2232308 0.0000000 -0.1716203
vn 0.0000000 1.0000000 0.0000000
v -0.6555327 0.0000000 -0.1585614
vn 0.0000000 1.0000000 0.0000000
v 0.2217661 0.0000000 -0.0632083
vn 0.0000000 1.0000000 0.0000000
v 0.2101737 0.0000000 -0.0167369
vn 0.0000000 1.0000000 0.0000000
v 0.2333952 0.0000000 -0.0068425
vn 0.0000000 1.0000000 0.0000000
v -0.2612173 0.0000000 -0.0962132
vn 0.0000000 1.0000000 0.0000000
v -0.7696229 0.0000000 -0.1440544
vn 0.0000000 1.0000000 0.0000000
v -0.7740898 0.0000000 -0.1208050
vn 0.0000000 1.0000000 0.0000000
v -0.2859916 0.0000000 -0.0177405
vn 0.0000000 1.0000000 0.0000000
v -0.7886837 0.0000000 -0.0464948
vn 0.0000000 1.0000000 0.0000000
v 0.7752199 0.0000000 0.1371953
vn 0.0000000 1.0000000 0.0000000
v 0.7879782 0.0000000 0.0387938
vn 0.0000000 1.0000000 0.0000000
v 0.2610701 0.0000000 0.0078350
vn 0.0000000 1.0000000 0.0000000
v -0.2324926 0.0000000 0.0657939
vn 0.0000000 1.0000000 0.0000000
v -0.2138093 0.0000000 0.0109521
vn 0.0000000 1.0000000 0.0000000
v -0.8075743 0.0000000 0.0128014
vn 0.0000000 1.0000000 0.0000000
v 0.7040694 0.0000000 0.1463411
vn 0.0000000 1.0000000 0.0000000
v 0.2023229 0.0000000 0.1073026
vn 0.0000000 1.0000000 0.0000000
v 0.1285722 0.0000000 0.1239447
vn 0.0000000 1.0000000 0.0000000
v 0.1864351 0.0000000 0.1287116
vn 0.0000000 1.0000000 0.0000000
v 0.2280020 0.0000000 0.1591859
vn 0.0000000 1.0000000 0.0000000
v 0.1990511 0.0000000 0.1542339
vn 0.0000000 1.0000000 0.0000000
v -0.2839158 0.0000000 0.0536667
vn 0.0000000 1.0000000 0.0000000
v -0.3680660 0.0000000 0.0654627
vn 0.0000000 1.0000000 0.0000000
v -0.2627037 0.0000000 0.1061164
vn 0.0000000 1.0000000 0.0000000
v 0.7370266 0.0000000 0.2856440
vn 0.0000000 1.0000000 0.0000000
v 0.2649468 0.0000000 0.2703606
vn 0.0000000 1.0000000 0.0000000
v 0.7442733 0.0000000 0.2320819
vn 0.0000000 1.0000000 0.0000000
v 0.7658787 0.0000000 0.2104392
vn 0.0000000 1.0000000 0.0000000
v 0.7608243 0.0000000 0.1822361
vn 0.0000000 1.0000000 0.0000000
v 0.2750035 0.0000000 0.1916040
vn 0.0000000 1.0000000 0.0000000
v 0.2906002 0.0000000 0.1651287
vn 0.0000000 1.0000000 0.0000000
v -0.2393275 0.0000000 0.2447396
vn 0.0000000 1.0000000 0.0000000
v -0.2286619 0.0000000 0.1941572
vn 0.0000000 1.0000000 0.0000000
v -0.8094726 0.0000000 0.2028476
vn 0.0000000 1.0000000 0.0000000
v -0.7909437 0.0000000 0.1784935
vn 0.0000000 1.0000000 0.0000000
v -0.7190122 0.0000000 0.2021064
vn 0.0000000 1.0000000 0.0000000
v 0.6032983 0.0000000 0.3171624
vn 0.0000000 1.0000000 0.0000000
v 0.1860660 0.0000000 0.2799045
vn 0.0000000 1.0000000 0.0000000
v 0.1175699 0.0000000 0.3063350
vn 0.0000000 1.0000000 0.0000000
v 0.1688511 0.0000000 0.2978481
vn 0.0000000 1.0000000 0.0000000
v -0.2857605 0.0000000 0.2318620
vn 0.0000000 1.0000000 0.0000000
v -0.2978197 0.0000000 0.2530248
vn 0.0000000 1.0000000 0.0000000
v -0.3547436 0.0000000 0.2603195
vn 0.0000000 1.0000000 0.0000000
v -0.8148239 0.0000000 0.2490554
vn 0.0000000 1.0000000 0.0000000
v -0.8749258 0.0000000 0.2482362
vn 0.0000000 1.0000000 0.0000000
v -0.9385695 0.0000000 0.2361368
vn 0.0000000 1.0000000 0.0000000
v 0.7098210 0.0000000 0.3891239
vn 0.0000000 1.0000000 0.0000000
v 0.7112234 0.0000000 0.3596112
vn 0.0000000 1.0000000 0.0000000
v -0.2250386 0.0000000 0.3960994
vn 0.0000000 1.0000000 0.0000000
v -0.2176020 0.0000000 0.3618638
vn 0.0000000 1.0000000 0.0000000
v -0.7657608 0.0000000 0.3624303
vn 0.0000000 1.0000000 0.0000000
v -0.6895862 0.0000000 0.3816687
vn 0.0000000 1.0000000 0.0000000
v -0.7398335 0.0000000 0.3473470
vn 0.0000000 1.0000000 0.0000000
v 0.1786053 0.0000000 0.4554865
vn 0.0000000 1.0000000 0.0000000
v -0.2789369 0.0000000 0.3957955
vn 0.0000000 1.0000000 0.0000000
v -0.3353060 0.0000000 0.4244603
vn 0.0000000 1.0000000 0.0000000
v -0.2524914 0.0000000 0.4425245
vn 0.0000000 1.0000000 0.0000000
v -0.5923367 0.0000000 -0.6968463
vn 0.0000000 1.0000000 0.0000000
v -0.2506506 0.0000000 0.7846562
vn 0.0000000 1.0000000 0.0000000
v 0.3715442 0.0000000 -0.4625032
vn 0.0000000 1.0000000 0.0000000
v -0.4154000 0.0000000 -0.3978329
vn 0.0000000 1.0000000 0.0000000
v -0.4254037 0.0000000 -0.3672086
vn 0.0000000 1.0000000 0.0000000
v 0.4515814 0.0000000 -0.2967732
vn 0.0000000 1.0000000 0.0000000
v 0.3907639 0.0000000 -0.2887104
vn 0.0000000 1.0000000 0.0000000
v -0.4391249 0.0000000 -0.2536451
vn 0.0000000 1.0000000 0.0000000
v -0.4473751 0.0000000 -0.2261188
vn 0.0000000 1.0000000 0.0000000
v -0.4537477 0.0000000 -0.1978607
vn 0.0000000 1.0000000 0.0000000
v -0.3969270 0.0000000 -0.0676044
vn 0.0000000 1.0000000 0.0000000
v -0.4795988 0.0000000 -0.0458689
vn 0.0000000 1.0000000 0.0000000
v 0.4644513 0.0000000 0.0348192
vn 0.0000000 1.0000000 0.0000000
v 0.4115544 0.0000000 0.0596811
vn 0.0000000 1.0000000 0.0000000
v -0.1630572 0.0000000 0.1191524
vn 0.0000000 1.0000000 0.0000000
v -0.1859099 0.0000000 0.1245044
vn 0.0000000 1.0000000 0.0000000
v 0.3962572 0.0000000 0.2044367
vn 0.0000000 1.0000000 0.0000000
v 0.1985769 0.0000000 0.2286937
vn 0.0000000 1.0000000 0.0000000
v 0.4403260 0.0000000 0.2494654
vn 0.0000000 1.0000000 0.0000000
v -0.1657563 0.0000000 0.2822277
vn 0.0000000 1.0000000 0.0000000
v 0.4156411 0.0000000 0.3774522
vn 0.0000000 1.0000000 0.0000000
v 0.3592366 0.0000000 0.3879899
vn 0.0000000 1.0000000 0.0000000
v 0.4026220 0.0000000 0.4256487
vn 0.0000000 1.0000000 0.0000000
v -0.4135522 0.0000000 0.4505325
vn 0.0000000 1.0000000 0.0000000
v -0.3075176 0.0000000 0.4711132
vn 0.0000000 1.0000000 0.0000000
v -0.2796301 0.0000000 0.4582300
vn 0.0000000 1.0000000 0.0000000
v -0.1205340 0.0000000 0.4518573
vn 0.0000000 1.0000000 0.0000000
v 0.2855605 0.0000000 0.5885611
vn 0.0000000 1.0000000 0.0000000
v 0.3076065 0.0000000 0.5708066
vn 0.0000000 1.0000000 0.0000000
v 0.1182853 0.0000000 0.5858163
vn 0.0000000 1.0000000 0.0000000
v 0.4125454 0.0000000 -0.8041099
vn 0.0000000 1.0000000 0.0000000
v 0.5480080 0.0000000 -0.5563253
vn 0.0000000 1.0000000 0.0000000
v 0.6463605 0.0000000 -0.5465869
vn 0.0000000 1.0000000 0.0000000
v 0.5203431 0.0000000 -0.3846007
vn 0.0000000 1.0000000 0.0000000
v -0.3287997 0.0000000 -0.4579757
vn 0.0000000 1.0000000 0.0000000
v -0.6870493 0.0000000 -0.4289566
vn 0.0000000 1.0000000 0.0000000
v -0.4643255 0.0000000 -0.4211056
vn 0.0000000 1.0000000 0.0000000
v -0.4880599 0.0000000 -0.3531899
vn 0.0000000 1.0000000 0.0000000
v 0.4722679 0.0000000 -0.2489720
vn 0.0000000 1.0000000 0.0000000
v 0.5869530 0.0000000 -0.2288010
vn 0.0000000 1.0000000 0.0000000
v 0.6563259 0.0000000 -0.1990870
vn 0.0000000 1.0000000 0.0000000
v 0.6926170 0.0000000 -0.2433180
vn 0.0000000 1.0000000 0.0000000
v -0.3372433 0.0000000 -0.2908227
vn 0.0000000 1.0000000 0.0000000
v -0.7255335 0.0000000 -0.2954730
vn 0.0000000 1.0000000 0.0000000
v -0.4915937 0.0000000 -0.2794321
vn 0.0000000 1.0000000 0.0000000
v -0.5082223 0.0000000 -0.2085383
vn 0.0000000 1.0000000 0.0000000
v 0.5048503 0.0000000 -0.0276153
vn 0.0000000 1.0000000 0.0000000
v 0.3864293 0.0000000 -0.0270512
vn 0.0000000 1.0000000 0.0000000
v -0.5299284 0.0000000 -0.0327274
vn 0.0000000 1.0000000 0.0000000
v -0.6160910 0.0000000 -0.0232115
vn 0.0000000 1.0000000 0.0000000
v -0.5301457 0.0000000 -0.0053512
vn 0.0000000 1.0000000 0.0000000
v 0.7909529 0.0000000 0.1199012
vn 0.0000000 1.0000000 0.0000000
v 0.5324865 0.0000000 0.1103093
vn 0.0000000 1.0000000 0.0000000
v 0.5867473 0.0000000 0.1280827
vn 0.0000000 1.0000000 0.0000000
v 0.5438502 0.0000000 0.0365788
vn 0.0000000 1.0000000 0.0000000
v 0.6027972 0.0000000 0.0222642
vn 0.0000000 1.0000000 0.0000000
v 0.5158859 0.0000000 0.0513694
vn 0.0000000 1.0000000 0.0000000
v -0.4749773 0.0000000 0.0253820
vn 0.0000000 1.0000000 0.0000000
v 0.4434951 0.0000000 0.1204556
vn 0.0000000 1.0000000 0.0000000
v -0.6731235 0.0000000 0.0649481
vn 0.0000000 1.0000000 0.0000000
v 0.5576656 0.0000000 0.2848842
vn 0.0000000 1.0000000 0.0000000
v 0.5262572 0.0000000 0.1814400
vn 0.0000000 1.0000000 0.0000000
v -0.2186782 0.0000000 0.2218079
vn 0.0000000 1.0000000 0.0000000
v -0.4115549 0.0000000 0.2148501
vn 0.0000000 1.0000000 0.0000000
v -0.6416780 0.0000000 0.2359056
vn 0.0000000 1.0000000 0.0000000
v 0.4454348 0.0000000 0.4455968
vn 0.0000000 1.0000000 0.0000000
v 0.4628147 0.0000000 0.4216219
vn 0.0000000 1.0000000 0.0000000
v 0.4553402 0.0000000 0.4722161
vn 0.0000000 1.0000000 0.0000000
v 0.4819495 0.0000000 0.3775011
vn 0.0000000 1.0000000 0.0000000
v -0.4493950 0.0000000 0.3605914
vn 0.0000000 1.0000000 0.0000000
v -0.5371767 0.0000000 0.4207072
vn 0.0000000 1.0000000 0.0000000
v -0.3806535 0.0000000 0.5642198
vn 0.0000000 1.0000000 0.0000000
v -0.5903839 0.0000000 -0.5209473
vn 0.0000000 1.0000000 0.0000000
v 0.5800809 0.0000000 0.5248554
vn 0.0000000 1.0000000 0.0000000
v 0.2382736 0.0000000 0.7331398
vn 0.0000000 1.0000000 0.0000000
v -0.5286942 0.0000000 0.5744414
vn 0.0000000 1.0000000 0.0000000
v 0.3565041 0.0000000 0.7580668
vn 0.0000000 1.0000000 0.0000000
v -0.4366658 0.0000000 0.7371401
vn 0.0000000 1.0000000 0.0000000
v 0.3436608 0.0000000 -0.4705226
vn 0.0000000 1.0000000 0.0000000
v 0.0601614 0.0000000 -0.4075015
vn 0.0000000 1.0000000 0.0000000
v 0.1189634 0.0000000 -0.4127829
vn 0.0000000 1.0000000 0.0000000
v -0.0642036 0.0000000 -0.4098127
vn 0.0000000 1.0000000 0.0000000
v -0.0657769 0.0000000 -0.3800938
vn 0.0000000 1.0000000 0.0000000
v -0.0439698 0.0000000 -0.3357957
vn 0.0000000 1.0000000 0.0000000
v 0.0041512 0.0000000 -0.2983140
vn 0.0000000 1.0000000 0.0000000
v -0.0485041 0.0000000 -0.3066709
vn 0.0000000 1.0000000 0.0000000
v 0.1831780 0.0000000 -0.2622229
vn 0.0000000 1.0000000 0.0000000
v 0.0241854 0.0000000 -0.2835833
vn 0.0000000 1.0000000 0.0000000
v -0.0297198 0.0000000 -0.1733059
vn 0.0000000 1.0000000 0.0000000
v -0.0608893 0.0000000 -0.1220773
vn 0.0000000 1.0000000 0.0000000
v 0.0142930 0.0000000 -0.0946794
vn 0.0000000 1.0000000 0.0000000
v 0.1193512 0.0000000 -0.0898365
vn 0.0000000 1.0000000 0.0000000
v -0.2812767 0.0000000 -0.0681354
vn 0.0000000 1.0000000 0.0000000
v -0.0318248 0.0000000 -0.0652284
vn 0.0000000 1.0000000 0.0000000
v -0.0871121 0.0000000 -0.0388807
vn 0.0000000 1.0000000 0.0000000
v -0.5239803 0.0000000 -0.0849413
vn 0.0000000 1.0000000 0.0000000
v -0.6013588 0.0000000 -0.0774224
vn 0.0000000 1.0000000 0.0000000
v -0.5282720 0.0000000 -0.0581916
vn 0.0000000 1.0000000 0.0000000
v -0.1132033 0.0000000 -0.0250430
vn 0.0000000 1.0000000 0.0000000
v -0.0399168 0.0000000 -0.0088556
vn 0.0000000 1.0000000 0.0000000
v 0.7657772 0.0000000 0.0871886
vn 0.0000000 1.0000000 0.0000000
v 0.5980394 0.0000000 0.0782155
vn 0.0000000 1.0000000 0.0000000
v 0.5242510 0.0000000 0.0830816
vn 0.0000000 1.0000000 0.0000000
v 0.0334259 0.0000000 0.0093100
vn 0.0000000 1.0000000 0.0000000
v 0.0814523 0.0000000 0.0279498
vn 0.0000000 1.0000000 0.0000000
v 0.0288859 0.0000000 0.0318721
vn 0.0000000 1.0000000 0.0000000
v 0.2784032 0.0000000 0.0916590
vn 0.0000000 1.0000000 0.0000000
v -0.0481467 0.0000000 0.0864812
vn 0.0000000 1.0000000 0.0000000
v -0.1983585 0.0000000 0.1449971
vn 0.0000000 1.0000000 0.0000000
v 0.5084127 0.0000000 0.2366351
vn 0.0000000 1.0000000 0.0000000
v 0.0213858 0.0000000 0.1820907
vn 0.0000000 1.0000000 0.0000000
v 0.0224959 0.0000000 0.2129864
vn 0.0000000 1.0000000 0.0000000
v -0.0524321 0.0000000 0.2411057
vn 0.0000000 1.0000000 0.0000000
v 0.6953007 0.0000000 0.4226950
vn 0.0000000 1.0000000 0.0000000
v 0.4779561 0.0000000 0.4018013
vn 0.0000000 1.0000000 0.0000000
v 0.0182983 0.0000000 0.3502541
vn 0.0000000 1.0000000 0.0000000
v 0.0097288 0.0000000 0.3770964
vn 0.0000000 1.0000000 0.0000000
v 0.2365060 0.0000000 0.4047561
vn 0.0000000 1.0000000 0.0000000
v -0.1491866 0.0000000 0.4490624
vn 0.0000000 1.0000000 0.0000000
v 0.1952202 0.0000000 0.5682454
vn 0.0000000 1.0000000 0.0000000
v 0.4852839 0.0000000 -0.7065874
vn 0.0000000 1.0000000 0.0000000
v 0.6985877 0.0000000 -0.5916983
vn 0.0000000 1.0000000 0.0000000
v 0.9024500 0.0000000 -0.3766180
vn 0.0000000 1.0000000 0.0000000
v 0.8792986 0.0000000 -0.3977472
vn 0.0000000 1.0000000 0.0000000
v 0.8704365 0.0000000 -0.4269959
vn 0.0000000 1.0000000 0.0000000
v 0.8617886 0.0000000 -0.4541442
vn 0.0000000 1.0000000 0.0000000
v 0.2560729 0.0000000 -0.4968111
vn 0.0000000 1.0000000 0.0000000
v 0.2943981 0.0000000 -0.5435708
vn 0.0000000 1.0000000 0.0000000
v -0.3096377 0.0000000 -0.5033203
vn 0.0000000 1.0000000 0.0000000
v 0.5096294 0.0000000 -0.3606227
vn 0.0000000 1.0000000 0.0000000
v 0.0464559 0.0000000 -0.3823130
vn 0.0000000 1.0000000 0.0000000
v -0.7991261 0.0000000 -0.4530685
vn 0.0000000 1.0000000 0.0000000
v -0.8132796 0.0000000 -0.4272055
vn 0.0000000 1.0000000 0.0000000
v -0.8261774 0.0000000 -0.3997011
vn 0.0000000 1.0000000 0.0000000
v -0.8374264 0.0000000 -0.3721644
vn 0.0000000 1.0000000 0.0000000
v 0.9494996 0.0000000 -0.1948279
vn 0.0000000 1.0000000 0.0000000
v 0.3825197 0.0000000 -0.3365362
vn 0.0000000 1.0000000 0.0000000
v -0.2702383 0.0000000 -0.3359924
vn 0.0000000 1.0000000 0.0000000
v -0.7360708 0.0000000 -0.3461221
vn 0.0000000 1.0000000 0.0000000
v 0.5200252 0.0000000 -0.1891932
vn 0.0000000 1.0000000 0.0000000
v 0.1130524 0.0000000 -0.2372895
vn 0.0000000 1.0000000 0.0000000
v 0.0483241 0.0000000 -0.2215015
vn 0.0000000 1.0000000 0.0000000
v 0.0486790 0.0000000 -0.1993659
vn 0.0000000 1.0000000 0.0000000
v -0.4284631 0.0000000 -0.2795992
vn 0.0000000 1.0000000 0.0000000
v -0.9159705 0.0000000 -0.3169340
vn 0.0000000 1.0000000 0.0000000
v -0.9233716 0.0000000 -0.2881023
vn 0.0000000 1.0000000 0.0000000
v -0.8797082 0.0000000 -0.2131520
vn 0.0000000 1.0000000 0.0000000
v 0.9641247 0.0000000 -0.0506412
vn 0.0000000 1.0000000 0.0000000
v 0.9586600 0.0000000 -0.1381286
vn 0.0000000 1.0000000 0.0000000
v 0.9551462 0.0000000 -0.1659051
vn 0.0000000 1.0000000 0.0000000
v 0.4010359 0.0000000 -0.1752742
vn 0.0000000 1.0000000 0.0000000
v 0.1470453 0.0000000 -0.1690441
vn 0.0000000 1.0000000 0.0000000
v -0.2854104 0.0000000 -0.1684768
vn 0.0000000 1.0000000 0.0000000
v -0.4671721 0.0000000 -0.1075944
vn 0.0000000 1.0000000 0.0000000
v -0.2255276 0.0000000 -0.0134892
vn 0.0000000 1.0000000 0.0000000
v -0.9608571 0.0000000 -0.0619365
vn 0.0000000 1.0000000 0.0000000
v -0.9752343 0.0000000 -0.0424137
vn 0.0000000 1.0000000 0.0000000
v -0.9732044 0.0000000 -0.0170101
vn 0.0000000 1.0000000 0.0000000
v 0.9410649 0.0000000 0.0652839
vn 0.0000000 1.0000000 0.0000000
v 0.9684623 0.0000000 0.0522322
vn 0.0000000 1.0000000 0.0000000
v 0.9705634 0.0000000 0.0244380
vn 0.0000000 1.0000000 0.0000000
v 0.9732556 0.0000000 -0.0049218
vn 0.0000000 1.0000000 0.0000000
v -0.2729556 0.0000000 0.0065549
vn 0.0000000 1.0000000 0.0000000
v -0.5958918 0.0000000 0.0175346
vn 0.0000000 1.0000000 0.0000000
v 0.8343242 0.0000000 0.1746889
vn 0.0000000 1.0000000 0.0000000
v -0.9701924 0.0000000 0.0140047
vn 0.0000000 1.0000000 0.0000000
v -0.9671427 0.0000000 0.0469178
vn 0.0000000 1.0000000 0.0000000
v -0.4252633 0.0000000 0.1602858
vn 0.0000000 1.0000000 0.0000000
v 0.8556590 0.0000000 0.3289884
vn 0.0000000 1.0000000 0.0000000
v 0.9237671 0.0000000 0.2773814
vn 0.0000000 1.0000000 0.0000000
v 0.4313703 0.0000000 0.2778608
vn 0.0000000 1.0000000 0.0000000
v 0.9399627 0.0000000 0.2554670
vn 0.0000000 1.0000000 0.0000000
v 0.8781675 0.0000000 0.2027657
vn 0.0000000 1.0000000 0.0000000
v 0.9529538 0.0000000 0.1961607
vn 0.0000000 1.0000000 0.0000000
v -0.0342040 0.0000000 0.1920348
vn 0.0000000 1.0000000 0.0000000
v -0.5294747 0.0000000 0.1952957
vn 0.0000000 1.0000000 0.0000000
v 0.7770015 0.0000000 0.3227027
vn 0.0000000 1.0000000 0.0000000
v 0.5482805 0.0000000 0.3395924
vn 0.0000000 1.0000000 0.0000000
v -0.9312202 0.0000000 0.2638369
vn 0.0000000 1.0000000 0.0000000
v -0.9263284 0.0000000 0.2907870
vn 0.0000000 1.0000000 0.0000000
v -0.6157356 0.0000000 0.3337928
vn 0.0000000 1.0000000 0.0000000
v 0.8060039 0.0000000 0.4409212
vn 0.0000000 1.0000000 0.0000000
v 0.3957538 0.0000000 0.4505861
vn 0.0000000 1.0000000 0.0000000
v 0.8177285 0.0000000 0.4139941
vn 0.0000000 1.0000000 0.0000000
v 0.8312027 0.0000000 0.3872187
vn 0.0000000 1.0000000 0.0000000
v 0.8494574 0.0000000 0.3598868
vn 0.0000000 1.0000000 0.0000000
v 0.9015871 0.0000000 0.3627980
vn 0.0000000 1.0000000 0.0000000
v 0.4291701 0.0000000 0.3571717
vn 0.0000000 1.0000000 0.0000000
v -0.0517654 0.0000000 0.3881769
vn 0.0000000 1.0000000 0.0000000
v -0.0423344 0.0000000 0.3608957
vn 0.0000000 1.0000000 0.0000000
v -0.5039838 0.0000000 0.3522291
vn 0.0000000 1.0000000 0.0000000
v 0.6708649 0.0000000 0.4834019
vn 0.0000000 1.0000000 0.0000000
v 0.0999000 0.0000000 0.5063221
vn 0.0000000 1.0000000 0.0000000
v -0.9096221 0.0000000 0.3431418
vn 0.0000000 1.0000000 0.0000000
v -0.8972450 0.0000000 0.3702727
vn 0.0000000 1.0000000 0.0000000
v -0.8848816 0.0000000 0.3998433
vn 0.0000000 1.0000000 0.0000000
v -0.8722753 0.0000000 0.4288135
vn 0.0000000 1.0000000 0.0000000
v -0.8590236 0.0000000 0.4566394
vn 0.0000000 1.0000000 0.0000000
v -0.8403676 0.0000000 0.4839725
vn 0.0000000 1.0000000 0.0000000
v -0.1766498 0.0000000 0.5673147
vn 0.0000000 1.0000000 0.0000000
v -0.0975965 0.0000000 0.5825163
vn 0.0000000 1.0000000 0.0000000
v 0.6892948 0.0000000 0.5571826
vn 0.0000000 1.0000000 0.0000000
v 0.1880307 0.0000000 0.7507352
vn 0.0000000 1.0000000 0.0000000
v 0.0228604 0.0000000 0.6870850
vn 0.0000000 1.0000000 0.0000000
v -0.4804294 0.0000000 0.5606479
vn 0.0000000 1.0000000 0.0000000
v -0.1229912 0.0000000 0.7142855
vn 0.0000000 1.0000000 0.0000000
v 0.8740750 0.0000000 -0.3657959
vn 0.0000000 1.0000000 0.0000000
v 0.8943095 0.0000000 -0.3206024
vn 0.0000000 1.0000000 0.0000000
v 0.9514054 0.0000000 -0.0215605
vn 0.0000000 1.0000000 0.0000000
v 0.6052372 0.0000000 -0.0973658
vn 0.0000000 1.0000000 0.0000000
v -0.5149335 0.0000000 0.2261949
vn 0.0000000 1.0000000 0.0000000
v -0.5068316 0.0000000 0.3811355
vn 0.0000000 1.0000000 0.0000000
v 0.4956680 0.0000000 0.4968180
vn 0.0000000 1.0000000 0.0000000
v -0.3022611 0.0000000 0.8493816
vn 0.0000000 1.0000000 0.0000000
v -0.2588605 0.0000000 -0.9184758
vn 0.0000000 1.0000000 0.0000000
v 0.6958094 0.0000000 -0.6496055
vn 0.0000000 1.0000000 0.0000000
v 0.6960927 0.0000000 -0.6790457
vn 0.0000000 1.0000000 0.0000000
v -0.3448299 0.0000000 -0.5298686
vn 0.0000000 1.0000000 0.0000000
v 0.8237976 0.0000000 0.0046952
vn 0.0000000 1.0000000 0.0000000
v -0.5413640 0.0000000 -0.5252986
vn 0.0000000 1.0000000 0.0000000
v -0.2453608 0.0000000 0.7339730
vn 0.0000000 1.0000000 0.0000000
v 0.1911079 0.0000000 -0.6810776
vn 0.0000000 1.0000000 0.0000000
v 0.7194028 0.0000000 -0.0657162
vn 0.0000000 1.0000000 0.0000000
v 0.7383164 0.0000000 -0.1133646
vn 0.0000000 1.0000000 0.0000000
v 0.1021236 0.0000000 0.0509157
vn 0.0000000 1.0000000 0.0000000
v 0.2392263 0.0000000 -0.6003452
vn 0.0000000 1.0000000 0.0000000
v -0.9080883 0.0000000 -0.1191114
vn 0.0000000 1.0000000 0.0000000
v 0.8849912 0.0000000 0.1185978
vn 0.0000000 1.0000000 0.0000000
v 0.8873284 0.0000000 0.0919905
vn 0.0000000 1.0000000 0.0000000
v 0.8398997 0.0000000 0.0561128
vn 0.0000000 1.0000000 0.0000000
v -0.3489186 0.0000000 0.3334325
vn 0.0000000 1.0000000 0.0000000
v -0.5639233 0.0000000 -0.6944222
vn 0.0000000 1.0000000 0.0000000
v 0.0677658 0.0000000 0.7221100
vn 0.0000000 1.0000000 0.0000000
v -0.3722760 0.0000000 0.8760471
vn 0.0000000 1.0000000 0.0000000
v -0.3668711 0.0000000 0.1088400
vn 0.0000000 1.0000000 0.0000000
v -0.0089049 0.0000000 0.1186804
vn 0.0000000 1.0000000 0.0000000
v -0.0555163 0.0000000 0.3112584
vn 0.0000000 1.0000000 0.0000000
v -0.0288105 0.0000000 0.4757169
vn 0.0000000 1.0000000 0.0000000
v 0.6230050 0.0000000 -0.2789302
vn 0.0000000 1.0000000 0.0000000
v 0.7484803 0.0000000 0.3148772
vn 0.0000000 1.0000000 0.0000000
v 0.6445651 0.0000000 0.6257229
vn 0.0000000 1.0000000 0.0000000
v 0.3266698 0.0000000 0.7748644
vn 0.0000000 1.0000000 0.0000000
v -0.0302256 0.0000000 -0.8229686
vn 0.0000000 1.0000000 0.0000000
v 0.1275756 0.0000000 -0.6009902
vn 0.0000000 1.0000000 0.0000000
v 0.5563928 0.0000000 -0.0869637
vn 0.0000000 1.0000000 0.0000000
v -0.0008160 0.0000000 0.2637736
vn 0.0000000 1.0000000 0.0000000
v 0.0397631 0.0000000 -0.8915269
vn 0.0000000 1.0000000 0.0000000
v 0.4470445 0.0000000 -0.7535943
vn 0.0000000 1.0000000 0.0000000
v -0.6022944 0.0000000 -0.7418770
vn 0.0000000 1.0000000 0.0000000
v 0.0559478 0.0000000 -0.6598774
vn 0.0000000 1.0000000 0.0000000
v -0.2254453 0.0000000 -0.7341771
vn 0.0000000 1.0000000 0.0000000
v 0.8337677 0.0000000 -0.4651183
vn 0.0000000 1.0000000 0.0000000
v 0.8930902 0.0000000 -0.0885871
vn 0.0000000 1.0000000 0.0000000
v 0.5825350 0.0000000 -0.0305805
vn 0.0000000 1.0000000 0.0000000
v -0.9605045 0.0000000 -0.1347094
vn 0.0000000 1.0000000 0.0000000
v 0.4224710 0.0000000 0.0123318
vn 0.0000000 1.0000000 0.0000000
v -0.1576766 0.0000000 0.5905418
vn 0.0000000 1.0000000 0.0000000
v -0.3326319 0.0000000 -0.5797389
vn 0.0000000 1.0000000 0.0000000
v -0.5530096 0.0000000 0.7090083
vn 0.0000000 1.0000000 0.0000000
v 0.2133843 0.0000000 -0.6739790
vn 0.0000000 1.0000000 0.0000000
v -0.4320315 0.0000000 -0.6582859
vn 0.0000000 1.0000000 0.0000000
v -0.8155963 0.0000000 0.3692999
vn 0.0000000 1.0000000 0.0000000
v 0.7161567 0.0000000 -0.0910675
vn 0.0000000 1.0000000 0.0000000
v 0.5795049 0.0000000 0.0996058
vn 0.0000000 1.0000000 0.0000000
v -0.6624406 0.0000000 0.2474010
vn 0.0000000 1.0000000 0.0000000
v -0.5587158 0.0000000 0.4030166
vn 0.0000000 1.0000000 0.0000000
v -0.0305815 0.0000000 -0.8704981
vn 0.0000000 1.0000000 0.0000000
v 0.6317413 0.0000000 -0.7501893
vn 0.0000000 1.0000000 0.0000000
v 0.8461050 0.0000000 -0.1991030
vn 0.0000000 1.0000000 0.0000000
v 0.8310152 0.0000000 -0.2678848
vn 0.0000000 1.0000000 0.0000000
v 0.7822481 0.0000000 -0.2853505
vn 0.0000000 1.0000000 0.0000000
v 0.2605056 0.0000000 -0.1584007
vn 0.0000000 1.0000000 0.0000000
v -0.8950347 0.0000000 -0.1360622
vn 0.0000000 1.0000000 0.0000000
v 0.8309692 0.0000000 0.0895406
vn 0.0000000 1.0000000 0.0000000
v 0.3348658 0.0000000 0.0051966
vn 0.0000000 1.0000000 0.0000000
v -0.9171867 0.0000000 0.0016560
vn 0.0000000 1.0000000 0.0000000
v -0.3711494 0.0000000 0.1369571
vn 0.0000000 1.0000000 0.0000000
v -0.2827081 0.0000000 0.4889713
vn 0.0000000 1.0000000 0.0000000
v -0.4113712 0.0000000 0.7769982
vn 0.0000000 1.0000000 0.0000000
v -0.6601300 0.0000000 0.6064181
vn 0.0000000 1.0000000 0.0000000
v -0.0933976 0.0000000 -0.6304109
vn 0.0000000 1.0000000 0.0000000
v 0.5885640 0.0000000 -0.0542827
vn 0.0000000 1.0000000 0.0000000
v 0.8050501 0.0000000 -0.0437386
vn 0.0000000 1.0000000 0.0000000
v -0.7216949 0.0000000 -0.1039630
vn 0.0000000 1.0000000 0.0000000
v 0.7420965 0.0000000 0.0138515
vn 0.0000000 1.0000000 0.0000000
v -0.7098387 0.0000000 0.5352587
vn 0.0000000 1.0000000 0.0000000
v 0.4375866 0.0000000 0.7943384
vn 0.0000000 1.0000000 0.0000000
v -0.4653147 0.0000000 0.6553367
vn 0.0000000 1.0000000 0.0000000
v 0.1805757 0.0000000 0.7772735
vn 0.0000000 1.0000000 0.0000000
v 0.1689970 0.0000000 -0.8624661
vn 0.0000000 1.0000000 0.0000000
v 0.7109392 0.0000000 -0.5354024
vn 0.0000000 1.0000000 0.0000000
v 0.2153751 0.0000000 -0.1776316
vn 0.0000000 1.0000000 0.0000000
v -0.8137161 0.0000000 -0.0638714
vn 0.0000000 1.0000000 0.0000000
v -0.2814107 0.0000000 0.2774321
vn 0.0000000 1.0000000 0.0000000
v -0.1965388 0.0000000 0.3320688
vn 0.0000000 1.0000000 0.0000000
v 0.4091271 0.0000000 0.7296262
vn 0.0000000 1.0000000 0.0000000
v 0.4340413 0.0000000 0.0425074
vn 0.0000000 1.0000000 0.0000000
v -0.0824986 0.0000000 0.1342317
vn 0.0000000 1.0000000 0.0000000
v 0.1863301 0.0000000 0.5988468
vn 0.0000000 1.0000000 0.0000000
v -0.2319681 0.0000000 0.6895339
vn 0.0000000 1.0000000 0.0000000
v -0.1143151 0.0000000 0.8479800
vn 0.0000000 1.0000000 0.0000000
v 0.4513040 0.0000000 -0.3636745
vn 0.0000000 1.0000000 0.0000000
v -0.4956991 0.0000000 -0.4635313
vn 0.0000000 1.0000000 0.0000000
v 0.4146407 0.0000000 -0.0165083
vn 0.0000000 1.0000000 0.0000000
v 0.5489491 0.0000000 0.0080195
vn 0.0000000 1.0000000 0.0000000
v -0.4857830 0.0000000 0.2192362
vn 0.0000000 1.0000000 0.0000000
v 0.2399723 0.0000000 0.7048681
vn 0.0000000 1.0000000 0.0000000
v -0.5427666 0.0000000 0.7348988
vn 0.0000000 1.0000000 0.0000000
v -0.0240937 0.0000000 -0.2861358
vn 0.0000000 1.0000000 0.0000000
v -0.0507264 0.0000000 -0.2460186
vn 0.0000000 1.0000000 0.0000000
v -0.5047123 0.0000000 -0.2606469
vn 0.0000000 1.0000000 0.0000000
v -0.6475333 0.0000000 -0.0876419
vn 0.0000000 1.0000000 0.0000000
v 0.3517063 0.0000000 0.0852799
vn 0.0000000 1.0000000 0.0000000
v 0.0618191 0.0000000 0.3968461
vn 0.0000000 1.0000000 0.0000000
v 0.0224962 0.0000000 0.5461450
vn 0.0000000 1.0000000 0.0000000
v -0.2587723 0.0000000 0.7091565
vn 0.0000000 1.0000000 0.0000000
v -0.4000867 0.0000000 -0.7579128
vn 0.0000000 1.0000000 0.0000000
v -0.4381240 0.0000000 -0.6883279
vn 0.0000000 1.0000000 0.0000000
v 0.5057080 0.0000000 -0.5320863
vn 0.0000000 1.0000000 0.0000000
v 0.1990580 0.0000000 -0.5780798
vn 0.0000000 1.0000000 0.0000000
v -0.7083120 0.0000000 -0.6001139
vn 0.0000000 1.0000000 0.0000000
v -0.6142407 0.0000000 -0.4094480
vn 0.0000000 1.0000000 0.0000000
v 0.9344791 0.0000000 -0.2528579
vn 0.0000000 1.0000000 0.0000000
v 0.6672384 0.0000000 -0.1725535
vn 0.0000000 1.0000000 0.0000000
v 0.9422910 0.0000000 -0.0953077
vn 0.0000000 1.0000000 0.0000000
v 0.9626306 0.0000000 -0.1106575
vn 0.0000000 1.0000000 0.0000000
v -0.0456485 0.0000000 -0.1470788
vn 0.0000000 1.0000000 0.0000000
v -0.0752625 0.0000000 -0.0979743
vn 0.0000000 1.0000000 0.0000000
v -0.8460724 0.0000000 -0.1663116
vn 0.0000000 1.0000000 0.0000000
v -0.9552734 0.0000000 -0.1627877
vn 0.0000000 1.0000000 0.0000000
v -0.4329085 0.0000000 -0.0208998
vn 0.0000000 1.0000000 0.0000000
v -0.9716070 0.0000000 -0.0839137
vn 0.0000000 1.0000000 0.0000000
v -0.9022181 0.0000000 -0.0162634
vn 0.0000000 1.0000000 0.0000000
v 0.9099444 0.0000000 0.1324573
vn 0.0000000 1.0000000 0.0000000
v -0.3298972 0.0000000 0.0106816
vn 0.0000000 1.0000000 0.0000000
v -0.3012091 0.0000000 0.0073041
vn 0.0000000 1.0000000 0.0000000
v -0.9640263 0.0000000 0.0801196
vn 0.0000000 1.0000000 0.0000000
v 0.7198547 0.0000000 0.3096543
vn 0.0000000 1.0000000 0.0000000
v 0.1994345 0.0000000 0.3556822
vn 0.0000000 1.0000000 0.0000000
v -0.2538434 0.0000000 0.3257726
vn 0.0000000 1.0000000 0.0000000
v -0.5516502 0.0000000 0.3806626
vn 0.0000000 1.0000000 0.0000000
v 0.6552110 0.0000000 0.5084562
vn 0.0000000 1.0000000 0.0000000
v -0.5626875 0.0000000 0.4646945
vn 0.0000000 1.0000000 0.0000000
v -0.6274793 0.0000000 0.5151519
vn 0.0000000 1.0000000 0.0000000
v -0.5866209 0.0000000 0.4852756
vn 0.0000000 1.0000000 0.0000000
v -0.6100033 0.0000000 0.5360885
vn 0.0000000 1.0000000 0.0000000
v 0.2880820 0.0000000 0.6766313
vn 0.0000000 1.0000000 0.0000000
v 0.6683358 0.0000000 0.7078237
vn 0.0000000 1.0000000 0.0000000
v -0.0997353 0.0000000 0.7697669
vn 0.0000000 1.0000000 0.0000000
v -0.1891080 0.0000000 0.8816308
vn 0.0000000 1.0000000 0.0000000
v -0.4475686 0.0000000 -0.3047839
vn 0.0000000 1.0000000 0.0000000
v 0.6613255 0.0000000 -0.0660143
vn 0.0000000 1.0000000 0.0000000
v 0.3510970 0.0000000 -0.9066283
vn 0.0000000 1.0000000 0.0000000
v 0.1533991 0.0000000 -0.3101431
vn 0.0000000 1.0000000 0.0000000
v 0.8803319 0.0000000 -0.2338133
vn 0.0000000 1.0000000 0.0000000
v -0.4205188 0.0000000 0.0051520
vn 0.0000000 1.0000000 0.0000000
v -0.4017760 0.0000000 -0.0183739
vn 0.0000000 1.0000000 0.0000000
v -0.7555891 0.0000000 0.0497632
vn 0.0000000 1.0000000 0.0000000
v 0.1666011 0.0000000 -0.0347434
vn 0.0000000 1.0000000 0.0000000
v -0.8316134 0.0000000 -0.1078876
vn 0.0000000 1.0000000 0.0000000
v 0.8903511 0.0000000 0.0657813
vn 0.0000000 1.0000000 0.0000000
v -0.6888741 0.0000000 0.3523064
vn 0.0000000 1.0000000 0.0000000
v -0.0205563 0.0000000 0.4534841
vn 0.0000000 1.0000000 0.0000000
v -0.4810390 0.0000000 -0.4431883
vn 0.0000000 1.0000000 0.0000000
v 0.5907841 0.0000000 -0.2801709
vn 0.0000000 1.0000000 0.0000000
v 0.8380236 0.0000000 0.1175243
vn 0.0000000 1.0000000 0.0000000
v -0.1827251 0.0000000 0.0417881
vn 0.0000000 1.0000000 0.0000000
v 0.0306445 0.0000000 -0.3577350
vn 0.0000000 1.0000000 0.0000000
v 0.5056574 0.0000000 -0.0828236
vn 0.0000000 1.0000000 0.0000000
v 0.0997997 0.0000000 -0.1146811
vn 0.0000000 1.0000000 0.0000000
v -0.5785964 0.0000000 -0.0897631
vn 0.0000000 1.0000000 0.0000000
v 0.6447946 0.0000000 0.0583854
vn 0.0000000 1.0000000 0.0000000
v 0.5708224 0.0000000 0.0729420
vn 0.0000000 1.0000000 0.0000000
v 0.3324142 0.0000000 0.0366078
vn 0.0000000 1.0000000 0.0000000
v 0.9040678 0.0000000 -0.2574352
vn 0.0000000 1.0000000 0.0000000
v 0.8928646 0.0000000 -0.2874937
vn 0.0000000 1.0000000 0.0000000
v 0.3613684 0.0000000 -0.0095997
vn 0.0000000 1.0000000 0.0000000
v -0.9462857 0.0000000 -0.0862333
vn 0.0000000 1.0000000 0.0000000
v -0.9274043 0.0000000 -0.0581797
vn 0.0000000 1.0000000 0.0000000
v 0.4703934 0.0000000 0.0033628
vn 0.0000000 1.0000000 0.0000000
v -0.3438710 0.0000000 -0.0160037
vn 0.0000000 1.0000000 0.0000000
v -0.5022013 0.0000000 0.0084689
vn 0.0000000 1.0000000 0.0000000
v 0.5450453 0.0000000 -0.4347094
vn 0.0000000 1.0000000 0.0000000
v 0.6088787 0.0000000 -0.0686660
vn 0.0000000 1.0000000 0.0000000
v -0.3595668 0.0000000 0.0112255
vn 0.0000000 1.0000000 0.0000000
v 0.1169282 0.0000000 0.7413130
vn 0.0000000 1.0000000 0.0000000
v -0.5096074 0.0000000 -0.4438728
vn 0.0000000 1.0000000 0.0000000
v 0.9124338 0.0000000 -0.2301287
vn 0.0000000 1.0000000 0.0000000
v 0.8780773 0.0000000 -0.2612448
vn 0.0000000 1.0000000 0.0000000
v 0.7517229 0.0000000 -0.0332479
vn 0.0000000 1.0000000 0.0000000
v -0.8281645 0.0000000 -0.1378559
vn 0.0000000 1.0000000 0.0000000
v 0.8499813 0.0000000 0.0238822
vn 0.0000000 1.0000000 0.0000000
v 0.3904936 0.0000000 0.0071706
vn 0.0000000 1.0000000 0.0000000
v -0.2888207 0.0000000 0.1234365
vn 0.0000000 1.0000000 0.0000000
v -0.2810478 0.0000000 -0.3092892
vn 0.0000000 1.0000000 0.0000000
v 0.7082936 0.0000000 0.0062288
vn 0.0000000 1.0000000 0.0000000
v -0.7401344 0.0000000 0.4042545
vn 0.0000000 1.0000000 0.0000000
v 0.6555508 0.0000000 0.0859382
vn 0.0000000 1.0000000 0.0000000
v -0.8402899 0.0000000 0.1031167
vn 0.0000000 1.0000000 0.0000000
v -0.1849837 0.0000000 -0.4486500
vn 0.0000000 1.0000000 0.0000000
v -0.7082701 0.0000000 -0.3393476
vn 0.0000000 1.0000000 0.0000000
v 0.3281953 0.0000000 -0.2589553
vn 0.0000000 1.0000000 0.0000000
v 0.3830743 0.0000000 -0.0570004
vn 0.0000000 1.0000000 0.0000000
v 0.8178903 0.0000000 0.0335300
vn 0.0000000 1.0000000 0.0000000
v -0.9069556 0.0000000 0.2436276
vn 0.0000000 1.0000000 0.0000000
v -0.3159508 0.0000000 0.1439265
vn 0.0000000 1.0000000 0.0000000
v 0.4658241 0.0000000 0.2431491
vn 0.0000000 1.0000000 0.0000000
v 0.4828328 0.0000000 -0.0405206
vn 0.0000000 1.0000000 0.0000000
v 0.5316123 0.0000000 -0.0695160
vn 0.0000000 1.0000000 0.0000000
v -0.5895017 0.0000000 0.0841659
vn 0.0000000 1.0000000 0.0000000
v -0.4897844 0.0000000 0.4485688
vn 0.0000000 1.0000000 0.0000000
v -0.4803254 0.0000000 -0.3804651
vn 0.0000000 1.0000000 0.0000000
v -0.0013011 0.0000000 -0.1193027
vn 0.0000000 1.0000000 0.0000000
v -0.0305404 0.0000000 -0.1205077
vn 0.0000000 1.0000000 0.0000000
v -0.0076498 0.0000000 -0.0385058
vn 0.0000000 1.0000000 0.0000000
v 0.7940317 0.0000000 0.0926774
vn 0.0000000 1.0000000 0.0000000
v 0.4770814 0.0000000 0.0855014
vn 0.0000000 1.0000000 0.0000000
v -0.1361900 0.0000000 0.2836211
vn 0.0000000 1.0000000 0.0000000
v -0.1696389 0.0000000 0.4692583
vn 0.0000000 1.0000000 0.0000000
v 0.8484893 0.0000000 -0.0856089
vn 0.0000000 1.0000000 0.0000000
v 0.5265946 0.0000000 -0.0109047
vn 0.0000000 1.0000000 0.0000000
v -0.4642707 0.0000000 -0.0223314
vn 0.0000000 1.0000000 0.0000000
v 0.9619085 0.0000000 0.1342652
vn 0.0000000 1.0000000 0.0000000
v 0.7124048 0.0000000 0.5132971
vn 0.0000000 1.0000000 0.0000000
v 0.5738387 0.0000000 0.5721577
vn 0.0000000 1.0000000 0.0000000
v 0.2109617 0.0000000 -0.9025956
vn 0.0000000 1.0000000 0.0000000
v -0.4820871 0.0000000 -0.7882931
vn 0.0000000 1.0000000 0.0000000
v -0.8526954 0.0000000 0.1288825
vn 0.0000000 1.0000000 0.0000000
v 0.2907066 0.0000000 0.6482869
vn 0.0000000 1.0000000 0.0000000
v 0.6806126 0.0000000 -0.6208915
vn 0.0000000 1.0000000 0.0000000
v -0.1713079 0.0000000 0.7426591
vn 0.0000000 1.0000000 0.0000000
v 0.9122155 0.0000000 0.1056494
vn 0.0000000 1.0000000 0.0000000
v -0.5678997 0.0000000 -0.6184981
vn 0.0000000 1.0000000 0.0000000
v -0.5548012 0.0000000 -0.5911237
vn 0.0000000 1.0000000 0.0000000
v 0.4990496 0.0000000 -0.5079511
vn 0.0000000 1.0000000 0.0000000
v 0.4999359 0.0000000 0.3179226
vn 0.0000000 1.0000000 0.0000000
v -0.3960578 0.0000000 0.6318272
vn 0.0000000 1.0000000 0.0000000
v -0.0686598 0.0000000 0.8067296
vn 0.0000000 1.0000000 0.0000000
v 0.2319342 0.0000000 -0.5027074
vn 0.0000000 1.0000000 0.0000000
v 0.8742695 0.0000000 -0.0742564
vn 0.0000000 1.0000000 0.0000000
v 0.4066785 0.0000000 -0.0743514
vn 0.0000000 1.0000000 0.0000000
v 0.0746557 0.0000000 0.1759961
vn 0.0000000 1.0000000 0.0000000
v -0.7989886 0.0000000 0.4248661
vn 0.0000000 1.0000000 0.0000000
v -0.3846974 0.0000000 0.4147276
vn 0.0000000 1.0000000 0.0000000
v -0.1815785 0.0000000 0.3579736
vn 0.0000000 1.0000000 0.0000000
v -0.7572826 0.0000000 0.4958594
vn 0.0000000 1.0000000 0.0000000
v 0.2212309 0.0000000 0.4967426
vn 0.0000000 1.0000000 0.0000000
v -0.6928479 0.0000000 -0.0586191
vn 0.0000000 1.0000000 0.0000000
v 0.1239018 0.0000000 -0.5663340
vn 0.0000000 1.0000000 0.0000000
v -0.7650900 0.0000000 -0.0743091
vn 0.0000000 1.0000000 0.0000000
v 0.2575302 0.0000000 0.5771993
vn 0.0000000 1.0000000 0.0000000
v -0.6512646 0.0000000 -0.5369322
vn 0.0000000 1.0000000 0.0000000
v -0.0570128 0.0000000 0.6546412
vn 0.0000000 1.0000000 0.0000000
v 0.4218626 0.0000000 -0.2902155
vn 0.0000000 1.0000000 0.0000000
v 0.3889519 0.0000000 0.0582700
vn 0.0000000 1.0000000 0.0000000
v -0.1802874 0.0000000 0.3064176
vn 0.0000000 1.0000000 0.0000000
v 0.2287432 0.0000000 0.5715621
vn 0.0000000 1.0000000 0.0000000
v -0.0701835 0.0000000 -0.3265826
vn 0.0000000 1.0000000 0.0000000
v 0.4971860 0.0000000 -0.2293828
vn 0.0000000 1.0000000 0.0000000
v -0.6063115 0.0000000 0.3966155
vn 0.0000000 1.0000000 0.0000000
v 0.4191971 0.0000000 0.6775171
vn 0.0000000 1.0000000 0.0000000
v -0.6190416 0.0000000 -0.5294378
vn 0.0000000 1.0000000 0.0000000
v 0.0200690 0.0000000 -0.7703332
vn 0.0000000 1.0000000 0.0000000
v 0.3303242 0.0000000 -0.6554732
vn 0.0000000 1.0000000 0.0000000
v 0.0134190 0.0000000 0.0484922
vn 0.0000000 1.0000000 0.0000000
v -0.8856451 0.0000000 0.0830927
vn 0.0000000 1.0000000 0.0000000
v -0.0519679 0.0000000 0.1368153
vn 0.0000000 1.0000000 0.0000000
v -0.4261273 0.0000000 -0.1411933
vn 0.0000000 1.0000000 0.0000000
v -0.4516349 0.0000000 0.0020915
vn 0.0000000 1.0000000 0.0000000
v -0.9241260 0.0000000 -0.0254167
vn 0.0000000 1.0000000 0.0000000
v 0.6853486 0.0000000 0.0889488
vn 0.0000000 1.0000000 0.0000000
v -0.5917352 0.0000000 0.2906617
vn 0.0000000 1.0000000 0.0000000
v 0.2028424 0.0000000 0.4073007
vn 0.0000000 1.0000000 0.0000000
v -0.4028277 0.0000000 0.5737888
vn 0.0000000 1.0000000 0.0000000
v -0.4186416 0.0000000 -0.5057449
vn 0.0000000 1.0000000 0.0000000
v 0.0775882 0.0000000 0.6615200
vn 0.0000000 1.0000000 0.0000000
v 0.5184352 0.0000000 0.7537373
vn 0.0000000 1.0000000 0.0000000
v -0.1720511 0.0000000 0.7707362
vn 0.0000000 1.0000000 0.0000000
v -0.0826979 0.0000000 0.8604134
vn 0.0000000 1.0000000 0.0000000
v -0.7627925 0.0000000 0.3905993
vn 0.0000000 1.0000000 0.0000000
v -0.6969436 0.0000000 -0.0344097
vn 0.0000000 1.0000000 0.0000000
v -0.1395132 0.0000000 0.1400362
vn 0.0000000 1.0000000 0.0000000
v 0.1676182 0.0000000 0.3595210
vn 0.0000000 1.0000000 0.0000000
v 0.4469348 0.0000000 0.0164820
vn 0.0000000 1.0000000 0.0000000
v -0.4938479 0.0000000 -0.4202622
vn 0.0000000 1.0000000 0.0000000
v -0.4458542 0.0000000 -0.1238658
vn 0.0000000 1.0000000 0.0000000
v 0.5788822 0.0000000 -0.1053970
vn 0.0000000 1.0000000 0.0000000
v -0.4160983 0.0000000 0.1011879
vn 0.0000000 1.0000000 0.0000000
v -0.5378052 0.0000000 0.0950828
vn 0.0000000 1.0000000 0.0000000
v -0.3472338 0.0000000 0.5253925
vn 0.0000000 1.0000000 0.0000000
v 0.1380983 0.0000000 -0.3339204
vn 0.0000000 1.0000000 0.0000000
v -0.1523283 0.0000000 0.7038445
vn 0.0000000 1.0000000 0.0000000
v 0.8539404 0.0000000 -0.2503139
vn 0.0000000 1.0000000 0.0000000
v 0.7233889 0.0000000 -0.0416280
vn 0.0000000 1.0000000 0.0000000
v 0.0613520 0.0000000 0.0059184
vn 0.0000000 1.0000000 0.0000000
v -0.6706858 0.0000000 -0.0170452
vn 0.0000000 1.0000000 0.0000000
v -0.4273819 0.0000000 0.2901546
vn 0.0000000 1.0000000 0.0000000
v 0.2385206 0.0000000 0.0194966
vn 0.0000000 1.0000000 0.0000000
v 0.1979105 0.0000000 -0.2865277
vn 0.0000000 1.0000000 0.0000000
v -0.0493443 0.0000000 0.4887684
vn 0.0000000 1.0000000 0.0000000
v 0.1971659 0.0000000 -0.0415151
vn 0.0000000 1.0000000 0.0000000
v -0.4246846 0.0000000 0.0553334
vn 0.0000000 1.0000000 0.0000000
v -0.0117670 0.0000000 -0.4046665
vn 0.0000000 1.0000000 0.0000000
v -0.0174006 0.0000000 -0.3473236
vn 0.0000000 1.0000000 0.0000000
v -0.7518044 0.0000000 -0.2435306
vn 0.0000000 1.0000000 0.0000000
v -0.0153209 0.0000000 -0.2017478
vn 0.0000000 1.0000000 0.0000000
v 0.1029747 0.0000000 0.1877569
vn 0.0000000 1.0000000 0.0000000
v 0.0990237 0.0000000 -0.0654028
vn 0.0000000 1.0000000 0.0000000
v 0.7999763 0.0000000 0.1427574
vn 0.0000000 1.0000000 0.0000000
v -0.6979031 0.0000000 0.2761719
vn 0.0000000 1.0000000 0.0000000
v -0.5530009 0.0000000 0.4921091
vn 0.0000000 1.0000000 0.0000000
v -0.5904315 0.0000000 0.5596410
vn 0.0000000 1.0000000 0.0000000
v 0.0293085 0.0000000 0.6269841
vn 0.0000000 1.0000000 0.0000000
v 0.8460079 0.0000000 0.4826614
vn 0.0000000 1.0000000 0.0000000
v -0.0156829 0.0000000 -0.8033689
vn 0.0000000 1.0000000 0.0000000
v -0.6247772 0.0000000 -0.0814915
vn 0.0000000 1.0000000 0.0000000
v 0.8137906 0.0000000 0.1176958
vn 0.0000000 1.0000000 0.0000000
v 0.2765187 0.0000000 -0.9348999
vn 0.0000000 1.0000000 0.0000000
v 0.7414559 0.0000000 -0.4875804
vn 0.0000000 1.0000000 0.0000000
v 0.2478595 0.0000000 -0.9417400
vn 0.0000000 1.0000000 0.0000000
v -0.5081729 0.0000000 -0.3032164
vn 0.0000000 1.0000000 0.0000000
v -0.5209609 0.0000000 -0.3238060
vn 0.0000000 1.0000000 0.0000000
v -0.0198175 0.0000000 -0.6274907
vn 0.0000000 1.0000000 0.0000000
v -0.3842244 0.0000000 -0.0425202
vn 0.0000000 1.0000000 0.0000000
v 0.2618540 0.0000000 0.1143863
vn 0.0000000 1.0000000 0.0000000
v -0.5997903 0.0000000 0.5124962
vn 0.0000000 1.0000000 0.0000000
v -0.2013471 0.0000000 0.4348252
vn 0.0000000 1.0000000 0.0000000
v 0.3035665 0.0000000 0.5408487
vn 0.0000000 1.0000000 0.0000000
v 0.3665583 0.0000000 -0.7391226
vn 0.0000000 1.0000000 0.0000000
v 0.6180305 0.0000000 -0.6272196
vn 0.0000000 1.0000000 0.0000000
v -0.5388148 0.0000000 -0.3055812
vn 0.0000000 1.0000000 0.0000000
v 0.0223852 0.0000000 -0.0412407
vn 0.0000000 1.0000000 0.0000000
v 0.4967684 0.0000000 -0.4801069
vn 0.0000000 1.0000000 0.0000000
v -0.8425561 0.0000000 -0.0555412
vn 0.0000000 1.0000000 0.0000000
v 0.6272269 0.0000000 0.4460270
vn 0.0000000 1.0000000 0.0000000
v -0.6792005 0.0000000 0.2966195
vn 0.0000000 1.0000000 0.0000000
v -0.7988894 0.0000000 -0.0163486
vn 0.0000000 1.0000000 0.0000000
v -0.6964229 0.0000000 -0.5106314
vn 0.0000000 1.0000000 0.0000000
v 0.3298813 0.0000000 -0.6880162
vn 0.0000000 1.0000000 0.0000000
v -0.3676748 0.0000000 0.6461615
vn 0.0000000 1.0000000 0.0000000
v -0.5790157 0.0000000 -0.1225592
vn 0.0000000 1.0000000 0.0000000
v -0.2617252 0.0000000 -0.4156045
vn 0.0000000 1.0000000 0.0000000
v -0.0949006 0.0000000 -0.2269992
vn 0.0000000 1.0000000 0.0000000
v -0.0285657 0.0000000 0.5351859
vn 0.0000000 1.0000000 0.0000000
v -0.1776670 0.0000000 0.6588826
vn 0.0000000 1.0000000 0.0000000
v 0.7715713 0.0000000 -0.4907480
vn 0.0000000 1.0000000 0.0000000
v -0.2721112 0.0000000 0.3485946
vn 0.0000000 1.0000000 0.0000000
v -0.7117147 0.0000000 -0.4429817
vn 0.0000000 1.0000000 0.0000000
v -0.5095048 0.0000000 -0.3741772
vn 0.0000000 1.0000000 0.0000000
v -0.5826199 0.0000000 0.4079893
vn 0.0000000 1.0000000 0.0000000
v 0.5631865 0.0000000 0.0507236
vn 0.0000000 1.0000000 0.0000000
v 0.5778612 0.0000000 -0.4633752
vn 0.0000000 1.0000000 0.0000000
v 0.9038198 0.0000000 -0.0635285
vn 0.0000000 1.0000000 0.0000000
v -0.0767864 0.0000000 -0.1476765
vn 0.0000000 1.0000000 0.0000000
v -0.4614832 0.0000000 0.2279813
vn 0.0000000 1.0000000 0.0000000
v 0.7658316 0.0000000 -0.1085508
vn 0.0000000 1.0000000 0.0000000
v -0.6317976 0.0000000 0.0784682
vn 0.0000000 1.0000000 0.0000000
v -0.0876363 0.0000000 0.1618104
vn 0.0000000 1.0000000 0.0000000
v 0.2968279 0.0000000 -0.0978781
vn 0.0000000 1.0000000 0.0000000
v 0.7739024 0.0000000 -0.0535485
vn 0.0000000 1.0000000 0.0000000
v 0.2425587 0.0000000 -0.2626920
vn 0.0000000 1.0000000 0.0000000
v -0.2356277 0.0000000 0.0936807
vn 0.0000000 1.0000000 0.0000000
v -0.2241247 0.0000000 0.4546169
vn 0.0000000 1.0000000 0.0000000
v 0.6365631 0.0000000 0.1109960
vn 0.0000000 1.0000000 0.0000000
v 0.5211419 0.0000000 0.0180790
vn 0.0000000 1.0000000 0.0000000
v 0.6231037 0.0000000 0.7126273
vn 0.0000000 1.0000000 0.0000000
v -0.0628215 0.0000000 -0.2246014
vn 0.0000000 1.0000000 0.0000000
v 0.7761143 0.0000000 0.0649411
vn 0.0000000 1.0000000 0.0000000
v -0.2110884 0.0000000 0.1148096
vn 0.0000000 1.0000000 0.0000000
v -0.2092557 0.0000000 0.3042226
vn 0.0000000 1.0000000 0.0000000
v 0.5404247 0.0000000 -0.2083404
vn 0.0000000 1.0000000 0.0000000
v 0.9216539 0.0000000 -0.0106400
vn 0.0000000 1.0000000 0.0000000
v 0.1262249 0.0000000 -0.0599653
vn 0.0000000 1.0000000 0.0000000
v -0.8651647 0.0000000 0.1546917
vn 0.0000000 1.0000000 0.0000000
v 0.4643506 0.0000000 0.2725798
vn 0.0000000 1.0000000 0.0000000
v 0.7625421 0.0000000 0.4734961
vn 0.0000000 1.0000000 0.0000000
v -0.7362877 0.0000000 -0.0724454
vn 0.0000000 1.0000000 0.0000000
v -0.8569301 0.0000000 -0.1006081
vn 0.0000000 1.0000000 0.0000000
v -0.8703356 0.0000000 0.1047782
vn 0.0000000 1.0000000 0.0000000
v 0.5079950 0.0000000 0.6195196
vn 0.0000000 1.0000000 0.0000000
v -0.0309888 0.0000000 0.7667561
vn 0.0000000 1.0000000 0.0000000
v -0.3650682 0.0000000 0.9018455
vn 0.0000000 1.0000000 0.0000000
v -0.2917706 0.0000000 -0.4122339
vn 0.0000000 1.0000000 0.0000000
v 0.7932124 0.0000000 -0.1022563
vn 0.0000000 1.0000000 0.0000000
v 0.3529280 0.0000000 0.6398467
vn 0.0000000 1.0000000 0.0000000
v 0.3589963 0.0000000 -0.8758581
vn 0.0000000 1.0000000 0.0000000
v -0.3578153 0.0000000 -0.8513837
vn 0.0000000 1.0000000 0.0000000
v -0.0982798 0.0000000 -0.2535436
vn 0.0000000 1.0000000 0.0000000
v -0.2506087 0.0000000 -0.4479490
vn 0.0000000 1.0000000 0.0000000
v -0.8021064 0.0000000 -0.1877329
vn 0.0000000 1.0000000 0.0000000
v 0.1518459 0.0000000 -0.0567981
vn 0.0000000 1.0000000 0.0000000
v -0.8849753 0.0000000 -0.0981178
vn 0.0000000 1.0000000 0.0000000
v 0.7668722 0.0000000 0.2921892
vn 0.0000000 1.0000000 0.0000000
v 0.8035625 0.0000000 0.2466857
vn 0.0000000 1.0000000 0.0000000
v 0.8014731 0.0000000 -0.2236641
vn 0.0000000 1.0000000 0.0000000
v 0.3169586 0.0000000 -0.8119729
vn 0.0000000 1.0000000 0.0000000
v 0.2571702 0.0000000 -0.2424577
vn 0.0000000 1.0000000 0.0000000
v -0.1407658 0.0000000 -0.3501001
vn 0.0000000 1.0000000 0.0000000
v 0.3508750 0.0000000 -0.1266649
vn 0.0000000 1.0000000 0.0000000
v -0.7085851 0.0000000 -0.2771361
vn 0.0000000 1.0000000 0.0000000
v 0.4688127 0.0000000 0.1143714
vn 0.0000000 1.0000000 0.0000000
v -0.6443323 0.0000000 0.2627910
vn 0.0000000 1.0000000 0.0000000
v 0.0393497 0.0000000 -0.7916540
vn 0.0000000 1.0000000 0.0000000
v 0.1791233 0.0000000 -0.4563317
vn 0.0000000 1.0000000 0.0000000
v 0.7342866 0.0000000 -0.5981721
vn 0.0000000 1.0000000 0.0000000
v -0.5499543 0.0000000 0.2193902
vn 0.0000000 1.0000000 0.0000000
v -0.3605035 0.0000000 -0.5873860
vn 0.0000000 1.0000000 0.0000000
v 0.2402155 0.0000000 0.6487812
vn 0.0000000 1.0000000 0.0000000
v 0.6434081 0.0000000 -0.3071449
vn 0.0000000 1.0000000 0.0000000
v -0.4482254 0.0000000 0.1793556
vn 0.0000000 1.0000000 0.0000000
v 0.1927584 0.0000000 -0.0727479
vn 0.0000000 1.0000000 0.0000000
v 0.6633133 0.0000000 -0.3649628
vn 0.0000000 1.0000000 0.0000000
v 0.5581160 0.0000000 -0.1493213
vn 0.0000000 1.0000000 0.0000000
v 0.1104398 0.0000000 0.4095187
vn 0.0000000 1.0000000 0.0000000
v 0.4366015 0.0000000 -0.0352246
vn 0.0000000 1.0000000 0.0000000
v 0.7550029 0.0000000 0.2621345
vn 0.0000000 1.0000000 0.0000000
v -0.2260589 0.0000000 0.5518685
vn 0.0000000 1.0000000 0.0000000
v 0.1615668 0.0000000 0.5153915
vn 0.0000000 1.0000000 0.0000000
v -0.3335758 0.0000000 -0.3834426
vn 0.0000000 1.0000000 0.0000000
v -0.4445138 0.0000000 0.1109663
vn 0.0000000 1.0000000 0.0000000
v 0.5159397 0.0000000 0.2108685
vn 0.0000000 1.0000000 0.0000000
v -0.2411783 0.0000000 0.2154868
vn 0.0000000 1.0000000 0.0000000
v -0.1248749 0.0000000 -0.2199675
vn 0.0000000 1.0000000 0.0000000
v 0.0255391 0.0000000 0.5211612
vn 0.0000000 1.0000000 0.0000000
v -0.1225964 0.0000000 0.7758792
vn 0.0000000 1.0000000 0.0000000
v 0.5515790 0.0000000 -0.8048320
vn 0.0000000 1.0000000 0.0000000
v 0.9171896 0.0000000 -0.3345588
vn 0.0000000 1.0000000 0.0000000
v 0.6448950 0.0000000 0.4871533
vn 0.0000000 1.0000000 0.0000000
v 0.7395357 0.0000000 0.5234623
vn 0.0000000 1.0000000 0.0000000
v -0.2234814 0.0000000 0.7446979
vn 0.0000000 1.0000000 0.0000000
v -0.1993418 0.0000000 0.7299690
vn 0.0000000 1.0000000 0.0000000
v 0.7603042 0.0000000 -0.1348014
vn 0.0000000 1.0000000 0.0000000
v 0.8691496 0.0000000 0.0045485
vn 0.0000000 1.0000000 0.0000000
v -0.0201466 0.0000000 0.7199491
vn 0.0000000 1.0000000 0.0000000
v -0.4365481 0.0000000 0.6628715
vn 0.0000000 1.0000000 0.0000000
v 0.3645972 0.0000000 0.8448194
vn 0.0000000 1.0000000 0.0000000
v 0.6264421 0.0000000 -0.5977573
vn 0.0000000 1.0000000 0.0000000
v 0.4217431 0.0000000 0.6023999
vn 0.0000000 1.0000000 0.0000000
v -0.4610727 0.0000000 -0.6942816
vn 0.0000000 1.0000000 0.0000000
v 0.7584960 0.0000000 0.3397899
vn 0.0000000 1.0000000 0.0000000
v -0.6983505 0.0000000 -0.2290632
vn 0.0000000 1.0000000 0.0000000
v -0.1888444 0.0000000 0.4887846
vn 0.0000000 1.0000000 0.0000000
v 0.1629092 0.0000000 0.4305739
vn 0.0000000 1.0000000 0.0000000
v 0.5547522 0.0000000 -0.1165544
vn 0.0000000 1.0000000 0.0000000
v 0.5720778 0.0000000 -0.7895389
vn 0.0000000 1.0000000 0.0000000
v 0.3729153 0.0000000 -0.1672047
vn 0.0000000 1.0000000 0.0000000
v -0.5451632 0.0000000 -0.1344959
vn 0.0000000 1.0000000 0.0000000
v -0.0297800 0.0000000 0.2221706
vn 0.0000000 1.0000000 0.0000000
v -0.1362388 0.0000000 0.5349741
vn 0.0000000 1.0000000 0.0000000
v -0.2085377 0.0000000 0.2507274
vn 0.0000000 1.0000000 0.0000000
v -0.9159391 0.0000000 -0.0909535
vn 0.0000000 1.0000000 0.0000000
v 0.7674518 0.0000000 0.5333987
vn 0.0000000 1.0000000 0.0000000
v -0.5729495 0.0000000 -0.3554154
vn 0.0000000 1.0000000 0.0000000
v -0.6422601 0.0000000 -0.1810021
vn 0.0000000 1.0000000 0.0000000
v -0.5649545 0.0000000 0.1609036
vn 0.0000000 1.0000000 0.0000000
v -0.2578167 0.0000000 0.1929657
vn 0.0000000 1.0000000 0.0000000
v -0.2004911 0.0000000 -0.3582355
vn 0.0000000 1.0000000 0.0000000
v 0.2734858 0.0000000 0.4909952
vn 0.0000000 1.0000000 0.0000000
v 0.2128217 0.0000000 -0.2615577
vn 0.0000000 1.0000000 0.0000000
v 0.2741471 0.0000000 -0.5177181
vn 0.0000000 1.0000000 0.0000000
v -0.3817447 0.0000000 0.4898698
vn 0.0000000 1.0000000 0.0000000
v 0.4815452 0.0000000 -0.0671414
vn 0.0000000 1.0000000 0.0000000
v -0.6909434 0.0000000 -0.3659304
vn 0.0000000 1.0000000 0.0000000
v -0.2494645 0.0000000 -0.0647447
vn 0.0000000 1.0000000 0.0000000
v -0.0167309 0.0000000 -0.6539407
vn 0.0000000 1.0000000 0.0000000
v -0.6920466 0.0000000 0.4105377
vn 0.0000000 1.0000000 0.0000000
v 0.6380646 0.0000000 0.3476854
vn 0.0000000 1.0000000 0.0000000
v 0.0666510 0.0000000 -0.7504807
vn 0.0000000 1.0000000 0.0000000
v -0.3530007 0.0000000 -0.0914936
vn 0.0000000 1.0000000 0.0000000
v 0.7033994 0.0000000 -0.2907377
vn 0.0000000 1.0000000 0.0000000
v -0.1737401 0.0000000 -0.3027855
vn 0.0000000 1.0000000 0.0000000
v 0.0471181 0.0000000 0.1640605
vn 0.0000000 1.0000000 0.0000000
v 0.0504448 0.0000000 0.4241352
vn 0.0000000 1.0000000 0.0000000
v 0.3504686 0.0000000 -0.7650229
vn 0.0000000 1.0000000 0.0000000
v -0.6082521 0.0000000 -0.3588178
vn 0.0000000 1.0000000 0.0000000
v 0.0466523 0.0000000 0.8321714
vn 0.0000000 1.0000000 0.0000000
v -0.2630064 0.0000000 0.2238973
vn 0.0000000 1.0000000 0.0000000
v -0.7795423 0.0000000 0.2100202
vn 0.0000000 1.0000000 0.0000000
v -0.1751978 0.0000000 0.4423506
vn 0.0000000 1.0000000 0.0000000
v -0.9382948 0.0000000 0.0613881
vn 0.0000000 1.0000000 0.0000000
v 0.7312755 0.0000000 0.3413334
vn 0.0000000 1.0000000 0.0000000
v 0.8161834 0.0000000 0.3613501
vn 0.0000000 1.0000000 0.0000000
v 0.9207348 0.0000000 -0.3090236
vn 0.0000000 1.0000000 0.0000000
v -0.4179533 0.0000000 -0.7094624
vn 0.0000000 1.0000000 0.0000000
v -0.7565762 0.0000000 0.0186707
vn 0.0000000 1.0000000 0.0000000
v 0.0708564 0.0000000 0.6343321
vn 0.0000000 1.0000000 0.0000000
v -0.5860729 0.0000000 -0.3017983
vn 0.0000000 1.0000000 0.0000000
v 0.4064777 0.0000000 -0.4329815
vn 0.0000000 1.0000000 0.0000000
v -0.0319491 0.0000000 0.8755021
vn 0.0000000 1.0000000 0.0000000
v -0.0674777 0.0000000 -0.8935453
vn 0.0000000 1.0000000 0.0000000
v 0.1089446 0.0000000 -0.2857613
vn 0.0000000 1.0000000 0.0000000
v -0.9203039 0.0000000 0.3177908
vn 0.0000000 1.0000000 0.0000000
v 0.4702191 0.0000000 0.5938526
vn 0.0000000 1.0000000 0.0000000
v 0.5343885 0.0000000 -0.6947508
vn 0.0000000 1.0000000 0.0000000
v -0.3460631 0.0000000 -0.4809305
vn 0.0000000 1.0000000 0.0000000
v 0.2586581 0.0000000 0.1638461
vn 0.0000000 1.0000000 0.0000000
v 0.0374159 0.0000000 0.4501880
vn 0.0000000 1.0000000 0.0000000
v -0.5173194 0.0000000 -0.5065624
vn 0.0000000 1.0000000 0.0000000
v 0.0381562 0.0000000 -0.1793597
vn 0.0000000 1.0000000 0.0000000
v -0.9038306 0.0000000 -0.2342425
vn 0.0000000 1.0000000 0.0000000
v -0.0811687 0.0000000 0.2055061
vn 0.0000000 1.0000000 0.0000000
v -0.3911998 0.0000000 0.8897235
vn 0.0000000 1.0000000 0.0000000
v -0.3556029 0.0000000 -0.1395519
vn 0.0000000 1.0000000 0.0000000
v 0.7664315 0.0000000 -0.3093240
vn 0.0000000 1.0000000 0.0000000
v -0.8503584 0.0000000 -0.0284931
vn 0.0000000 1.0000000 0.0000000
v -0.5200627 0.0000000 0.1447803
vn 0.0000000 1.0000000 0.0000000
v 0.7294130 0.0000000 0.3691419
vn 0.0000000 1.0000000 0.0000000
v 0.9764516 0.0000000 -0.0286300
vn 0.0000000 1.0000000 0.0000000
v -0.1588431 0.0000000 0.0551687
vn 0.0000000 1.0000000 0.0000000
v 0.3814340 0.0000000 0.0353664
vn 0.0000000 1.0000000 0.0000000
v -0.9658501 0.0000000 -0.1078652
vn 0.0000000 1.0000000 0.0000000
v -0.5632041 0.0000000 -0.2966226
vn 0.0000000 1.0000000 0.0000000
v -0.3330502 0.0000000 0.7831884
vn 0.0000000 1.0000000 0.0000000
v -0.2484624 0.0000000 -0.6874379
vn 0.0000000 1.0000000 0.0000000
v 0.0949276 0.0000000 -0.7583426
vn 0.0000000 1.0000000 0.0000000
v 0.0191379 0.0000000 0.8757540
vn 0.0000000 1.0000000 0.0000000
v -0.3852273 0.0000000 -0.6717368
vn 0.0000000 1.0000000 0.0000000
v 0.8209327 0.0000000 -0.3363571
vn 0.0000000 1.0000000 0.0000000
v 0.2602377 0.0000000 0.2191878
vn 0.0000000 1.0000000 0.0000000
v -0.4481920 0.0000000 -0.8520277
vn 0.0000000 1.0000000 0.0000000
v -0.0620352 0.0000000 -0.6649599
vn 0.0000000 1.0000000 0.0000000
v -0.6796077 0.0000000 -0.3355690
vn 0.0000000 1.0000000 0.0000000
v -0.5895791 0.0000000 -0.2046116
vn 0.0000000 1.0000000 0.0000000
v -0.7067490 0.0000000 0.3052951
vn 0.0000000 1.0000000 0.0000000
v 0.4291869 0.0000000 0.0760136
vn 0.0000000 1.0000000 0.0000000
v 0.8928154 0.0000000 -0.0011844
vn 0.0000000 1.0000000 0.0000000
v 0.5887818 0.0000000 -0.3337915
vn 0.0000000 1.0000000 0.0000000
v -0.8717667 0.0000000 -0.0478946
vn 0.0000000 1.0000000 0.0000000
v -0.1621767 0.0000000 0.0276905
vn 0.0000000 1.0000000 0.0000000
v -0.2498085 0.0000000 0.4778056
vn 0.0000000 1.0000000 0.0000000
v -0.3247677 0.0000000 -0.0925207
vn 0.0000000 1.0000000 0.0000000
v -0.0702229 0.0000000 0.2571602
vn 0.0000000 1.0000000 0.0000000
v -0.1047038 0.0000000 -0.9386438
vn 0.0000000 1.0000000 0.0000000
v 0.7855530 0.0000000 -0.5162590
vn 0.0000000 1.0000000 0.0000000
v -0.2129177 0.0000000 0.1700244
vn 0.0000000 1.0000000 0.0000000
v -0.0244656 0.0000000 0.2810910
vn 0.0000000 1.0000000 0.0000000
v 0.5271822 0.0000000 -0.8057041
vn 0.0000000 1.0000000 0.0000000
v -0.3103765 0.0000000 -0.1181853
vn 0.0000000 1.0000000 0.0000000
v -0.2494964 0.0000000 -0.7172177
vn 0.0000000 1.0000000 0.0000000
v -0.1213402 0.0000000 -0.9636937
vn 0.0000000 1.0000000 0.0000000
v -0.5418524 0.0000000 -0.7465401
vn 0.0000000 1.0000000 0.0000000
v -0.1779025 0.0000000 0.4122416
vn 0.0000000 1.0000000 0.0000000
v -0.4784553 0.0000000 -0.7120428
vn 0.0000000 1.0000000 0.0000000
v 0.4567714 0.0000000 0.0649566
vn 0.0000000 1.0000000 0.0000000
v -0.3421347 0.0000000 0.3081598
vn 0.0000000 1.0000000 0.0000000
v -0.2434431 0.0000000 0.0089314
vn 0.0000000 1.0000000 0.0000000
v -0.7601932 0.0000000 0.4127712
vn 0.0000000 1.0000000 0.0000000
v 0.6195797 0.0000000 0.6027617
vn 0.0000000 1.0000000 0.0000000
v 0.4471371 0.0000000 0.5779015
vn 0.0000000 1.0000000 0.0000000
v -0.0614730 0.0000000 0.4157124
vn 0.0000000 1.0000000 0.0000000
v 0.7918948 0.0000000 0.5148305
vn 0.0000000 1.0000000 0.0000000
v 0.0894601 0.0000000 0.0021160
vn 0.0000000 1.0000000 0.0000000
v 0.7862543 0.0000000 0.4911686
vn 0.0000000 1.0000000 0.0000000
v 0.6208601 0.0000000 -0.3350543
vn 0.0000000 1.0000000 0.0000000
v 0.0038872 0.0000000 -0.2651744
vn 0.0000000 1.0000000 0.0000000
v -0.1397300 0.0000000 -0.0122092
vn 0.0000000 1.0000000 0.0000000
v 0.4619785 0.0000000 0.1937834
vn 0.0000000 1.0000000 0.0000000
v -0.2493649 0.0000000 -0.7472569
vn 0.0000000 1.0000000 0.0000000
v 0.0623765 0.0000000 -0.3087313
vn 0.0000000 1.0000000 0.0000000
v -0.3322707 0.0000000 0.5074744
vn 0.0000000 1.0000000 0.0000000
v 0.6527082 0.0000000 0.5959034
vn 0.0000000 1.0000000 0.0000000
v 0.0192116 0.0000000 0.7892923
vn 0.0000000 1.0000000 0.0000000
v -0.4477131 0.0000000 -0.7193378
vn 0.0000000 1.0000000 0.0000000
v 0.5368738 0.0000000 0.7359995
vn 0.0000000 1.0000000 0.0000000
v -0.6649727 0.0000000 0.4759870
vn 0.0000000 1.0000000 0.0000000
v -0.1793776 0.0000000 0.5137510
vn 0.0000000 1.0000000 0.0000000
v 0.2659208 0.0000000 0.0649442
vn 0.0000000 1.0000000 0.0000000
v -0.0157412 0.0000000 -0.0106053
vn 0.0000000 1.0000000 0.0000000
v 0.3194509 0.0000000 0.1163158
vn 0.0000000 1.0000000 0.0000000
v 0.5852564 0.0000000 0.4816135
vn 0.0000000 1.0000000 0.0000000
v -0.2307037 0.0000000 0.0362206
vn 0.0000000 1.0000000 0.0000000
v 0.5736582 0.0000000 0.5032141
vn 0.0000000 1.0000000 0.0000000
v -0.4340740 0.0000000 -0.4228594
vn 0.0000000 1.0000000 0.0000000
v 0.5356159 0.0000000 0.4668123
vn 0.0000000 1.0000000 0.0000000
v 0.0128749 0.0000000 -0.0133968
vn 0.0000000 1.0000000 0.0000000
v 0.8517059 0.0000000 -0.0335191
vn 0.0000000 1.0000000 0.0000000
v -0.1650133 0.0000000 0.0010194
vn 0.0000000 1.0000000 0.0000000
v 0.1249303 0.0000000 0.3345785
vn 0.0000000 1.0000000 0.0000000
v 0.8981218 0.0000000 -0.3495586
vn 0.0000000 1.0000000 0.0000000
v -0.0347149 0.0000000 -0.2265619
vn 0.0000000 1.0000000 0.0000000
v 0.4979419 0.0000000 -0.7625691
vn 0.0000000 1.0000000 0.0000000
v 0.5659685 0.0000000 0.4615733
vn 0.0000000 1.0000000 0.0000000
v -0.5009259 0.0000000 0.7633604
vn 0.0000000 1.0000000 0.0000000
v 0.5990000 0.0000000 0.5033910
vn 0.0000000 1.0000000 0.0000000
v -0.1826996 0.0000000 -0.3762419
vn 0.0000000 1.0000000 0.0000000
v 0.7098866 0.0000000 -0.4859338
vn 0.0000000 1.0000000 0.0000000
v -0.3896184 0.0000000 -0.4543670
vn 0.0000000 1.0000000 0.0000000
v -0.3536758 0.0000000 -0.3347609
vn 0.0000000 1.0000000 0.0000000
v -0.2813365 0.0000000 -0.1204596
vn 0.0000000 1.0000000 0.0000000
v -0.9310873 0.0000000 -0.2550627
vn 0.0000000 1.0000000 0.0000000
v -0.0572802 0.0000000 0.2128905
vn 0.0000000 1.0000000 0.0000000
v 0.5463293 0.0000000 0.7577290
vn 0.0000000 1.0000000 0.0000000
v -0.0882706 0.0000000 0.0212833
vn 0.0000000 1.0000000 0.0000000
v -0.1524669 0.0000000 0.5111017
vn 0.0000000 1.0000000 0.0000000
v -0.6194654 0.0000000 -0.1947826
vn 0.0000000 1.0000000 0.0000000
v 0.3008717 0.0000000 -0.1274281
vn 0.0000000 1.0000000 0.0000000
v 0.4699094 0.0000000 0.3255923
vn 0.0000000 1.0000000 0.0000000
v -0.8270207 0.0000000 0.2254570
vn 0.0000000 1.0000000 0.0000000
v 0.5779022 0.0000000 -0.5056200
vn 0.0000000 1.0000000 0.0000000
v 0.5653731 0.0000000 0.7336832
vn 0.0000000 1.0000000 0.0000000
v 0.5212051 0.0000000 -0.5143563
vn 0.0000000 1.0000000 0.0000000
v -0.0745156 0.0000000 0.6042978
vn 0.0000000 1.0000000 0.0000000
v 0.5631511 0.0000000 -0.5303516
vn 0.0000000 1.0000000 0.0000000
v -0.3300268 0.0000000 -0.3406133
vn 0.0000000 1.0000000 0.0000000
v -0.5386383 0.0000000 0.2793827
vn 0.0000000 1.0000000 0.0000000
v 0.6798310 0.0000000 0.2834612
vn 0.0000000 1.0000000 0.0000000
v -0.2328642 0.0000000 0.5066254
vn 0.0000000 1.0000000 0.0000000
v -0.4898085 0.0000000 -0.7635544
vn 0.0000000 1.0000000 0.0000000
v -0.0198483 0.0000000 -0.3176025
vn 0.0000000 1.0000000 0.0000000
v -0.0209380 0.0000000 0.3820691
vn 0.0000000 1.0000000 0.0000000
v -0.5913018 0.0000000 0.2443175
vn 0.0000000 1.0000000 0.0000000
v 0.4962985 0.0000000 0.2845267
vn 0.0000000 1.0000000 0.0000000
v -0.4551779 0.0000000 0.5730137
vn 0.0000000 1.0000000 0.0000000
v 0.1919215 0.0000000 0.8273319
vn 0.0000000 1.0000000 0.0000000
v 0.6293128 0.0000000 0.2744910
vn 0.0000000 1.0000000 0.0000000
v -0.7820282 0.0000000 -0.0948305
vn 0.0000000 1.0000000 0.0000000
v -0.0433184 0.0000000 0.5948332
vn 0.0000000 1.0000000 0.0000000
v -0.9255507 0.0000000 -0.2256417
vn 0.0000000 1.0000000 0.0000000
v -0.9585307 0.0000000 0.1132116
vn 0.0000000 1.0000000 0.0000000
v 0.4269935 0.0000000 -0.8379531
vn 0.0000000 1.0000000 0.0000000
v 0.0787433 0.0000000 0.3361159
vn 0.0000000 1.0000000 0.0000000
v 0.1712576 0.0000000 0.8803136
vn 0.0000000 1.0000000 0.0000000
v -0.1413833 0.0000000 0.6140628
vn 0.0000000 1.0000000 0.0000000
v 0.6337976 0.0000000 0.5741066
vn 0.0000000 1.0000000 0.0000000
v -0.0064420 0.0000000 0.8325316
vn 0.0000000 1.0000000 0.0000000
v 0.5159562 0.0000000 0.2625923
vn 0.0000000 1.0000000 0.0000000
v -0.1158873 0.0000000 -0.4125144
vn 0.0000000 1.0000000 0.0000000
v 0.2970036 0.0000000 0.0693343
vn 0.0000000 1.0000000 0.0000000
v -0.3103223 0.0000000 -0.4356079
vn 0.0000000 1.0000000 0.0000000
v 0.2480879 0.0000000 0.2463881
vn 0.0000000 1.0000000 0.0000000
v -0.6798711 0.0000000 0.6912450
vn 0.0000000 1.0000000 0.0000000
v 0.0358683 0.0000000 0.5972716
vn 0.0000000 1.0000000 0.0000000
v -0.0965084 0.0000000 0.4263371
vn 0.0000000 1.0000000 0.0000000
v -0.7512326 0.0000000 -0.0098694
vn 0.0000000 1.0000000 0.0000000
v -0.6647931 0.0000000 -0.3831344
vn 0.0000000 1.0000000 0.0000000
v 0.9064139 0.0000000 0.1879680
vn 0.0000000 1.0000000 0.0000000
v -0.1574578 0.0000000 0.6809450
vn 0.0000000 1.0000000 0.0000000
v 0.1067814 0.0000000 -0.8277866
vn 0.0000000 1.0000000 0.0000000
v 0.7550577 0.0000000 -0.2835108
vn 0.0000000 1.0000000 0.0000000
v 0.3293387 0.0000000 0.0944172
vn 0.0000000 1.0000000 0.0000000
v 0.2688864 0.0000000 0.7222626
vn 0.0000000 1.0000000 0.0000000
v 0.2002443 0.0000000 0.7997417
vn 0.0000000 1.0000000 0.0000000
v 0.6811506 0.0000000 -0.1233856
vn 0.0000000 1.0000000 0.0000000
v 0.7704350 0.0000000 0.1107667
vn 0.0000000 1.0000000 0.0000000
v 0.2764686 0.0000000 0.2457119
vn 0.0000000 1.0000000 0.0000000
v 0.4095413 0.0000000 0.2546101
vn 0.0000000 1.0000000 0.0000000
v 0.5793551 0.0000000 0.7848647
vn 0.0000000 1.0000000 0.0000000
v 0.5128064 0.0000000 0.7241129
vn 0.0000000 1.0000000 0.0000000
v 0.3865806 0.0000000 0.2318134
vn 0.0000000 1.0000000 0.0000000
v 0.5434682 0.0000000 0.7124293
vn 0.0000000 1.0000000 0.0000000
v 0.0223264 0.0000000 0.7122553
vn 0.0000000 1.0000000 0.0000000
v -0.6371601 0.0000000 0.7069572
vn 0.0000000 1.0000000 0.0000000
v -0.0657982 0.0000000 0.6829398
vn 0.0000000 1.0000000 0.0000000
v -0.2753769 0.0000000 -0.2651564
vn 0.0000000 1.0000000 0.0000000
v 0.4839302 0.0000000 -0.0182393
vn 0.0000000 1.0000000 0.0000000
v -0.3190151 0.0000000 0.7266301
vn 0.0000000 1.0000000 0.0000000
v -0.6111073 0.0000000 0.4675332
vn 0.0000000 1.0000000 0.0000000
v 0.8391335 0.0000000 0.5055119
vn 0.0000000 1.0000000 0.0000000
v -0.3559358 0.0000000 -0.0418990
vn 0.0000000 1.0000000 0.0000000
v 0.6926284 0.0000000 -0.1012876
vn 0.0000000 1.0000000 0.0000000
v 0.5316073 0.0000000 0.2369906
vn 0.0000000 1.0000000 0.0000000
v -0.4028667 0.0000000 -0.4268960
vn 0.0000000 1.0000000 0.0000000
v -0.2014280 0.0000000 -0.4735807
vn 0.0000000 1.0000000 0.0000000
v 0.6187643 0.0000000 0.7447022
vn 0.0000000 1.0000000 0.0000000
v -0.1331442 0.0000000 -0.0950182
vn 0.0000000 1.0000000 0.0000000
v 0.5006040 0.0000000 0.0762583
vn 0.0000000 1.0000000 0.0000000
v 0.8673330 0.0000000 0.2615582
vn 0.0000000 1.0000000 0.0000000
v -0.1558003 0.0000000 -0.3769746
vn 0.0000000 1.0000000 0.0000000
v -0.1719430 0.0000000 -0.3521661
vn 0.0000000 1.0000000 0.0000000
v -0.2651628 0.0000000 0.8893186
vn 0.0000000 1.0000000 0.0000000
v -0.1947937 0.0000000 0.2793596
vn 0.0000000 1.0000000 0.0000000
v 0.9412849 0.0000000 0.2257228
vn 0.0000000 1.0000000 0.0000000
v 0.5266317 0.0000000 -0.2326560
vn 0.0000000 1.0000000 0.0000000
v 0.9155841 0.0000000 0.2458724
vn 0.0000000 1.0000000 0.0000000
v -0.1619049 0.0000000 0.2281252
vn 0.0000000 1.0000000 0.0000000
v 0.5726587 0.0000000 0.7615904
vn 0.0000000 1.0000000 0.0000000
v 0.2572436 0.0000000 0.7487718
vn 0.0000000 1.0000000 0.0000000
v 0.3248774 0.0000000 -0.8357635
vn 0.0000000 1.0000000 0.0000000
v -0.9502460 0.0000000 -0.1931680
vn 0.0000000 1.0000000 0.0000000
v -0.2755696 0.0000000 -0.4634003
vn 0.0000000 1.0000000 0.0000000
v 0.3454779 0.0000000 -0.8221861
vn 0.0000000 1.0000000 0.0000000
v 0.3762609 0.0000000 -0.7685564
vn 0.0000000 1.0000000 0.0000000
v 0.5902991 0.0000000 0.7456245
vn 0.0000000 1.0000000 0.0000000
v -0.2561891 0.0000000 0.9158459
vn 0.0000000 1.0000000 0.0000000
v -0.2263365 0.0000000 0.3292908
vn 0.0000000 1.0000000 0.0000000
v -0.4503051 0.0000000 -0.3927653
vn 0.0000000 1.0000000 0.0000000
v -0.6496584 0.0000000 0.0638683
vn 0.0000000 1.0000000 0.0000000
v -0.5653358 0.0000000 -0.5150272
vn 0.0000000 1.0000000 0.0000000
v 0.7826979 0.0000000 -0.2092379
vn 0.0000000 1.0000000 0.0000000
v 0.1018671 0.0000000 0.3281453
vn 0.0000000 1.0000000 0.0000000
v 0.7145860 0.0000000 -0.4328109
vn 0.0000000 1.0000000 0.0000000
v -0.3079989 0.0000000 0.9247836
vn 0.0000000 1.0000000 0.0000000
v 0.6967440 0.0000000 -0.4588160
vn 0.0000000 1.0000000 0.0000000
v 0.5240808 0.0000000 0.8281085
vn 0.0000000 1.0000000 0.0000000
v 0.4954935 0.0000000 0.8286941
vn 0.0000000 1.0000000 0.0000000
v 0.7463645 0.0000000 -0.4375665
vn 0.0000000 1.0000000 0.0000000
v 0.8250805 0.0000000 0.2248382
vn 0.0000000 1.0000000 0.0000000
v -0.0986507 0.0000000 0.6912520
vn 0.0000000 1.0000000 0.0000000
v -0.3438049 0.0000000 0.0428133
vn 0.0000000 1.0000000 0.0000000
v 0.8447573 0.0000000 0.2008510
vn 0.0000000 1.0000000 0.0000000
v 0.3663874 0.0000000 -0.8456473
vn 0.0000000 1.0000000 0.0000000
v 0.0067847 0.0000000 0.7288793
vn 0.0000000 1.0000000 0.0000000
v 0.7586318 0.0000000 -0.4647186
vn 0.0000000 1.0000000 0.0000000
v 0.4489844 0.0000000 -0.8618808
vn 0.0000000 1.0000000 0.0000000
v -0.9455793 0.0000000 -0.2249575
vn 0.0000000 1.0000000 0.0000000
v -0.0734798 0.0000000 0.2838051
vn 0.0000000 1.0000000 0.0000000
v 0.8585773 0.0000000 0.1813378
vn 0.0000000 1.0000000 0.0000000
v -0.3377042 0.0000000 0.2014832
vn 0.0000000 1.0000000 0.0000000
v 0.6684244 0.0000000 -0.0960863
vn 0.0000000 1.0000000 0.0000000
v -0.2933901 0.0000000 0.0892019
vn 0.0000000 1.0000000 0.0000000
v -0.3605874 0.0000000 0.2179174
vn 0.0000000 1.0000000 0.0000000
v -0.3439634 0.0000000 0.0760020
vn 0.0000000 1.0000000 0.0000000
v -0.7942818 0.0000000 -0.5625684
vn 0.0000000 1.0000000 0.0000000
v -0.1456769 0.0000000 0.7304466
vn 0.0000000 1.0000000 0.0000000
v -0.3430748 0.0000000 0.0998521
vn 0.0000000 1.0000000 0.0000000
v -0.0460524 0.0000000 0.2912518
vn 0.0000000 1.0000000 0.0000000
v -0.1445266 0.0000000 -0.4045198
vn 0.0000000 1.0000000 0.0000000
v -0.8191724 0.0000000 -0.2083923
vn 0.0000000 1.0000000 0.0000000
v -0.3894674 0.0000000 0.0090941
vn 0.0000000 1.0000000 0.0000000
v -0.4779860 0.0000000 -0.4031892
vn 0.0000000 1.0000000 0.0000000
v 0.7661271 0.0000000 -0.5983845
vn 0.0000000 1.0000000 0.0000000
v -0.1743572 0.0000000 0.7165712
vn 0.0000000 1.0000000 0.0000000
v -0.3720186 0.0000000 0.2398725
vn 0.0000000 1.0000000 0.0000000
v -0.9479985 0.0000000 0.2057477
vn 0.0000000 1.0000000 0.0000000
v -0.1111002 0.0000000 -0.4439941
vn 0.0000000 1.0000000 0.0000000
v 0.4930911 0.0000000 -0.3866784
vn 0.0000000 1.0000000 0.0000000
v -0.5018978 0.0000000 -0.3981318
vn 0.0000000 1.0000000 0.0000000
v 0.4820022 0.0000000 -0.4188808
vn 0.0000000 1.0000000 0.0000000
v -0.2083725 0.0000000 -0.3897193
vn 0.0000000 1.0000000 0.0000000
v 0.4611682 0.0000000 -0.4419841
vn 0.0000000 1.0000000 0.0000000
v -0.6513455 0.0000000 -0.3346235
vn 0.0000000 1.0000000 0.0000000
v 0.6507304 0.0000000 -0.6718613
vn 0.0000000 1.0000000 0.0000000
v -0.6244832 0.0000000 0.0255330
vn 0.0000000 1.0000000 0.0000000
v 0.4489864 0.0000000 -0.4147472
vn 0.0000000 1.0000000 0.0000000
v 0.5691592 0.0000000 0.2558113
vn 0.0000000 1.0000000 0.0000000
v -0.3631439 0.0000000 0.0874590
vn 0.0000000 1.0000000 0.0000000
v -0.6400741 0.0000000 -0.0126141
vn 0.0000000 1.0000000 0.0000000
v -0.8729385 0.0000000 -0.2433079
vn 0.0000000 1.0000000 0.0000000
v -0.7416083 0.0000000 -0.0397478
vn 0.0000000 1.0000000 0.0000000
v -0.9603887 0.0000000 0.1436502
vn 0.0000000 1.0000000 0.0000000
v -0.9294032 0.0000000 -0.2039942
vn 0.0000000 1.0000000 0.0000000
v 0.5841551 0.0000000 0.2721115
vn 0.0000000 1.0000000 0.0000000
v 0.3174337 0.0000000 0.3445842
vn 0.0000000 1.0000000 0.0000000
v -0.2190152 0.0000000 -0.0550597
vn 0.0000000 1.0000000 0.0000000
v -0.2756710 0.0000000 0.3703499
vn 0.0000000 1.0000000 0.0000000
v -0.2131290 0.0000000 -0.0315065
vn 0.0000000 1.0000000 0.0000000
v 0.2617744 0.0000000 0.3475712
vn 0.0000000 1.0000000 0.0000000
v -0.9507617 0.0000000 0.1658473
vn 0.0000000 1.0000000 0.0000000
v 0.7030210 0.0000000 -0.0528305
vn 0.0000000 1.0000000 0.0000000
v -0.9284546 0.0000000 -0.1427130
vn 0.0000000 1.0000000 0.0000000
v -0.9391482 0.0000000 0.1391825
vn 0.0000000 1.0000000 0.0000000
v 0.0251992 0.0000000 -0.1253564
vn 0.0000000 1.0000000 0.0000000
v -0.2297813 0.0000000 0.9419222
vn 0.0000000 1.0000000 0.0000000
v -0.9597138 0.0000000 0.1841157
vn 0.0000000 1.0000000 0.0000000
v 0.3047704 0.0000000 0.8190129
vn 0.0000000 1.0000000 0.0000000
v 0.2423325 0.0000000 0.4231776
vn 0.0000000 1.0000000 0.0000000
v -0.1149390 0.0000000 0.1270185
vn 0.0000000 1.0000000 0.0000000
v -0.8762690 0.0000000 -0.1242745
vn 0.0000000 1.0000000 0.0000000
v 0.6732159 0.0000000 -0.1433678
vn 0.0000000 1.0000000 0.0000000
v 0.2888620 0.0000000 0.0191674
vn 0.0000000 1.0000000 0.0000000
v -0.1949890 0.0000000 -0.2803641
vn 0.0000000 1.0000000 0.0000000
v -0.7827047 0.0000000 -0.0682877
vn 0.0000000 1.0000000 0.0000000
v 0.2864634 0.0000000 -0.0042936
vn 0.0000000 1.0000000 0.0000000
v 0.2657828 0.0000000 0.0308336
vn 0.0000000 1.0000000 0.0000000
v 0.7460308 0.0000000 -0.3362562
vn 0.0000000 1.0000000 0.0000000
v -0.2048780 0.0000000 -0.2999511
vn 0.0000000 1.0000000 0.0000000
v 0.7460588 0.0000000 -0.3565612
vn 0.0000000 1.0000000 0.0000000
v -0.2320650 0.0000000 0.8970481
vn 0.0000000 1.0000000 0.0000000
v -0.1398210 0.0000000 -0.2503711
# 4317 vertices, 0 vertices normals

f 750//750 2113//2113 1296//1296
f 66//66 285//285 473//473
f 141//141 288//288 289//289
f 151//151 296//296 4252//4252
f 1209//1209 867//867 759//759
f 317//317 162//162 444//444
f 3778//3778 3564//3564 37//37
f 1086//1086 779//779 3167//3167
f 1223//1223 1306//1306 1052//1052
f 433//433 549//549 2952//2952
f 792//792 224//224 550//550
f 444//444 163//163 446//446
f 69//69 25//25 145//145
f 25//25 69//69 452//452
f 27//27 454//454 994//994
f 602//602 803//803 804//804
f 245//245 474//474 475//475
f 1354//1354 1313//1313 3861//3861
f 534//534 120//120 535//535
f 537//537 275//275 124//124
f 124//124 539//539 416//416
f 973//973 1526//1526 3983//3983
f 553//553 726//726 2464//2464
f 138//138 286//286 558//558
f 140//140 139//139 448//448
f 143//143 144//144 560//560
f 1021//1021 292//292 454//454
f 1021//1021 456//456 1297//1297
f 144//144 290//290 560//560
f 142//142 235//235 292//292
f 568//568 3774//3774 1186//1186
f 3868//3868 29//29 571//571
f 841//841 842//842 298//298
f 1322//1322 1323//1323 1324//1324
f 733//733 1211//1211 1043//1043
f 162//162 1020//1020 872//872
f 2464//2464 4240//4240 874//874
f 1204//1204 804//804 469//469
f 877//877 160//160 1580//1580
f 3564//3564 85//85 323//323
f 323//323 165//165 604//604
f 1328//1328 1329//1329 1330//1330
f 611//611 612//612 534//534
f 2797//2797 890//890 2796//2796
f 3624//3624 1695//1695 1708//1708
f 2924//2924 1341//1341 2941//2941
f 418//418 212//212 692//692
f 1271//1271 1803//1803 1355//1355
f 540//540 971//971 972//972
f 708//708 2081//2081 4179//4179
f 4110//4110 977//977 1530//1530
f 981//981 980//980 3350//3350
f 11//11 1361//1361 719//719
f 983//983 1467//1467 3698//3698
f 226//226 441//441 1287//1287
f 228//228 4301//4301 727//727
f 557//557 228//228 728//728
f 1965//1965 244//244 442//442
f 556//556 4232//4232 555//555
f 230//230 82//82 443//443
f 729//729 64//64 731//731
f 733//733 1043//1043 317//317
f 136//136 442//442 472//472
f 230//230 475//475 82//82
f 987//987 3785//3785 3888//3888
f 989//989 215//215 990//990
f 216//216 233//233 68//68
f 235//235 69//69 292//292
f 236//236 796//796 565//565
f 1022//1022 237//237 457//457
f 574//574 1364//1364 2417//2417
f 244//244 2405//2405 245//245
f 84//84 246//246 4269//4269
f 246//246 603//603 86//86
f 248//248 1370//1370 1371//1371
f 1847//1847 1372//1372 250//250
f 2420//2420 2421//2421 2422//2422
f 273//273 121//121 274//274
f 275//275 538//538 123//123
f 1861//1861 540//540 1389//1389
f 284//284 133//133 4050//4050
f 285//285 137//137 473//473
f 136//136 473//473 137//137
f 558//558 286//286 287//287
f 286//286 735//735 287//287
f 288//288 142//142 289//289
f 142//142 288//288 235//235
f 795//795 143//143 24//24
f 143//143 795//795 144//144
f 145//145 25//25 291//291
f 291//291 290//290 796//796
f 292//292 1021//1021 142//142
f 149//149 293//293 563//563
f 3774//3774 753//753 1129//1129
f 1534//1534 564//564 28//28
f 3866//3866 152//152 29//29
f 297//297 71//71 572//572
f 1025//1025 458//458 1536//1536
f 1026//1026 576//576 754//754
f 581//581 583//583 1319//1319
f 4249//4249 2726//2726 2117//2117
f 1031//1031 1207//1207 851//851
f 1032//1032 580//580 756//756
f 2205//2205 465//465 2271//2271
f 1393//1393 1394//1394 1395//1395
f 1396//1396 1397//1397 1398//1398
f 869//869 1040//1040 868//868
f 732//732 317//317 444//444
f 444//444 162//162 163//163
f 1044//1044 2127//2127 322//322
f 85//85 165//165 323//323
f 328//328 1586//1586 1047//1047
f 1048//1048 1049//1049 1050//1050
f 2431//2431 1416//1416 2996//2996
f 1085//1085 1257//1257 779//779
f 121//121 2413//2413 171//171
f 2413//2413 694//694 414//414
f 3669//3669 121//121 171//171
f 1460//1460 1099//1099 2186//2186
f 1461//1461 2525//2525 1307//1307
f 937//937 3561//3561 1103//1103
f 1016//1016 1110//1110 1111//1111
f 1112//1112 1280//1280 1113//1113
f 220//220 434//434 4061//4061
f 1041//1041 550//550 1119//1119
f 441//441 284//284 986//986
f 227//227 63//63 556//556
f 134//134 556//556 63//63
f 229//229 442//442 64//64
f 730//730 443//443 135//135
f 232//232 446//446 729//729
f 446//446 232//232 65//65
f 65//65 444//444 446//446
f 446//446 163//163 445//445
f 729//729 445//445 229//229
f 66//66 83//83 230//230
f 2198//2198 447//447 1809//1809
f 139//139 233//233 559//559
f 216//216 559//559 233//233
f 1126//1126 1469//1469 1470//1470
f 25//25 452//452 560//560
f 297//297 1186//1186 71//71
f 71//71 1129//1129 3868//3868
f 70//70 3866//3866 3868//3868
f 27//27 453//453 454//454
f 456//456 455//455 1297//1297
f 457//457 22//22 3701//3701
f 1842//1842 1192//1192 3615//3615
f 470//470 1137//1137 1138//1138
f 136//136 472//472 473//473
f 472//472 244//244 245//245
f 83//83 245//245 475//475
f 245//245 2405//2405 474//474
f 475//475 474//474 82//82
f 443//443 82//82 476//476
f 39//39 84//84 477//477
f 477//477 84//84 4269//4269
f 85//85 86//86 603//603
f 321//321 85//85 3564//3564
f 739//739 806//806 1140//1140
f 862//862 4087//4087 4062//4062
f 2455//2455 3500//3500 2456//2456
f 3830//3830 3132//3132 1247//1247
f 2461//2461 1519//1519 2929//2929
f 2186//2186 417//417 3928//3928
f 535//535 120//120 273//273
f 535//535 273//273 274//274
f 120//120 536//536 273//273
f 536//536 694//694 2413//2413
f 273//273 2413//2413 121//121
f 55//55 537//537 689//689
f 537//537 538//538 275//275
f 689//689 537//537 124//124
f 538//538 14//14 123//123
f 124//124 275//275 539//539
f 275//275 123//123 1272//1272
f 416//416 539//539 691//691
f 1532//1532 58//58 3929//3929
f 3786//3786 547//547 2076//2076
f 2400//2400 1286//1286 751//751
f 1965//1965 552//552 244//244
f 3930//3930 553//553 2464//2464
f 64//64 136//136 12//12
f 2390//2390 138//138 558//558
f 139//139 140//140 287//287
f 448//448 139//139 559//559
f 448//448 559//559 794//794
f 1297//1297 289//289 142//142
f 453//453 1021//1021 454//454
f 454//454 145//145 994//994
f 994//994 291//291 236//236
f 796//796 144//144 72//72
f 795//795 24//24 1533//1533
f 145//145 454//454 292//292
f 1021//1021 453//453 456//456
f 290//290 25//25 560//560
f 25//25 290//290 291//291
f 293//293 146//146 1130//1130
f 69//69 145//145 292//292
f 455//455 147//147 289//289
f 289//289 147//147 141//141
f 845//845 576//576 1024//1024
f 1025//1025 299//299 1187//1187
f 839//839 453//453 2465//2465
f 455//455 841//841 26//26
f 566//566 797//797 569//569
f 1187//1187 74//74 752//752
f 569//569 838//838 150//150
f 737//737 31//31 1131//1131
f 795//795 294//294 72//72
f 150//150 840//840 1//1
f 1534//1534 28//28 237//237
f 237//237 1022//1022 1534//1534
f 570//570 1130//1130 146//146
f 152//152 3866//3866 1130//1130
f 26//26 297//297 147//147
f 297//297 26//26 1186//1186
f 571//571 572//572 71//71
f 147//147 297//297 23//23
f 572//572 23//23 297//297
f 1535//1535 1544//1544 1188//1188
f 842//842 456//456 839//839
f 300//300 845//845 846//846
f 301//301 846//846 1027//1027
f 2789//2789 302//302 1969//1969
f 1028//1028 3615//3615 1192//1192
f 580//580 1032//1032 754//754
f 1548//1548 1549//1549 304//304
f 596//596 1195//1195 2281//2281
f 464//464 578//578 1553//1553
f 307//307 1538//1538 1554//1554
f 1198//1198 855//855 1199//1199
f 479//479 2273//2273 1144//1144
f 1051//1051 1561//1561 4089//4089
f 1562//1562 4089//4089 1563//1563
f 4065//4065 1049//1049 1564//1564
f 1037//1037 1141//1141 1566//1566
f 1202//1202 1047//1047 1203//1203
f 602//602 865//865 1980//1980
f 3639//3639 606//606 1569//1569
f 1045//1045 315//315 1572//1572
f 1582//1582 596//596 1573//1573
f 13//13 598//598 319//319
f 318//318 1043//1043 1042//1042
f 283//283 551//551 872//872
f 438//438 871//871 835//835
f 131//131 1042//1042 1119//1119
f 437//437 835//835 1118//1118
f 722//722 1118//1118 1288//1288
f 282//282 1020//1020 836//836
f 725//725 873//873 1830//1830
f 222//222 4316//4316 1467//1467
f 222//222 1212//1212 4218//4218
f 602//602 804//804 865//865
f 1203//1203 592//592 800//800
f 323//323 3565//3565 3564//3564
f 85//85 603//603 165//165
f 604//604 3565//3565 323//323
f 1588//1588 2287//2287 1589//1589
f 1218//1218 609//609 2415//2415
f 1219//1219 88//88 1050//1050
f 611//611 1221//1221 612//612
f 535//535 611//611 534//534
f 1595//1595 1596//1596 1597//1597
f 1625//1625 1626//1626 1627//1627
f 3192//3192 4279//4279 4070//4070
f 1417//1417 345//345 1638//1638
f 2325//2325 2847//2847 2484//2484
f 631//631 1660//1660 1618//1618
f 182//182 2485//2485 3488//3488
f 639//639 2024//2024 3567//3567
f 1743//1743 1759//1759 3148//3148
f 965//965 3966//3966 2622//2622
f 1774//1774 685//685 3160//3160
f 1262//1262 1176//1176 940//940
f 689//689 3696//3696 55//55
f 1264//1264 1095//1095 2941//2941
f 948//948 1781//1781 1265//1265
f 412//412 2288//2288 2065//2065
f 332//332 1787//1787 1788//1788
f 414//414 694//694 210//210
f 171//171 414//414 1225//1225
f 615//615 210//210 695//695
f 615//615 695//695 4261//4261
f 2544//2544 958//958 783//783
f 1099//1099 410//410 962//962
f 2967//2967 1910//1910 1793//1793
f 539//539 275//275 1272//1272
f 418//418 14//14 212//212
f 208//208 418//418 1798//1798
f 692//692 212//212 698//698
f 692//692 698//698 1266//1266
f 1798//1798 692//692 2385//2385
f 937//937 1103//1103 1102//1102
f 1807//1807 1260//1260 2372//2372
f 988//988 422//422 2079//2079
f 219//219 707//707 1279//1279
f 57//57 794//794 1281//1281
f 427//427 1960//1960 1814//1814
f 428//428 1529//1529 3590//3590
f 967//967 790//790 1274//1274
f 1107//1107 979//979 1275//1275
f 970//970 1183//1183 1276//1276
f 1816//1816 429//429 1818//1818
f 1181//1181 3973//3973 3697//3697
f 1916//1916 1285//1285 793//793
f 2400//2400 715//715 1914//1914
f 220//220 1841//1841 1825//1825
f 439//439 1288//1288 1120//1120
f 714//714 1120//1120 985//985
f 282//282 836//836 715//715
f 714//714 985//985 1290//1290
f 1828//1828 1290//1290 1291//1291
f 439//439 714//714 2393//2393
f 3827//3827 1292//1292 1831//1831
f 2464//2464 2404//2404 3930//3930
f 11//11 226//226 984//984
f 227//227 4240//4240 726//726
f 555//555 4240//4240 556//556
f 727//727 4301//4301 134//134
f 135//135 728//728 730//730
f 728//728 135//135 557//557
f 446//446 445//445 729//729
f 229//229 1965//1965 442//442
f 64//64 729//729 229//229
f 554//554 601//601 1121//1121
f 230//230 231//231 66//66
f 476//476 135//135 443//443
f 135//135 476//476 1185//1185
f 231//231 443//443 730//730
f 443//443 231//231 230//230
f 12//12 731//731 64//64
f 729//729 731//731 232//232
f 65//65 732//732 444//444
f 732//732 733//733 317//317
f 733//733 13//13 1211//1211
f 229//229 445//445 870//870
f 66//66 473//473 83//83
f 136//136 64//64 442//442
f 472//472 442//442 244//244
f 230//230 83//83 475//475
f 972//972 703//703 1177//1177
f 1178//1178 3785//3785 2462//2462
f 542//542 1123//1123 1179//1179
f 1179//1179 449//449 1835//1835
f 139//139 735//735 233//233
f 1838//1838 1281//1281 1839//1839
f 241//241 1548//1548 1843//1843
f 1863//1863 1964//1964 1818//1818
f 751//751 283//283 2400//2400
f 752//752 295//295 840//840
f 580//580 300//300 301//301
f 850//850 755//755 303//303
f 1865//1865 3469//3469 1922//1922
f 1041//1041 1119//1119 319//319
f 4232//4232 4218//4218 555//555
f 2128//2128 1579//1579 3778//3778
f 760//760 1047//1047 1586//1586
f 1870//1870 1597//1597 4147//4147
f 346//346 1622//1622 1877//1877
f 1878//1878 1879//1879 2820//2820
f 1896//1896 1732//1732 2538//2538
f 782//782 1305//1305 781//781
f 1910//1910 1462//1462 1793//1793
f 787//787 3031//3031 1464//1464
f 1911//1911 706//706 1912//1912
f 423//423 3607//3607 789//789
f 1828//1828 975//975 1810//1810
f 791//791 1286//1286 4024//4024
f 437//437 1827//1827 438//438
f 439//439 1916//1916 722//722
f 447//447 3628//3628 2199//2199
f 57//57 1124//1124 794//794
f 2199//2199 3628//3628 57//57
f 241//241 1918//1918 463//463
f 2203//2203 1543//1543 4186//4186
f 1553//1553 852//852 1919//1919
f 1135//1135 1474//1474 1920//1920
f 2627//2627 1921//1921 1475//1475
f 802//802 471//471 1922//1922
f 804//804 803//803 1923//1923
f 1926//1926 596//596 2281//2281
f 472//472 245//245 83//83
f 2449//2449 2729//2729 2411//2411
f 807//807 2411//2411 247//247
f 810//810 1928//1928 1311//1311
f 809//809 1311//1311 1782//1782
f 41//41 1480//1480 2624//2624
f 1482//1482 4239//4239 4241//4241
f 1329//1329 1930//1930 1312//1312
f 1237//1237 2456//2456 3500//3500
f 2557//2557 2558//2558 2559//2559
f 832//832 54//54 1525//1525
f 1957//1957 543//543 1958//1958
f 1810//1810 976//976 1960//1960
f 1962//1962 833//833 1961//1961
f 2399//2399 1282//1282 1962//1962
f 546//546 1964//1964 281//281
f 551//551 837//837 870//870
f 3866//3866 70//70 563//563
f 797//797 3563//3563 458//458
f 458//458 838//838 569//569
f 1022//1022 567//567 1534//1534
f 568//568 1186//1186 26//26
f 838//838 840//840 150//150
f 568//568 841//841 843//843
f 841//841 455//455 842//842
f 843//843 841//841 298//298
f 238//238 1364//1364 574//574
f 3563//3563 1024//1024 576//576
f 576//576 845//845 300//300
f 301//301 1027//1027 306//306
f 850//850 1966//1966 2417//2417
f 304//304 1970//1970 1550//1550
f 1551//1551 1194//1194 1552//1552
f 1555//1555 465//465 1554//1554
f 1555//1555 1197//1197 1557//1557
f 1365//1365 995//995 1558//1558
f 1560//1560 1200//1200 1561//1561
f 4111//4111 1974//1974 1975//1975
f 1977//1977 2728//2728 3598//3598
f 4106//4106 4087//4087 3599//3599
f 3599//3599 2414//2414 1979//1979
f 864//864 2278//2278 1980//1980
f 867//867 803//803 759//759
f 316//316 4042//4042 471//471
f 1211//1211 13//13 319//319
f 1041//1041 871//871 550//550
f 550//550 871//871 438//438
f 1020//1020 282//282 283//283
f 551//551 445//445 872//872
f 875//875 1204//1204 469//469
f 802//802 877//877 1580//1580
f 1580//1580 160//160 1045//1045
f 1138//1138 1045//1045 470//470
f 878//878 1986//1986 1326//1326
f 606//606 3639//3639 1585//1585
f 1989//1989 3574//3574 1327//1327
f 1990//1990 1330//1330 1991//1991
f 609//609 331//331 2415//2415
f 1868//1868 2415//2415 331//331
f 1992//1992 1562//1562 3580//3580
f 616//616 1053//1053 2944//2944
f 2730//2730 1998//1998 1999//1999
f 2002//2002 1229//1229 1611//1611
f 631//631 1618//1618 3943//3943
f 1631//1631 1629//1629 1231//1231
f 2003//2003 3277//3277 2009//2009
f 2010//2010 1234//1234 1644//1644
f 2587//2587 2588//2588 2589//2589
f 500//500 1656//1656 3932//3932
f 358//358 3572//3572 3980//3980
f 1675//1675 1241//1241 1676//1676
f 924//924 2032//2032 2605//2605
f 3706//3706 2025//2025 4033//4033
f 2038//2038 3922//3922 668//668
f 3327//3327 2902//2902 3201//3201
f 2042//2042 2611//2611 2610//2610
f 3142//3142 930//930 1253//1253
f 3209//3209 2039//2039 4026//4026
f 2511//2511 2909//2909 2047//2047
f 1905//1905 2049//2049 2056//2056
f 3876//3876 1348//1348 2061//2061
f 1780//1780 3928//3928 947//947
f 2062//2062 950//950 1351//1351
f 1786//1786 3162//3162 3781//3781
f 2965//2965 2068//2068 1353//1353
f 2001//2001 2965//2965 1353//1353
f 1791//1791 2544//2544 3886//3886
f 1313//1313 1354//1354 4034//4034
f 207//207 3933//3933 963//963
f 2719//2719 3541//3541 965//965
f 1805//1805 2072//2072 1276//1276
f 2072//2072 2073//2073 3581//3581
f 971//971 686//686 972//972
f 703//703 972//972 686//686
f 422//422 2969//2969 2079//2079
f 1111//1111 424//424 451//451
f 2074//2074 974//974 1958//1958
f 429//429 1837//1837 1817//1817
f 714//714 1290//1290 426//426
f 434//434 280//280 2077//2077
f 437//437 1118//1118 722//722
f 439//439 1120//1120 714//714
f 2393//2393 714//714 3984//3984
f 431//431 1829//1829 1289//1289
f 440//440 873//873 725//725
f 2254//2254 987//987 3888//3888
f 140//140 988//988 2079//2079
f 990//990 215//215 2080//2080
f 72//72 565//565 796//796
f 74//74 2417//2417 73//73
f 1972//1972 854//854 2268//2268
f 36//36 3033//3033 738//738
f 1366//1366 2208//2208 996//996
f 738//738 1366//1366 3608//3608
f 243//243 2210//2210 1476//1476
f 999//999 1367//1367 2084//2084
f 808//808 2087//2087 2086//2086
f 1001//1001 2085//2085 1369//1369
f 950//950 1369//1369 2063//2063
f 481//481 2086//2086 2062//2062
f 1002//1002 1370//1370 2088//2088
f 2638//2638 1500//1500 3718//3718
f 3333//3333 2103//2103 3642//3642
f 2650//2650 2108//2108 3347//3347
f 2652//2652 1768//1768 2650//2650
f 2061//2061 3376//3376 3377//3377
f 829//829 1295//1295 3468//3468
f 1015//1015 1951//1951 831//831
f 831//831 1388//1388 2111//2111
f 1296//1296 125//125 1527//1527
f 541//541 1525//1525 4246//4246
f 2075//2075 702//702 1961//1961
f 131//131 1289//1289 132//132
f 836//836 132//132 1289//1289
f 283//283 872//872 1020//1020
f 1021//1021 1297//1297 142//142
f 73//73 2656//2656 752//752
f 149//149 563//563 70//70
f 3774//3774 1129//1129 1186//1186
f 149//149 753//753 153//153
f 1023//1023 153//153 753//753
f 74//74 1187//1187 299//299
f 299//299 1025//1025 154//154
f 1536//1536 154//154 1025//1025
f 154//154 1536//1536 302//302
f 754//754 1969//1969 1026//1026
f 300//300 846//846 301//301
f 302//302 1026//1026 1969//1969
f 1545//1545 31//31 1546//1546
f 755//755 2119//2119 2120//2120
f 305//305 1195//1195 304//304
f 1537//1537 1032//1032 2121//2121
f 1559//1559 158//158 1556//1556
f 1368//1368 1844//1844 2122//2122
f 1845//1845 1846//1846 1393//1393
f 1844//1844 1395//1395 2123//2123
f 1039//1039 2125//2125 1399//1399
f 2126//2126 1039//1039 2531//2531
f 1039//1039 1399//1399 2531//2531
f 1575//1575 2567//2567 1983//1983
f 318//318 1042//1042 132//132
f 162//162 1043//1043 318//318
f 4240//4240 555//555 874//874
f 470//470 1044//1044 322//322
f 3778//3778 321//321 3564//3564
f 3878//3878 2127//2127 3985//3985
f 3877//3877 997//997 326//326
f 327//327 592//592 760//760
f 1047//1047 760//760 592//592
f 1567//1567 1401//1401 1058//1058
f 2129//2129 1866//1866 1400//1400
f 1400//1400 1866//1866 2130//2130
f 88//88 1048//1048 1050//1050
f 1048//1048 2729//2729 2131//2131
f 1050//1050 1049//1049 331//331
f 4065//4065 762//762 1868//1868
f 1592//1592 1223//1223 2132//2132
f 2132//2132 763//763 1402//1402
f 2658//2658 2659//2659 1594//1594
f 4134//4134 1056//1056 4241//4241
f 765//765 1057//1057 764//764
f 90//90 765//765 764//764
f 2677//2677 768//768 3499//3499
f 352//352 1644//1644 1646//1646
f 2020//2020 2019//2019 2145//2145
f 2151//2151 2495//2495 2152//2152
f 3404//3404 3014//3014 1242//1242
f 3817//3817 191//191 3406//3406
f 1436//1436 2158//2158 2155//2155
f 3905//3905 2696//2696 2697//2697
f 3023//3023 2706//2706 2707//2707
f 393//393 110//110 1446//1446
f 1452//1452 403//403 2170//2170
f 2723//2723 2176//2176 2177//2177
f 2179//2179 2178//2178 207//207
f 1349//1349 945//945 4096//4096
f 411//411 2181//2181 1095//1095
f 1095//1095 4097//4097 209//209
f 2182//2182 1223//1223 1592//1592
f 1223//1223 1784//1784 1306//1306
f 3421//3421 3810//3810 2722//2722
f 3810//3810 2183//2183 1224//1224
f 3422//3422 2188//2188 4132//4132
f 2188//2188 2189//2189 949//949
f 3169//3169 1106//1106 2073//2073
f 125//125 1016//1016 1111//1111
f 1016//1016 276//276 1110//1110
f 1111//1111 1110//1110 424//424
f 1113//1113 992//992 1112//1112
f 2192//2192 1811//1811 2193//2193
f 1825//1825 2566//2566 220//220
f 436//436 129//129 222//222
f 438//438 835//835 437//437
f 1358//1358 550//550 224//224
f 550//550 1358//1358 1119//1119
f 131//131 1119//1119 1358//1358
f 722//722 1288//1288 439//439
f 792//792 1827//1827 2192//2192
f 215//215 2197//2197 2080//2080
f 1179//1179 1122//1122 449//449
f 1124//1124 448//448 794//794
f 448//448 1124//1124 1362//1362
f 1809//1809 447//447 2199//2199
f 424//424 2200//2200 3426//3426
f 3656//3656 1840//1840 993//993
f 1127//1127 993//993 1840//1840
f 1186//1186 1129//1129 71//71
f 1129//1129 70//70 3868//3868
f 455//455 26//26 147//147
f 27//27 994//994 1471//1471
f 994//994 236//236 1471//1471
f 73//73 752//752 74//74
f 238//238 2466//2466 4038//4038
f 2202//2202 462//462 4186//4186
f 2202//2202 461//461 573//573
f 2204//2204 1132//1132 1472//1472
f 2205//2205 1034//1034 2206//2206
f 1472//1472 1132//1132 3863//3863
f 1919//1919 798//798 1365//1365
f 1135//1135 1039//1039 799//799
f 468//468 3812//3812 2210//2210
f 470//470 322//322 1137//1137
f 1138//1138 1137//1137 316//316
f 1923//1923 867//867 1577//1577
f 996//996 1476//1476 1925//1925
f 473//473 472//472 83//83
f 36//36 739//739 1140//1140
f 739//739 1927//1927 806//806
f 1140//1140 806//806 3592//3592
f 1142//1142 2446//2446 2728//2728
f 1143//1143 2446//2446 89//89
f 1144//1144 158//158 2448//2448
f 2729//2729 2448//2448 480//480
f 247//247 2411//2411 1000//1000
f 2211//2211 1146//1146 2212//2212
f 1477//1477 1371//1371 1003//1003
f 2212//2212 1146//1146 1477//1477
f 3218//3218 1294//1294 2087//2087
f 2084//2084 998//998 2085//2085
f 2086//2086 999//999 1479//1479
f 1478//1478 2089//2089 2213//2213
f 2088//2088 1928//1928 1002//1002
f 2089//2089 1480//1480 2214//2214
f 2215//2215 336//336 4036//4036
f 339//339 1998//1998 2730//2730
f 811//811 1485//1485 2452//2452
f 1491//1491 4107//4107 3037//3037
f 1499//1499 1664//1664 4047//4047
f 3440//3440 1938//1938 2638//2638
f 2749//2749 2423//2423 3441//3441
f 3045//3045 820//820 3101//3101
f 2760//2760 3454//3454 3813//3813
f 49//49 511//511 509//509
f 2236//2236 3910//3910 3917//3917
f 2762//2762 3456//3456 2763//2763
f 2767//2767 1011//1011 2768//2768
f 3753//3753 2354//2354 3336//3336
f 2508//2508 2773//2773 2104//2104
f 2249//2249 3711//3711 2250//2250
f 2251//2251 2055//2055 3875//3875
f 2110//2110 1518//1518 2781//2781
f 1763//1763 2516//2516 1387//1387
f 4045//4045 2926//2926 2109//2109
f 4171//4171 54//54 1171//1171
f 960//960 697//697 1172//1172
f 1313//1313 825//825 1951//1951
f 117//117 3777//3777 1013//1013
f 3777//3777 687//687 1174//1174
f 1794//1794 2186//2186 827//827
f 2252//2252 3933//3933 828//828
f 1952//1952 827//827 4041//4041
f 3377//3377 2523//2523 3876//3876
f 1522//1522 2060//2060 944//944
f 1954//1954 1315//1315 829//829
f 123//123 14//14 418//418
f 416//416 691//691 3589//3589
f 2254//2254 3888//3888 2113//2113
f 1526//1526 973//973 2200//2200
f 3664//3664 1959//1959 3648//3648
f 1805//1805 1276//1276 1531//1531
f 2386//2386 58//58 1532//1532
f 1812//1812 279//279 1531//1531
f 3562//3562 2078//2078 280//280
f 130//130 2259//2259 4037//4037
f 3827//3827 2259//2259 547//547
f 132//132 1042//1042 131//131
f 4037//4037 1184//1184 61//61
f 870//870 445//445 551//551
f 552//552 1184//1184 4037//4037
f 244//244 552//552 2405//2405
f 1185//1185 557//557 135//135
f 4301//4301 228//228 557//557
f 1185//1185 554//554 557//557
f 994//994 145//145 291//291
f 236//236 291//291 796//796
f 72//72 144//144 795//795
f 295//295 4088//4088 562//562
f 294//294 795//795 1533//1533
f 295//295 562//562 1//1
f 70//70 1129//1129 753//753
f 3701//3701 3934//3934 1022//1022
f 1024//1024 148//148 845//845
f 3563//3563 1536//1536 458//458
f 2//2 845//845 148//148
f 73//73 1364//1364 2656//2656
f 239//239 1842//1842 565//565
f 737//737 565//565 1842//1842
f 148//148 1024//1024 566//566
f 797//797 566//566 1024//1024
f 458//458 1025//1025 838//838
f 1187//1187 838//838 1025//1025
f 2465//2465 27//27 3595//3595
f 149//149 1535//1535 293//293
f 3701//3701 146//146 1188//1188
f 293//293 1188//1188 146//146
f 456//456 842//842 455//455
f 568//568 844//844 3774//3774
f 841//841 568//568 26//26
f 797//797 458//458 569//569
f 838//838 1187//1187 840//840
f 752//752 840//840 1187//1187
f 238//238 239//239 294//294
f 565//565 737//737 236//236
f 1131//1131 236//236 737//737
f 239//239 565//565 72//72
f 840//840 295//295 1//1
f 153//153 1023//1023 2265//2265
f 844//844 568//568 843//843
f 844//844 843//843 3638//3638
f 573//573 842//842 839//839
f 298//298 842//842 573//573
f 2260//2260 573//573 839//839
f 1545//1545 1189//1189 3595//3595
f 2260//2260 839//839 2465//2465
f 299//299 850//850 74//74
f 2417//2417 74//74 850//850
f 1536//1536 3563//3563 1026//1026
f 576//576 1026//1026 3563//3563
f 575//575 846//846 2//2
f 845//845 2//2 846//846
f 577//577 1027//1027 575//575
f 300//300 754//754 576//576
f 846//846 575//575 1027//1027
f 1027//1027 577//577 1190//1190
f 302//302 2789//2789 154//154
f 754//754 300//300 580//580
f 579//579 2787//2787 30//30
f 1190//1190 577//577 2787//2787
f 155//155 1033//1033 579//579
f 1190//1190 2787//2787 1538//1538
f 3//3 2261//2261 155//155
f 582//582 1988//1988 1319//1319
f 2280//2280 1029//1029 1542//1542
f 1968//1968 1542//1542 1029//1029
f 1843//1843 1548//1548 1550//1550
f 305//305 1549//1549 1551//1551
f 3379//3379 460//460 4168//4168
f 3257//3257 459//459 2263//2263
f 2260//2260 2202//2202 573//573
f 306//306 3935//3935 301//301
f 306//306 1027//1027 1190//1190
f 1195//1195 305//305 1196//1196
f 587//587 1196//1196 305//305
f 464//464 1474//1474 1971//1971
f 303//303 755//755 852//852
f 308//308 2082//2082 2120//2120
f 852//852 755//755 798//798
f 2268//2268 995//995 2082//2082
f 2261//2261 3//3 2269//2269
f 312//312 1198//1198 1199//1199
f 1198//1198 466//466 855//855
f 1199//1199 855//855 863//863
f 2273//2273 310//310 1144//1144
f 158//158 1144//1144 310//310
f 4156//4156 858//858 1975//1975
f 2275//2275 157//157 2276//2276
f 2277//2277 3597//3597 2276//2276
f 884//884 3580//3580 1562//1562
f 1565//1565 1973//1973 1145//1145
f 757//757 1565//1565 1559//1559
f 312//312 1394//1394 1038//1038
f 1038//1038 1035//1035 311//311
f 248//248 1371//1371 1976//1976
f 3058//3058 2211//2211 1142//1142
f 859//859 3058//3058 1977//1977
f 1986//1986 2124//2124 1566//1566
f 863//863 1558//1558 1979//1979
f 2414//2414 87//87 2122//2122
f 1135//1135 1920//1920 2125//2125
f 35//35 2207//2207 2126//2126
f 468//468 1202//1202 1203//1203
f 1202//1202 328//328 1047//1047
f 1203//1203 1047//1047 592//592
f 865//865 1320//1320 864//864
f 864//864 1567//1567 2278//2278
f 1980//1980 2278//2278 1981//1981
f 2279//2279 2129//2129 1320//1320
f 593//593 2791//2791 891//891
f 477//477 3059//3059 1571//1571
f 1029//1029 2280//2280 1323//1323
f 1581//1581 2282//2282 1574//1574
f 805//805 1574//1574 1310//1310
f 471//471 1138//1138 316//316
f 4280//4280 1040//1040 2283//2283
f 1210//1210 1193//1193 1576//1576
f 1210//1210 1576//1576 1577//1577
f 1984//1984 325//325 2792//2792
f 598//598 1041//1041 319//319
f 1041//1041 598//598 599//599
f 599//599 871//871 1041//1041
f 871//871 599//599 38//38
f 1211//1211 1042//1042 1043//1043
f 1042//1042 1211//1211 319//319
f 163//163 872//872 445//445
f 872//872 163//163 162//162
f 837//837 1184//1184 870//870
f 38//38 835//835 871//871
f 835//835 38//38 164//164
f 319//319 1119//1119 1042//1042
f 164//164 1118//1118 835//835
f 1118//1118 164//164 600//600
f 600//600 1288//1288 1118//1118
f 1288//1288 600//600 721//721
f 792//792 550//550 438//438
f 1020//1020 162//162 318//318
f 318//318 836//836 1020//1020
f 836//836 318//318 132//132
f 551//551 751//751 837//837
f 751//751 551//551 283//283
f 476//476 873//873 1185//1185
f 873//873 476//476 82//82
f 82//82 1830//1830 873//873
f 1830//1830 82//82 474//474
f 3574//3574 1989//1989 1578//1578
f 327//327 2279//2279 1985//1985
f 2627//2627 3812//3812 800//800
f 800//800 592//592 1985//1985
f 801//801 1921//1921 469//469
f 471//471 802//802 1580//1580
f 802//802 602//602 877//877
f 1138//1138 1580//1580 1045//1045
f 37//37 2283//2283 2128//2128
f 587//587 1552//1552 1987//1987
f 587//587 1987//1987 1581//1581
f 1326//1326 81//81 2282//2282
f 1196//1196 1581//1581 2281//2281
f 1031//1031 1970//1970 1582//1582
f 324//324 1210//1210 1209//1209
f 1583//1583 868//868 1325//1325
f 1056//1056 340//340 3219//3219
f 765//765 1871//1871 1057//1057
f 2284//2284 2130//2130 1998//1998
f 1401//1401 2284//2284 1058//1058
f 167//167 761//761 1214//1214
f 1214//1214 1586//1586 3476//3476
f 608//608 2285//2285 607//607
f 1215//1215 1587//1587 1599//1599
f 882//882 1599//1599 3797//3797
f 883//883 3797//3797 1588//1588
f 1216//1216 3787//3787 2798//2798
f 1930//1930 1589//1589 2731//2731
f 3220//3220 1485//1485 2793//2793
f 170//170 1218//1218 413//413
f 2415//2415 413//413 1218//1218
f 609//609 1050//1050 331//331
f 1050//1050 609//609 1219//1219
f 413//413 2415//2415 169//169
f 2288//2288 412//412 2289//2289
f 1352//1352 953//953 2290//2290
f 1221//1221 168//168 612//612
f 956//956 613//613 614//614
f 3955//3955 1218//1218 1331//1331
f 2291//2291 2943//2943 1331//1331
f 1222//1222 334//334 1055//1055
f 1097//1097 2467//2467 1402//1402
f 1407//1407 2797//2797 2660//2660
f 1596//1596 1595//1595 3381//3381
f 1598//1598 1004//1004 2297//2297
f 4008//4008 3476//3476 2285//2285
f 1991//1991 2798//2798 1990//1990
f 607//607 2286//2286 2298//2298
f 2218//2218 2217//2217 2469//2469
f 3263//3263 3062//3062 892//892
f 892//892 41//41 2624//2624
f 1409//1409 1873//1873 3477//3477
f 3651//3651 2300//2300 2301//2301
f 2134//2134 1097//1097 2300//2300
f 2801//2801 894//894 2468//2468
f 2215//2215 1996//1996 1060//1060
f 1631//1631 1231//1231 1874//1874
f 1609//1609 2218//2218 1608//1608
f 1602//1602 2571//2571 2820//2820
f 2821//2821 2822//2822 2823//2823
f 3434//3434 3432//3432 3806//3806
f 2010//2010 1617//1617 1234//1234
f 2014//2014 1660//1660 631//631
f 2222//2222 2005//2005 1637//1637
f 1663//1663 1236//1236 1882//1882
f 2837//2837 1156//1156 2838//2838
f 908//908 2847//2847 2848//2848
f 3994//3994 2486//2486 3499//3499
f 3902//3902 1648//1648 2328//2328
f 361//361 1653//1653 2330//2330
f 361//361 2330//2330 2331//2331
f 2332//2332 2853//2853 3602//3602
f 1670//1670 3789//3789 3099//3099
f 362//362 1689//1689 2012//2012
f 1158//1158 2750//2750 2017//2017
f 912//912 2685//2685 2858//2858
f 2860//2860 4104//4104 4125//4125
f 3705//3705 2861//2861 3679//3679
f 3011//3011 1071//1071 2751//2751
f 650//650 2026//2026 3196//3196
f 2555//2555 2603//2603 2868//2868
f 920//920 2337//2337 2871//2871
f 2322//2322 3920//3920 2871//2871
f 2339//2339 923//923 2877//2877
f 1684//1684 1705//1705 3117//3117
f 1723//1723 1697//1697 2495//2495
f 3814//3814 1339//1339 2885//2885
f 2886//2886 3019//3019 1942//1942
f 2341//2341 2887//2887 380//380
f 4163//4163 1440//1440 1893//1893
f 1164//1164 2612//2612 2562//2562
f 1248//1248 1895//1895 1711//1711
f 388//388 1728//1728 2902//2902
f 1340//1340 931//931 2903//2903
f 2617//2617 936//936 2460//2460
f 2907//2907 673//673 3710//3710
f 1516//1516 1517//1517 3991//3991
f 3137//3137 4015//4015 1731//1731
f 1253//1253 3831//3831 3142//3142
f 4006//4006 1348//1348 3167//3167
f 2171//2171 532//532 2369//2369
f 2253//2253 2369//2369 532//532
f 402//402 1760//1760 2050//2050
f 2932//2932 1260//1260 3794//3794
f 3605//3605 2374//2374 4171//4171
f 1169//1169 942//942 2939//2939
f 2939//2939 1767//1767 3159//3159
f 963//963 687//687 2179//2179
f 1264//1264 411//411 1095//1095
f 2941//2941 1095//1095 209//209
f 1094//1094 1780//1780 1305//1305
f 2071//2071 4109//4109 948//948
f 1265//1265 208//208 1798//1798
f 699//699 1266//1266 56//56
f 955//955 1782//1782 2067//2067
f 956//956 2068//2068 613//613
f 613//613 1351//1351 1993//1993
f 951//951 2063//2063 1783//1783
f 1267//1267 1783//1783 3606//3606
f 614//614 1993//1993 1591//1591
f 886//886 3606//3606 3955//3955
f 330//330 2289//2289 1867//1867
f 2288//2288 610//610 1785//1785
f 1221//1221 2942//2942 1352//1352
f 2376//2376 122//122 2377//2377
f 2293//2293 887//887 2377//2377
f 1225//1225 414//414 615//615
f 4261//4261 695//695 696//696
f 1226//1226 2299//2299 1591//1591
f 1269//1269 1059//1059 3566//3566
f 3568//3568 1054//1054 1098//1098
f 1098//1098 1790//1790 2183//2183
f 958//958 1225//1225 2378//2378
f 783//783 2378//2378 2379//2379
f 2409//2409 2954//2954 2379//2379
f 2544//2544 783//783 2524//2524
f 2954//2954 2409//2409 1601//1601
f 1271//1271 1792//1792 1803//1803
f 417//417 1099//1099 415//415
f 962//962 415//415 1099//1099
f 1461//1461 2381//2381 2525//2525
f 2381//2381 2070//2070 3696//3696
f 828//828 1953//1953 2252//2252
f 1794//1794 1314//1314 1100//1100
f 1794//1794 1460//1460 2186//2186
f 1101//1101 1350//1350 1795//1795
f 1307//1307 3589//3589 2187//2187
f 539//539 1272//1272 1781//1781
f 208//208 1272//1272 123//123
f 1272//1272 208//208 1781//1781
f 1798//1798 418//418 692//692
f 1266//1266 698//698 56//56
f 2382//2382 2384//2384 2947//2947
f 2382//2382 2383//2383 2384//2384
f 1273//1273 1086//1086 1796//1796
f 2383//2383 1273//1273 1797//1797
f 1102//1102 782//782 1104//1104
f 1104//1104 3773//3773 2189//2189
f 2385//2385 1266//1266 1308//1308
f 937//937 1102//1102 2619//2619
f 4099//4099 1308//1308 2410//2410
f 1815//1815 1116//1116 3825//3825
f 1800//1800 2178//2178 2176//2176
f 1800//1800 420//420 3425//3425
f 1464//1464 3551//3551 787//787
f 2386//2386 970//970 4250//4250
f 1278//1278 987//987 1277//1277
f 215//215 989//989 2388//2388
f 1808//1808 1774//1774 1260//1260
f 67//67 2390//2390 1356//1356
f 1279//1279 707//707 451//451
f 707//707 125//125 1111//1111
f 542//542 1179//1179 2391//2391
f 216//216 1281//1281 794//794
f 709//709 4243//4243 1357//1357
f 709//709 4242//4242 4243//4243
f 2394//2394 3984//3984 2257//2257
f 2115//2115 1317//1317 2193//2193
f 710//710 2395//2395 4242//4242
f 59//59 2396//2396 2395//2395
f 425//425 1465//1465 2257//2257
f 790//790 1465//1465 1913//1913
f 1913//1913 1802//1802 1274//1274
f 2397//2397 2258//2258 3786//3786
f 1836//1836 1283//1283 2397//2397
f 219//219 1279//1279 4061//4061
f 793//793 722//722 1916//1916
f 2194//2194 792//792 2192//2192
f 2399//2399 430//430 1829//1829
f 130//130 2076//2076 547//547
f 430//430 1812//1812 1914//1914
f 791//791 4173//4173 61//61
f 546//546 2398//2398 1816//1816
f 1863//1863 1818//1818 1862//1862
f 432//432 3627//3627 1128//1128
f 2402//2402 4131//4131 2952//2952
f 1359//1359 433//433 2724//2724
f 717//717 2403//2403 3649//3649
f 983//983 436//436 1467//1467
f 548//548 2725//2725 1963//1963
f 2404//2404 1832//1832 2196//2196
f 721//721 1120//1120 1288//1288
f 1120//1120 721//721 223//223
f 438//438 1827//1827 792//792
f 793//793 437//437 722//722
f 985//985 223//223 62//62
f 223//223 985//985 1120//1120
f 437//437 793//793 1827//1827
f 62//62 1290//1290 985//985
f 1291//1291 62//62 723//723
f 62//62 1291//1291 1290//1290
f 1291//1291 723//723 2392//2392
f 975//975 2392//2392 1357//1357
f 1916//1916 1115//1115 1285//1285
f 474//474 2405//2405 1292//1292
f 1292//1292 2405//2405 1831//1831
f 440//440 3698//3698 601//601
f 3698//3698 440//440 2626//2626
f 1830//1830 1292//1292 2403//2403
f 2464//2464 874//874 2404//2404
f 874//874 320//320 1832//1832
f 1185//1185 440//440 601//601
f 4050//4050 3930//3930 3582//3582
f 4050//4050 986//986 284//284
f 874//874 555//555 320//320
f 317//317 1043//1043 162//162
f 229//229 870//870 1965//1965
f 1965//1965 1184//1184 552//552
f 1262//1262 1347//1347 2373//2373
f 540//540 278//278 1833//1833
f 703//703 2387//2387 2254//2254
f 987//987 1278//1278 3785//3785
f 1389//1389 972//972 1177//1177
f 1177//1177 703//703 2254//2254
f 215//215 2953//2953 2197//2197
f 447//447 2198//2198 1834//1834
f 706//706 1911//1911 1362//1362
f 2079//2079 2390//2390 558//558
f 1124//1124 3628//3628 1362//1362
f 1957//1957 990//990 2080//2080
f 542//542 2080//2080 1123//1123
f 1179//1179 1123//1123 1122//1122
f 2391//2391 1835//1835 2191//2191
f 1809//1809 2199//2199 1838//1838
f 216//216 794//794 559//559
f 2406//2406 2398//2398 3973//3973
f 4204//4204 1180//1180 1527//1527
f 2407//2407 219//219 1824//1824
f 219//219 2407//2407 4204//4204
f 974//974 2074//2074 1468//1468
f 1126//1126 1127//1127 1363//1363
f 234//234 1469//1469 2081//2081
f 716//716 2401//2401 1470//1470
f 740//740 1294//1294 742//742
f 1294//1294 740//740 2087//2087
f 1296//1296 2113//2113 1016//1016
f 1297//1297 455//455 289//289
f 850//850 2119//2119 755//755
f 35//35 758//758 1299//1299
f 1300//1300 313//313 3381//3381
f 760//760 761//761 1866//1866
f 2542//2542 1456//1456 2543//2543
f 1305//1305 782//782 1463//1463
f 1306//1306 2292//2292 1052//1052
f 2292//2292 1306//1306 412//412
f 548//548 1309//1309 549//549
f 451//451 424//424 1284//1284
f 800//800 1921//1921 2627//2627
f 805//805 1310//1310 3570//3570
f 810//810 1311//1311 809//809
f 484//484 1312//1312 2546//2546
f 2785//2785 3164//3164 826//826
f 831//831 2111//2111 830//830
f 3983//3983 1316//1316 1178//1178
f 2789//2789 2119//2119 154//154
f 2119//2119 850//850 299//299
f 2414//2414 863//863 1979//1979
f 1204//1204 1320//1320 865//865
f 1321//1321 864//864 1320//1320
f 2083//2083 3877//3877 1322//1322
f 1322//1322 1029//1029 1323//1323
f 1324//1324 1323//1323 1139//1139
f 1326//1326 1566//1566 81//81
f 882//882 1328//1328 1330//1330
f 1328//1328 883//883 1329//1329
f 1330//1330 1329//1329 484//484
f 2069//2069 888//888 889//889
f 1627//1627 1332//1332 2429//2429
f 2295//2295 1333//1333 1334//1334
f 1214//1214 3261//3261 167//167
f 2324//2324 1657//1657 2846//2846
f 2959//2959 2481//2481 3768//3768
f 657//657 1685//1685 2960//2960
f 392//392 1745//1745 2511//2511
f 2908//2908 1746//1746 2356//2356
f 2924//2924 3416//3416 1341//1341
f 679//679 2047//2047 3610//3610
f 2961//2961 1766//1766 2962//2962
f 405//405 1772//1772 3794//3794
f 2060//2060 1348//1348 690//690
f 1351//1351 950//950 951//951
f 3541//3541 2565//2565 965//965
f 2968//2968 968//968 3166//3166
f 1356//1356 2969//2969 1808//1808
f 974//974 2200//2200 973//973
f 975//975 1357//1357 976//976
f 60//60 718//718 2195//2195
f 549//549 433//433 1361//1361
f 1360//1360 1361//1361 433//433
f 1126//1126 1363//1363 992//992
f 1136//1136 2208//2208 1366//1366
f 1367//1367 740//740 1368//1368
f 740//740 1367//1367 999//999
f 1001//1001 1369//1369 950//950
f 1370//1370 1003//1003 1371//1371
f 1003//1003 1370//1370 1002//1002
f 1374//1374 3351//3351 2972//2972
f 2973//2973 93//93 2975//2975
f 2094//2094 2974//2974 2975//2975
f 2745//2745 1377//1377 2528//2528
f 3992//3992 1378//1378 2747//2747
f 2421//2421 2976//2976 2977//2977
f 2977//2977 1379//1379 2979//2979
f 3803//3803 4058//4058 2981//2981
f 3836//3836 105//105 2500//2500
f 2766//2766 1384//1384 2529//2529
f 2984//2984 109//109 3143//3143
f 2777//2777 1386//1386 2530//2530
f 2985//2985 2650//2650 3792//3792
f 2428//2428 1387//1387 2986//2986
f 3647//3647 2987//2987 749//749
f 4180//4180 1951//1951 1015//1015
f 1016//1016 125//125 1296//1296
f 2078//2078 3562//3562 1466//1466
f 2988//2988 75//75 77//77
f 1392//1392 1028//1028 1192//1192
f 1028//1028 1392//1392 1971//1971
f 1034//1034 2205//2205 757//757
f 2271//2271 757//757 2205//2205
f 2123//2123 1394//1394 312//312
f 860//860 1396//1396 1398//1398
f 1396//1396 1037//1037 1397//1397
f 1398//1398 1397//1397 1299//1299
f 1399//1399 1038//1038 311//311
f 1325//1325 868//868 4280//4280
f 1321//1321 1400//1400 1401//1401
f 763//763 1459//1459 1402//1402
f 1459//1459 763//763 1054//1054
f 1230//1230 2294//2294 1332//1332
f 335//335 2429//2429 2794//2794
f 618//618 1403//1403 4315//4315
f 2990//2990 483//483 2991//2991
f 3894//3894 1205//1205 3867//3867
f 1057//1057 1408//1408 4149//4149
f 2430//2430 1870//1870 3900//3900
f 2802//2802 1412//1412 3064//3064
f 3264//3264 1413//1413 2533//2533
f 2811//2811 1414//1414 4023//4023
f 2993//2993 2994//2994 2995//2995
f 4221//4221 2996//2996 2137//2137
f 93//93 3073//3073 3074//3074
f 2827//2827 1420//1420 2534//2534
f 3000//3000 2834//2834 2838//2838
f 3700//3700 1424//1424 4257//4257
f 2434//2434 3005//3005 2436//2436
f 3093//3093 2435//2435 3006//3006
f 182//182 2420//2420 2485//2485
f 367//367 1426//1426 3007//3007
f 1070//1070 3009//3009 3010//3010
f 2440//2440 3018//3018 2441//2441
f 1706//1706 1437//1437 2440//2440
f 2895//2895 1894//1894 2537//2537
f 1736//1736 4159//4159 2442//2442
f 3539//3539 1446//1446 3025//3025
f 2916//2916 1449//1449 3155//3155
f 2921//2921 1450//1450 2540//2540
f 1765//1765 3614//3614 3689//3689
f 1949//1949 3026//3026 2564//2564
f 1094//1094 1463//1463 209//209
f 2413//2413 414//414 171//171
f 1092//1092 1460//1460 1100//1100
f 961//961 1461//1461 784//784
f 1307//1307 784//784 1461//1461
f 417//417 415//415 1462//1462
f 123//123 418//418 208//208
f 1463//1463 1103//1103 2367//2367
f 1102//1102 1103//1103 782//782
f 1105//1105 3031//3031 788//788
f 702//702 2075//2075 3032//3032
f 1117//1117 1465//1465 790//790
f 1466//1466 1212//1212 129//129
f 1125//1125 1468//1468 1917//1917
f 1469//1469 736//736 1470//1470
f 736//736 1469//1469 234//234
f 1128//1128 3426//3426 2201//2201
f 144//144 796//796 290//290
f 1131//1131 3595//3595 1471//1471
f 2118//2118 31//31 3615//3615
f 1034//1034 1556//1556 1134//1134
f 1133//1133 1474//1474 799//799
f 799//799 1474//1474 1135//1135
f 803//803 867//867 1923//1923
f 1324//1324 1139//1139 3887//3887
f 243//243 1476//1476 996//996
f 2212//2212 1477//1477 1478//1478
f 1477//1477 1003//1003 1478//1478
f 2089//2089 1002//1002 1480//1480
f 1002//1002 810//810 1480//1480
f 43//43 1486//1486 1373//1373
f 2805//2805 1489//1489 2629//2629
f 1492//1492 3036//3036 3037//3037
f 3039//3039 1493//1493 4317//4317
f 2833//2833 1494//1494 2633//2633
f 1159//1159 1501//1501 2097//2097
f 1504//1504 2874//2874 3044//3044
f 2554//2554 3044//3044 820//820
f 1162//1162 2555//2555 3048//3048
f 2642//2642 3050//3050 3049//3049
f 1507//1507 3132//3132 3830//3830
f 2562//2562 1510//1510 2644//2644
f 2647//2647 52//52 3052//3052
f 1513//1513 2460//2460 3053//3053
f 2649//2649 1515//1515 2563//2563
f 2913//2913 2107//2107 3370//3370
f 2517//2517 3056//3056 3055//3055
f 1519//1519 2461//2461 3375//3375
f 3848//3848 1518//1518 3159//3159
f 2112//2112 826//826 4180//4180
f 2181//2181 1521//1521 3986//3986
f 3663//3663 1015//1015 1523//1523
f 1522//1522 3805//3805 2060//2060
f 2369//2369 830//830 3541//3541
f 541//541 832//832 1525//1525
f 4110//4110 1530//1530 1183//1183
f 1531//1531 1183//1183 1530//1530
f 2463//2463 1822//1822 1532//1532
f 136//136 137//137 12//12
f 147//147 23//23 141//141
f 1966//1966 303//303 578//578
f 1538//1538 306//306 1190//1190
f 459//459 1540//1540 1541//1541
f 156//156 3974//3974 32//32
f 851//851 1542//1542 848//848
f 1540//1540 459//459 1539//1539
f 1391//1391 2418//2418 1544//1544
f 1535//1535 1391//1391 1544//1544
f 298//298 461//461 3638//3638
f 1189//1189 1545//1545 76//76
f 2787//2787 1033//1033 1538//1538
f 1548//1548 241//241 1549//1549
f 1550//1550 1548//1548 304//304
f 1194//1194 1551//1551 1543//1543
f 4063//4063 1552//1552 1194//1194
f 578//578 303//303 1553//1553
f 852//852 1553//1553 303//303
f 798//798 1919//1919 852//852
f 1134//1134 1473//1473 756//756
f 1538//1538 1033//1033 1554//1554
f 4068//4068 1554//1554 1033//1033
f 1197//1197 1555//1555 4068//4068
f 853//853 1557//1557 1197//1197
f 3665//3665 1565//1565 757//757
f 1561//1561 1200//1200 4089//4089
f 884//884 1562//1562 1563//1563
f 1562//1562 1051//1051 4089//4089
f 1563//1563 4089//4089 1200//1200
f 1565//1565 3665//3665 1201//1201
f 1146//1146 3058//3058 859//859
f 1135//1135 2125//2125 1039//1039
f 1321//1321 1567//1567 864//864
f 602//602 1980//1980 877//877
f 313//313 1568//1568 1596//1596
f 1571//1571 1569//1569 1205//1205
f 1044//1044 1572//1572 1206//1206
f 1572//1572 1044//1044 1045//1045
f 1207//1207 1573//1573 866//866
f 1573//1573 1207//1207 1582//1582
f 1581//1581 1574//1574 805//805
f 1040//1040 1575//1575 1208//1208
f 997//997 80//80 1576//1576
f 1577//1577 1576//1576 80//80
f 1209//1209 1577//1577 867//867
f 865//865 804//804 1204//1204
f 3778//3778 1579//1579 3470//3470
f 1137//1137 322//322 1208//1208
f 587//587 1581//1581 1196//1196
f 1195//1195 596//596 1582//1582
f 324//324 3596//3596 1210//1210
f 1193//1193 1584//1584 326//326
f 761//761 1586//1586 1214//1214
f 2298//2298 3668//3668 1215//1215
f 1215//1215 1599//1599 882//882
f 883//883 1588//1588 1589//1589
f 1588//1588 89//89 2287//2287
f 1589//1589 2287//2287 2732//2732
f 1148//1148 2214//2214 1217//1217
f 953//953 3349//3349 884//884
f 1052//1052 2132//2132 1223//1223
f 1053//1053 1994//1994 887//887
f 1053//1053 2293//2293 888//888
f 4134//4134 4241//4241 2661//2661
f 4251//4251 3867//3867 2661//2661
f 891//891 3061//3061 2660//2660
f 338//338 1595//1595 1597//1597
f 1597//1597 1596//1596 1213//1213
f 1600//1600 1335//1335 91//91
f 1335//1335 41//41 892//892
f 1227//1227 2722//2722 2570//2570
f 894//894 4102//4102 2795//2795
f 2572//2572 1604//1604 2547//2547
f 2665//2665 1605//1605 2572//2572
f 1231//1231 899//899 3064//3064
f 2573//2573 1607//1607 2665//2665
f 1228//1228 2806//2806 2524//2524
f 2806//2806 895//895 2667//2667
f 2736//2736 1612//1612 2667//2667
f 2580//2580 3806//3806 3068//3068
f 2575//2575 1613//1613 2737//2737
f 2576//2576 1614//1614 2736//2736
f 2668//2668 1615//1615 2576//2576
f 2577//2577 1617//1617 2668//2668
f 1620//1620 2817//2817 3617//3617
f 1618//1618 2817//2817 3070//3070
f 1621//1621 346//346 2003//2003
f 3703//3703 1620//1620 2816//2816
f 2473//2473 3618//3618 3841//3841
f 618//618 1625//1625 1627//1627
f 1627//1627 1626//1626 4066//4066
f 899//899 1231//1231 2822//2822
f 3075//3075 2527//2527 1852//1852
f 3485//3485 899//899 3076//3076
f 2810//2810 1633//1633 2999//2999
f 3078//3078 1634//1634 2835//2835
f 1636//1636 2849//2849 2477//2477
f 1635//1635 2477//2477 3079//3079
f 351//351 1417//1417 2675//2675
f 1638//1638 345//345 1637//1637
f 2676//2676 1639//1639 2581//2581
f 2582//2582 1640//1640 2676//2676
f 3500//3500 1937//1937 2582//2582
f 2143//2143 3869//3869 3879//3879
f 2583//2583 1644//1644 3084//3084
f 2679//2679 3085//3085 2680//2680
f 2744//2744 1647//1647 2583//2583
f 2584//2584 1649//1649 2745//2745
f 2851//2851 2329//2329 2584//2584
f 2585//2585 1651//1651 2744//2744
f 909//909 2330//2330 4143//4143
f 1655//1655 3700//3700 2480//2480
f 1655//1655 2844//2844 2845//2845
f 1658//1658 3092//3092 2481//2481
f 2483//2483 2435//2435 2482//2482
f 2590//2590 2015//2015 3980//3980
f 2484//2484 1658//1658 2846//2846
f 1660//1660 1235//1235 3617//3617
f 2486//2486 1662//1662 3095//3095
f 2844//2844 2480//2480 2873//2873
f 2875//2875 2686//2686 3101//3101
f 504//504 1672//1672 3442//3442
f 1673//1673 3438//3438 3676//3676
f 2229//2229 3676//3676 2750//2750
f 3447//3447 3110//3110 2754//2754
f 1071//1071 2690//2690 2752//2752
f 2862//2862 916//916 4076//4076
f 1243//1243 3512//3512 2691//2691
f 1683//1683 4053//4053 3106//3106
f 658//658 1722//1722 3857//3857
f 1244//1244 3108//3108 3107//3107
f 2692//2692 2596//2596 1244//1244
f 4074//4074 2842//2842 3981//3981
f 3624//3624 2884//2884 2494//2494
f 4184//4184 1696//1696 917//917
f 1434//1434 2336//2336 2498//2498
f 107//107 1162//1162 3114//3114
f 3312//3312 2156//2156 1701//1701
f 2561//2561 1701//1701 2604//2604
f 2761//2761 2556//2556 3115//3115
f 3850//3850 2500//2500 1703//1703
f 379//379 2764//2764 3116//3116
f 1709//1709 1338//1338 2885//2885
f 2885//2885 2960//2960 2884//2884
f 3121//3121 3123//3123 3122//3122
f 1439//1439 2425//2425 2503//2503
f 3326//3326 381//381 3128//3128
f 2765//2765 3942//3942 2607//2607
f 2608//2608 1724//1724 2766//2766
f 1074//1074 1890//1890 2608//2608
f 924//924 2033//2033 3855//3855
f 1443//1443 2346//2346 2892//2892
f 111//111 1733//1733 3140//3140
f 1252//1252 3141//3141 2705//2705
f 2770//2770 1734//1734 2897//2897
f 390//390 2772//2772 3903//3903
f 931//931 2904//2904 1737//1737
f 1739//1739 931//931 1340//1340
f 1746//1746 2510//2510 2906//2906
f 3152//3152 1256//1256 2922//2922
f 3154//3154 3924//3924 2711//2711
f 2615//2615 1750//1750 2711//2711
f 2774//2774 1751//1751 2615//2615
f 2776//2776 1752//1752 2712//2712
f 2714//2714 1754//1754 2774//2774
f 2715//2715 1755//1755 2775//2775
f 2616//2616 3988//3988 1756//1756
f 1250//1250 2606//2606 4030//4030
f 2716//2716 1758//1758 4090//4090
f 2617//2617 3793//3793 2716//2716
f 3156//3156 1085//1085 2718//2718
f 116//116 4021//4021 4045//4045
f 3158//3158 4181//4181 2919//2919
f 1345//1345 2932//2932 2519//2519
f 1345//1345 2519//2519 2931//2931
f 3794//3794 3160//3160 405//405
f 1260//1260 1774//1774 3794//3794
f 2950//2950 1776//1776 1775//1775
f 3161//3161 1775//1775 2935//2935
f 3838//3838 2543//2543 4108//4108
f 2937//2937 2375//2375 942//942
f 3696//3696 206//206 55//55
f 2523//2523 118//118 1263//1263
f 1780//1780 1094//1094 4041//4041
f 945//945 1349//1349 1101//1101
f 1781//1781 208//208 1265//1265
f 809//809 1782//1782 955//955
f 951//951 1783//1783 1267//1267
f 412//412 1306//1306 1220//1220
f 954//954 1787//1787 1096//1096
f 1787//1787 954//954 1788//1788
f 887//887 1788//1788 954//954
f 4043//4043 1269//1269 1411//1411
f 1789//1789 1410//1410 2943//2943
f 1054//1054 1790//1790 1098//1098
f 2524//2524 1229//1229 2544//2544
f 1462//1462 415//415 1793//1793
f 1793//1793 415//415 962//962
f 2955//2955 828//828 964//964
f 1462//1462 1101//1101 1795//1795
f 1797//1797 1273//1273 1263//1263
f 782//782 781//781 1104//1104
f 1265//1265 1798//1798 966//966
f 2385//2385 966//966 1798//1798
f 966//966 3977//3977 3217//3217
f 1800//1800 967//967 1091//1091
f 427//427 1801//1801 1802//1802
f 2522//2522 3168//3168 3655//3655
f 697//697 969//969 1803//1803
f 1804//1804 4225//4225 2951//2951
f 970//970 4199//4199 4250//4250
f 214//214 1807//1807 3171//3171
f 1280//1280 1809//1809 1113//1113
f 975//975 1828//1828 1291//1291
f 1115//1115 1811//1811 1285//1285
f 430//430 1813//1813 1812//1812
f 1813//1813 2399//2399 1962//1962
f 833//833 1962//1962 1282//1282
f 1814//1814 978//978 1815//1815
f 1116//1116 1815//1815 978//978
f 1529//1529 1182//1182 3590//3590
f 1964//1964 1816//1816 1818//1818
f 1818//1818 429//429 1817//1817
f 1862//1862 1817//1817 712//712
f 977//977 1822//1822 4173//4173
f 1286//1286 1914//1914 4024//4024
f 1914//1914 1286//1286 2400//2400
f 982//982 1824//1824 2077//2077
f 1841//1841 1284//1284 3627//3627
f 984//984 1826//1826 1361//1361
f 715//715 1829//1829 430//430
f 971//971 1833//1833 2373//2373
f 2462//2462 989//989 734//734
f 447//447 1834//1834 2389//2389
f 3983//3983 734//734 3636//3636
f 1835//1835 449//449 1280//1280
f 58//58 2786//2786 3929//3929
f 1837//1837 3978//3978 981//981
f 974//974 1468//1468 1125//1125
f 1113//1113 1839//1839 992//992
f 1839//1839 1113//1113 1838//1838
f 1279//1279 451//451 1841//1841
f 1284//1284 1841//1841 451//451
f 1842//1842 239//239 4038//4038
f 75//75 1843//1843 1550//1550
f 584//584 75//75 1550//1550
f 2265//2265 1843//1843 75//75
f 36//36 1293//1293 739//739
f 1293//1293 36//36 738//738
f 1293//1293 3608//3608 3570//3570
f 739//739 1310//1310 1927//1927
f 1310//1310 739//739 1293//1293
f 1294//1294 741//741 1845//1845
f 1004//1004 1847//1847 3173//3173
f 1847//1847 1004//1004 1598//1598
f 1848//1848 3259//3259 3173//3173
f 1848//1848 1847//1847 2568//2568
f 2004//2004 3273//3273 3750//3750
f 3176//3176 255//255 2741//2741
f 1856//1856 3907//3907 4144//4144
f 1856//1856 257//257 2588//2588
f 749//749 2653//2653 748//748
f 3378//3378 3179//3179 2654//2654
f 1389//1389 750//750 1017//1017
f 1017//1017 1861//1861 1389//1389
f 129//129 1862//1862 712//712
f 1862//1862 129//129 436//436
f 436//436 1863//1863 1862//1862
f 4249//4249 2117//2117 567//567
f 304//304 1549//1549 305//305
f 307//307 2206//2206 3935//3935
f 327//327 760//760 1866//1866
f 760//760 1586//1586 761//761
f 1866//1866 761//761 167//167
f 1867//1867 4091//4091 330//330
f 333//333 1790//1790 332//332
f 1403//1403 335//335 1481//1481
f 1869//1869 2532//2532 1482//1482
f 1870//1870 3180//3180 1597//1597
f 1409//1409 3181//3181 1873//1873
f 1873//1873 3182//3182 2800//2800
f 3184//3184 1874//1874 3183//3183
f 3185//3185 1875//1875 3186//3186
f 346//346 1621//1621 1622//1622
f 1877//1877 1622//1622 4187//4187
f 1881//1881 3082//3082 2312//2312
f 3188//3188 3189//3189 627//627
f 3191//3191 3192//3192 3281//3281
f 2493//2493 3001//3001 3631//3631
f 2535//2535 3003//3003 1885//1885
f 4311//4311 1689//1689 362//362
f 365//365 3632//3632 2437//2437
f 3195//3195 4182//4182 650//650
f 3195//3195 3196//3196 3829//3829
f 1890//1890 1888//1888 3198//3198
f 3127//3127 3203//3203 3326//3326
f 1900//1900 521//521 3208//3208
f 4072//4072 673//673 3884//3884
f 3153//3153 2710//2710 2709//2709
f 3343//3343 4014//4014 3213//3213
f 1304//1304 3215//3215 3216//3216
f 1458//1458 409//409 1909//1909
f 410//410 1909//1909 409//409
f 785//785 1910//1910 784//784
f 1910//1910 785//785 1462//1462
f 2948//2948 3550//3550 786//786
f 422//422 1911//1911 3634//3634
f 1912//1912 2058//2058 3634//3634
f 1810//1810 544//544 1828//1828
f 427//427 1802//1802 3635//3635
f 430//430 1914//1914 715//715
f 2201//2201 1125//1125 1917//1917
f 1843//1843 849//849 241//241
f 240//240 1918//1918 461//461
f 1918//1918 240//240 463//463
f 1543//1543 463//463 240//240
f 464//464 1553//1553 242//242
f 1919//1919 242//242 1553//1553
f 307//307 1554//1554 465//465
f 1474//1474 242//242 1920//1920
f 466//466 1920//1920 242//242
f 468//468 1203//1203 3812//3812
f 800//800 875//875 1921//1921
f 1921//1921 801//801 1475//1475
f 80//80 1475//1475 801//801
f 602//602 802//802 803//803
f 802//802 1922//1922 759//759
f 804//804 1923//1923 469//469
f 866//866 1573//1573 1925//1925
f 1924//1924 1926//1926 3608//3608
f 3570//3570 1926//1926 805//805
f 2281//2281 805//805 1926//1926
f 1311//1311 3218//3218 808//808
f 808//808 1782//1782 1311//1311
f 1782//1782 808//808 481//481
f 810//810 2624//2624 1480//1480
f 2624//2624 810//810 809//809
f 2659//2659 1869//1869 3034//3034
f 3034//3034 1482//1482 3219//3219
f 484//484 1329//1329 1312//1312
f 1329//1329 883//883 1930//1930
f 1312//1312 1930//1930 2412//2412
f 1149//1149 2452//2452 3220//3220
f 2970//2970 1312//1312 2412//2412
f 1931//1931 249//249 3952//3952
f 250//250 2451//2451 3221//3221
f 4005//4005 4217//4217 4133//4133
f 493//493 1877//1877 347//347
f 3072//3072 3618//3618 2997//2997
f 1932//1932 3225//3225 3226//3226
f 1934//1934 2549//2549 4039//4039
f 2828//2828 1934//1934 2223//2223
f 3228//3228 1495//1495 2454//2454
f 3718//3718 2552//2552 3440//3440
f 1940//1940 1939//1939 2227//2227
f 2458//2458 3236//3236 3819//3819
f 3846//3846 2338//2338 2459//2459
f 3646//3646 2763//2763 2556//2556
f 2558//2558 3240//3240 3241//3241
f 3766//3766 2770//2770 3248//3248
f 3375//3375 3158//3158 3467//3467
f 1950//1950 2541//2541 3256//3256
f 3767//3767 270//270 3990//3990
f 1520//1520 2785//2785 826//826
f 1794//1794 1952//1952 1314//1314
f 1952//1952 1794//1794 827//827
f 1953//1953 828//828 1521//1521
f 3966//3966 829//829 533//533
f 54//54 1955//1955 1018//1018
f 990//990 1957//1957 3636//3636
f 973//973 3636//3636 1958//1958
f 4262//4262 4270//4270 3779//3779
f 544//544 1810//1810 3635//3635
f 1960//1960 3635//3635 1810//1810
f 279//279 1813//1813 545//545
f 1961//1961 545//545 1962//1962
f 281//281 834//834 546//546
f 1964//1964 983//983 2626//2626
f 983//983 1964//1964 1863//1863
f 436//436 983//983 1863//1863
f 1184//1184 1965//1965 870//870
f 1390//1390 1534//1534 567//567
f 573//573 461//461 298//298
f 578//578 574//574 1966//1966
f 1918//1918 241//241 3638//3638
f 1132//1132 1546//1546 2118//2118
f 1966//1966 574//574 2417//2417
f 584//584 1550//1550 1970//1970
f 305//305 1551//1551 587//587
f 1552//1552 587//587 1551//1551
f 1554//1554 4068//4068 1555//1555
f 465//465 1555//1555 309//309
f 1557//1557 309//309 1555//1555
f 466//466 1365//1365 855//855
f 1558//1558 855//855 1365//1365
f 855//855 1558//1558 863//863
f 309//309 1557//1557 590//590
f 1557//1557 853//853 3775//3775
f 4091//4091 1867//1867 3987//3987
f 1975//1975 1974//1974 590//590
f 1978//1978 861//861 4013//4013
f 859//859 1977//1977 860//860
f 3598//3598 1396//1396 1977//1977
f 877//877 1980//1980 160//160
f 160//160 1981//1981 315//315
f 1981//1981 160//160 1980//1980
f 876//876 3059//3059 3953//3953
f 876//876 314//314 1570//1570
f 1982//1982 1571//1571 4082//4082
f 1573//1573 596//596 1924//1924
f 1926//1926 3570//3570 3608//3608
f 1573//1573 1924//1924 1925//1925
f 868//868 597//597 869//869
f 2567//2567 869//869 597//597
f 1983//1983 4042//4042 316//316
f 1985//1985 592//592 327//327
f 1326//1326 1986//1986 1566//1566
f 878//878 1326//1326 1987//1987
f 325//325 1318//1318 1547//1547
f 328//328 1989//1989 881//881
f 1327//1327 881//881 1989//1989
f 2285//2285 1327//1327 607//607
f 2286//2286 607//607 1327//1327
f 2798//2798 608//608 607//607
f 882//882 3797//3797 1328//1328
f 1328//1328 3797//3797 883//883
f 1990//1990 882//882 1330//1330
f 1991//1991 1330//1330 484//484
f 330//330 1992//1992 610//610
f 613//613 1993//1993 614//614
f 3781//3781 1787//1787 332//332
f 333//333 1994//1994 1224//1224
f 616//616 1224//1224 1994//1994
f 1225//1225 958//958 889//889
f 3259//3259 1995//1995 2802//2802
f 3260//3260 1848//1848 2568//2568
f 1998//1998 167//167 1999//1999
f 3262//3262 2000//2000 4273//4273
f 892//892 2066//2066 3263//3263
f 2733//2733 1604//1604 3265//3265
f 1932//1932 3226//3226 3266//3266
f 3267//3267 486//486 2471//2471
f 624//624 623//623 3268//3268
f 3486//3486 627//627 3270//3270
f 3273//3273 2004//2004 2827//2827
f 3274//3274 3175//3175 2578//2578
f 3273//3273 95//95 2823//2823
f 2957//2957 2956//2956 4066//4066
f 1230//1230 4066//4066 2956//2956
f 3275//3275 2006//2006 3276//3276
f 1493//1493 3039//3039 4309//4309
f 3276//3276 2006//2006 3039//3039
f 2814//2814 1421//1421 3000//3000
f 631//631 4237//4237 2009//2009
f 3278//3278 349//349 2478//2478
f 4070//4070 3749//3749 3281//3281
f 1644//1644 352//352 2010//2010
f 3501//3501 636//636 3283//3283
f 3284//3284 354//354 3853//3853
f 1675//1675 2491//2491 2479//2479
f 3285//3285 2011//2011 2586//2586
f 3907//3907 2587//2587 3286//3286
f 3285//3285 99//99 2636//2636
f 908//908 1235//1235 3092//3092
f 2014//2014 2009//2009 2590//2590
f 358//358 2015//2015 634//634
f 4213//4213 2145//2145 2857//2857
f 3288//3288 2016//2016 2683//2683
f 3289//3289 98//98 2592//2592
f 1238//1238 3097//3097 2020//2020
f 3290//3290 360//360 2018//2018
f 3291//3291 360//360 3290//3290
f 3292//3292 2021//2021 3009//3009
f 2022//2022 3842//3842 2845//2845
f 2491//2491 3297//3297 365//365
f 3298//3298 365//365 3297//3297
f 2492//2492 658//658 3301//3301
f 374//374 2024//2024 2023//2023
f 657//657 2695//2695 3306//3306
f 652//652 3307//3307 2497//2497
f 3309//3309 107//107 2605//2605
f 3309//3309 2028//2028 2603//2603
f 3310//3310 2029//2029 3308//3308
f 924//924 2604//2604 2032//2032
f 3314//3314 105//105 4284//4284
f 3314//3314 4260//4260 4247//4247
f 1707//1707 657//657 2960//2960
f 1248//1248 1711//1711 3754//3754
f 4299//4299 1715//1715 1714//1714
f 3964//3964 516//516 3316//3316
f 1722//1722 658//658 1721//1721
f 4083//4083 660//660 3324//3324
f 3325//3325 3326//3326 3128//3128
f 3328//3328 1440//1440 3020//3020
f 3328//3328 929//929 3155//3155
f 3331//3331 2041//2041 3329//3329
f 3332//3332 3333//3333 667//667
f 3334//3334 109//109 2645//2645
f 3334//3334 2044//2044 2613//2613
f 2044//2044 2103//2103 3333//3333
f 389//389 3335//3335 2614//2614
f 2046//2046 2904//2904 3336//3336
f 392//392 2511//2511 2047//2047
f 2047//2047 679//679 392//392
f 675//675 2048//2048 528//528
f 679//679 3342//3342 3153//3153
f 2049//2049 3343//3343 3710//3710
f 3345//3345 2052//2052 2621//2621
f 3347//3347 114//114 2650//2650
f 3348//3348 2054//2054 3374//3374
f 3347//3347 2053//2053 2921//2921
f 2172//2172 679//679 3610//3610
f 3626//3626 1259//1259 1779//1779
f 939//939 2058//2058 1912//1912
f 686//686 971//971 941//941
f 940//940 2374//2374 3605//3605
f 1767//1767 2939//2939 2623//2623
f 943//943 2938//2938 682//682
f 1801//1801 701//701 409//409
f 2060//2060 2061//2061 1348//1348
f 2060//2060 690//690 944//944
f 947//947 1350//1350 781//781
f 481//481 2062//2062 952//952
f 1351//1351 952//952 2062//2062
f 950//950 2063//2063 951//951
f 952//952 1351//1351 613//613
f 3580//3580 3349//3349 2064//2064
f 1268//1268 2064//2064 3349//3349
f 1786//1786 1785//1785 3162//3162
f 955//955 2067//2067 2965//2965
f 2067//2067 952//952 2068//2068
f 1353//1353 2068//2068 956//956
f 2800//2800 1872//1872 956//956
f 4196//4196 4112//4112 4198//4198
f 2967//2967 1793//1793 4198//4198
f 2070//2070 2381//2381 3914//3914
f 2955//2955 2185//2185 1314//1314
f 944//944 3157//3157 533//533
f 1274//1274 1802//1802 2625//2625
f 780//780 1091//1091 3644//3644
f 970//970 1276//1276 3581//3581
f 973//973 1958//1958 974//974
f 423//423 2074//2074 543//543
f 1958//1958 543//543 2074//2074
f 976//976 1810//1810 975//975
f 1814//1814 1960//1960 976//976
f 425//425 1828//1828 544//544
f 427//427 1815//1815 701//701
f 545//545 1961//1961 702//702
f 712//712 1817//1817 3350//3350
f 3350//3350 1837//1837 981//981
f 1290//1290 1828//1828 426//426
f 1822//1822 2076//2076 4173//4173
f 431//431 1289//1289 4170//4170
f 982//982 1466//1466 712//712
f 1466//1466 982//982 2078//2078
f 2077//2077 2078//2078 982//982
f 221//221 2401//2401 716//716
f 2401//2401 221//221 1820//1820
f 2626//2626 717//717 281//281
f 1826//1826 549//549 1361//1361
f 715//715 836//836 1829//1829
f 1289//1289 1829//1829 836//836
f 717//717 2626//2626 725//725
f 140//140 2079//2079 558//558
f 734//734 989//989 990//990
f 981//981 3569//3569 991//991
f 2081//2081 4200//4200 1839//1839
f 1365//1365 798//798 2082//2082
f 79//79 1972//1972 78//78
f 2268//2268 78//78 1972//1972
f 996//996 2208//2208 243//243
f 1366//1366 1924//1924 3608//3608
f 1924//1924 1366//1366 996//996
f 1475//1475 997//997 2083//2083
f 997//997 1475//1475 80//80
f 3877//3877 2083//2083 997//997
f 1139//1139 866//866 1925//1925
f 87//87 998//998 1367//1367
f 2084//2084 1367//1367 998//998
f 998//998 4062//4062 2085//2085
f 740//740 999//999 2087//2087
f 2086//2086 2087//2087 999//999
f 247//247 1369//1369 2085//2085
f 1369//1369 247//247 1000//1000
f 1000//1000 2063//2063 1369//1369
f 2063//2063 1000//1000 88//88
f 1001//1001 2062//2062 1479//1479
f 2062//2062 1001//1001 950//950
f 3629//3629 1370//1370 248//248
f 1003//1003 1002//1002 2089//2089
f 90//90 3881//3881 1483//1483
f 2730//2730 1374//1374 339//339
f 249//249 812//812 3952//3952
f 2547//2547 2628//2628 485//485
f 1005//1005 2091//2091 2970//2970
f 3353//3353 2093//2093 3352//3352
f 3354//3354 2824//2824 3802//3802
f 3357//3357 2095//2095 3356//3356
f 2633//2633 2095//2095 2634//2634
f 3358//3358 2096//2096 3357//3357
f 3231//3231 1497//1497 3228//3228
f 3095//3095 2637//2637 2978//2978
f 1938//1938 3040//3040 2638//2638
f 3177//3177 257//257 3233//3233
f 2639//2639 1500//1500 3041//3041
f 2861//2861 3359//3359 2097//2097
f 3360//3360 2098//2098 2640//2640
f 3361//3361 3645//3645 4092//4092
f 2459//2459 1504//1504 3237//3237
f 4092//4092 4073//4073 2867//2867
f 2641//2641 3625//3625 3118//3118
f 1507//1507 3363//3363 3364//3364
f 3365//3365 1010//1010 4197//4197
f 3247//3247 264//264 3366//3366
f 109//109 3148//3148 2645//2645
f 3845//3845 2983//2983 393//393
f 2646//2646 2645//2645 4093//4093
f 1514//1514 2647//2647 3585//3585
f 3369//3369 2106//2106 2648//2648
f 3254//3254 3821//3821 3253//3253
f 3371//3371 113//113 2648//2648
f 678//678 2054//2054 3348//3348
f 1013//1013 3376//3376 1859//1859
f 3799//3799 1859//1859 3376//3376
f 2946//2946 3647//3647 1860//1860
f 3376//3376 271//271 3377//3377
f 2523//2523 1014//1014 118//118
f 3468//3468 749//749 3805//3805
f 1388//1388 272//272 3378//3378
f 2654//2654 1315//1315 3378//3378
f 826//826 2112//2112 1520//1520
f 1389//1389 1177//1177 750//750
f 750//750 1527//1527 1017//1017
f 1527//1527 750//750 1296//1296
f 278//278 540//540 1861//1861
f 1525//1525 1019//1019 4246//4246
f 4201//4201 2114//2114 2256//2256
f 1961//1961 833//833 3637//3637
f 126//126 2951//2951 128//128
f 2656//2656 295//295 752//752
f 1536//1536 1026//1026 302//302
f 2265//2265 2988//2988 153//153
f 1391//1391 149//149 2988//2988
f 2988//2988 77//77 1391//1391
f 76//76 1545//1545 1546//1546
f 1546//1546 31//31 2118//2118
f 1028//1028 3591//3591 2118//2118
f 2119//2119 2789//2789 2120//2120
f 308//308 2120//2120 2789//2789
f 851//851 584//584 1031//1031
f 2789//2789 1537//1537 308//308
f 756//756 2121//2121 1032//1032
f 1538//1538 307//307 306//306
f 308//308 1537//1537 78//78
f 2121//2121 78//78 1537//1537
f 79//79 1473//1473 310//310
f 1556//1556 310//310 1473//1473
f 757//757 1559//1559 1034//1034
f 1556//1556 1034//1034 1559//1559
f 310//310 1556//1556 158//158
f 2122//2122 1844//1844 1036//1036
f 1845//1845 741//741 3629//3629
f 1394//1394 1393//1393 1035//1035
f 1036//1036 1844//1844 2123//2123
f 1844//1844 742//742 1395//1395
f 2123//2123 1395//1395 1394//1394
f 311//311 861//861 1864//1864
f 1864//1864 1978//1978 1398//1398
f 1864//1864 1398//1398 758//758
f 860//860 1977//1977 1396//1396
f 1396//1396 3598//3598 1037//1037
f 1299//1299 1397//1397 467//467
f 1397//1397 1037//1037 2124//2124
f 312//312 1038//1038 2125//2125
f 1399//1399 2125//2125 1038//1038
f 1399//1399 311//311 2531//2531
f 2126//2126 758//758 35//35
f 1568//1568 3380//3380 4151//4151
f 314//314 595//595 2790//2790
f 595//595 1300//1300 3381//3381
f 1206//1206 1572//1572 1568//1568
f 1572//1572 315//315 3380//3380
f 313//313 1206//1206 1568//1568
f 1040//1040 4280//4280 868//868
f 40//40 1325//1325 3565//3565
f 4280//4280 161//161 1325//1325
f 869//869 1575//1575 1040//1040
f 316//316 1575//1575 1983//1983
f 1575//1575 869//869 2567//2567
f 470//470 1045//1045 1044//1044
f 329//329 1567//1567 1058//1058
f 1567//1567 1321//1321 1401//1401
f 1321//1321 2129//2129 1400//1400
f 2129//2129 327//327 1866//1866
f 1401//1401 1400//1400 2130//2130
f 2130//2130 1866//1866 167//167
f 1048//1048 2131//2131 1049//1049
f 331//331 4065//4065 1868//1868
f 170//170 2182//2182 334//334
f 1592//1592 334//334 2182//2182
f 763//763 2132//2132 1052//1052
f 332//332 1788//1788 333//333
f 1994//1994 333//333 1788//1788
f 334//334 1592//1592 1055//1055
f 2132//2132 1055//1055 1592//1592
f 763//763 2133//2133 1054//1054
f 1790//1790 1054//1054 3782//3782
f 1055//1055 2132//2132 1402//1402
f 336//336 1603//1603 4282//4282
f 1405//1405 2989//2989 1484//1484
f 1405//1405 3382//3382 2989//2989
f 1594//1594 2795//2795 2658//2658
f 2468//2468 1594//1594 2990//2990
f 890//890 1407//1407 4251//4251
f 3867//3867 606//606 4134//4134
f 1585//1585 4134//4134 606//606
f 2532//2532 4239//4239 1482//1482
f 3667//3667 329//329 3783//3783
f 1058//1058 1302//1302 329//329
f 2284//2284 2408//2408 1058//1058
f 3062//3062 3263//3263 3262//3262
f 3937//3937 2471//2471 2662//2662
f 1353//1353 1872//1872 2662//2662
f 2134//2134 2663//2663 173//173
f 1603//1603 2136//2136 3650//3650
f 3063//3063 1060//1060 2666//2666
f 3265//3265 1605//1605 3266//3266
f 3384//3384 343//343 2472//2472
f 3069//3069 1063//1063 2669//2669
f 2137//2137 3387//3387 3807//3807
f 3388//3388 1415//1415 2670//2670
f 2137//2137 2996//2996 2973//2973
f 2672//2672 3389//3389 2993//2993
f 2994//2994 3390//3390 2818//2818
f 2975//2975 93//93 1628//1628
f 3434//3434 3806//3806 94//94
f 3275//3275 94//94 2580//2580
f 1880//1880 2579//2579 3188//3188
f 3870//3870 3869//3869 2140//2140
f 2832//2832 3391//3391 2674//2674
f 1638//1638 1637//1637 2677//2677
f 3640//3640 350//350 3278//3278
f 2850//2850 182//182 2675//2675
f 3699//3699 2432//2432 353//353
f 498//498 3948//3948 3282//3282
f 3393//3393 2432//2432 3869//3869
f 3394//3394 1650//1650 2681//2681
f 2479//2479 355//355 3284//3284
f 2681//2681 3007//3007 1426//1426
f 188//188 3834//3834 2684//2684
f 1239//1239 3098//3098 2685//2685
f 2144//2144 4010//4010 3756//3756
f 367//367 3007//3007 2688//2688
f 3444//3444 100//100 2688//2688
f 2690//2690 3398//3398 2691//2691
f 370//370 3397//3397 3399//3399
f 3013//3013 3402//3402 1072//1072
f 192//192 2152//2152 372//372
f 2152//2152 192//192 2151//2151
f 2757//2757 2756//2756 3404//3404
f 2155//2155 377//377 1436//1436
f 1074//1074 3017//3017 2693//2693
f 3312//3312 3310//3310 2156//2156
f 1889//1889 2602//2602 4044//4044
f 514//514 2033//2033 107//107
f 2156//2156 2028//2028 2032//2032
f 2151//2151 192//192 1433//1433
f 2151//2151 1433//1433 194//194
f 2440//2440 3117//3117 1705//1705
f 2157//2157 3408//3408 3019//3019
f 3199//3199 1891//1891 2883//2883
f 379//379 2155//2155 2158//2158
f 106//106 2425//2425 4054//4054
f 2699//2699 3203//3203 1944//1944
f 2699//2699 3241//3241 1943//1943
f 2891//2891 4290//4290 3020//3020
f 3320//3320 384//384 3319//3319
f 2700//2700 2162//2162 2701//2701
f 3410//3410 194//194 3969//3969
f 3412//3412 1080//1080 2703//2703
f 2892//2892 3139//3139 2705//2705
f 3142//3142 3331//3331 930//930
f 1897//1897 2042//2042 3207//3207
f 4026//4026 389//389 2614//2614
f 3208//3208 388//388 2902//2902
f 1737//1737 4146//4146 3325//3325
f 110//110 2427//2427 3025//3025
f 1744//1744 3820//3820 2708//2708
f 3153//3153 1748//1748 2710//2710
f 3884//3884 2905//2905 3024//3024
f 3540//3540 1749//1749 2513//2513
f 3462//3462 394//394 2513//2513
f 3415//3415 113//113 3414//3414
f 2712//2712 2166//2166 2713//2713
f 3338//3338 1754//1754 4055//4055
f 2900//2900 398//398 3417//3417
f 3340//3340 1758//1758 3341//3341
f 1759//1759 200//200 2168//2168
f 2717//2717 2168//2168 1762//1762
f 3539//3539 3560//3560 400//400
f 2170//2170 400//400 1452//1452
f 2171//2171 2719//2719 2620//2620
f 532//532 2171//2171 116//116
f 4006//4006 690//690 1348//1348
f 690//690 4006//4006 1904//1904
f 2443//2443 2366//2366 3689//3689
f 2173//2173 3808//3808 3026//3026
f 3213//3213 402//402 2050//2050
f 2172//2172 3828//3828 3342//3342
f 2444//2444 3419//3419 269//269
f 115//115 2428//2428 3028//3028
f 1771//1771 1770//1770 1087//1087
f 1454//1454 1771//1771 2935//2935
f 1772//1772 405//405 3256//3256
f 1089//1089 1778//1778 2937//2937
f 205//205 2723//2723 2177//2177
f 2723//2723 420//420 2176//2176
f 2177//2177 2176//2176 2179//2179
f 780//780 2180//2180 1091//1091
f 409//409 4196//4196 410//410
f 2178//2178 1091//1091 2180//2180
f 207//207 2178//2178 2180//2180
f 1092//1092 3809//3809 780//780
f 118//118 1953//1953 1093//1093
f 2181//2181 1093//1093 1521//1521
f 1093//1093 2181//2181 411//411
f 2071//2071 4172//4172 4109//4109
f 1094//1094 1305//1305 1463//1463
f 1784//1784 169//169 1590//1590
f 413//413 2182//2182 170//170
f 1223//1223 2182//2182 1784//1784
f 1306//1306 1784//1784 1590//1590
f 1402//1402 1459//1459 1097//1097
f 3810//3810 3421//3421 2183//2183
f 3421//3421 1098//1098 2183//2183
f 1909//1909 1099//1099 1460//1460
f 1099//1099 1909//1909 410//410
f 2186//2186 1099//1099 417//417
f 784//784 1910//1910 961//961
f 416//416 1307//1307 2525//2525
f 2187//2187 784//784 1307//1307
f 784//784 2187//2187 785//785
f 2367//2367 209//209 1463//1463
f 2515//2515 4132//4132 2188//2188
f 2188//2188 3422//3422 2189//2189
f 3422//3422 1104//1104 2189//2189
f 787//787 1107//1107 788//788
f 2073//2073 419//419 3169//3169
f 420//420 2723//2723 213//213
f 988//988 1362//1362 1911//1911
f 423//423 2191//2191 3607//3607
f 2192//2192 1285//1285 1811//1811
f 2193//2193 1811//1811 128//128
f 1114//1114 4303//4303 1115//1115
f 1811//1811 1115//1115 4303//4303
f 3635//3635 1960//1960 427//427
f 428//428 3590//3590 213//213
f 790//790 3425//3425 1117//1117
f 126//126 1529//1529 428//428
f 224//224 792//792 2194//2194
f 1820//1820 2195//2195 3172//3172
f 548//548 1963//1963 432//432
f 1827//1827 793//793 1285//1285
f 2197//2197 1123//1123 2080//2080
f 2200//2200 1125//1125 3426//3426
f 993//993 1820//1820 3172//3172
f 450//450 1917//1917 1468//1468
f 27//27 1471//1471 3595//3595
f 1471//1471 236//236 1131//1131
f 77//77 848//848 2418//2418
f 461//461 2202//2202 240//240
f 462//462 2202//2202 2260//2260
f 463//463 1549//1549 241//241
f 33//33 2203//2203 462//462
f 33//33 2204//2204 3951//3951
f 1472//1472 3951//3951 2204//2204
f 242//242 1474//1474 464//464
f 78//78 2121//2121 79//79
f 1473//1473 79//79 2121//2121
f 465//465 2205//2205 307//307
f 2206//2206 307//307 2205//2205
f 1134//1134 2206//2206 1034//1034
f 3951//3951 1472//1472 3811//3811
f 799//799 2207//2207 1133//1133
f 242//242 1919//1919 466//466
f 1365//1365 466//466 1919//1919
f 467//467 3811//3811 35//35
f 243//243 2209//2209 468//468
f 2209//2209 243//243 2208//2208
f 243//243 468//468 2210//2210
f 2627//2627 3887//3887 3812//3812
f 469//469 1923//1923 801//801
f 801//801 1577//1577 80//80
f 1577//1577 801//801 1923//1923
f 1924//1924 996//996 1925//1925
f 1925//1925 1476//1476 1139//1139
f 1927//1927 81//81 2727//2727
f 2447//2447 2727//2727 478//478
f 2411//2411 1048//1048 1000//1000
f 89//89 2211//2211 1147//1147
f 2212//2212 1147//1147 2211//2211
f 1146//1146 3871//3871 1477//1477
f 3871//3871 1976//1976 1371//1371
f 1477//1477 3871//3871 1371//1371
f 1147//1147 2212//2212 482//482
f 1478//1478 482//482 2212//2212
f 3218//3218 2087//2087 808//808
f 2085//2085 1001//1001 2084//2084
f 808//808 2086//2086 481//481
f 482//482 1478//1478 2213//2213
f 1478//1478 1003//1003 2089//2089
f 2213//2213 2089//2089 2214//2214
f 2088//2088 741//741 1928//1928
f 1002//1002 1928//1928 810//810
f 2214//2214 1480//1480 41//41
f 1996//1996 2215//2215 2972//2972
f 2971//2971 336//336 4282//4282
f 2730//2730 1999//1999 3351//3351
f 1999//1999 3261//3261 3427//3427
f 1609//1609 2217//2217 2218//2218
f 2217//2217 1149//1149 2469//2469
f 1931//1931 2733//2733 3221//3221
f 1609//1609 1488//1488 2217//2217
f 43//43 3428//3428 1486//1486
f 2219//2219 3429//3429 2734//2734
f 1487//1487 1488//1488 3065//3065
f 1609//1609 1608//1608 3430//3430
f 3430//3430 813//813 3431//3431
f 3067//3067 1152//1152 3069//3069
f 3431//3431 813//813 814//814
f 3174//3174 1849//1849 3270//3270
f 2419//2419 345//345 3387//3387
f 3433//3433 44//44 4157//4157
f 2581//2581 1639//1639 3435//3435
f 2478//2478 3945//3945 3909//3909
f 1154//1154 3891//3891 3936//3936
f 3279//3279 4202//4202 2741//2741
f 3083//3083 1155//1155 2528//2528
f 497//497 4103//4103 2742//2742
f 3394//3394 96//96 2743//2743
f 3283//3283 499//499 3176//3176
f 1425//1425 3593//3593 186//186
f 3961//3961 3992//3992 2482//2482
f 1664//1664 2639//2639 3041//3041
f 3042//3042 2226//2226 3761//3761
f 3100//3100 3959//3959 2748//2748
f 1940//1940 4300//4300 3439//3439
f 3439//3439 2854//2854 1940//1940
f 3439//3439 1672//1672 504//504
f 1673//1673 3676//3676 2229//2229
f 3441//3441 4012//4012 3296//3296
f 912//912 4017//4017 2489//2489
f 504//504 3442//3442 3763//3763
f 3443//3443 2230//2230 2750//2750
f 3444//3444 2231//2231 3446//3446
f 3397//3397 101//101 3446//3446
f 3447//3447 3443//3443 1008//1008
f 3299//3299 505//505 2423//2423
f 3400//3400 3764//3764 4192//4192
f 3450//3450 1161//1161 2756//2756
f 3045//3045 3453//3453 3573//3573
f 821//821 3573//3573 3453//3453
f 3454//3454 2233//2233 3452//3452
f 1162//1162 3048//3048 3114//3114
f 3457//3457 1507//1507 3364//3364
f 1383//1383 2982//2982 2764//2764
f 3747//3747 3242//3242 2416//2416
f 107//107 2499//2499 514//514
f 3459//3459 518//518 3460//3460
f 2529//2529 1857//1857 2769//2769
f 3460//3460 519//519 2243//2243
f 2767//2767 2242//2242 3140//3140
f 50//50 3594//3594 519//519
f 3248//3248 4223//4223 1946//1946
f 3918//3918 3643//3643 3804//3804
f 2426//2426 2983//2983 2772//2772
f 2164//2164 2426//2426 390//390
f 111//111 2508//2508 523//523
f 2104//2104 523//523 2508//2508
f 523//523 2104//2104 2244//2244
f 1514//1514 3585//3585 1740//1740
f 3338//3338 524//524 3462//3462
f 3417//3417 112//112 3463//3463
f 2775//2775 2245//2245 2776//2776
f 3463//3463 112//112 3415//3415
f 3464//3464 526//526 3465//3465
f 2779//2779 1167//1167 2530//2530
f 529//529 4090//4090 4027//4027
f 2251//2251 3340//3340 2055//2055
f 3467//3467 3767//3767 1519//1519
f 2985//2985 1763//1763 3372//3372
f 1950//1950 530//530 4014//4014
f 2961//2961 2783//2783 1343//1343
f 532//532 4045//4045 2109//2109
f 2517//2517 3586//3586 3848//3848
f 826//826 3861//3861 4180//4180
f 1951//1951 4180//4180 1313//1313
f 271//271 2252//2252 1014//1014
f 1953//1953 1014//1014 2252//2252
f 1014//1014 1953//1953 118//118
f 1521//1521 1093//1093 1953//1953
f 2060//2060 3799//3799 2061//2061
f 3377//3377 1014//1014 2523//2523
f 2061//2061 3377//3377 3876//3876
f 829//829 3468//3468 533//533
f 3892//3892 2655//2655 1175//1175
f 2111//2111 1315//1315 2565//2565
f 3966//3966 965//965 1954//1954
f 3893//3893 1955//1955 1176//1176
f 278//278 1524//1524 1833//1833
f 1524//1524 1956//1956 3893//3893
f 540//540 972//972 1389//1389
f 2113//2113 1177//1177 2254//2254
f 2255//2255 3893//3893 1956//1956
f 276//276 1316//1316 1110//1110
f 1526//1526 1110//1110 1316//1316
f 1110//1110 1526//1526 424//424
f 2200//2200 424//424 1526//1526
f 2256//2256 2114//2114 1528//1528
f 2114//2114 4246//4246 3057//3057
f 277//277 1956//1956 3648//3648
f 3664//3664 1017//1017 1180//1180
f 1959//1959 3664//3664 3569//3569
f 1180//1180 991//991 3664//3664
f 3648//3648 1861//1861 3664//3664
f 1283//1283 1528//1528 3057//3057
f 1182//1182 2257//2257 1117//1117
f 128//128 4303//4303 126//126
f 1529//1529 126//126 4303//4303
f 545//545 1805//1805 279//279
f 1531//1531 279//279 1805//1805
f 1183//1183 2386//2386 4110//4110
f 1532//1532 4110//4110 2386//2386
f 279//279 1812//1812 1813//1813
f 3786//3786 2076//2076 127//127
f 3649//3649 2116//2116 834//834
f 2258//2258 834//834 2116//2116
f 546//546 1816//1816 1964//1964
f 280//280 2078//2078 2077//2077
f 2259//2259 1831//1831 4037//4037
f 1831//1831 2259//2259 3827//3827
f 547//547 2259//2259 130//130
f 283//283 282//282 2400//2400
f 1184//1184 837//837 4064//4064
f 1533//1533 24//24 561//561
f 151//151 2263//2263 21//21
f 1535//1535 1188//1188 293//293
f 153//153 2988//2988 149//149
f 1535//1535 149//149 1391//1391
f 849//849 1023//1023 844//844
f 3638//3638 843//843 298//298
f 1033//1033 2787//2787 579//579
f 1967//1967 756//756 580//580
f 3616//3616 581//581 1988//1988
f 583//583 3993//3993 1319//1319
f 1542//1542 851//851 2280//2280
f 75//75 584//584 77//77
f 1549//1549 463//463 1551//1551
f 1543//1543 1551//1551 463//463
f 585//585 1541//1541 156//156
f 1541//1541 585//585 459//459
f 21//21 459//459 585//585
f 459//459 21//21 2263//2263
f 1188//1188 2264//2264 3934//3934
f 2264//2264 1188//1188 1544//1544
f 1843//1843 2265//2265 849//849
f 2265//2265 1023//1023 849//849
f 33//33 76//76 2204//2204
f 1971//1971 3591//3591 1028//1028
f 578//578 1392//1392 2466//2466
f 1032//1032 1969//1969 754//754
f 1969//1969 1032//1032 1537//1537
f 301//301 1967//1967 580//580
f 1543//1543 2203//2203 1194//1194
f 2266//2266 1194//1194 2203//2203
f 1194//1194 2266//2266 4063//4063
f 2266//2266 3951//3951 2267//2267
f 2082//2082 798//798 2120//2120
f 755//755 2120//2120 798//798
f 78//78 2268//2268 308//308
f 2082//2082 308//308 2268//2268
f 756//756 1967//1967 1134//1134
f 2206//2206 1134//1134 1967//1967
f 1033//1033 155//155 4068//4068
f 588//588 2269//2269 3//3
f 4068//4068 2261//2261 1197//1197
f 2269//2269 1197//1197 2261//2261
f 589//589 2270//2270 588//588
f 309//309 2271//2271 465//465
f 1197//1197 2269//2269 853//853
f 2270//2270 853//853 2269//2269
f 853//853 2270//2270 1560//1560
f 34//34 2272//2272 589//589
f 310//310 2273//2273 79//79
f 757//757 2271//2271 3665//3665
f 590//590 1974//1974 2274//2274
f 2272//2272 1200//1200 1560//1560
f 157//157 2275//2275 34//34
f 1974//1974 857//857 2274//2274
f 3775//3775 4156//4156 590//590
f 591//591 2277//2277 2276//2276
f 4//4 2290//2290 2277//2277
f 1051//1051 1562//1562 1992//1992
f 856//856 4032//4032 762//762
f 1049//1049 4065//4065 331//331
f 856//856 1564//1564 1973//1973
f 1564//1564 1049//1049 2131//2131
f 2274//2274 3665//3665 2271//2271
f 1145//1145 1973//1973 480//480
f 1565//1565 1145//1145 1559//1559
f 158//158 1559//1559 1145//1145
f 1394//1394 1035//1035 1038//1038
f 859//859 3871//3871 1146//1146
f 1142//1142 2211//2211 89//89
f 3058//3058 2728//2728 1977//1977
f 2124//2124 1037//1037 1566//1566
f 1566//1566 1141//1141 81//81
f 79//79 2273//2273 1972//1972
f 854//854 1979//1979 995//995
f 1979//1979 854//854 3599//3599
f 863//863 1036//1036 1199//1199
f 863//863 2122//2122 1036//1036
f 2122//2122 863//863 2414//2414
f 1199//1199 2123//2123 312//312
f 2123//2123 1199//1199 1036//1036
f 466//466 1198//1198 1920//1920
f 2125//2125 1920//1920 1198//1198
f 1198//1198 312//312 2125//2125
f 799//799 2126//2126 2207//2207
f 2126//2126 799//799 1039//1039
f 1567//1567 329//329 1046//1046
f 2278//2278 1046//1046 1981//1981
f 159//159 1981//1981 1046//1046
f 1204//1204 2279//2279 1320//1320
f 2279//2279 327//327 2129//2129
f 1320//1320 2129//2129 1321//1321
f 864//864 1980//1980 865//865
f 593//593 891//891 2296//2296
f 2791//2791 594//594 1982//1982
f 1300//1300 1579//1579 3985//3985
f 595//595 1579//1579 1300//1300
f 1300//1300 3985//3985 313//313
f 1982//1982 594//594 39//39
f 2280//2280 866//866 1323//1323
f 1139//1139 1323//1323 866//866
f 866//866 2280//2280 1207//1207
f 2282//2282 81//81 1574//1574
f 1574//1574 1927//1927 1310//1310
f 1927//1927 1574//1574 81//81
f 1208//1208 2283//2283 1040//1040
f 326//326 1576//1576 1193//1193
f 1576//1576 326//326 997//997
f 1210//1210 1577//1577 1209//1209
f 1984//1984 2567//2567 3258//3258
f 1578//1578 1136//1136 3574//3574
f 1989//1989 1202//1202 1578//1578
f 1202//1202 1989//1989 328//328
f 1578//1578 1202//1202 2209//2209
f 468//468 2209//2209 1202//1202
f 875//875 1985//1985 2279//2279
f 875//875 2279//2279 1204//1204
f 3812//3812 1203//1203 800//800
f 800//800 1985//1985 875//875
f 1921//1921 875//875 469//469
f 160//160 315//315 1045//1045
f 1044//1044 1206//1206 2127//2127
f 313//313 3985//3985 1206//1206
f 595//595 314//314 3470//3470
f 1579//1579 595//595 3470//3470
f 471//471 1580//1580 1138//1138
f 316//316 1137//1137 1575//1575
f 1208//1208 1575//1575 1137//1137
f 322//322 3878//3878 1208//1208
f 1208//1208 3878//3878 2283//2283
f 2128//2128 2283//2283 3878//3878
f 4063//4063 878//878 1552//1552
f 1987//1987 1552//1552 878//878
f 1987//1987 2282//2282 1581//1581
f 2282//2282 1987//1987 1326//1326
f 805//805 2281//2281 1581//1581
f 304//304 1195//1195 1970//1970
f 1582//1582 1970//1970 1195//1195
f 1031//1031 1582//1582 1207//1207
f 166//166 1325//1325 40//40
f 1325//1325 166//166 1583//1583
f 166//166 605//605 1583//1583
f 1583//1583 597//597 868//868
f 597//597 1988//1988 3258//3258
f 3616//3616 20//20 581//581
f 340//340 1056//1056 338//338
f 4147//4147 1213//1213 4151//4151
f 1408//1408 159//159 3667//3667
f 329//329 3667//3667 1046//1046
f 339//339 2284//2284 1998//1998
f 2284//2284 1401//1401 2130//2130
f 1998//1998 2130//2130 167//167
f 1586//1586 328//328 3476//3476
f 881//881 3476//3476 328//328
f 2285//2285 881//881 1327//1327
f 1587//1587 3668//3668 880//880
f 3033//3033 36//36 880//880
f 1140//1140 1587//1587 36//36
f 1587//1587 1140//1140 1599//1599
f 882//882 1990//1990 1215//1215
f 3797//3797 1143//1143 1588//1588
f 89//89 1588//1588 1143//1143
f 1216//1216 2798//2798 1991//1991
f 2412//2412 1930//1930 2731//2731
f 1930//1930 883//883 1589//1589
f 2731//2731 1589//1589 2732//2732
f 1147//1147 2287//2287 89//89
f 2287//2287 1147//1147 2216//2216
f 2469//2469 1148//1148 1217//1217
f 1148//1148 2213//2213 2214//2214
f 1217//1217 2214//2214 41//41
f 1301//1301 1867//1867 1220//1220
f 2289//2289 330//330 610//610
f 884//884 3597//3597 953//953
f 168//168 2290//2290 4//4
f 2290//2290 953//953 3597//3597
f 2290//2290 168//168 1221//1221
f 1331//1331 886//886 3955//3955
f 334//334 2291//2291 170//170
f 1331//1331 170//170 2291//2291
f 3669//3669 2293//2293 121//121
f 887//887 2293//2293 1053//1053
f 171//171 889//889 3669//3669
f 2293//2293 3669//3669 888//888
f 888//888 2944//2944 1053//1053
f 1225//1225 889//889 171//171
f 619//619 3472//3472 3471//3471
f 1334//1334 335//335 2794//2794
f 42//42 3473//3473 3472//3472
f 621//621 3474//3474 3473//3473
f 891//891 3600//3600 2296//2296
f 3900//3900 2991//2991 2430//2430
f 765//765 2992//2992 1871//1871
f 19//19 2296//2296 622//622
f 2451//2451 1372//1372 3475//3475
f 4008//4008 608//608 3475//3475
f 608//608 4008//4008 2285//2285
f 2285//2285 3476//3476 881//881
f 2297//2297 1214//1214 3476//3476
f 2798//2798 607//607 2298//2298
f 1990//1990 2298//2298 1215//1215
f 1600//1600 1217//1217 1335//1335
f 41//41 1335//1335 1217//1217
f 2001//2001 957//957 2965//2965
f 1872//1872 1353//1353 956//956
f 1226//1226 1059//1059 3477//3477
f 1059//1059 1409//1409 3477//3477
f 2134//2134 173//173 2467//2467
f 2300//2300 1097//1097 4046//4046
f 1602//1602 2819//2819 4313//4313
f 2801//2801 2302//2302 3074//3074
f 3478//3478 342//342 2475//2475
f 336//336 2215//2215 3063//3063
f 3063//3063 2215//2215 1060//1060
f 3183//3183 1412//1412 3260//3260
f 485//485 2091//2091 3429//3429
f 3428//3428 487//487 3479//3479
f 494//494 1631//1631 3184//3184
f 2803//2803 2303//2303 2804//2804
f 3479//3479 92//92 3716//3716
f 2569//2569 3748//3748 3222//3222
f 3383//3383 2135//2135 2805//2805
f 3186//3186 1875//1875 2570//2570
f 3480//3480 1062//1062 2945//2945
f 2809//2809 2306//2306 2807//2807
f 2533//2533 1875//1875 2808//2808
f 3481//3481 1153//1153 3480//3480
f 2812//2812 2307//2307 2809//2809
f 2813//2813 2307//2307 2812//2812
f 3189//3189 348//348 4005//4005
f 2630//2630 2093//2093 2810//2810
f 2808//2808 3670//3670 2811//2811
f 2815//2815 2308//2308 2813//2813
f 3481//3481 2307//2307 3482//3482
f 4011//4011 4070//4070 3077//3077
f 3482//3482 2308//2308 3483//3483
f 3483//3483 2309//2309 3078//3078
f 2326//2326 3498//3498 3484//3484
f 1619//1619 2816//2816 2848//2848
f 179//179 3071//3071 3484//3484
f 1336//1336 2956//2956 492//492
f 2474//2474 2818//2818 4018//4018
f 3587//3587 1624//1624 3957//3957
f 3355//3355 3076//3076 2821//2821
f 2822//2822 1231//1231 1629//1629
f 1630//1630 2824//2824 1606//1606
f 1606//1606 2666//2666 3485//3485
f 1232//1232 3839//3839 2573//2573
f 2221//2221 3432//3432 3852//3852
f 814//814 3068//3068 2738//2738
f 3870//3870 2140//2140 1616//1616
f 2140//2140 178//178 3386//3386
f 897//897 1234//1234 2577//2577
f 634//634 2015//2015 3277//3277
f 2014//2014 1659//1659 1660//1660
f 2009//2009 2014//2014 631//631
f 1635//1635 3079//3079 2826//2826
f 2826//2826 493//493 3390//3390
f 3919//3919 180//180 3488//3488
f 2671//2671 2138//2138 3093//3093
f 345//345 2222//2222 1637//1637
f 2222//2222 95//95 2005//2005
f 1637//1637 2005//2005 1065//1065
f 3274//3274 349//349 3190//3190
f 3489//3489 901//901 3227//3227
f 3489//3489 2314//2314 2830//2830
f 2829//2829 497//497 3490//3490
f 3190//3190 350//350 3096//3096
f 2830//2830 2315//2315 2831//2831
f 3490//3490 97//97 3491//3491
f 2831//2831 2316//2316 3041//3041
f 3491//3491 97//97 4047//4047
f 2454//2454 1493//1493 4309//4309
f 2998//2998 3699//3699 3492//3492
f 2832//2832 2317//2317 2833//2833
f 3356//3356 1494//1494 3492//3492
f 4035//4035 2678//2678 900//900
f 1234//1234 897//897 3084//3084
f 2476//2476 6//6 3493//3493
f 903//903 2835//2835 2836//2836
f 3493//3493 183//183 3494//3494
f 2834//2834 1883//1883 1496//1496
f 2836//2836 2319//2319 2839//2839
f 2839//2839 2320//2320 4286//4286
f 3494//3494 635//635 4138//4138
f 2551//2551 1497//1497 3097//3097
f 3231//3231 499//499 3291//3291
f 2634//2634 2096//2096 2840//2840
f 2840//2840 1666//1666 3098//3098
f 3358//3358 356//356 2487//2487
f 2550//2550 1935//1935 2841//2841
f 2490//2490 645//645 3193//3193
f 1240//1240 2321//2321 1667//1667
f 1423//1423 4074//4074 3920//3920
f 638//638 4056//4056 3510//3510
f 3842//3842 2022//2022 3738//3738
f 640//640 2958//2958 3496//3496
f 357//357 2843//2843 3788//3788
f 1886//1886 500//500 501//501
f 187//187 3497//3497 3674//3674
f 643//643 3498//3498 3497//3497
f 634//634 2849//2849 3090//3090
f 2327//2327 2976//2976 2850//2850
f 3177//3177 3233//3233 3232//3232
f 3902//3902 3438//3438 3675//3675
f 2225//2225 3437//3437 3854//3854
f 1238//1238 2592//2592 2328//2328
f 3194//3194 636//636 3501//3501
f 2146//2146 3007//3007 2681//2681
f 909//909 2331//2331 2330//2330
f 907//907 3677//3677 3087//3087
f 2023//2023 2024//2024 639//639
f 364//364 4203//4203 3756//3756
f 2147//2147 2332//2332 186//186
f 2853//2853 3404//3404 2852//2852
f 189//189 3913//3913 3769//3769
f 3880//3880 2333//2333 2854//2854
f 4311//4311 3303//3303 4308//4308
f 3880//3880 2855//2855 2333//2333
f 2489//2489 4051//4051 912//912
f 3834//3834 188//188 3502//3502
f 912//912 2858//2858 3103//3103
f 1501//1501 1159//1159 2334//2334
f 3502//3502 100//100 2640//2640
f 1070//1070 2331//2331 909//909
f 365//365 2437//2437 2490//2490
f 3503//3503 4094//4094 3305//3305
f 3727//3727 2335//2335 3818//3818
f 3506//3506 2335//2335 3505//3505
f 3514//3514 1695//1695 3506//3506
f 2438//2438 2866//2866 3307//3307
f 372//372 3765//3765 3949//3949
f 2498//2498 2336//2336 3046//3046
f 3238//3238 1506//1506 3308//3308
f 3507//3507 2869//2869 3508//3508
f 3236//3236 506//506 2439//2439
f 3509//3509 2337//2337 3508//3508
f 3510//3510 2322//2322 3509//3509
f 2873//2873 772//772 1668//1668
f 2876//2876 2339//2339 3456//3456
f 3197//3197 1432//1432 3313//3313
f 2878//2878 508//508 4116//4116
f 3511//3511 4094//4094 505//505
f 377//377 2880//2880 1436//1436
f 3106//3106 657//657 3306//3306
f 3513//3513 1722//1722 3130//3130
f 3513//3513 1244//1244 2596//2596
f 3131//3131 1072//1072 3402//3402
f 2152//2152 2881//2881 3401//3401
f 1429//1429 3012//3012 3113//3113
f 2700//2700 774//774 3131//3131
f 2151//2151 3410//3410 2495//2495
f 1888//1888 1699//1699 4117//4117
f 510//510 3873//3873 3455//3455
f 2100//2100 1700//1700 2882//2882
f 3050//3050 3459//3459 2238//2238
f 1700//1700 4020//4020 514//514
f 3116//3116 2154//2154 3406//3406
f 2026//2026 1694//1694 3196//3196
f 3515//3515 1708//1708 3514//3514
f 659//659 3685//3685 3515//3515
f 4083//4083 2340//2340 3457//3457
f 925//925 2703//2703 3133//3133
f 925//925 2502//2502 3516//3516
f 1942//1942 3019//3019 2557//2557
f 3144//3144 1249//1249 2887//2887
f 3202//3202 2341//2341 380//380
f 2888//2888 1340//1340 2903//2903
f 2606//2606 1250//1250 1075//1075
f 2889//2889 2343//2343 2507//2507
f 3517//3517 2343//2343 2890//2890
f 3518//3518 2344//2344 2889//2889
f 1440//1440 1251//1251 3137//3137
f 2890//2890 2344//2344 4215//4215
f 4163//4163 1893//1893 1508//1508
f 3021//3021 198//198 3519//3519
f 2892//2892 2346//2346 2893//2893
f 3247//3247 1511//1511 3329//3329
f 3520//3520 666//666 4220//4220
f 2560//2560 1945//1945 2895//2895
f 3205//3205 1894//1894 3243//3243
f 2894//2894 2347//2347 3521//3521
f 4184//4184 2348//2348 1696//1696
f 2863//2863 1696//1696 3522//3522
f 2537//2537 1894//1894 3113//3113
f 3205//3205 384//384 2497//2497
f 2492//2492 2496//2496 3320//3320
f 3365//3365 2101//2101 2896//2896
f 4105//4105 194//194 1433//1433
f 2644//2644 1509//1509 2561//2561
f 3311//3311 3245//3245 517//517
f 2897//2897 2349//2349 2898//2898
f 3523//3523 4139//4139 3996//3996
f 2899//2899 2350//2350 3906//3906
f 775//775 4256//4256 3134//3134
f 3206//3206 4004//4004 3122//3122
f 3559//3559 3524//3524 3954//3954
f 3525//3525 3988//3988 2616//2616
f 3204//3204 3136//3136 3686//3686
f 1730//1730 1076//1076 3409//3409
f 3526//3526 1757//1757 2715//2715
f 4291//4291 1252//1252 1896//1896
f 52//52 3464//3464 2244//2244
f 2247//2247 2778//2778 4169//4169
f 2244//2244 2247//2247 523//523
f 388//388 3135//3135 1728//1728
f 1728//1728 3135//3135 3144//3144
f 2902//2902 1728//1728 2341//2341
f 3527//3527 3753//3753 3337//3337
f 3918//3918 266//266 4233//4233
f 1743//1743 393//393 200//200
f 932//932 1759//1759 2717//2717
f 3527//3527 671//671 3528//3528
f 3528//3528 672//672 4040//4040
f 673//673 2907//2907 1901//1901
f 2355//2355 3529//3529 391//391
f 1901//1901 2355//2355 391//391
f 2909//2909 1342//1342 2928//2928
f 3542//3542 2356//2356 4040//4040
f 3862//3862 2357//2357 2514//2514
f 2910//2910 2357//2357 3530//3530
f 2914//2914 2358//2358 2911//2911
f 2915//2915 2359//2359 2914//2914
f 2947//2947 202//202 3531//3531
f 3156//3156 2360//2360 2913//2913
f 3531//3531 395//395 3371//3371
f 1517//1517 2051//2051 3991//3991
f 3530//3530 2358//2358 3532//3532
f 2917//2917 2361//2361 2915//2915
f 3532//3532 2359//2359 3533//3533
f 3535//3535 2362//2362 2917//2917
f 2912//2912 1948//1948 2916//2916
f 3211//3211 1449//1449 3252//3252
f 3533//3533 2361//2361 3534//3534
f 2507//2507 1729//1729 3535//3535
f 3370//3370 2106//2106 2918//2918
f 3536//3536 2363//2363 3369//3369
f 2918//2918 2363//2363 3141//3141
f 1442//1442 1444//1444 3536//3536
f 3207//3207 386//386 525//525
f 3537//3537 2364//2364 4098//4098
f 2919//2919 2364//2364 2920//2920
f 3538//3538 2365//2365 3537//3537
f 2920//2920 2365//2365 3145//3145
f 1514//1514 1740//1740 3538//3538
f 778//778 2540//2540 3579//3579
f 2384//2384 1341//1341 202//202
f 1257//1257 2368//2368 4006//4006
f 3212//3212 2368//2368 2925//2925
f 4021//4021 1168//1168 3662//3662
f 2719//2719 2171//2171 3541//3541
f 3056//3056 3972//3972 2253//2253
f 2170//2170 2516//2516 2169//2169
f 2170//2170 2169//2169 3418//3418
f 402//402 1764//1764 1760//1760
f 1764//1764 1256//1256 3529//3529
f 2907//2907 1760//1760 2355//2355
f 3542//3542 680//680 3543//3543
f 1766//1766 3543//3543 3544//3544
f 2928//2928 2961//2961 3610//3610
f 3545//3545 2962//2962 3544//3544
f 2985//2985 3372//3372 2652//2652
f 1768//1768 2652//2652 4009//4009
f 938//938 1768//1768 4009//4009
f 1770//1770 3419//3419 2720//2720
f 3545//3545 204//204 3546//3546
f 684//684 3692//3692 1906//1906
f 1773//1773 3160//3160 3634//3634
f 1773//1773 2058//2058 1908//1908
f 1108//1108 1261//1261 3860//3860
f 1906//1906 3874//3874 3693//3693
f 2933//2933 3694//3694 3692//3692
f 2520//2520 408//408 3027//3027
f 3420//3420 2175//2175 3822//3822
f 2387//2387 703//703 1777//1777
f 686//686 941//941 3215//3215
f 2374//2374 1955//1955 4171//4171
f 4171//4171 1171//1171 1778//1778
f 2784//2784 4150//4150 1171//1171
f 1262//1262 940//940 2964//2964
f 119//119 2623//2623 1173//1173
f 4155//4155 1769//1769 2521//2521
f 3548//3548 1089//1089 2059//2059
f 963//963 2179//2179 207//207
f 409//409 1458//1458 1801//1801
f 1263//1263 1796//1796 2523//2523
f 1797//1797 118//118 1093//1093
f 1263//1263 118//118 1797//1797
f 411//411 1797//1797 1093//1093
f 947//947 1305//1305 1780//1780
f 781//781 1305//1305 947//947
f 691//691 4109//4109 3589//3589
f 4109//4109 691//691 948//948
f 1781//1781 948//948 691//691
f 2624//2624 809//809 2066//2066
f 955//955 2066//2066 809//809
f 1782//1782 481//481 2067//2067
f 952//952 2067//2067 481//481
f 2068//2068 952//952 613//613
f 1351//1351 951//951 1993//1993
f 1267//1267 1993//1993 951//951
f 2063//2063 88//88 1783//1783
f 1219//1219 1783//1783 88//88
f 1783//1783 1219//1219 3606//3606
f 1993//1993 1267//1267 1591//1591
f 885//885 1591//1591 1267//1267
f 3606//3606 1219//1219 3955//3955
f 1218//1218 3955//3955 609//609
f 170//170 1331//1331 1218//1218
f 412//412 1220//1220 2289//2289
f 1867//1867 2289//2289 1220//1220
f 1786//1786 2288//2288 1785//1785
f 1785//1785 610//610 3580//3580
f 2942//2942 611//611 122//122
f 611//611 2942//2942 1221//1221
f 1268//1268 2376//2376 1096//1096
f 2376//2376 1268//1268 2942//2942
f 2065//2065 2133//2133 2292//2292
f 1096//1096 2376//2376 954//954
f 2377//2377 954//954 2376//2376
f 274//274 2377//2377 122//122
f 954//954 2377//2377 887//887
f 121//121 2293//2293 274//274
f 2377//2377 274//274 2293//2293
f 615//615 414//414 210//210
f 614//614 2299//2299 2800//2800
f 2299//2299 614//614 1591//1591
f 1226//1226 1591//1591 885//885
f 1222//1222 1789//1789 2291//2291
f 1790//1790 333//333 2183//2183
f 1224//1224 2183//2183 333//333
f 2184//2184 3810//3810 3800//3800
f 2944//2944 888//888 2069//2069
f 1225//1225 615//615 2378//2378
f 4261//4261 2378//2378 615//615
f 2378//2378 4261//4261 2379//2379
f 958//958 2378//2378 783//783
f 211//211 2409//2409 696//696
f 2470//2470 1601//1601 2409//2409
f 2524//2524 2954//2954 1228//1228
f 2807//2807 2305//2305 2470//2470
f 541//541 4201//4201 3801//3801
f 3163//3163 959//959 3164//3164
f 1270//1270 2966//2966 3552//3552
f 272//272 1172//1172 3179//3179
f 1172//1172 1803//1803 1792//1792
f 2987//2987 3647//3647 2946//2946
f 2525//2525 2381//2381 3696//3696
f 3696//3696 2070//2070 206//206
f 271//271 1174//1174 2252//2252
f 3933//3933 2252//2252 1174//1174
f 2955//2955 964//964 2185//2185
f 1314//1314 2185//2185 1100//1100
f 2185//2185 964//964 2180//2180
f 1092//1092 1100//1100 3809//3809
f 1794//1794 1100//1100 1460//1460
f 947//947 1795//1795 1350//1350
f 1795//1795 947//947 3928//3928
f 945//945 2187//2187 4096//4096
f 1451//1451 1273//1273 2382//2382
f 2382//2382 1273//1273 2383//2383
f 2384//2384 2383//2383 1264//1264
f 2384//2384 1264//1264 1341//1341
f 1273//1273 1796//1796 1263//1263
f 1264//1264 2383//2383 411//411
f 1797//1797 411//411 2383//2383
f 2190//2190 2188//2188 949//949
f 2071//2071 948//948 3550//3550
f 966//966 3217//3217 1265//1265
f 1266//1266 2385//2385 692//692
f 1308//1308 1266//1266 699//699
f 966//966 2385//2385 4000//4000
f 700//700 4206//4206 2410//2410
f 3976//3976 2515//2515 3690//3690
f 2410//2410 2514//2514 4099//4099
f 420//420 1800//1800 2176//2176
f 1800//1800 1091//1091 2178//2178
f 2176//2176 2178//2178 2179//2179
f 967//967 3425//3425 790//790
f 3425//3425 967//967 1800//1800
f 213//213 3590//3590 420//420
f 2545//2545 969//969 419//419
f 697//697 3169//3169 969//969
f 1107//1107 3551//3551 979//979
f 2075//2075 3637//3637 3551//3551
f 2386//2386 1183//1183 970//970
f 686//686 1777//1777 703//703
f 3822//3822 1806//1806 1278//1278
f 2520//2520 1776//1776 3553//3553
f 3547//3547 704//704 3171//3171
f 2969//2969 422//422 685//685
f 1807//1807 1808//1808 1260//1260
f 3860//3860 2445//2445 1834//1834
f 2389//2389 706//706 3628//3628
f 705//705 1356//1356 1807//1807
f 2969//2969 2390//2390 2079//2079
f 67//67 1356//1356 705//705
f 451//451 707//707 1111//1111
f 543//543 2391//2391 423//423
f 2391//2391 543//543 542//542
f 1112//1112 2191//2191 1835//1835
f 1291//1291 2392//2392 975//975
f 4243//4243 976//976 1357//1357
f 710//710 4242//4242 217//217
f 4242//4242 978//978 4243//4243
f 59//59 2395//2395 710//710
f 1114//1114 2394//2394 1182//1182
f 1182//1182 2394//2394 2257//2257
f 2257//2257 3984//3984 425//425
f 1465//1465 425//425 544//544
f 1282//1282 4162//4162 833//833
f 128//128 2115//2115 2193//2193
f 2115//2115 4190//4190 1317//1317
f 2193//2193 1317//1317 2194//2194
f 2395//2395 978//978 4242//4242
f 1814//1814 4243//4243 978//978
f 218//218 4195//4195 59//59
f 2396//2396 1116//1116 2395//2395
f 978//978 2395//2395 1116//1116
f 1465//1465 1117//1117 2257//2257
f 1465//1465 544//544 1913//1913
f 688//688 4212//4212 711//711
f 790//790 1913//1913 1274//1274
f 1801//1801 427//427 701//701
f 428//428 1804//1804 2951//2951
f 2951//2951 1275//1275 2115//2115
f 979//979 2115//2115 1275//1275
f 2951//2951 126//126 428//428
f 213//213 1804//1804 428//428
f 127//127 2397//2397 3786//3786
f 2397//2397 1283//1283 3697//3697
f 429//429 1816//1816 3826//3826
f 1181//1181 3697//3697 1283//1283
f 2397//2397 127//127 1836//1836
f 2393//2393 1916//1916 439//439
f 1282//1282 2399//2399 431//431
f 1829//1829 431//431 2399//2399
f 430//430 2399//2399 1813//1813
f 1530//1530 977//977 4024//4024
f 2463//2463 2076//2076 1822//1822
f 2076//2076 2463//2463 127//127
f 1812//1812 1530//1530 4024//4024
f 715//715 2400//2400 282//282
f 546//546 1823//1823 2398//2398
f 1823//1823 3973//3973 2398//2398
f 1816//1816 2398//2398 3826//3826
f 982//982 3350//3350 980//980
f 1818//1818 1817//1817 1862//1862
f 1466//1466 129//129 712//712
f 2195//2195 718//718 1359//1359
f 1359//1359 1360//1360 433//433
f 3827//3827 2403//2403 1292//1292
f 222//222 1467//1467 436//436
f 1915//1915 1963//1963 2725//2725
f 718//718 1360//1360 1359//1359
f 1360//1360 718//718 719//719
f 1360//1360 719//719 1361//1361
f 2196//2196 435//435 720//720
f 11//11 984//984 1361//1361
f 2392//2392 723//723 225//225
f 2392//2392 225//225 724//724
f 2392//2392 724//724 1357//1357
f 709//709 1357//1357 724//724
f 2405//2405 552//552 1831//1831
f 601//601 3698//3698 1467//1467
f 2626//2626 440//440 725//725
f 725//725 1830//1830 2403//2403
f 2403//2403 717//717 725//725
f 874//874 1832//1832 2404//2404
f 320//320 1212//1212 3562//3562
f 441//441 986//986 1287//1287
f 1915//1915 986//986 4050//4050
f 2374//2374 1176//1176 1955//1955
f 1176//1176 2374//2374 940//940
f 1833//1833 971//971 540//540
f 971//971 2373//2373 941//941
f 1176//1176 1262//1262 1524//1524
f 1833//1833 1524//1524 1262//1262
f 2387//2387 987//987 2254//2254
f 987//987 2387//2387 1277//1277
f 1278//1278 1806//1806 2462//2462
f 989//989 4161//4161 2388//2388
f 2462//2462 1806//1806 989//989
f 3785//3785 1278//1278 2462//2462
f 2197//2197 1122//1122 1123//1123
f 2389//2389 3628//3628 447//447
f 1122//1122 1109//1109 449//449
f 138//138 2390//2390 67//67
f 448//448 1362//1362 988//988
f 973//973 3983//3983 3636//3636
f 3636//3636 734//734 990//990
f 543//543 1957//1957 542//542
f 2080//2080 542//542 1957//1957
f 423//423 2391//2391 2191//2191
f 2391//2391 1179//1179 1835//1835
f 1112//1112 1835//1835 1280//1280
f 1280//1280 2198//2198 1809//1809
f 1113//1113 1809//1809 1838//1838
f 1838//1838 2199//2199 57//57
f 1181//1181 2406//2406 3973//3973
f 3779//3779 713//713 3826//3826
f 2406//2406 1181//1181 4262//4262
f 219//219 4204//4204 707//707
f 1527//1527 125//125 4204//4204
f 981//981 991//991 980//980
f 1824//1824 980//980 2407//2407
f 991//991 1180//1180 2407//2407
f 1125//1125 2200//2200 974//974
f 2074//2074 789//789 1468//1468
f 789//789 2074//2074 423//423
f 450//450 1468//1468 789//789
f 2191//2191 1112//1112 1363//1363
f 992//992 1363//1363 1112//1112
f 1281//1281 1838//1838 57//57
f 1127//1127 1840//1840 1363//1363
f 1363//1363 1840//1840 3607//3607
f 2081//2081 1469//1469 4200//4200
f 1284//1284 3426//3426 1128//1128
f 432//432 1128//1128 1309//1309
f 2201//2201 2402//2402 1128//1128
f 716//716 1470//1470 736//736
f 1126//1126 1470//1470 1127//1127
f 2401//2401 1127//1127 1470//1470
f 2952//2952 549//549 1309//1309
f 536//536 2413//2413 273//273
f 169//169 2415//2415 1868//1868
f 1333//1333 2797//2797 1334//1334
f 2796//2796 1334//1334 2797//2797
f 1687//1687 2842//2842 4124//4124
f 3791//3791 2963//2963 1344//1344
f 1808//1808 1807//1807 1356//1356
f 73//73 2417//2417 1364//1364
f 1374//1374 2972//2972 4036//4036
f 3355//3355 2222//2222 3802//3802
f 2419//2419 3802//3802 2222//2222
f 1378//1378 2420//2420 2422//2422
f 2420//2420 359//359 2421//2421
f 2422//2422 2421//2421 1380//1380
f 106//106 2424//2424 2425//2425
f 2424//2424 106//106 1383//1383
f 110//110 2426//2426 2427//2427
f 115//115 3372//3372 1387//1387
f 122//122 535//535 274//274
f 851//851 1207//1207 2280//2280
f 2065//2065 3781//3781 3782//3782
f 2294//2294 2794//2794 1332//1332
f 2429//2429 1332//1332 2794//2794
f 1870//1870 2430//2430 3180//3180
f 1409//1409 1059//1059 4043//4043
f 180//180 4221//4221 3807//3807
f 3699//3699 178//178 2432//2432
f 367//367 188//188 1426//1426
f 366//366 3632//3632 365//365
f 1429//1429 3307//3307 2866//2866
f 1431//1431 3236//3236 1430//1430
f 1435//1435 3016//3016 1434//1434
f 1437//1437 3758//3758 2440//2440
f 1444//1444 3021//3021 1443//1443
f 1747//1747 3025//3025 1447//1447
f 2443//2443 3614//3614 3419//3419
f 3614//3614 2443//2443 3689//3689
f 1455//1455 3027//3027 3028//3028
f 2447//2447 2446//2446 1143//1143
f 1144//1144 2448//2448 2449//2449
f 2449//2449 2448//2448 2729//2729
f 1481//1481 4244//4244 2450//2450
f 4239//4239 2450//2450 4244//4244
f 1372//1372 2451//2451 250//250
f 2453//2453 3702//3702 3839//3839
f 3040//3040 2455//2455 2456//2456
f 2456//2456 1237//1237 1500//1500
f 1504//1504 2459//2459 2338//2338
f 1512//1512 2105//2105 1254//1254
f 1518//1518 2461//2461 1169//1169
f 2929//2929 1169//1169 2461//2461
f 832//832 2784//2784 1171//1171
f 4240//4240 2464//2464 726//726
f 558//558 287//287 140//140
f 27//27 2465//2465 453//453
f 570//570 146//146 22//22
f 578//578 2466//2466 574//574
f 2418//2418 3944//3944 4226//4226
f 122//122 611//611 535//535
f 1222//1222 1055//1055 2467//2467
f 1594//1594 2468//2468 894//894
f 1612//1612 3269//3269 3896//3896
f 2474//2474 1624//1624 2818//2818
f 3076//3076 899//899 2822//2822
f 2304//2304 3716//3716 1491//1491
f 1633//1633 1419//1419 1632//1632
f 1636//1636 2477//2477 1635//1635
f 3672//3672 2849//2849 1636//1636
f 1643//1643 4202//4202 1642//1642
f 3938//3938 2479//2479 1652//1652
f 1658//1658 2481//2481 2959//2959
f 2482//2482 3835//3835 2483//2483
f 2435//2435 2483//2483 2434//2434
f 2484//2484 2847//2847 908//908
f 2485//2485 1661//1661 3488//3488
f 1661//1661 2485//2485 3961//3961
f 2486//2486 3994//3994 1662//1662
f 1666//1666 2487//2487 2684//2684
f 3007//3007 2146//2146 3995//3995
f 3857//3857 3301//3301 658//658
f 3704//3704 3705//3705 3679//3679
f 3624//3624 2494//2494 3681//3681
f 384//384 2496//2496 2497//2497
f 2496//2496 652//652 2497//2497
f 3245//3245 3312//3312 1701//1701
f 1704//1704 2500//2500 3850//3850
f 925//925 3133//3133 2502//2502
f 3133//3133 3625//3625 2502//2502
f 1712//1712 2503//2503 3124//3124
f 1715//1715 2504//2504 513//513
f 385//385 2505//2505 2506//2506
f 1721//1721 3320//3320 3319//3319
f 1729//1729 2507//2507 2343//2343
f 2509//2509 3144//3144 1445//1445
f 932//932 3148//3148 1759//1759
f 1744//1744 4153//4153 3150//3150
f 2908//2908 2510//2510 1746//1746
f 400//400 1446//1446 3539//3539
f 3344//3344 2512//2512 1748//1748
f 1750//1750 2513//2513 1749//1749
f 2622//2622 3966//3966 2052//2052
f 1762//1762 2516//2516 1763//1763
f 1767//1767 3892//3892 2517//2517
f 1771//1771 3759//3759 269//269
f 1776//1776 2520//2520 1775//1775
f 1779//1779 3216//3216 1769//1769
f 2521//2521 1769//1769 3216//3216
f 1522//1522 533//533 3468//3468
f 2065//2065 2288//2288 1786//1786
f 1789//1789 3823//3823 1410//1410
f 416//416 2525//2525 124//124
f 1781//1781 691//691 539//539
f 2923//2923 2948//2948 786//786
f 4189//4189 3423//3423 4225//4225
f 1276//1276 1183//1183 1531//1531
f 1528//1528 1836//1836 2786//2786
f 1848//1848 3173//3173 1847//1847
f 1853//1853 2528//2528 1377//1377
f 3094//3094 257//257 1856//1856
f 4144//4144 3094//3094 1856//1856
f 1857//1857 2529//2529 1384//1384
f 1858//1858 2530//2530 1386//1386
f 758//758 2531//2531 1864//1864
f 1869//1869 3060//3060 2532//2532
f 1870//1870 1871//1871 3900//3900
f 1874//1874 3064//3064 1412//1412
f 1876//1876 4023//4023 1414//1414
f 1878//1878 2820//2820 2311//2311
f 2312//2312 3082//3082 3743//3743
f 1882//1882 2534//2534 1420//1420
f 1884//1884 2841//2841 1422//1422
f 2489//2489 2536//2536 4051//4051
f 3200//3200 3240//3240 3706//3706
f 3127//3127 662//662 1892//1892
f 1895//1895 4256//4256 1441//1441
f 1902//1902 2539//2539 1448//1448
f 4015//4015 3155//3155 1449//1449
f 1903//1903 2540//2540 1450//1450
f 1904//1904 4006//4006 2368//2368
f 1304//1304 2543//2543 1456//1456
f 1779//1779 2543//2543 1304//1304
f 1104//1104 781//781 3773//3773
f 2544//2544 1791//1791 2069//2069
f 2545//2545 3031//3031 1355//1355
f 479//479 2449//2449 807//807
f 2411//2411 807//807 2449//2449
f 2970//2970 2546//2546 1312//1312
f 2547//2547 1931//1931 3952//3952
f 2548//2548 1490//1490 1932//1932
f 1495//1495 2635//2635 4317//4317
f 1935//1935 2550//2550 1496//1496
f 2455//2455 1498//1498 1937//1937
f 1937//1937 3500//3500 2455//2455
f 1940//1940 2228//2228 1939//1939
f 1506//1506 1505//1505 2868//2868
f 2763//2763 1702//1702 2556//2556
f 1942//1942 2557//2557 2559//2559
f 2557//2557 512//512 2558//2558
f 2559//2559 2558//2558 1944//1944
f 1945//1945 2560//2560 1508//1508
f 1701//1701 2561//2561 1509//1509
f 1510//1510 2562//2562 1511//1511
f 2771//2771 2770//2770 3766//3766
f 1517//1517 2649//2649 3962//3962
f 1954//1954 2565//2565 1315//1315
f 584//584 851//851 848//848
f 477//477 1571//1571 1982//1982
f 2567//2567 1984//1984 1983//1983
f 440//440 1185//1185 873//873
f 1848//1848 1995//1995 3259//3259
f 2569//2569 3262//3262 2799//2799
f 3262//3262 2569//2569 2000//2000
f 4211//4211 2001//2001 1353//1353
f 1227//1227 2570//2570 1413//1413
f 1604//1604 2572//2572 1605//1605
f 1607//1607 2573//2573 2548//2548
f 3937//3937 3182//3182 4228//4228
f 1613//1613 2575//2575 2312//2312
f 1614//1614 2576//2576 1615//1615
f 2578//2578 1852//1852 2527//2527
f 2580//2580 1233//1233 2008//2008
f 1640//1640 2582//2582 1937//1937
f 1643//1643 3083//3083 4202//4202
f 1646//1646 2583//2583 1647//1647
f 1649//1649 2584//2584 2329//2329
f 1651//1651 2585//2585 1652//1652
f 2586//2586 2011//2011 2012//2012
f 641//641 2587//2587 2589//2589
f 2587//2587 1856//1856 2588//2588
f 2589//2589 2588//2588 2013//2013
f 2014//2014 2590//2590 1659//1659
f 644//644 2591//2591 3296//3296
f 2591//2591 644//644 360//360
f 2592//2592 1238//1238 2020//2020
f 2019//2019 3097//3097 1665//1665
f 4267//4267 3733//3733 2594//2594
f 3714//3714 2597//2597 3622//3622
f 2030//2030 4117//4117 2759//2759
f 1073//1073 2598//2598 3709//3709
f 3623//3623 1689//1689 1688//1688
f 654//654 2602//2602 3873//3873
f 2603//2603 2028//2028 2031//2031
f 2156//2156 2604//2604 1701//1701
f 924//924 2605//2605 2033//2033
f 3133//3133 3134//3134 3118//3118
f 3754//3754 3118//3118 1248//1248
f 2342//2342 1715//1715 4299//4299
f 2901//2901 1732//1732 1718//1718
f 2769//2769 1718//1718 1732//1732
f 1721//1721 3130//3130 1722//1722
f 1724//1724 2608//2608 1890//1890
f 1726//1726 2702//2702 2340//2340
f 2039//2039 3327//3327 662//662
f 3201//3201 662//662 3327//3327
f 665//665 2610//2610 2611//2611
f 2610//2610 665//665 2041//2041
f 2612//2612 2040//2040 1511//1511
f 1750//1750 2615//2615 1751//1751
f 1756//1756 2714//2714 2616//2616
f 2512//2512 3710//3710 673//673
f 4118//4118 2618//2618 1448//1448
f 2171//2171 2620//2620 116//116
f 3157//3157 2621//2621 2052//2052
f 1769//1769 4155//4155 4078//4078
f 2934//2934 2526//2526 1261//1261
f 3997//3997 4142//4142 2059//2059
f 1270//1270 3824//3824 1354//1354
f 2070//2070 688//688 206//206
f 1801//1801 1458//1458 1457//1457
f 3698//3698 2626//2626 983//983
f 226//226 1287//1287 984//984
f 1324//1324 3887//3887 2083//2083
f 2090//2090 2408//2408 339//339
f 2628//2628 2091//2091 485//485
f 2093//2093 2630//2630 2092//2092
f 2094//2094 2632//2632 3354//3354
f 2095//2095 2633//2633 1494//1494
f 2096//2096 2634//2634 2095//2095
f 1497//1497 2551//2551 2635//2635
f 3947//3947 1854//1854 2636//2636
f 2637//2637 2636//2636 99//99
f 3440//3440 2638//2638 3718//3718
f 3718//3718 1500//1500 2639//2639
f 1939//1939 2639//2639 2227//2227
f 2097//2097 2640//2640 2098//2098
f 1504//1504 3044//3044 1505//1505
f 2034//2034 4260//4260 4263//4263
f 1509//1509 2644//2644 1510//1510
f 2893//2893 4194//4194 4197//4197
f 3334//3334 2645//2645 2646//2646
f 2645//2645 1742//1742 4093//4093
f 2107//2107 2648//2648 2106//2106
f 1515//1515 2649//2649 1516//1516
f 3347//3347 2108//2108 2651//2651
f 2053//2053 2651//2651 2054//2054
f 2985//2985 2652//2652 2650//2650
f 2650//2650 1768//1768 2108//2108
f 748//748 1859//1859 3799//3799
f 2654//2654 1860//1860 1295//1295
f 831//831 1951//1951 1388//1388
f 2112//2112 2655//2655 1520//1520
f 2656//2656 4081//4081 4088//4088
f 1023//1023 753//753 3774//3774
f 1473//1473 1134//1134 1556//1556
f 2126//2126 2531//2531 758//758
f 321//321 3778//3778 3470//3470
f 2657//2657 324//324 3469//3469
f 1209//1209 3469//3469 324//324
f 2658//2658 1869//1869 2659//2659
f 1594//1594 2659//2659 483//483
f 890//890 2797//2797 1407//1407
f 4134//4134 2661//2661 3867//3867
f 1353//1353 2662//2662 4211//4211
f 1610//1610 2663//2663 2134//2134
f 174//174 2664//2664 2663//2663
f 2664//2664 174//174 4135//4135
f 2136//2136 2825//2825 3650//3650
f 1605//1605 2665//2665 1607//1607
f 2136//2136 2666//2666 1606//1606
f 1611//1611 2667//2667 3896//3896
f 1615//1615 2668//2668 1617//1617
f 2138//2138 2671//2671 3388//3388
f 2094//2094 2475//2475 175//175
f 4152//4152 4136//4136 1881//1881
f 2142//2142 2675//2675 1638//1638
f 1639//1639 2676//2676 1640//1640
f 3499//3499 2142//2142 2677//2677
f 2143//2143 3879//3879 2680//2680
f 3085//3085 2679//2679 1156//1156
f 4266//4266 1652//1652 2585//2585
f 2018//2018 2683//2683 3290//3290
f 2487//2487 1426//1426 2684//2684
f 1239//1239 2685//2685 4051//4051
f 364//364 3756//3756 1669//1669
f 3739//3739 2689//2689 3708//3708
f 1681//1681 2690//2690 2149//2149
f 2152//2152 3401//3401 372//372
f 2153//2153 3403//3403 3899//3899
f 3406//3406 2154//2154 3817//3817
f 1074//1074 2693//2693 1888//1888
f 2029//2029 3312//3312 3311//3311
f 3312//3312 2029//2029 3310//3310
f 3200//3200 2037//2037 2695//2695
f 3306//3306 2695//2695 2037//2037
f 1437//1437 3905//3905 2697//2697
f 3905//3905 2157//2157 2696//2696
f 2697//2697 2696//2696 3125//3125
f 381//381 2699//2699 1713//1713
f 2699//2699 381//381 3203//3203
f 3409//3409 1076//1076 4290//4290
f 1719//1719 3942//3942 1720//1720
f 3130//3130 1720//1720 4245//4245
f 2162//2162 2700//2700 1723//1723
f 2239//2239 2701//2701 2162//2162
f 1725//1725 2702//2702 1726//1726
f 1252//1252 2705//2705 1896//1896
f 2041//2041 3142//3142 386//386
f 3142//3142 2041//2041 3331//3331
f 3325//3325 389//389 4026//4026
f 4159//4159 3023//3023 2707//2707
f 3023//3023 3950//3950 2706//2706
f 2707//2707 2706//2706 3820//3820
f 2166//2166 2712//2712 1752//1752
f 2167//2167 2713//2713 2166//2166
f 1754//1754 2714//2714 1756//1756
f 1755//1755 2715//2715 1757//1757
f 1758//1758 2716//2716 3793//3793
f 2168//2168 2717//2717 1759//1759
f 2168//2168 3418//3418 2169//2169
f 1761//1761 2718//2718 1451//1451
f 1765//1765 3808//3808 3898//3898
f 1905//1905 2056//2056 3745//3745
f 3342//3342 3828//3828 2056//2056
f 3256//3256 405//405 2057//2057
f 2936//2936 2175//2175 1090//1090
f 2964//2964 3548//3548 2938//2938
f 2722//2722 3810//3810 2184//2184
f 3562//3562 2196//2196 1832//1832
f 1287//1287 2725//2725 1826//1826
f 76//76 462//462 1189//1189
f 806//806 2727//2727 2447//2447
f 2447//2447 1143//1143 3592//3592
f 2447//2447 478//478 2446//2446
f 2728//2728 2446//2446 478//478
f 2446//2446 1142//1142 89//89
f 479//479 1144//1144 2449//2449
f 2448//2448 158//158 1145//1145
f 2448//2448 1145//1145 480//480
f 2411//2411 2729//2729 1048//1048
f 1485//1485 2732//2732 2216//2216
f 1604//1604 2733//2733 1931//1931
f 2452//2452 1487//1487 1373//1373
f 1005//1005 2734//2734 2091//2091
f 2220//2220 2735//2735 3851//3851
f 1849//1849 3174//3174 3890//3890
f 1612//1612 2736//2736 1614//1614
f 2221//2221 3852//3852 2735//2735
f 1849//1849 3931//3931 2737//2737
f 2221//2221 2738//2738 3432//3432
f 2222//2222 345//345 2419//2419
f 1853//1853 2741//2741 4202//4202
f 2224//2224 2743//2743 1645//1645
f 1647//1647 2744//2744 1651//1651
f 2224//2224 3085//3085 3086//3086
f 1377//1377 2745//2745 1649//1649
f 1939//1939 3718//3718 2639//2639
f 2229//2229 3442//3442 1673//1673
f 2229//2229 2750//2750 2230//2230
f 2752//2752 3445//3445 1071//1071
f 102//102 2230//2230 2232//2232
f 102//102 2232//2232 3448//3448
f 4141//4141 2754//2754 3110//3110
f 3622//3622 2755//2755 3578//3578
f 3014//3014 3720//3720 2872//2872
f 3721//3721 771//771 3612//3612
f 821//821 2760//2760 2234//2234
f 2235//2235 2234//2234 2760//2760
f 1702//1702 3115//3115 2556//2556
f 1383//1383 2764//2764 379//379
f 2642//2642 2501//2501 3050//3050
f 2501//2501 2642//2642 3815//3815
f 1717//1717 2607//2607 3942//3942
f 1384//1384 2766//2766 1724//1724
f 2240//2240 2768//2768 3790//3790
f 2241//2241 2767//2767 2768//2768
f 2768//2768 2240//2240 2241//2241
f 1718//1718 2769//2769 1857//1857
f 2242//2242 2767//2767 2241//2241
f 1734//1734 2770//2770 2771//2771
f 3585//3585 4264//4264 4254//4254
f 1512//1512 4254//4254 2771//2771
f 1512//1512 2771//2771 2105//2105
f 2426//2426 2772//2772 390//390
f 522//522 2046//2046 2906//2906
f 3336//3336 2906//2906 2046//2046
f 1751//1751 2774//2774 1754//1754
f 2245//2245 2775//2775 1755//1755
f 1752//1752 2776//2776 2245//2245
f 2246//2246 2778//2778 2247//2247
f 1753//1753 2779//2779 1858//1858
f 2248//2248 2780//2780 2927//2927
f 2516//2516 403//403 1387//1387
f 2931//2931 2783//2783 2371//2371
f 832//832 541//541 2784//2784
f 825//825 960//960 272//272
f 3468//3468 3805//3805 1522//1522
f 1954//1954 829//829 3966//3966
f 278//278 1956//1956 1524//1524
f 1812//1812 1531//1531 1530//1530
f 457//457 3701//3701 1022//1022
f 839//839 456//456 453//453
f 30//30 2787//2787 577//577
f 1540//1540 1539//1539 2262//2262
f 1546//1546 2204//2204 76//76
f 464//464 1392//1392 578//578
f 1537//1537 2789//2789 1969//1969
f 1982//1982 4082//4082 2791//2791
f 4042//4042 2792//2792 1865//1865
f 2732//2732 2287//2287 2216//2216
f 1148//1148 2793//2793 2213//2213
f 2793//2793 1148//1148 3220//3220
f 2800//2800 956//956 614//614
f 2943//2943 886//886 1331//1331
f 2467//2467 173//173 1222//1222
f 2467//2467 1055//1055 1402//1402
f 1230//1230 898//898 3555//3555
f 2429//2429 335//335 1403//1403
f 2295//2295 2794//2794 2294//2294
f 1481//1481 335//335 2796//2796
f 1334//1334 2796//2796 335//335
f 2797//2797 3600//3600 2660//2660
f 3600//3600 3474//3474 2296//2296
f 2992//2992 2991//2991 3900//3900
f 3381//3381 1595//1595 879//879
f 2798//2798 2298//2298 1990//1990
f 2218//2218 2469//2469 1600//1600
f 892//892 3062//3062 1335//1335
f 892//892 2624//2624 2066//2066
f 1873//1873 2800//2800 2299//2299
f 2302//2302 2801//2801 1593//1593
f 2468//2468 1593//1593 2801//2801
f 1628//1628 3074//3074 2302//2302
f 1412//1412 2802//2802 1995//1995
f 2303//2303 2803//2803 2219//2219
f 2304//2304 2804//2804 2303//2303
f 1489//1489 2805//2805 2135//2135
f 1875//1875 2533//2533 1413//1413
f 895//895 2806//2806 1228//1228
f 3670//3670 2808//2808 1875//1875
f 2305//2305 2807//2807 2306//2306
f 2306//2306 2809//2809 2307//2307
f 1633//1633 2810//2810 2093//2093
f 2307//2307 2813//2813 2308//2308
f 2308//2308 2815//2815 2309//2309
f 2309//2309 2815//2815 2310//2310
f 1634//1634 3078//3078 2309//2309
f 1619//1619 2326//2326 3484//3484
f 2817//2817 3703//3703 3841//3841
f 3723//3723 3737//3737 3703//3703
f 492//492 2473//2473 1336//1336
f 2819//2819 1602//1602 1879//1879
f 2571//2571 3060//3060 3960//3960
f 95//95 2821//2821 2823//2823
f 2823//2823 2822//2822 1850//1850
f 2824//2824 2825//2825 1606//1606
f 2826//2826 1877//1877 493//493
f 1661//1661 3093//3093 2138//2138
f 1420//1420 2827//2827 2004//2004
f 2549//2549 2828//2828 2314//2314
f 2829//2829 2314//2314 2828//2828
f 2315//2315 2830//2830 2314//2314
f 2316//2316 2831//2831 2315//2315
f 2317//2317 2832//2832 2141//2141
f 1494//1494 2833//2833 2317//2317
f 1883//1883 2834//2834 1421//1421
f 2318//2318 2835//2835 1634//1634
f 2318//2318 3493//3493 2319//2319
f 1496//1496 2550//2550 2837//2837
f 2838//2838 2834//2834 2837//2837
f 2320//2320 2839//2839 2319//2319
f 1665//1665 3097//3097 1497//1497
f 1666//1666 2840//2840 2096//2096
f 1422//1422 2841//2841 1935//1935
f 4048//4048 3495//3495 4286//4286
f 645//645 3292//3292 1884//1884
f 3557//3557 3920//3920 2322//2322
f 1423//1423 3901//3901 2843//2843
f 2847//2847 2326//2326 2848//2848
f 2326//2326 2847//2847 2325//2325
f 2327//2327 3499//3499 2486//2486
f 2327//2327 2850//2850 2142//2142
f 1239//1239 4051//4051 2851//2851
f 1241//1241 1675//1675 3938//3938
f 3602//3602 3630//3630 186//186
f 3653//3653 2853//2853 2332//2332
f 1689//1689 769//769 2012//2012
f 2228//2228 2854//2854 2333//2333
f 3008//3008 769//769 3725//3725
f 4123//4123 3452//3452 2855//2855
f 4298//4298 913//913 1667//1667
f 2860//2860 3110//3110 4104//4104
f 2861//2861 2098//2098 3679//3679
f 2751//2751 818//818 1427//1427
f 915//915 3999//3999 3727//3727
f 4059//4059 3680//3680 3726//3726
f 3196//3196 1694//1694 3844//3844
f 3681//3681 916//916 2862//2862
f 2863//2863 16//16 651//651
f 1160//1160 3780//3780 2870//2870
f 1428//1428 2866//2866 3819//3819
f 2603//2603 2031//2031 2868//2868
f 1506//1506 2868//2868 2031//2031
f 920//920 2871//2871 1073//1073
f 3920//3920 4074//4074 2871//2871
f 1668//1668 1430//1430 3744//3744
f 1242//1242 772//772 2873//2873
f 2872//2872 1668//1668 772//772
f 3044//3044 2874//2874 820//820
f 3101//3101 820//820 2875//2875
f 2875//2875 820//820 2874//2874
f 2875//2875 2874//2874 1671//1671
f 2876//2876 509//509 104//104
f 2877//2877 923//923 4141//4141
f 2878//2878 1679//1679 2879//2879
f 923//923 2879//2879 1679//1679
f 1685//1685 657//657 3106//3106
f 2495//2495 2881//2881 2152//2152
f 2499//2499 2234//2234 2882//2882
f 2235//2235 2882//2882 2234//2234
f 3850//3850 2154//2154 3116//3116
f 2883//2883 1694//1694 2026//2026
f 1708//1708 2884//2884 3624//3624
f 1338//1338 3814//3814 2885//2885
f 2340//2340 2609//2609 3132//3132
f 380//380 2886//2886 1942//1942
f 2886//2886 2157//2157 3019//3019
f 2341//2341 3201//3201 2902//2902
f 2887//2887 2159//2159 380//380
f 2342//2342 2888//2888 1715//1715
f 2343//2343 3517//3517 1729//1729
f 2344//2344 2890//2890 2343//2343
f 1508//1508 2560//2560 4163//4163
f 2612//2612 1511//1511 2562//2562
f 2347//2347 2894//2894 4222//4222
f 1894//1894 2895//2895 1945//1945
f 2347//2347 4220//4220 2348//2348
f 1698//1698 3113//3113 1894//1894
f 2349//2349 2897//2897 1734//1734
f 4139//4139 4049//4049 2349//2349
f 2350//2350 2899//2899 4049//4049
f 1710//1710 3906//3906 2350//2350
f 2351//2351 2509//2509 1736//1736
f 2509//2509 2351//2351 3126//3126
f 1716//1716 4003//4003 2351//2351
f 2352//2352 3784//3784 1757//1757
f 2352//2352 3526//3526 1730//1730
f 2508//2508 2242//2242 2773//2773
f 2243//2243 2773//2773 2242//2242
f 1738//1738 1340//1340 2353//2353
f 2354//2354 2906//2906 3336//3336
f 2460//2460 1513//1513 2617//2617
f 3024//3024 2905//2905 3950//3950
f 1746//1746 2906//2906 2354//2354
f 1760//1760 2907//2907 2050//2050
f 3710//3710 2050//2050 2907//2907
f 1342//1342 2908//2908 2356//2356
f 2908//2908 1342//1342 2909//2909
f 2357//2357 3862//3862 2911//2911
f 1948//1948 2912//2912 1902//1902
f 2360//2360 3156//3156 1761//1761
f 2107//2107 2913//2913 2360//2360
f 2358//2358 2914//2914 2359//2359
f 2359//2359 2915//2915 2361//2361
f 1449//1449 2916//2916 1948//1948
f 2361//2361 2917//2917 2362//2362
f 1729//1729 3534//3534 2362//2362
f 2363//2363 2918//2918 2106//2106
f 2364//2364 2919//2919 4181//4181
f 2365//2365 2920//2920 2364//2364
f 1450//1450 2921//2921 2053//2053
f 1740//1740 3145//3145 2365//2365
f 1747//1747 2922//2922 2366//2366
f 3561//3561 2924//2924 2367//2367
f 2368//2368 1753//1753 2925//2925
f 3711//3711 2926//2926 2250//2250
f 2927//2927 2250//2250 2926//2926
f 2170//2170 403//403 2516//2516
f 1766//1766 2928//2928 1342//1342
f 2928//2928 1766//1766 2961//2961
f 404//404 2173//2173 1949//1949
f 1346//1346 2931//2931 2371//2371
f 2932//2932 1345//1345 2372//2372
f 2057//2057 1773//1773 1908//1908
f 3874//3874 2526//2526 2934//2934
f 1455//1455 2935//2935 1775//1775
f 1088//1088 2387//2387 1777//1777
f 2964//2964 3965//3965 1347//1347
f 3549//3549 2937//2937 1778//1778
f 2375//2375 2937//2937 3549//3549
f 942//942 2375//2375 2939//2939
f 2623//2623 2939//2939 2375//2375
f 3695//3695 2940//2940 2522//2522
f 3914//3914 3030//3030 4212//4212
f 2376//2376 2942//2942 122//122
f 1410//1410 1269//1269 2943//2943
f 1789//1789 2943//2943 2291//2291
f 2305//2305 2945//2945 1601//1601
f 959//959 3165//3165 2949//2949
f 2946//2946 1860//1860 1792//1792
f 3956//3956 2653//2653 2380//2380
f 2525//2525 689//689 124//124
f 1174//1174 687//687 963//963
f 2382//2382 2947//2947 1451//1451
f 2948//2948 2190//2190 693//693
f 1355//1355 3031//3031 2968//2968
f 968//968 3168//3168 3956//3956
f 1277//1277 2387//2387 1088//1088
f 2936//2936 4161//4161 1806//1806
f 1776//1776 2950//2950 3424//3424
f 1285//1285 2192//2192 1827//1827
f 982//982 980//980 1824//1824
f 2952//2952 2724//2724 433//433
f 2724//2724 4131//4131 1819//1819
f 1359//1359 2724//2724 3172//3172
f 474//474 1292//1292 1830//1830
f 764//764 3881//3881 90//90
f 2721//2721 1088//1088 2542//2542
f 783//783 2954//2954 2524//2524
f 2954//2954 783//783 2379//2379
f 1258//1258 4000//4000 4099//4099
f 1309//1309 548//548 432//432
f 1284//1284 424//424 3426//3426
f 1991//1991 484//484 812//812
f 3164//3164 3861//3861 826//826
f 2955//2955 1314//1314 3986//3986
f 154//154 2119//2119 299//299
f 3666//3666 4032//4032 4111//4111
f 1978//1978 4013//4013 860//860
f 618//618 2429//2429 1403//1403
f 2429//2429 618//618 1627//1627
f 1333//1333 3600//3600 2797//2797
f 1336//1336 898//898 2956//2956
f 4124//4124 2493//2493 1687//1687
f 3788//3788 2959//2959 3768//3768
f 3768//3768 2481//2481 500//500
f 1707//1707 2885//2885 1339//1339
f 3200//3200 2416//2416 1943//1943
f 3416//3416 202//202 1341//1341
f 2962//2962 2371//2371 2783//2783
f 3745//3745 3828//3828 4095//4095
f 2963//2963 3791//3791 2519//2519
f 2931//2931 2519//2519 3791//3791
f 2964//2964 940//940 3548//3548
f 3605//3605 3548//3548 940//940
f 955//955 2965//2965 957//957
f 959//959 2966//2966 3164//3164
f 2565//2565 1954//1954 965//965
f 1355//1355 2968//2968 1271//1271
f 3166//3166 1271//1271 2968//2968
f 1287//1287 1826//1826 984//984
f 2970//2970 2628//2628 2546//2546
f 1373//1373 3035//3035 811//811
f 4036//4036 2971//2971 1374//1374
f 3351//3351 1375//1375 2972//2972
f 1375//1375 3351//3351 3427//3427
f 1996//1996 2972//2972 1375//1375
f 3931//3931 1151//1151 2737//2737
f 2137//2137 2974//2974 1376//1376
f 2974//2974 2137//2137 2973//2973
f 2094//2094 1376//1376 2974//2974
f 2975//2975 2974//2974 2973//2973
f 1007//1007 2745//2745 743//743
f 2528//2528 743//743 2745//2745
f 2747//2747 1378//1378 2422//2422
f 2747//2747 2422//2422 3717//3717
f 1380//1380 2421//2421 2977//2977
f 2421//2421 359//359 2976//2976
f 2977//2977 2976//2976 1379//1379
f 2682//2682 2977//2977 2979//2979
f 2979//2979 1379//1379 2978//2978
f 1670//1670 2979//2979 3789//3789
f 3722//3722 745//745 2981//2981
f 106//106 2982//2982 1383//1383
f 2500//2500 1704//1704 3836//3836
f 1010//1010 2766//2766 746//746
f 2529//2529 746//746 2766//2766
f 110//110 2983//2983 2426//2426
f 1385//1385 2984//2984 1735//1735
f 3143//3143 1735//1735 2984//2984
f 2427//2427 2426//2426 2164//2164
f 934//934 2777//2777 747//747
f 2530//2530 747//747 2777//2777
f 2428//2428 115//115 1387//1387
f 3792//3792 1763//1763 2985//2985
f 3759//3759 2986//2986 2174//2174
f 2986//2986 3759//3759 2428//2428
f 2987//2987 2653//2653 749//749
f 748//748 3799//3799 3805//3805
f 75//75 2988//2988 2265//2265
f 4274//4274 3382//3382 1405//1405
f 2991//2991 1404//1404 2990//2990
f 1406//1406 4276//4276 4282//4282
f 2992//2992 765//765 90//90
f 2135//2135 4043//4043 1411//1411
f 4043//4043 1059//1059 1269//1269
f 1060//1060 2802//2802 766//766
f 3064//3064 766//766 2802//2802
f 2533//2533 767//767 3264//3264
f 3919//3919 2138//2138 2431//2431
f 1415//1415 2993//2993 2995//2995
f 2993//2993 2139//2139 2994//2994
f 1417//1417 351//351 3807//3807
f 4221//4221 2431//2431 2996//2996
f 3807//3807 4221//4221 2137//2137
f 93//93 3074//3074 1628//1628
f 2432//2432 178//178 2140//2140
f 1065//1065 2827//2827 768//768
f 2534//2534 768//768 2827//2827
f 4035//4035 3000//3000 2838//2838
f 3000//3000 1421//1421 2834//2834
f 2493//2493 4124//4124 3001//3001
f 357//357 3001//3001 4124//4124
f 3630//3630 1654//1654 3732//3732
f 3558//3558 1425//1425 3732//3732
f 3004//3004 3005//3005 2433//2433
f 3004//3004 2436//2436 3005//3005
f 3080//3080 2434//2434 2436//2436
f 1378//1378 2485//2485 2420//2420
f 188//188 2684//2684 1426//1426
f 3816//3816 3098//3098 1666//1666
f 769//769 3008//3008 2586//2586
f 3009//3009 770//770 3010//3010
f 770//770 3009//3009 2021//2021
f 3844//3844 3011//3011 1427//1427
f 1428//1428 3012//3012 1429//1429
f 1428//1428 3746//3746 3912//3912
f 1430//1430 2872//2872 1431//1431
f 2756//2756 3720//3720 3014//3014
f 3014//3014 2872//2872 772//772
f 3016//3016 1435//1435 1433//1433
f 1433//1433 192//192 3016//3016
f 2441//2441 2158//2158 1436//1436
f 3117//3117 2440//2440 2441//2441
f 4054//4054 1716//1716 2506//2506
f 4054//4054 1438//1438 106//106
f 4163//4163 3020//3020 1440//1440
f 1078//1078 2895//2895 774//774
f 2537//2537 774//774 2895//2895
f 3021//3021 1444//1444 1442//1442
f 1442//1442 198//198 3021//3021
f 3023//3023 1445//1445 3413//3413
f 3024//3024 3613//3613 1899//1899
f 3025//3025 1747//1747 3539//3539
f 3025//3025 1446//1446 110//110
f 3152//3152 1747//1747 1447//1447
f 1082//1082 2916//2916 777//777
f 3155//3155 777//777 2916//2916
f 1084//1084 2921//2921 778//778
f 2540//2540 778//778 2921//2921
f 2718//2718 1086//1086 1451//1451
f 2444//2444 3560//3560 2443//2443
f 2564//2564 3026//3026 3213//3213
f 3028//3028 3027//3027 1453//1453
f 3028//3028 1453//1453 115//115
f 1455//1455 1454//1454 2935//2935
f 3997//3997 2059//2059 1089//1089
f 1457//1457 1458//1458 1092//1092
f 893//893 4046//4046 3568//3568
f 3568//3568 1459//1459 1054//1054
f 1103//1103 1463//1463 782//782
f 1464//1464 2075//2075 3551//3551
f 1108//1108 3860//3860 1109//1109
f 1212//1212 222//222 129//129
f 2627//2627 1475//1475 2083//2083
f 2727//2727 81//81 1141//1141
f 1403//1403 1481//1481 2450//2450
f 1869//1869 1482//1482 3034//3034
f 90//90 1484//1484 3731//3731
f 1484//1484 90//90 1483//1483
f 811//811 2732//2732 1485//1485
f 2412//2412 3035//3035 1005//1005
f 3035//3035 2731//2731 811//811
f 2731//2731 3035//3035 2412//2412
f 43//43 1373//1373 1487//1487
f 1486//1486 3035//3035 1373//1373
f 3035//3035 1486//1486 1005//1005
f 1488//1488 1487//1487 2217//2217
f 1152//1152 2808//2808 1063//1063
f 813//813 2631//2631 814//814
f 252//252 1490//1490 3702//3702
f 2548//2548 3702//3702 1490//1490
f 1492//1492 2453//2453 3036//3036
f 3036//3036 3839//3839 1232//1232
f 3037//3037 3036//3036 2804//2804
f 1155//1155 2833//2833 743//743
f 2633//2633 743//743 2833//2833
f 2550//2550 1068//1068 2837//2837
f 2748//2748 1498//1498 3040//3040
f 2455//2455 3040//3040 1498//1498
f 1500//1500 1237//1237 3041//3041
f 1008//1008 817//817 3043//3043
f 3043//3043 2553//2553 819//819
f 2338//2338 2874//2874 1504//1504
f 3573//3573 2554//2554 3045//3045
f 3045//3045 2554//2554 820//820
f 3046//3046 4073//4073 3362//3362
f 3661//3661 3047//3047 2981//2981
f 821//821 3048//3048 3573//3573
f 1162//1162 2603//2603 2555//2555
f 3048//3048 2555//2555 3573//3573
f 2238//2238 3049//3049 3050//3050
f 3049//3049 2238//2238 2100//2100
f 3051//3051 3830//3830 4305//4305
f 1011//1011 2644//2644 822//822
f 1163//1163 2893//2893 746//746
f 1164//1164 2562//2562 1011//1011
f 2644//2644 1011//1011 2562//2562
f 2244//2244 3052//3052 52//52
f 3052//3052 2244//2244 2104//2104
f 1254//1254 2105//2105 2460//2460
f 3053//3053 2460//2460 2105//2105
f 1740//1740 1512//1512 3145//3145
f 1254//1254 3145//3145 1512//1512
f 1166//1166 2912//2912 1082//1082
f 2563//2563 823//823 1012//1012
f 1167//1167 2913//2913 747//747
f 3370//3370 747//747 2913//2913
f 1168//1168 3054//3054 3962//3962
f 3056//3056 2109//2109 3055//3055
f 2109//2109 3056//3056 2253//2253
f 1518//1518 2110//2110 2461//2461
f 3375//3375 2461//2461 2110//2110
f 3159//3159 1518//1518 1169//1169
f 1019//1019 3840//3840 3554//3554
f 1180//1180 1017//1017 1527//1527
f 303//303 1966//1966 850//850
f 1564//1564 856//856 4065//4065
f 3058//3058 1146//1146 2211//2211
f 3059//3059 1570//1570 1569//1569
f 3596//3596 1193//1193 1210//1210
f 605//605 3616//3616 1583//1583
f 597//597 3616//3616 1988//1988
f 3349//3349 3580//3580 884//884
f 1994//1994 1788//1788 887//887
f 1404//1404 1593//1593 2468//2468
f 2795//2795 1594//1594 894//894
f 4251//4251 2661//2661 4244//4244
f 3061//3061 1407//1407 2660//2660
f 3867//3867 1205//1205 606//606
f 2297//2297 1004//1004 3261//3261
f 3062//3062 91//91 1335//1335
f 2570//2570 2722//2722 624//624
f 1228//1228 2945//2945 895//895
f 2945//2945 1228//1228 1601//1601
f 2311//2311 2795//2795 4102//4102
f 1061//1061 2572//2572 485//485
f 2547//2547 485//485 2572//2572
f 2572//2572 1061//1061 2665//2665
f 3064//3064 899//899 766//766
f 1232//1232 2573//2573 1061//1061
f 2665//2665 1061//1061 2573//2573
f 1609//1609 3851//3851 1488//1488
f 1150//1150 3430//3430 1608//1608
f 3651//3651 2301//2301 3735//3735
f 2806//2806 1229//1229 2524//2524
f 1229//1229 2806//2806 1611//1611
f 2667//2667 1611//1611 2806//2806
f 1062//1062 2667//2667 895//895
f 1152//1152 3067//3067 767//767
f 3896//3896 2667//2667 1612//1612
f 1153//1153 2736//2736 1062//1062
f 2667//2667 1062//1062 2736//2736
f 1233//1233 3068//3068 814//814
f 3068//3068 1233//1233 2580//2580
f 2737//2737 3967//3967 2575//2575
f 896//896 2576//2576 1153//1153
f 2736//2736 1153//1153 2576//2576
f 1064//1064 2668//2668 896//896
f 2576//2576 896//896 2668//2668
f 897//897 2577//2577 1064//1064
f 2668//2668 1064//1064 2577//2577
f 45//45 3071//3071 179//179
f 3071//3071 3736//3736 1619//1619
f 4187//4187 1622//1622 3619//3619
f 3618//3618 3070//3070 3841//3841
f 2997//2997 492//492 2957//2957
f 93//93 253//253 3073//3073
f 3075//3075 251//251 2527//2527
f 1629//1629 3075//3075 1852//1852
f 3076//3076 1630//1630 3485//3485
f 1629//1629 1631//1631 3075//3075
f 494//494 3075//3075 1631//1631
f 3037//3037 2804//2804 2304//2304
f 3036//3036 1232//1232 2804//2804
f 1632//1632 2999//2999 1633//1633
f 2999//2999 4136//4136 2810//2810
f 4279//4279 3077//3077 4070//4070
f 897//897 3078//3078 903//903
f 2835//2835 903//903 3078//3078
f 634//634 2477//2477 2849//2849
f 2477//2477 634//634 3277//3277
f 3277//3277 3079//3079 2477//2477
f 3079//3079 3277//3277 2003//2003
f 1636//1636 1635//1635 2139//2139
f 1636//1636 3389//3389 3672//3672
f 3006//3006 3080//3080 2672//2672
f 2675//2675 1417//1417 1638//1638
f 1065//1065 2677//2677 1637//1637
f 901//901 2581//2581 496//496
f 1066//1066 2676//2676 901//901
f 2581//2581 901//901 2676//2676
f 768//768 2534//2534 3994//3994
f 902//902 2582//2582 1066//1066
f 2676//2676 1066//1066 2582//2582
f 1237//1237 3500//3500 902//902
f 2582//2582 902//902 3500//3500
f 1642//1642 3743//3743 1643//1643
f 3082//3082 1643//1643 3743//3743
f 3391//3391 3083//3083 3082//3082
f 1155//1155 3083//3083 3391//3391
f 1234//1234 3084//3084 1644//1644
f 1644//1644 2583//2583 1646//1646
f 1067//1067 2583//2583 3084//3084
f 3084//3084 903//903 1067//1067
f 3085//3085 1645//1645 2680//2680
f 2143//2143 2680//2680 1645//1645
f 904//904 2583//2583 1067//1067
f 1157//1157 2744//2744 904//904
f 2583//2583 904//904 2744//2744
f 905//905 2584//2584 1007//1007
f 2745//2745 1007//1007 2584//2584
f 1239//1239 2851//2851 905//905
f 2584//2584 905//905 2851//2851
f 2744//2744 1157//1157 2585//2585
f 907//907 3087//3087 906//906
f 3088//3088 3677//3677 907//907
f 3002//3002 1654//1654 910//910
f 1655//1655 2480//2480 2844//2844
f 2480//2480 910//910 2873//2873
f 3571//3571 4297//4297 3842//3842
f 1885//1885 3571//3571 3842//3842
f 1659//1659 1656//1656 3092//3092
f 2481//2481 3092//3092 1656//1656
f 2846//2846 1658//1658 2959//2959
f 2325//2325 1657//1657 3497//3497
f 3961//3961 2482//2482 2435//2435
f 2434//2434 2483//2483 3005//3005
f 2433//2433 3005//3005 3558//3558
f 358//358 3091//3091 3572//3572
f 3091//3091 358//358 3090//3090
f 908//908 3092//3092 1658//1658
f 1659//1659 2590//2590 1936//1936
f 3980//3980 1936//1936 2590//2590
f 2325//2325 2484//2484 1657//1657
f 2846//2846 1657//1657 2484//2484
f 3093//3093 1661//1661 3961//3961
f 3080//3080 3006//3006 2434//2434
f 3994//3994 3081//3081 1662//1662
f 2327//2327 3095//3095 1379//1379
f 3095//3095 2327//2327 2486//2486
f 3096//3096 3094//3094 1663//1663
f 1664//1664 3041//3041 2316//2316
f 2873//2873 1668//1668 2844//2844
f 1242//1242 2873//2873 910//910
f 3100//3100 502//502 3939//3939
f 3959//3959 3100//3100 2593//2593
f 3707//3707 3939//3939 2686//2686
f 364//364 2687//2687 3728//3728
f 911//911 2856//2856 1069//1069
f 3101//3101 1069//1069 2856//2856
f 2875//2875 1671//1671 3707//3707
f 3442//3442 1672//1672 1673//1673
f 2750//2750 3676//3676 2017//2017
f 1159//1159 3359//3359 3103//3103
f 3103//3103 2980//2980 4017//4017
f 3995//3995 2688//2688 3007//3007
f 3739//3739 1241//1241 3677//3677
f 3105//3105 3010//3010 3864//3864
f 4141//4141 1679//1679 2754//2754
f 2232//2232 2754//2754 1679//1679
f 2753//2753 3102//3102 4207//4207
f 2690//2690 1681//1681 2752//2752
f 2231//2231 2752//2752 1681//1681
f 3727//3727 2862//2862 915//915
f 3512//3512 1684//1684 2691//2691
f 2149//2149 2691//2691 1684//1684
f 2494//2494 916//916 3681//3681
f 916//916 2494//2494 1685//1685
f 917//917 3107//3107 3108//3108
f 3107//3107 917//917 3682//3682
f 2692//2692 3714//3714 2596//2596
f 3107//3107 2692//2692 1244//1244
f 3107//3107 3682//3682 3576//3576
f 3577//3577 1160//1160 3709//3709
f 2758//2758 3721//3721 3899//3899
f 2842//2842 1687//1687 3981//3981
f 3404//3404 1242//1242 2852//2852
f 3604//3604 3741//3741 1009//1009
f 3722//3722 2981//2981 2599//2599
f 3843//3843 3453//3453 4100//4100
f 3109//3109 2601//2601 922//922
f 2877//2877 4141//4141 3109//3109
f 3110//3110 3109//3109 4141//4141
f 4057//4057 4077//4077 3715//3715
f 1694//1694 3111//3111 3844//3844
f 1243//1243 3111//3111 4281//4281
f 1695//1695 3514//3514 1708//1708
f 2884//2884 2960//2960 2494//2494
f 1685//1685 2494//2494 2960//2960
f 1245//1245 1072//1072 3131//3131
f 1429//1429 3113//3113 1698//1698
f 2498//2498 919//919 2693//2693
f 1699//1699 2693//2693 919//919
f 107//107 3114//3114 2499//2499
f 2882//2882 1700//1700 2499//2499
f 2604//2604 924//924 2561//2561
f 3239//3239 2761//2761 922//922
f 2500//2500 105//105 1703//1703
f 1704//1704 3116//3116 2764//2764
f 3116//3116 1704//1704 3850//3850
f 1706//1706 2440//2440 1705//1705
f 2694//2694 4281//4281 3112//3112
f 1706//1706 4281//4281 2694//2694
f 2883//2883 3408//3408 3112//3112
f 2960//2960 2885//2885 1707//1707
f 1709//1709 2884//2884 1708//1708
f 2884//2884 1709//1709 2885//2885
f 659//659 3515//3515 195//195
f 3133//3133 3118//3118 3625//3625
f 3119//3119 3742//3742 3123//3123
f 3120//3120 1382//1382 2502//2502
f 4004//4004 3121//3121 3122//3122
f 3754//3754 1711//1711 3123//3123
f 3122//3122 3123//3123 1711//1711
f 1439//1439 2503//2503 1712//1712
f 1712//1712 3124//3124 3125//3125
f 2504//2504 3922//3922 3776//3776
f 2237//2237 4167//4167 1714//1714
f 1249//1249 2509//2509 3126//3126
f 3128//3128 381//381 2038//2038
f 668//668 3128//3128 2038//2038
f 1075//1075 3129//3129 2606//2606
f 3525//3525 3129//3129 3941//3941
f 3525//3525 2606//2606 3129//3129
f 926//926 2607//2607 1075//1075
f 3129//3129 1075//1075 2607//2607
f 2607//2607 926//926 2765//2765
f 1163//1163 2769//2769 3139//3139
f 1077//1077 4245//4245 2765//2765
f 1078//1078 2701//2701 2891//2891
f 1720//1720 3130//3130 1721//1721
f 1245//1245 3131//3131 774//774
f 1246//1246 2608//2608 1010//1010
f 2766//2766 1010//1010 2608//2608
f 2608//2608 1246//1246 1074//1074
f 928//928 2609//2609 1079//1079
f 2702//2702 4223//4223 2609//2609
f 1247//1247 3132//3132 928//928
f 2609//2609 928//928 3132//3132
f 1248//1248 3118//3118 3134//3134
f 3134//3134 3133//3133 775//775
f 1250//1250 3517//3517 1075//1075
f 1729//1729 3517//3517 3534//3534
f 3526//3526 929//929 1730//1730
f 1076//1076 1730//1730 929//929
f 397//397 3136//3136 1731//1731
f 1893//1893 3137//3137 3138//3138
f 3138//3138 3137//3137 1731//1731
f 3138//3138 1731//1731 3136//3136
f 111//111 3140//3140 2508//2508
f 3140//3140 1733//1733 1164//1164
f 1444//1444 3141//3141 2363//2363
f 3141//3141 1443//1443 2705//2705
f 1443//1443 3141//3141 1444//1444
f 3248//3248 2770//2770 927//927
f 2897//2897 927//927 2770//2770
f 3412//3412 3143//3143 1080//1080
f 1736//1736 2442//2442 3954//3954
f 388//388 3413//3413 3135//3135
f 1739//1739 1340//1340 1738//1738
f 1255//1255 4093//4093 3579//3579
f 3147//3147 1741//1741 3149//3149
f 399//399 4233//4233 3688//3688
f 1741//1741 3146//3146 1255//1255
f 1447//1447 4153//4153 1744//1744
f 1744//1744 3150//3150 3820//3820
f 1745//1745 522//522 2511//2511
f 2906//2906 2510//2510 522//522
f 2356//2356 3151//3151 4040//4040
f 3151//3151 2356//2356 1746//1746
f 2922//2922 1747//1747 3152//3152
f 1256//1256 3152//3152 2708//2708
f 1748//1748 3153//3153 3344//3344
f 679//679 3153//3153 392//392
f 1749//1749 2711//2711 1750//1750
f 2711//2711 1749//1749 3154//3154
f 933//933 2615//2615 3924//3924
f 2711//2711 3924//3924 2615//2615
f 1165//1165 2774//2774 933//933
f 2615//2615 933//933 2774//2774
f 1166//1166 2776//2776 776//776
f 2712//2712 776//776 2776//2776
f 1081//1081 2714//2714 1165//1165
f 2774//2774 1165//1165 2714//2714
f 2775//2775 1082//1082 2715//2715
f 4030//4030 2616//2616 1081//1081
f 2714//2714 1081//1081 2616//2616
f 777//777 3155//3155 929//929
f 2777//2777 934//934 4291//4291
f 1252//1252 4291//4291 934//934
f 1898//1898 2777//2777 4291//4291
f 1083//1083 2716//2716 935//935
f 936//936 2617//2617 1083//1083
f 2716//2716 1083//1083 2617//2617
f 1254//1254 2460//2460 936//936
f 778//778 3579//3579 932//932
f 2618//2618 2515//2515 3976//3976
f 2718//2718 1761//1761 3156//3156
f 1085//1085 3156//3156 1167//1167
f 529//529 3158//3158 935//935
f 2919//2919 935//935 3158//3158
f 1763//1763 3792//3792 1762//1762
f 3792//3792 1084//1084 1762//1762
f 1084//1084 3792//3792 114//114
f 1765//1765 1256//1256 1764//1764
f 1765//1765 1764//1764 3808//3808
f 402//402 3808//3808 1764//1764
f 3848//3848 3159//3159 1767//1767
f 2939//2939 3159//3159 1169//1169
f 938//938 2518//2518 1768//1768
f 2518//2518 938//938 4108//4108
f 2108//2108 1768//1768 2518//2518
f 682//682 4155//4155 943//943
f 1454//1454 3759//3759 1771//1771
f 1771//1771 269//269 1770//1770
f 1345//1345 2931//2931 1346//1346
f 3859//3859 2935//2935 1087//1087
f 3160//3160 1773//1773 405//405
f 1775//1775 3161//3161 2950//2950
f 1261//1261 3161//3161 2934//2934
f 3161//3161 1261//1261 2950//2950
f 2934//2934 3161//3161 3859//3859
f 2935//2935 3859//3859 3161//3161
f 2543//2543 1779//1779 1259//1259
f 3997//3997 2937//2937 942//942
f 1787//1787 3162//3162 1096//1096
f 3162//3162 2064//2064 1096//1096
f 2064//2064 3162//3162 1785//1785
f 2943//2943 1269//1269 3566//3566
f 2785//2785 4165//4165 1170//1170
f 4201//4201 2256//2256 3165//3165
f 959//959 3163//3163 3165//3165
f 1271//1271 3166//3166 2946//2946
f 828//828 3933//3933 964//964
f 3876//3876 2523//2523 1796//1796
f 3167//3167 1796//1796 1086//1086
f 3772//3772 3217//3217 3977//3977
f 3168//3168 1105//1105 3655//3655
f 1105//1105 3168//3168 968//968
f 1355//1355 1803//1803 969//969
f 1275//1275 3423//3423 1107//1107
f 702//702 3032//3032 3734//3734
f 2072//2072 1805//1805 3734//3734
f 214//214 3171//3171 704//704
f 2372//2372 3171//3171 1807//1807
f 3172//3172 2724//2724 1819//1819
f 1823//1823 834//834 2258//2258
f 435//435 2196//2196 280//280
f 1280//1280 449//449 2198//2198
f 741//741 1294//1294 3218//3218
f 1004//1004 3173//3173 3427//3427
f 1847//1847 1598//1598 1372//1372
f 1996//1996 1375//1375 3259//3259
f 3173//3173 3259//3259 1375//1375
f 1375//1375 3427//3427 3173//3173
f 2568//2568 1847//1847 250//250
f 3175//3175 1850//1850 1852//1852
f 3225//3225 1851//1851 251//251
f 3435//3435 1639//1639 4007//4007
f 256//256 2741//2741 255//255
f 1377//1377 3176//3176 1853//1853
f 2741//2741 1853//1853 3176//3176
f 2011//2011 1854//1854 3907//3907
f 2588//2588 257//257 3177//3177
f 1855//1855 2748//2748 2013//2013
f 260//260 4115//4115 507//507
f 1384//1384 4067//4067 4193//4193
f 264//264 4178//4178 263//263
f 1386//1386 3178//3178 1858//1858
f 3821//3821 3466//3466 268//268
f 3178//3178 268//268 3466//3466
f 2653//2653 1859//1859 748//748
f 3179//3179 1860//1860 2654//2654
f 2657//2657 586//586 324//324
f 338//338 3180//3180 340//340
f 3180//3180 338//338 1597//1597
f 3181//3181 4228//4228 1873//1873
f 3182//3182 2662//2662 1872//1872
f 3182//3182 1872//1872 2800//2800
f 1412//1412 3183//3183 1874//1874
f 3183//3183 341//341 3184//3184
f 343//343 3186//3186 3268//3268
f 3186//3186 343//343 3185//3185
f 1621//1621 3072//3072 1622//1622
f 4187//4187 1418//1418 347//347
f 2474//2474 4018//4018 1879//1879
f 3187//3187 3957//3957 4102//4102
f 1878//1878 2474//2474 1879//1879
f 3486//3486 3743//3743 1880//1880
f 1880//1880 3188//3188 627//627
f 3188//3188 348//348 3189//3189
f 1420//1420 3190//3190 1882//1882
f 350//350 3190//3190 349//349
f 1883//1883 3191//3191 1496//1496
f 3948//3948 3191//3191 3281//3281
f 3191//3191 1883//1883 3192//3192
f 3281//3281 3192//3192 4070//4070
f 355//355 2490//2490 3193//3193
f 357//357 1886//1886 3001//3001
f 3631//3631 3001//3001 1886//1886
f 910//910 2480//2480 3002//3002
f 1885//1885 3908//3908 2535//2535
f 1424//1424 3571//3571 3611//3611
f 634//634 3090//3090 358//358
f 2329//2329 2536//2536 1887//1887
f 636//636 3194//3194 360//360
f 363//363 4311//4311 362//362
f 2859//2859 2021//2021 2437//2437
f 3844//3844 3829//3829 3196//3196
f 3195//3195 4287//4287 4182//4182
f 3196//3196 3195//3195 650//650
f 371//371 2438//2438 373//373
f 3302//3302 374//374 375//375
f 1432//1432 3197//3197 3684//3684
f 1890//1890 3198//3198 3322//3322
f 4044//4044 3322//3322 1889//1889
f 1891//1891 3199//3199 512//512
f 3200//3200 3706//3706 2037//2037
f 2416//2416 3200//3200 2695//2695
f 662//662 3201//3201 1892//1892
f 3202//3202 1892//1892 3201//3201
f 3127//3127 1892//1892 3203//3203
f 3326//3326 3203//3203 381//381
f 1893//1893 4154//4154 1508//1508
f 384//384 3205//3205 515//515
f 3970//3970 4004//4004 4025//4025
f 1441//1441 3332//3332 3206//3206
f 4291//4291 1896//1896 2538//2538
f 4295//4295 1897//1897 3207//3207
f 1899//1899 3208//3208 521//521
f 3208//3208 1899//1899 388//388
f 1901//1901 3884//3884 673//673
f 2905//2905 1901//1901 391//391
f 394//394 3210//3210 3883//3883
f 3210//3210 1902//1902 3883//3883
f 1449//1449 3211//3211 4015//4015
f 3212//3212 2048//2048 2621//2621
f 3212//3212 1904//1904 2368//2368
f 3795//3795 3212//3212 2621//2621
f 1906//1906 3214//3214 684//684
f 1949//1949 3214//3214 4205//4205
f 1773//1773 2057//2057 405//405
f 2057//2057 1908//1908 4113//4113
f 1456//1456 3215//3215 1304//1304
f 3215//3215 407//407 3216//3216
f 1304//1304 3216//3216 1779//1779
f 2521//2521 3216//3216 407//407
f 2544//2544 2069//2069 958//958
f 889//889 958//958 2069//2069
f 3217//3217 786//786 3550//3550
f 787//787 788//788 3031//3031
f 3031//3031 2545//2545 1464//1464
f 3032//3032 1464//1464 2545//2545
f 419//419 3032//3032 2545//2545
f 986//986 1915//1915 2725//2725
f 1915//1915 720//720 2566//2566
f 3592//3592 806//806 2447//2447
f 1928//1928 3218//3218 1311//1311
f 483//483 2659//2659 1929//1929
f 3034//3034 1929//1929 2659//2659
f 1929//1929 3034//3034 340//340
f 3219//3219 340//340 3034//3034
f 1149//1149 3220//3220 2469//2469
f 1005//1005 2970//2970 2412//2412
f 249//249 3221//3221 2451//2451
f 3221//3221 249//249 1931//1931
f 3222//3222 486//486 3223//3223
f 489//489 4183//4183 488//488
f 1877//1877 4187//4187 347//347
f 2997//2997 3619//3619 3072//3072
f 1490//1490 3225//3225 1932//1932
f 3225//3225 251//251 3226//3226
f 494//494 3226//3226 251//251
f 3227//3227 496//496 1933//1933
f 2828//2828 2549//2549 1934//1934
f 3227//3227 1933//1933 4039//4039
f 3702//3702 1933//1933 252//252
f 1493//1493 2454//2454 1495//1495
f 256//256 2454//2454 633//633
f 2454//2454 256//256 3228//3228
f 1496//1496 3229//3229 1935//1935
f 499//499 3231//3231 255//255
f 1498//1498 3232//3232 1937//1937
f 3040//3040 1938//1938 2748//2748
f 2457//2457 3925//3925 3234//3234
f 260//260 3238//3238 510//510
f 3238//3238 260//260 3237//3237
f 1506//1506 3238//3238 3237//3237
f 4305//4305 3646//3646 2556//2556
f 2556//2556 2761//2761 4305//4305
f 2600//2600 1941//1941 3239//3239
f 2236//2236 3917//3917 1941//1941
f 1944//1944 2558//2558 3241//3241
f 2558//2558 512//512 3240//3240
f 3241//3241 3240//3240 1943//1943
f 1713//1713 3242//3242 3747//3747
f 515//515 3243//3243 3244//3244
f 3243//3243 1945//1945 3244//3244
f 517//517 3245//3245 3246//3246
f 3245//3245 1701//1701 3246//3246
f 1511//1511 3247//3247 1510//1510
f 2105//2105 2771//2771 3766//3766
f 1946//1946 3368//3368 3248//3248
f 3998//3998 4219//4219 1946//1946
f 1748//1748 4072//4072 3250//3250
f 3249//3249 3250//3250 521//521
f 1745//1745 3251//3251 522//522
f 524//524 3252//3252 394//394
f 525//525 3687//3687 268//268
f 1515//1515 3253//3253 3831//3831
f 3991//3991 3254//3254 1516//1516
f 3158//3158 529//529 3467//3467
f 3214//3214 1949//1949 2564//2564
f 2057//2057 1950//1950 3256//3256
f 3256//3256 2541//2541 3255//3255
f 1519//1519 3767//3767 2370//2370
f 3990//3990 2370//2370 3767//3767
f 829//829 1315//1315 1295//1295
f 546//546 834//834 1823//1823
f 1964//1964 2626//2626 281//281
f 2788//2788 1539//1539 460//460
f 584//584 848//848 77//77
f 1546//1546 1132//1132 2204//2204
f 1975//1975 4091//4091 4111//4111
f 4111//4111 3987//3987 3666//3666
f 1201//1201 856//856 1973//1973
f 325//325 3258//3258 582//582
f 1848//1848 3260//3260 1995//1995
f 1996//1996 2802//2802 1060//1060
f 2802//2802 1996//1996 3259//3259
f 620//620 2568//2568 1997//1997
f 2568//2568 620//620 3260//3260
f 1997//1997 2568//2568 250//250
f 3261//3261 1999//1999 167//167
f 1413//1413 3264//3264 1227//1227
f 1227//1227 3264//3264 893//893
f 4075//4075 4102//4102 894//894
f 620//620 3265//3265 341//341
f 3265//3265 620//620 2733//2733
f 1605//1605 3265//3265 1604//1604
f 341//341 3266//3266 3226//3226
f 2548//2548 1932//1932 1607//1607
f 3266//3266 1607//1607 1932//1932
f 1611//1611 2472//2472 2002//2002
f 3268//3268 2002//2002 2472//2472
f 343//343 3384//3384 488//488
f 490//490 3270//3270 627//627
f 2312//2312 3486//3486 1613//1613
f 3270//3270 1613//1613 3486//3486
f 95//95 3273//3273 2005//2005
f 2005//2005 3273//3273 1065//1065
f 2827//2827 1065//1065 3273//3273
f 3945//3945 3274//3274 2578//2578
f 3274//3274 2004//2004 3175//3175
f 2578//2578 3175//3175 1852//1852
f 3175//3175 3750//3750 1850//1850
f 2527//2527 1851//1851 3909//3909
f 1230//1230 2956//2956 898//898
f 251//251 3075//3075 494//494
f 94//94 3275//3275 2007//2007
f 3276//3276 2007//2007 3275//3275
f 2007//2007 3276//3276 3936//3936
f 1642//1642 2579//2579 1880//1880
f 3806//3806 2580//2580 94//94
f 2008//2008 1233//1233 3946//3946
f 900//900 3000//3000 4035//4035
f 3000//3000 900//900 2814//2814
f 1421//1421 2814//2814 4279//4279
f 3945//3945 2478//2478 349//349
f 2478//2478 1639//1639 3278//3278
f 1937//1937 3640//3640 1640//1640
f 3279//3279 633//633 2579//2579
f 3392//3392 3280//3280 352//352
f 1647//1647 3282//3282 1646//1646
f 499//499 3283//3283 636//636
f 2329//2329 3501//3501 1649//1649
f 3283//3283 1649//1649 3501//3501
f 498//498 3282//3282 3853//3853
f 1652//1652 3284//3284 1651//1651
f 3853//3853 1651//1651 3284//3284
f 355//355 2479//2479 2491//2491
f 2479//2479 3938//3938 1675//1675
f 2011//2011 3907//3907 3286//3286
f 99//99 3285//3285 3751//3751
f 641//641 3286//3286 2587//2587
f 2587//2587 3907//3907 1856//1856
f 2636//2636 1854//1854 2011//2011
f 500//500 2481//2481 1656//1656
f 3092//3092 1660//1660 1659//1659
f 2590//2590 2009//2009 2015//2015
f 358//358 3980//3980 2015//2015
f 1236//1236 3287//3287 3081//3081
f 98//98 3289//3289 2017//2017
f 4213//4213 2017//2017 3289//3289
f 2145//2145 2683//2683 2016//2016
f 2017//2017 4213//4213 1158//1158
f 2857//2857 817//817 4213//4213
f 644//644 3288//3288 2018//2018
f 2683//2683 2018//2018 3288//3288
f 3289//3289 2145//2145 4213//4213
f 360//360 3194//3194 2591//2591
f 3097//3097 2019//2019 2020//2020
f 2019//2019 2683//2683 2145//2145
f 2683//2683 2019//2019 3290//3290
f 360//360 3291//3291 636//636
f 1665//1665 3290//3290 2019//2019
f 3290//3290 1665//1665 3291//3291
f 909//909 3009//3009 1070//1070
f 3009//3009 909//909 3292//3292
f 2021//2021 3292//3292 645//645
f 639//639 3089//3089 2023//2023
f 646//646 2023//2023 3089//3089
f 641//641 2589//2589 3293//3293
f 3293//3293 3959//3959 3849//3849
f 641//641 2488//2488 363//363
f 363//363 2488//2488 3295//3295
f 644//644 3296//3296 503//503
f 2491//2491 1675//1675 3297//3297
f 2490//2490 2491//2491 365//365
f 1676//1676 3298//3298 3297//3297
f 3297//3297 1675//1675 1676//1676
f 3684//3684 3299//3299 1680//1680
f 652//652 2492//2492 373//373
f 3301//3301 373//373 2492//2492
f 3764//3764 3400//3400 3865//3865
f 654//654 3873//3873 510//510
f 506//506 3449//3449 3916//3916
f 3302//3302 375//375 3916//3916
f 3752//3752 3302//3302 1686//1686
f 3303//3303 3846//3846 4312//4312
f 2027//2027 3306//3306 2037//2037
f 4182//4182 4033//4033 650//650
f 3307//3307 1698//1698 2497//2497
f 1698//1698 3307//3307 1429//1429
f 654//654 3308//3308 2029//2029
f 2028//2028 3309//3309 2032//2032
f 2605//2605 2032//2032 3309//3309
f 2030//2030 3873//3873 1889//1889
f 107//107 3309//3309 1162//1162
f 2603//2603 1162//1162 3309//3309
f 2028//2028 3310//3310 2031//2031
f 3308//3308 2031//2031 3310//3310
f 3311//3311 3312//3312 3245//3245
f 2604//2604 2156//2156 2032//2032
f 2033//2033 2605//2605 107//107
f 3315//3315 2035//2035 3910//3910
f 105//105 3314//3314 1703//1703
f 262//262 3119//3119 660//660
f 3123//3123 3121//3121 3119//3119
f 1715//1715 2888//2888 2504//2504
f 2038//2038 381//381 1713//1713
f 383//383 3316//3316 516//516
f 3316//3316 3941//3941 3964//3964
f 665//665 2611//2611 264//264
f 1718//1718 3317//3317 2901//2901
f 3318//3318 1719//1719 3319//3319
f 658//658 3320//3320 1721//1721
f 517//517 3321//3321 4044//4044
f 1890//1890 3322//3322 1724//1724
f 667//667 3323//3323 4025//4025
f 4004//4004 3324//3324 660//660
f 2340//2340 4083//4083 1726//1726
f 3324//3324 1726//1726 4083//4083
f 2039//2039 1900//1900 3327//3327
f 3327//3327 3208//3208 2902//2902
f 3127//3127 2039//2039 662//662
f 929//929 3328//3328 1076//1076
f 3020//3020 1076//1076 3328//3328
f 1440//1440 3328//3328 1251//1251
f 3155//3155 1251//1251 3328//3328
f 665//665 3329//3329 2041//2041
f 2040//2040 3330//3330 930//930
f 2042//2042 2610//2610 3207//3207
f 111//111 2043//2043 1733//1733
f 2612//2612 1733//1733 3330//3330
f 2040//2040 3331//3331 1511//1511
f 3329//3329 1511//1511 3331//3331
f 1733//1733 2612//2612 1164//1164
f 2043//2043 3330//3330 1733//1733
f 3332//3332 1441//1441 3333//3333
f 667//667 3333//3333 3642//3642
f 2646//2646 2044//2044 3334//3334
f 109//109 3334//3334 4271//4271
f 2613//2613 4259//4259 4271//4271
f 2044//2044 3333//3333 1441//1441
f 3326//3326 3325//3325 4026//4026
f 2039//2039 3127//3127 4026//4026
f 266//266 3147//3147 3688//3688
f 3149//3149 3688//3688 3147//3147
f 1751//1751 3462//3462 1750//1750
f 524//524 3338//3338 397//397
f 3988//3988 4029//4029 1756//1756
f 678//678 3340//3340 401//401
f 1758//1758 3340//3340 2251//2251
f 399//399 3341//3341 4233//4233
f 3341//3341 3793//3793 3643//3643
f 3342//3342 3344//3344 3153//3153
f 3344//3344 3342//3342 2056//2056
f 3343//3343 2050//2050 3710//3710
f 2050//2050 3343//3343 3213//3213
f 3344//3344 2049//2049 2512//2512
f 4132//4132 4118//4118 4120//4120
f 3054//3054 2051//2051 1517//1517
f 3054//3054 1168//1168 2620//2620
f 3054//3054 1517//1517 3962//3962
f 965//965 2622//2622 2719//2719
f 2048//2048 3345//3345 2621//2621
f 2053//2053 3347//3347 2651//2651
f 2055//2055 3348//3348 3911//3911
f 3348//3348 2055//2055 678//678
f 2921//2921 1084//1084 114//114
f 3344//3344 2056//2056 2049//2049
f 3626//3626 1779//1779 1769//1769
f 4155//4155 531//531 4078//4078
f 3694//3694 2526//2526 3874//3874
f 3859//3859 3693//3693 2934//2934
f 941//941 2373//2373 1347//1347
f 2521//2521 407//407 3965//3965
f 2938//2938 943//943 3965//3965
f 2938//2938 2059//2059 4114//4114
f 701//701 3825//3825 4196//4196
f 3349//3349 953//953 1268//1268
f 2965//2965 2067//2067 2068//2068
f 2944//2944 2069//2069 1791//1791
f 3800//3800 1791//1791 623//623
f 4201//4201 3165//3165 3801//3801
f 1354//1354 2966//2966 1270//1270
f 960//960 4034//4034 3824//3824
f 1793//1793 962//962 4198//4198
f 2967//2967 961//961 1910//1910
f 1174//1174 963//963 3933//3933
f 3157//3157 3966//3966 533//533
f 2948//2948 2071//2071 3550//3550
f 2923//2923 3540//3540 3690//3690
f 967//967 3644//3644 1091//1091
f 3644//3644 967//967 1274//1274
f 1457//1457 3644//3644 2625//2625
f 3644//3644 1457//1457 780//780
f 2545//2545 1355//1355 969//969
f 2072//2072 419//419 2073//2073
f 1837//1837 3350//3350 1817//1817
f 738//738 3033//3033 1136//1136
f 741//741 3218//3218 1928//1928
f 2730//2730 3351//3351 1374//1374
f 812//812 2546//2546 3952//3952
f 2970//2970 2091//2091 2628//2628
f 1489//1489 4210//4210 2092//2092
f 4210//4210 4121//4121 3352//3352
f 1151//1151 2805//2805 2629//2629
f 2630//2630 1006//1006 3967//3967
f 4121//4121 4234//4234 3352//3352
f 3222//3222 3223//3223 4265//4265
f 1376//1376 2094//2094 3354//3354
f 2419//2419 3354//3354 3802//3802
f 3802//3802 1630//1630 3355//3355
f 2222//2222 3355//3355 95//95
f 252//252 3847//3847 1490//1490
f 1494//1494 3356//3356 2095//2095
f 3356//3356 254//254 3357//3357
f 743//743 2633//2633 1007//1007
f 2634//2634 1007//1007 2633//2633
f 2095//2095 3357//3357 2096//2096
f 96//96 3357//3357 254//254
f 3357//3357 96//96 3358//3358
f 1495//1495 3228//3228 1497//1497
f 255//255 3228//3228 256//256
f 3228//3228 255//255 3231//3231
f 1379//1379 2976//2976 2327//2327
f 1662//1662 3081//3081 3947//3947
f 3947//3947 3287//3287 1854//1854
f 1379//1379 3095//3095 2978//2978
f 3095//3095 1662//1662 2637//2637
f 2978//2978 2637//2637 99//99
f 2748//2748 1855//1855 1498//1498
f 2638//2638 3040//3040 2456//2456
f 1855//1855 3232//3232 1498//1498
f 3232//3232 1855//1855 3177//3177
f 1501//1501 2640//2640 2097//2097
f 258//258 2640//2640 100//100
f 2098//2098 2861//2861 2097//2097
f 2097//2097 3359//3359 1159//1159
f 2980//2980 3103//3103 3359//3359
f 2098//2098 3770//3770 3679//3679
f 3770//3770 2098//2098 3360//3360
f 101//101 3360//3360 258//258
f 2640//2640 258//258 3360//3360
f 103//103 3361//3361 261//261
f 4092//4092 261//261 3361//3361
f 745//745 3661//3661 2981//2981
f 3047//3047 3046//3046 3803//3803
f 2981//2981 3047//3047 3803//3803
f 3645//3645 3362//3362 4073//4073
f 507//507 2459//2459 260//260
f 3237//3237 260//260 2459//2459
f 1505//1505 3237//3237 1504//1504
f 261//261 4092//4092 3765//3765
f 2867//2867 3765//3765 4092//4092
f 3583//3583 3120//3120 3625//3625
f 382//382 2982//2982 1438//1438
f 2099//2099 2641//2641 3754//3754
f 3049//3049 2100//2100 3584//3584
f 3815//3815 2642//2642 2762//2762
f 1507//1507 3830//3830 3363//3363
f 3051//3051 4305//4305 2761//2761
f 2101//2101 3365//3365 2102//2102
f 263//263 3366//3366 264//264
f 3366//3366 263//263 3246//3246
f 1510//1510 3366//3366 1509//1509
f 3366//3366 1510//1510 3247//3247
f 4194//4194 3367//3367 2102//2102
f 109//109 2984//2984 3148//3148
f 2984//2984 1385//1385 3845//3845
f 393//393 2983//2983 110//110
f 3146//3146 1741//1741 2103//2103
f 2103//2103 1741//1741 3642//3642
f 3147//3147 266//266 2045//2045
f 1514//1514 52//52 2647//2647
f 1513//1513 3053//3053 3804//3804
f 3053//3053 2105//2105 3766//3766
f 2648//2648 112//112 3369//3369
f 747//747 3370//3370 934//934
f 2106//2106 3370//3370 2107//2107
f 268//268 3253//3253 3821//3821
f 1516//1516 3254//3254 1515//1515
f 3253//3253 1515//1515 3254//3254
f 112//112 2648//2648 113//113
f 2648//2648 2107//2107 3371//3371
f 2651//2651 2108//2108 3373//3373
f 2518//2518 3373//3373 2108//2108
f 3626//3626 3374//3374 3373//3373
f 2517//2517 3055//3055 3586//3586
f 3055//3055 2109//2109 2926//2926
f 1518//1518 2782//2782 2781//2781
f 2782//2782 1518//1518 3848//3848
f 3376//3376 1013//1013 271//271
f 3377//3377 271//271 1014//1014
f 3378//3378 272//272 3179//3179
f 1315//1315 2111//2111 3378//3378
f 1388//1388 3378//3378 2111//2111
f 1315//1315 2654//2654 1295//1295
f 276//276 1016//1016 3888//3888
f 2951//2951 2115//2115 128//128
f 2726//2726 1298//1298 2117//2117
f 3379//3379 2117//2117 1298//1298
f 1968//1968 1030//1030 4229//4229
f 77//77 2418//2418 1391//1391
f 2531//2531 311//311 1864//1864
f 1572//1572 3380//3380 1568//1568
f 3380//3380 159//159 1408//1408
f 595//595 3381//3381 2790//2790
f 1570//1570 3639//3639 1569//1569
f 3380//3380 315//315 159//159
f 597//597 3258//3258 2567//2567
f 159//159 315//315 1981//1981
f 1603//1603 1406//1406 4282//4282
f 2989//2989 1404//1404 3731//3731
f 3382//3382 1593//1593 2989//2989
f 1404//1404 2989//2989 1593//1593
f 2795//2795 3960//3960 2658//2658
f 1869//1869 2658//2658 3060//3060
f 1404//1404 2468//2468 2990//2990
f 2990//2990 1594//1594 483//483
f 1302//1302 3783//3783 329//329
f 2408//2408 1302//1302 1058//1058
f 2471//2471 4211//4211 2662//2662
f 4211//4211 2471//2471 3748//3748
f 2662//2662 3182//3182 3937//3937
f 2664//2664 1410//1410 3823//3823
f 1410//1410 2664//2664 1411//1411
f 4274//4274 1406//1406 342//342
f 766//766 2666//2666 1060//1060
f 2666//2666 2136//2136 3063//3063
f 3266//3266 341//341 3265//3265
f 1607//1607 3266//3266 1605//1605
f 342//342 1406//1406 3650//3650
f 1606//1606 2825//2825 2136//2136
f 767//767 3067//3067 3735//3735
f 3268//3268 2472//2472 343//343
f 3896//3896 2472//2472 1611//1611
f 2472//2472 3896//3896 3384//3384
f 174//174 3066//3066 4121//4121
f 4234//4234 3760//3760 344//344
f 2669//2669 3897//3897 3069//3069
f 3272//3272 4011//4011 3271//3271
f 1617//1617 3487//3487 1615//1615
f 344//344 3386//3386 178//178
f 345//345 1417//1417 3387//3387
f 3807//3807 3387//3387 1417//1417
f 1416//1416 3388//3388 2670//2670
f 2670//2670 1415//1415 2995//2995
f 2670//2670 2995//2995 3587//3587
f 2996//2996 253//253 2973//2973
f 253//253 2996//2996 1416//1416
f 1416//1416 2431//2431 3388//3388
f 2431//2431 2138//2138 3388//3388
f 1415//1415 2672//2672 2993//2993
f 2993//2993 3389//3389 2139//2139
f 2994//2994 2139//2139 3390//3390
f 2818//2818 3390//3390 493//493
f 2632//2632 2824//2824 3354//3354
f 2094//2094 2975//2975 2475//2475
f 1628//1628 2475//2475 2975//2975
f 2632//2632 2094//2094 175//175
f 2006//2006 3275//3275 2008//2008
f 1880//1880 3743//3743 1642//1642
f 348//348 3188//3188 4314//4314
f 3869//3869 2432//2432 2140//2140
f 1632//1632 2998//2998 2141//2141
f 2141//2141 2832//2832 2674//2674
f 2674//2674 3391//3391 1881//1881
f 1632//1632 2141//2141 2999//2999
f 2674//2674 2999//2999 2141//2141
f 768//768 2677//2677 1065//1065
f 1638//1638 2677//2677 2142//2142
f 349//349 3278//3278 350//350
f 1640//1640 3278//3278 1639//1639
f 3278//3278 1640//1640 3640//3640
f 351//351 2675//2675 182//182
f 2675//2675 2142//2142 2850//2850
f 2838//2838 1156//1156 2679//2679
f 2838//2838 2679//2679 4035//4035
f 352//352 3282//3282 3392//3392
f 3282//3282 352//352 1646//1646
f 353//353 3393//3393 254//254
f 1645//1645 3659//3659 2143//2143
f 96//96 3394//3394 356//356
f 2681//2681 356//356 3394//3394
f 4143//4143 4071//4071 1068//1068
f 1650//1650 3086//3086 1653//1653
f 3284//3284 1652//1652 2479//2479
f 356//356 2681//2681 1426//1426
f 1670//1670 1669//1669 2682//2682
f 359//359 2420//2420 182//182
f 2145//2145 3289//3289 2020//2020
f 2592//2592 2020//2020 3289//3289
f 1887//1887 2536//2536 4086//4086
f 1666//1666 2684//2684 3816//3816
f 3834//3834 3816//3816 2684//2684
f 2858//2858 3816//3816 2334//2334
f 3816//3816 2858//2858 3098//3098
f 2685//2685 3098//3098 2858//2858
f 2147//2147 186//186 3757//3757
f 2147//2147 2144//2144 3395//3395
f 3756//3756 3395//3395 2144//2144
f 3396//3396 3652//3652 3099//3099
f 1670//1670 3099//3099 3963//3963
f 362//362 641//641 363//363
f 2488//2488 3849//3849 3294//3294
f 3105//3105 3719//3719 3889//3889
f 3010//3010 3105//3105 1070//1070
f 365//365 3298//3298 366//366
f 1677//1677 3298//3298 1676//1676
f 367//367 2688//2688 100//100
f 2688//2688 3995//3995 2148//2148
f 101//101 3397//3397 370//370
f 2149//2149 3397//3397 1681//1681
f 3111//3111 1243//1243 4285//4285
f 3011//3011 3398//3398 1071//1071
f 2149//2149 2690//2690 2691//2691
f 2690//2690 1071//1071 3398//3398
f 2691//2691 3398//3398 1243//1243
f 3885//3885 369//369 3300//3300
f 3397//3397 2149//2149 3399//3399
f 1684//1684 3399//3399 2149//2149
f 370//370 3399//3399 3730//3730
f 373//373 3301//3301 4192//4192
f 3400//3400 4192//4192 3301//3301
f 1428//1428 3912//3912 3012//3012
f 3633//3633 375//375 374//374
f 2024//2024 374//374 3302//3302
f 3653//3653 3403//3403 2153//2153
f 103//103 3913//3913 189//189
f 772//772 1242//1242 3014//3014
f 3014//3014 3404//3404 2756//2756
f 3899//3899 2757//2757 2153//2153
f 3404//3404 2153//2153 2757//2757
f 4119//4119 378//378 3304//3304
f 1692//1692 4119//4119 1691//1691
f 4119//4119 1692//1692 3305//3305
f 377//377 3406//3406 3730//3730
f 1434//1434 3016//3016 3407//3407
f 1888//1888 2693//2693 1699//1699
f 1434//1434 2498//2498 3017//3017
f 2693//2693 3017//3017 2498//2498
f 1889//1889 3198//3198 2030//2030
f 2156//2156 3310//3310 2028//2028
f 2694//2694 1437//1437 1706//1706
f 2694//2694 3112//3112 4235//4235
f 512//512 2557//2557 1891//1891
f 2695//2695 1707//1707 2416//2416
f 2883//2883 2026//2026 3199//3199
f 1707//1707 2695//2695 657//657
f 1437//1437 2694//2694 3905//3905
f 2158//2158 2441//2441 3837//3837
f 1439//1439 4054//4054 2425//2425
f 2159//2159 2698//2698 3125//3125
f 1439//1439 1712//1712 4003//4003
f 2698//2698 3126//3126 1712//1712
f 2559//2559 1944//1944 1892//1892
f 3202//3202 380//380 1942//1942
f 1713//1713 2699//2699 3242//3242
f 2699//2699 1944//1944 3241//3241
f 3242//3242 2699//2699 1943//1943
f 382//382 1438//1438 2505//2505
f 4163//4163 2891//2891 3020//3020
f 3020//3020 4290//4290 1076//1076
f 515//515 3318//3318 384//384
f 1720//1720 1721//1721 3319//3319
f 3319//3319 1719//1719 1720//1720
f 1723//1723 3410//3410 2162//2162
f 774//774 2700//2700 1078//1078
f 2701//2701 1078//1078 2700//2700
f 3411//3411 3970//3970 3323//3323
f 3411//3411 1725//1725 1726//1726
f 2704//2704 3958//3958 2505//2505
f 775//775 2703//2703 1080//1080
f 2703//2703 1727//1727 3412//3412
f 1443//1443 3021//3021 2346//2346
f 3139//3139 1896//1896 2705//2705
f 1896//1896 3139//3139 1732//1732
f 1443//1443 2892//2892 2705//2705
f 2901//2901 1897//1897 2538//2538
f 1897//1897 2901//2901 2042//2042
f 930//930 3331//3331 2040//2040
f 2610//2610 386//386 3207//3207
f 386//386 2610//2610 2041//2041
f 1899//1899 3613//3613 388//388
f 3413//3413 388//388 3613//3613
f 2039//2039 3209//3209 1900//1900
f 3327//3327 1900//1900 3208//3208
f 1737//1737 3325//3325 3128//3128
f 4159//4159 1445//1445 3023//3023
f 2164//2164 3022//3022 4153//4153
f 1447//1447 3025//3025 2427//2427
f 2165//2165 2708//2708 3820//3820
f 1447//1447 1744//1744 3152//3152
f 2708//2708 3152//3152 1744//1744
f 392//392 2709//2709 1745//1745
f 2709//2709 392//392 3153//3153
f 1748//1748 2512//2512 4072//4072
f 3884//3884 1901//1901 2905//2905
f 3858//3858 3884//3884 3024//3024
f 1745//1745 2709//2709 3251//3251
f 3251//3251 2709//2709 1947//1947
f 393//393 1446//1446 200//200
f 396//396 2513//2513 394//394
f 2513//2513 396//396 3540//3540
f 2513//2513 1750//1750 3462//3462
f 395//395 3414//3414 113//113
f 1752//1752 3415//3415 2166//2166
f 3414//3414 2166//2166 3415//3415
f 776//776 2712//2712 4122//4122
f 2713//2713 4122//4122 2712//2712
f 202//202 3416//3416 3414//3414
f 3414//3414 395//395 202//202
f 2166//2166 3414//3414 3416//3416
f 3339//3339 397//397 3338//3338
f 398//398 2900//2900 4145//4145
f 1757//1757 2900//2900 1755//1755
f 777//777 2715//2715 1082//1082
f 112//112 3417//3417 398//398
f 3417//3417 1755//1755 2900//2900
f 401//401 3341//3341 399//399
f 3341//3341 401//401 3340//3340
f 3341//3341 1758//1758 3793//3793
f 200//200 3418//3418 2168//2168
f 778//778 2717//2717 1084//1084
f 1762//1762 1084//1084 2717//2717
f 2169//2169 1762//1762 2168//2168
f 202//202 2947//2947 2384//2384
f 1451//1451 2947//2947 1761//1761
f 2048//2048 675//675 3345//3345
f 2620//2620 2719//2719 3054//3054
f 2622//2622 2051//2051 2719//2719
f 690//690 1904//1904 3795//3795
f 2366//2366 2922//2922 3689//3689
f 3808//3808 402//402 3026//3026
f 3213//3213 3026//3026 402//402
f 1343//1343 1344//1344 2172//2172
f 1905//1905 3343//3343 2049//2049
f 3343//3343 1905//1905 4014//4014
f 2986//2986 403//403 2174//2174
f 2720//2720 3898//3898 2173//2173
f 2174//2174 2444//2444 269//269
f 2444//2444 2443//2443 3419//3419
f 1454//1454 3028//3028 2428//2428
f 3691//3691 1087//1087 1770//1770
f 2935//2935 1771//1771 1087//1087
f 1772//1772 3256//3256 3255//3255
f 3553//3553 4161//4161 408//408
f 2936//2936 408//408 4161//4161
f 2721//2721 3420//3420 1088//1088
f 3420//3420 2721//2721 2175//2175
f 1089//1089 2937//2937 3997//3997
f 2542//2542 2543//2543 3838//3838
f 412//412 2065//2065 2292//2292
f 1784//1784 413//413 169//169
f 1227//1227 893//893 4236//4236
f 3421//3421 1227//1227 4236//4236
f 2722//2722 1227//1227 3421//3421
f 209//209 2367//2367 2941//2941
f 1102//1102 3422//3422 4120//4120
f 2924//2924 2941//2941 2367//2367
f 2188//2188 2190//2190 2515//2515
f 1104//1104 3422//3422 1102//1102
f 788//788 3655//3655 1105//1105
f 3655//3655 3423//3423 4189//4189
f 2953//2953 215//215 2388//2388
f 2953//2953 3424//3424 2197//2197
f 706//706 421//421 1912//1912
f 2724//2724 2952//2952 4131//4131
f 3172//3172 2195//2195 1359//1359
f 434//434 435//435 280//280
f 435//435 434//434 220//220
f 1963//1963 1825//1825 432//432
f 3562//3562 280//280 2196//2196
f 1826//1826 548//548 549//549
f 548//548 1826//1826 2725//2725
f 2201//2201 3426//3426 1125//1125
f 789//789 3656//3656 450//450
f 848//848 1542//1542 3944//3944
f 1030//1030 1298//1298 2726//2726
f 1927//1927 2727//2727 806//806
f 2727//2727 1141//1141 478//478
f 2729//2729 480//480 2131//2131
f 1000//1000 1048//1048 88//88
f 3427//3427 3261//3261 1004//1004
f 3427//3427 3351//3351 1999//1999
f 811//811 2731//2731 2732//2732
f 2216//2216 2793//2793 1485//1485
f 2793//2793 2216//2216 482//482
f 2213//2213 2793//2793 482//482
f 1485//1485 3220//3220 2452//2452
f 2469//2469 3220//3220 1148//1148
f 1931//1931 2547//2547 1604//1604
f 1997//1997 2733//2733 620//620
f 2733//2733 1997//1997 3221//3221
f 250//250 3221//3221 1997//1997
f 2452//2452 1149//1149 1487//1487
f 3428//3428 2219//2219 1486//1486
f 2219//2219 2803//2803 3429//3429
f 2803//2803 1061//1061 3429//3429
f 2734//2734 3429//3429 2091//2091
f 1486//1486 2734//2734 1005//1005
f 2734//2734 1486//1486 2219//2219
f 43//43 3065//3065 487//487
f 3065//3065 43//43 1487//1487
f 813//813 3430//3430 1150//1150
f 1609//1609 3430//3430 2220//2220
f 486//486 3267//3267 4277//4277
f 487//487 3065//3065 92//92
f 3431//3431 2220//2220 3430//3430
f 1063//1063 3069//3069 1152//1152
f 488//488 3384//3384 489//489
f 3271//3271 3269//3269 1614//1614
f 4121//4121 3385//3385 4234//4234
f 3897//3897 3386//3386 3760//3760
f 92//92 2735//2735 491//491
f 3852//3852 491//491 2735//2735
f 2220//2220 3431//3431 2221//2221
f 2738//2738 2221//2221 3431//3431
f 3270//3270 490//490 3174//3174
f 1613//1613 3270//3270 1849//1849
f 3354//3354 2419//2419 1376//1376
f 1376//1376 3387//3387 2137//2137
f 3387//3387 1376//1376 2419//2419
f 93//93 2973//2973 253//253
f 3434//3434 94//94 495//495
f 1934//1934 4107//4107 2223//2223
f 3435//3435 252//252 496//496
f 1639//1639 2478//2478 4007//4007
f 1933//1933 496//496 252//252
f 2739//2739 2828//2828 2223//2223
f 2223//2223 3038//3038 3436//3436
f 633//633 3279//3279 256//256
f 2741//2741 256//256 3279//3279
f 743//743 2528//2528 1155//1155
f 497//497 2742//2742 97//97
f 2743//2743 254//254 3659//3659
f 1645//1645 3085//3085 2224//2224
f 3282//3282 1647//1647 3853//3853
f 254//254 2743//2743 96//96
f 1650//1650 3394//3394 2224//2224
f 2743//2743 2224//2224 3394//3394
f 3854//3854 97//97 2742//2742
f 2746//2746 2225//2225 3915//3915
f 255//255 3176//3176 499//499
f 1649//1649 3283//3283 1377//1377
f 3176//3176 1377//1377 3283//3283
f 1648//1648 3437//3437 2225//2225
f 2978//2978 3789//3789 2979//2979
f 2682//2682 2979//2979 1670//1670
f 4010//4010 2144//2144 3717//3717
f 3992//3992 3835//3835 2482//2482
f 1499//1499 2227//2227 1664//1664
f 2639//2639 1664//1664 2227//2227
f 2226//2226 3042//3042 46//46
f 98//98 3438//3438 3902//3902
f 502//502 3100//3100 1938//1938
f 2589//2589 2013//2013 3293//3293
f 1938//1938 3100//3100 2748//2748
f 3762//3762 2226//2226 3675//3675
f 3761//3761 1672//1672 3439//3439
f 3438//3438 1673//1673 3762//3762
f 2854//2854 2228//2228 1940//1940
f 2228//2228 2552//2552 1939//1939
f 2552//2552 2228//2228 3856//3856
f 2227//2227 4300//4300 1940//1940
f 817//817 1008//1008 1158//1158
f 3296//3296 4137//4137 1674//1674
f 1674//1674 4079//4079 744//744
f 3442//3442 2230//2230 102//102
f 2230//2230 3442//3442 2229//2229
f 2750//2750 1158//1158 1008//1008
f 2230//2230 3443//3443 2232//2232
f 100//100 3444//3444 258//258
f 2231//2231 3444//3444 2148//2148
f 818//818 2751//2751 3660//3660
f 3445//3445 2752//2752 3719//3719
f 366//366 4164//4164 3798//3798
f 258//258 3446//3446 101//101
f 3446//3446 258//258 3444//3444
f 1681//1681 3446//3446 2231//2231
f 3446//3446 1681//1681 3397//3397
f 819//819 4125//4125 4104//4104
f 2754//2754 2232//2232 3443//3443
f 259//259 2423//2423 505//505
f 1679//1679 3448//3448 2232//2232
f 371//371 3449//3449 506//506
f 261//261 4214//4214 3405//3405
f 3899//3899 3403//3403 2758//2758
f 1431//1431 3720//3720 3746//3746
f 2756//2756 2757//2757 3450//3450
f 2758//2758 3405//3405 3451//3451
f 3451//3451 372//372 3401//3401
f 372//372 3451//3451 4214//4214
f 508//508 3454//3454 3452//3452
f 3045//3045 4100//4100 3453//3453
f 3453//3453 2233//2233 821//821
f 104//104 3813//3813 508//508
f 2760//2760 2233//2233 3454//3454
f 745//745 4176//4176 4188//4188
f 2759//2759 4188//4188 4176//4176
f 4176//4176 4115//4115 3455//3455
f 509//509 2235//2235 3813//3813
f 3114//3114 3048//3048 2234//2234
f 49//49 2762//2762 3584//3584
f 2762//2762 49//49 3456//3456
f 2763//2763 3456//3456 1702//1702
f 3363//3363 3051//3051 3239//3239
f 382//382 3968//3968 2982//2982
f 2158//2158 2424//2424 1383//1383
f 2425//2425 3837//3837 2503//2503
f 2416//2416 1707//1707 1339//1339
f 1943//1943 3240//3240 3200//3200
f 2237//2237 513//513 1338//1338
f 3814//3814 1338//1338 513//513
f 2499//2499 1700//1700 514//514
f 1700//1700 2100//2100 2238//2238
f 4305//4305 1247//1247 3646//3646
f 516//516 3964//3964 3318//3318
f 3964//3964 1717//1717 1719//1719
f 263//263 4067//4067 517//517
f 1724//1724 3321//3321 1384//1384
f 518//518 3459//3459 3050//3050
f 4020//4020 3459//3459 2240//2240
f 822//822 3855//3855 1011//1011
f 519//519 3460//3460 518//518
f 2240//2240 3460//3460 2241//2241
f 3460//3460 2240//2240 3459//3459
f 746//746 2529//2529 1163//1163
f 2769//2769 1163//1163 2529//2529
f 3317//3317 1718//1718 4193//4193
f 1011//1011 2767//2767 1164//1164
f 2241//2241 2243//2243 2242//2242
f 2243//2243 2241//2241 3460//3460
f 3140//3140 1164//1164 2767//2767
f 4254//4254 520//520 4080//4080
f 3368//3368 3766//3766 3248//3248
f 2772//2772 2983//2983 1385//1385
f 522//522 3335//3335 2046//2046
f 3335//3335 522//522 3251//3251
f 394//394 3462//3462 524//524
f 1754//1754 3338//3338 1751//1751
f 3462//3462 1751//1751 3338//3338
f 1755//1755 3417//3417 2245//2245
f 3463//3463 2245//2245 3417//3417
f 1082//1082 2775//2775 1166//1166
f 2776//2776 1166//1166 2775//2775
f 113//113 3415//3415 112//112
f 2245//2245 3463//3463 1752//1752
f 3415//3415 1752//1752 3463//3463
f 268//268 3178//3178 525//525
f 1898//1898 4295//4295 1386//1386
f 526//526 3464//3464 52//52
f 2247//2247 3464//3464 2246//2246
f 527//527 2780//2780 4158//4158
f 2246//2246 3465//3465 2248//2248
f 3465//3465 2246//2246 3464//3464
f 747//747 2530//2530 1167//1167
f 2530//2530 1858//1858 2779//2779
f 528//528 3466//3466 3821//3821
f 1858//1858 3466//3466 4304//4304
f 2780//2780 2248//2248 3465//3465
f 2110//2110 2781//2781 4181//4181
f 3340//3340 678//678 2055//2055
f 3375//3375 3467//3467 1519//1519
f 3372//3372 1763//1763 1387//1387
f 1387//1387 403//403 2986//2986
f 269//269 3759//3759 2174//2174
f 3255//3255 2541//2541 3745//3745
f 2783//2783 3791//3791 1343//1343
f 3586//3586 2782//2782 3848//3848
f 4150//4150 4165//4165 1173//1173
f 3799//3799 3376//3376 2061//2061
f 533//533 1522//1522 944//944
f 3972//3972 1175//1175 3663//3663
f 830//830 2565//2565 3541//3541
f 2565//2565 830//830 2111//2111
f 1175//1175 3972//3972 3056//3056
f 3893//3893 1176//1176 1524//1524
f 1528//1528 2114//2114 3057//3057
f 1181//1181 3057//3057 3554//3554
f 2256//2256 1528//1528 2786//2786
f 1861//1861 1017//1017 3664//3664
f 1528//1528 1283//1283 1836//1836
f 1283//1283 3057//3057 1181//1181
f 1823//1823 2258//2258 3973//3973
f 294//294 4081//4081 238//238
f 1539//1539 2788//2788 2262//2262
f 1540//1540 4085//4085 1541//1541
f 4249//4249 567//567 3934//3934
f 76//76 33//33 462//462
f 464//464 1971//1971 1392//1392
f 1192//1192 2466//2466 1392//1392
f 2466//2466 238//238 574//574
f 1971//1971 1474//1474 1133//1133
f 4//4 2277//2277 591//591
f 1051//1051 1992//1992 330//330
f 2728//2728 478//478 3598//3598
f 1142//1142 2728//2728 3058//3058
f 313//313 1596//1596 3381//3381
f 1205//1205 3894//3894 4082//4082
f 2791//2791 3061//3061 891//891
f 3061//3061 2791//2791 4082//4082
f 593//593 2296//2296 19//19
f 594//594 2791//2791 593//593
f 2283//2283 37//37 4280//4280
f 2657//2657 3469//3469 1865//1865
f 1984//1984 3258//3258 325//325
f 1209//1209 759//759 3469//3469
f 1922//1922 3469//3469 759//759
f 3470//3470 314//314 876//876
f 3258//3258 1988//1988 582//582
f 20//20 3616//3616 605//605
f 2408//2408 2284//2284 339//339
f 880//880 36//36 1587//1587
f 482//482 2216//2216 1147//1147
f 610//610 2288//2288 2289//2289
f 886//886 885//885 3606//3606
f 18//18 617//617 3975//3975
f 2571//2571 1602//1602 337//337
f 172//172 619//619 3471//3471
f 2295//2295 2294//2294 3472//3472
f 3471//3471 3472//3472 3555//3555
f 619//619 42//42 3472//3472
f 2796//2796 890//890 1481//1481
f 1334//1334 2794//2794 2295//2295
f 1333//1333 2295//2295 3473//3473
f 3472//3472 3473//3473 2295//2295
f 42//42 621//621 3473//3473
f 3600//3600 1333//1333 3474//3474
f 3473//3473 3474//3474 1333//1333
f 621//621 622//622 3474//3474
f 483//483 2430//2430 2991//2991
f 2430//2430 483//483 1929//1929
f 1929//1929 3180//3180 2430//2430
f 3180//3180 1929//1929 340//340
f 1871//1871 2992//2992 3900//3900
f 3474//3474 622//622 2296//2296
f 249//249 2451//2451 1216//1216
f 1598//1598 3475//3475 1372//1372
f 3475//3475 3787//3787 2451//2451
f 3475//3475 1598//1598 4008//4008
f 1214//1214 2297//2297 3261//3261
f 2297//2297 3476//3476 4008//4008
f 1217//1217 1600//1600 2469//2469
f 3748//3748 2799//2799 4211//4211
f 3262//3262 3263//3263 2799//2799
f 2001//2001 2799//2799 957//957
f 1226//1226 3477//3477 2299//2299
f 3477//3477 1873//1873 2299//2299
f 2134//2134 2467//2467 1097//1097
f 2002//2002 3268//3268 623//623
f 1593//1593 3382//3382 2302//2302
f 3478//3478 2302//2302 3382//3382
f 894//894 2801//2801 4075//4075
f 175//175 2475//2475 342//342
f 2302//2302 3478//3478 1628//1628
f 2475//2475 1628//1628 3478//3478
f 341//341 3183//3183 620//620
f 3260//3260 620//620 3183//3183
f 1995//1995 3260//3260 1412//1412
f 485//485 3429//3429 1061//1061
f 487//487 3428//3428 43//43
f 2219//2219 3428//3428 2303//2303
f 92//92 3479//3479 487//487
f 3479//3479 2303//2303 3428//3428
f 1231//1231 3064//3064 1874//1874
f 3226//3226 494//494 341//341
f 3184//3184 341//341 494//494
f 1874//1874 3184//3184 1631//1631
f 1061//1061 2803//2803 1232//1232
f 2804//2804 1232//1232 2803//2803
f 491//491 3716//3716 92//92
f 2303//2303 3479//3479 2304//2304
f 3716//3716 2304//2304 3479//3479
f 44//44 3038//3038 1491//1491
f 486//486 3222//3222 3748//3748
f 2000//2000 2569//2569 3222//3222
f 2135//2135 4135//4135 1489//1489
f 3268//3268 3186//3186 624//624
f 2570//2570 624//624 3186//3186
f 1413//1413 2570//2570 1875//1875
f 625//625 2807//2807 5//5
f 895//895 2945//2945 1062//1062
f 2945//2945 2305//2305 3480//3480
f 176//176 2809//2809 625//625
f 2807//2807 625//625 2809//2809
f 767//767 2533//2533 1152//1152
f 2808//2808 1152//1152 2533//2533
f 3185//3185 343//343 488//488
f 1875//1875 3185//3185 3670//3670
f 1062//1062 3480//3480 1153//1153
f 2306//2306 3480//3480 2305//2305
f 3480//3480 2306//2306 3481//3481
f 626//626 2812//2812 176//176
f 2809//2809 176//176 2812//2812
f 2307//2307 3481//3481 2306//2306
f 628//628 2813//2813 626//626
f 2812//2812 626//626 2813//2813
f 814//814 2631//2631 1233//1233
f 627//627 3189//3189 490//490
f 4005//4005 490//490 3189//3189
f 344//344 3353//3353 4234//4234
f 2093//2093 3353//3353 1633//1633
f 178//178 1419//1419 344//344
f 1419//1419 1633//1633 3353//3353
f 2811//2811 1063//1063 2808//2808
f 3670//3670 3224//3224 1414//1414
f 1153//1153 3481//3481 896//896
f 2813//2813 628//628 2815//2815
f 896//896 3482//3482 1064//1064
f 3482//3482 896//896 3481//3481
f 2308//2308 3482//3482 2307//2307
f 177//177 2815//2815 628//628
f 2815//2815 177//177 2310//2310
f 4001//4001 4023//4023 900//900
f 2814//2814 900//900 4023//4023
f 1064//1064 3483//3483 897//897
f 3483//3483 1064//1064 3482//3482
f 2309//2309 3483//3483 2308//2308
f 629//629 2476//2476 2310//2310
f 3078//3078 897//897 3483//3483
f 2310//2310 1634//1634 2309//2309
f 6//6 2476//2476 629//629
f 2310//2310 2476//2476 1634//1634
f 3484//3484 3498//3498 630//630
f 3617//3617 1235//1235 1620//1620
f 2848//2848 2816//2816 1620//1620
f 2326//2326 1619//1619 2848//2848
f 630//630 179//179 3484//3484
f 3484//3484 3071//3071 1619//1619
f 3703//3703 3736//3736 3723//3723
f 1336//1336 3724//3724 3556//3556
f 2957//2957 492//492 2956//2956
f 493//493 4018//4018 2818//2818
f 4018//4018 493//493 347//347
f 2819//2819 4018//4018 347//347
f 181//181 18//18 4031//4031
f 1418//1418 4313//4313 2819//2819
f 2820//2820 1879//1879 1602//1602
f 1878//1878 2311//2311 3957//3957
f 4102//4102 3957//3957 2311//2311
f 95//95 3355//3355 2821//2821
f 3355//3355 1630//1630 3076//3076
f 2821//2821 3076//3076 2822//2822
f 1850//1850 2822//2822 1629//1629
f 2632//2632 2825//2825 2824//2824
f 2825//2825 2632//2632 175//175
f 766//766 3485//3485 2666//2666
f 3485//3485 766//766 899//899
f 3485//3485 1630//1630 1606//1606
f 2573//2573 3839//3839 2548//2548
f 491//491 3852//3852 44//44
f 3486//3486 1880//1880 627//627
f 2140//2140 3386//3386 1616//1616
f 352//352 3280//3280 2010//2010
f 3487//3487 2010//2010 3280//3280
f 1617//1617 2010//2010 3487//3487
f 2577//2577 1234//1234 1617//1617
f 3277//3277 2015//2015 2009//2009
f 346//346 1877//1877 2826//2826
f 1635//1635 3390//3390 2139//2139
f 3390//3390 1635//1635 2826//2826
f 1636//1636 2139//2139 3389//3389
f 3080//3080 3389//3389 2672//2672
f 351//351 3488//3488 180//180
f 3488//3488 1661//1661 3919//3919
f 2672//2672 2671//2671 3006//3006
f 3093//3093 3006//3006 2671//2671
f 182//182 3488//3488 351//351
f 349//349 3274//3274 3945//3945
f 2004//2004 3274//3274 1420//1420
f 3190//3190 1420//1420 3274//3274
f 496//496 3227//3227 901//901
f 2314//2314 3489//3489 2549//2549
f 3227//3227 2549//2549 3489//3489
f 497//497 2829//2829 2739//2739
f 2739//2739 2829//2829 2828//2828
f 901//901 3489//3489 1066//1066
f 2830//2830 1066//1066 3489//3489
f 97//97 3490//3490 497//497
f 2314//2314 3490//3490 2315//2315
f 3490//3490 2314//2314 2829//2829
f 2534//2534 1236//1236 3081//3081
f 1236//1236 2534//2534 1882//1882
f 1882//1882 3190//3190 3096//3096
f 3096//3096 1663//1663 1882//1882
f 1066//1066 2830//2830 902//902
f 2831//2831 902//902 2830//2830
f 2315//2315 3491//3491 2316//2316
f 3491//3491 2315//2315 3490//3490
f 902//902 2831//2831 1237//1237
f 3041//3041 1237//1237 2831//2831
f 2316//2316 3491//3491 4047//4047
f 4047//4047 1664//1664 2316//2316
f 633//633 2454//2454 4309//4309
f 3391//3391 3082//3082 1881//1881
f 353//353 3492//3492 3699//3699
f 2141//2141 2998//2998 2317//2317
f 3492//3492 2317//2317 2998//2998
f 3391//3391 2832//2832 1155//1155
f 2833//2833 1155//1155 2832//2832
f 254//254 3356//3356 353//353
f 3492//3492 353//353 3356//3356
f 2317//2317 3492//3492 1494//1494
f 3280//3280 3392//3392 3281//3281
f 3392//3392 3948//3948 3281//3281
f 1421//1421 3192//3192 1883//1883
f 903//903 3084//3084 897//897
f 183//183 3493//3493 6//6
f 1634//1634 2476//2476 2318//2318
f 3493//3493 2318//2318 2476//2476
f 903//903 2836//2836 1067//1067
f 2319//2319 2836//2836 2318//2318
f 2835//2835 2318//2318 2836//2836
f 3494//3494 2319//2319 3493//3493
f 498//498 3229//3229 3948//3948
f 3191//3191 3948//3948 3229//3229
f 1067//1067 2836//2836 904//904
f 2839//2839 904//904 2836//2836
f 635//635 3494//3494 183//183
f 2319//2319 3494//3494 2320//2320
f 904//904 2839//2839 1157//1157
f 2320//2320 4138//4138 4048//4048
f 4138//4138 2320//2320 3494//3494
f 816//816 2551//2551 1238//1238
f 3097//3097 1238//1238 2551//2551
f 636//636 3291//3291 499//499
f 1497//1497 3231//3231 1665//1665
f 3291//3291 1665//1665 3231//3231
f 1007//1007 2634//2634 905//905
f 2840//2840 905//905 2634//2634
f 356//356 3358//3358 96//96
f 2096//2096 3358//3358 1666//1666
f 905//905 2840//2840 1239//1239
f 3098//3098 1239//1239 2840//2840
f 1426//1426 2487//2487 356//356
f 2487//2487 1666//1666 3358//3358
f 1935//1935 3229//3229 3989//3989
f 1157//1157 4286//4286 906//906
f 2491//2491 2490//2490 355//355
f 7//7 4227//4227 184//184
f 3510//3510 17//17 638//638
f 3557//3557 2322//2322 3510//3510
f 2842//2842 2843//2843 4124//4124
f 3496//3496 3557//3557 4056//4056
f 2022//2022 646//646 3738//3738
f 2493//2493 3631//3631 639//639
f 185//185 640//640 3496//3496
f 3496//3496 2958//2958 1337//1337
f 2324//2324 3601//3601 3901//3901
f 1337//1337 2958//2958 3673//3673
f 1886//1886 3768//3768 500//500
f 642//642 3674//3674 2958//2958
f 1657//1657 3673//3673 3674//3674
f 3788//3788 3601//3601 2959//2959
f 3674//3674 642//642 187//187
f 3674//3674 3497//3497 1657//1657
f 4307//4307 4191//4191 3090//3090
f 1424//1424 4208//4208 4257//4257
f 187//187 643//643 3497//3497
f 2325//2325 3497//3497 3498//3498
f 643//643 630//630 3498//3498
f 2326//2326 2325//2325 3498//3498
f 908//908 2848//2848 1235//1235
f 2436//2436 4307//4307 3672//3672
f 3672//3672 3080//3080 2436//2436
f 2976//2976 359//359 2850//2850
f 182//182 2850//2850 359//359
f 768//768 3994//3994 3499//3499
f 2327//2327 2142//2142 3499//3499
f 3233//3233 3640//3640 3232//3232
f 1937//1937 3232//3232 3640//3640
f 3902//3902 3675//3675 1648//1648
f 2328//2328 2746//2746 816//816
f 2746//2746 2328//2328 1648//1648
f 1887//1887 3501//3501 2329//2329
f 3501//3501 1887//1887 3194//3194
f 2146//2146 2681//2681 1650//1650
f 2330//2330 4071//4071 4143//4143
f 3677//3677 1241//1241 3087//3087
f 3938//3938 3087//3087 1241//1241
f 3752//3752 3740//3740 3567//3567
f 3769//3769 2147//2147 3395//3395
f 2852//2852 3602//3602 2853//2853
f 189//189 3769//3769 3395//3395
f 3913//3913 3653//3653 3769//3769
f 362//362 3286//3286 641//641
f 3286//3286 362//362 2012//2012
f 502//502 3440//3440 3921//3921
f 504//504 2854//2854 3439//3439
f 911//911 1069//1069 3856//3856
f 2854//2854 504//504 3880//3880
f 3295//3295 3303//3303 363//363
f 4308//4308 1688//1688 4311//4311
f 2333//2333 2855//2855 1690//1690
f 2856//2856 911//911 1690//1690
f 3452//3452 3843//3843 2855//2855
f 3438//3438 98//98 3676//3676
f 3288//3288 644//644 503//503
f 2016//2016 3288//3288 1502//1502
f 367//367 3502//3502 188//188
f 3502//3502 1501//1501 3834//3834
f 2858//2858 1159//1159 3103//3103
f 1159//1159 2858//2858 2334//2334
f 100//100 3502//3502 367//367
f 2640//2640 1501//1501 3502//3502
f 2437//2437 645//645 2490//2490
f 645//645 2437//2437 2021//2021
f 3677//3677 3088//3088 3104//3104
f 913//913 3621//3621 3104//3104
f 647//647 3678//3678 7//7
f 4094//4094 3503//3503 505//505
f 3305//3305 1692//1692 1693//1693
f 3829//3829 1427//1427 3796//3796
f 648//648 3504//3504 3680//3680
f 3504//3504 648//648 3505//3505
f 649//649 3505//3505 648//648
f 3505//3505 649//649 3506//3506
f 8//8 3506//3506 649//649
f 3506//3506 8//8 3514//3514
f 917//917 3108//3108 4184//4184
f 2864//2864 1696//1696 2863//2863
f 1696//1696 2864//2864 917//917
f 3771//3771 2864//2864 2863//2863
f 373//373 2438//2438 652//652
f 3307//3307 652//652 2438//2438
f 3450//3450 3013//3013 1161//1161
f 3402//3402 3612//3612 2150//2150
f 506//506 3236//3236 2458//2458
f 2866//2866 2438//2438 2458//2458
f 372//372 3949//3949 192//192
f 919//919 3046//3046 3047//3047
f 3046//3046 919//919 2498//2498
f 3765//3765 2867//2867 3949//3949
f 3949//3949 2867//2867 3407//3407
f 2031//2031 3308//3308 1506//1506
f 510//510 3238//3238 654//654
f 3308//3308 654//654 3238//3238
f 920//920 3507//3507 2337//2337
f 3508//3508 2337//2337 3507//3507
f 193//193 3508//3508 655//655
f 2439//2439 1430//1430 3236//3236
f 375//375 2439//2439 506//506
f 2322//2322 2871//2871 2337//2337
f 2337//2337 3509//3509 2322//2322
f 17//17 3510//3510 3509//3509
f 3508//3508 193//193 3509//3509
f 1668//1668 2872//2872 1430//1430
f 3744//3744 2022//2022 2845//2845
f 646//646 2022//2022 3633//3633
f 3744//3744 3633//3633 2022//2022
f 2687//2687 3652//3652 3604//3604
f 1671//1671 2874//2874 2338//2338
f 2338//2338 3295//3295 3294//3294
f 3295//3295 2338//2338 3846//3846
f 3303//3303 3295//3295 3846//3846
f 1702//1702 3456//3456 2339//2339
f 509//509 2876//2876 49//49
f 3456//3456 49//49 2876//2876
f 2339//2339 2877//2877 1702//1702
f 922//922 2761//2761 3115//3115
f 3115//3115 1702//1702 2877//2877
f 3109//3109 3115//3115 2877//2877
f 2339//2339 2879//2879 923//923
f 2879//2879 2339//2339 2876//2876
f 508//508 2878//2878 104//104
f 4141//4141 923//923 1679//1679
f 3448//3448 1679//1679 2878//2878
f 3299//3299 3684//3684 3511//3511
f 4094//4094 3511//3511 376//376
f 3197//3197 376//376 3511//3511
f 2880//2880 3117//3117 1436//1436
f 1684//1684 3512//3512 1705//1705
f 3399//3399 1684//1684 2880//2880
f 3117//3117 2880//2880 1684//1684
f 1683//1683 3106//3106 3885//3885
f 3306//3306 3885//3885 3106//3106
f 369//369 2027//2027 4182//4182
f 1244//1244 3513//3513 4255//4255
f 3130//3130 4248//4248 3513//3513
f 2150//2150 2881//2881 1697//1697
f 1697//1697 3402//3402 2150//2150
f 3402//3402 1697//1697 3131//3131
f 2881//2881 2150//2150 3401//3401
f 771//771 3401//3401 2150//2150
f 3012//3012 1245//1245 3113//3113
f 1245//1245 3012//3012 1072//1072
f 194//194 3410//3410 2151//2151
f 3131//3131 1697//1697 1723//1723
f 3410//3410 1723//1723 2495//2495
f 1699//1699 4188//4188 4117//4117
f 3661//3661 1699//1699 919//919
f 2030//2030 3455//3455 3873//3873
f 511//511 2882//2882 2235//2235
f 2882//2882 511//511 2100//2100
f 2499//2499 3114//3114 2234//2234
f 1888//1888 1890//1890 1074//1074
f 3459//3459 4020//4020 2238//2238
f 922//922 4057//4057 3239//3239
f 379//379 3116//3116 2155//2155
f 2155//2155 3406//3406 377//377
f 3406//3406 2155//2155 3116//3116
f 2883//2883 3112//3112 1694//1694
f 195//195 3514//3514 8//8
f 3514//3514 195//195 3515//3515
f 1338//1338 1709//1709 4028//4028
f 925//925 1727//1727 2703//2703
f 3133//3133 2703//2703 775//775
f 1727//1727 3516//3516 3958//3958
f 3516//3516 1727//1727 925//925
f 2159//2159 3125//3125 2696//2696
f 2886//2886 2696//2696 2157//2157
f 3125//3125 3124//3124 2697//2697
f 2697//2697 3124//3124 3758//3758
f 2557//2557 3019//3019 1891//1891
f 3685//3685 4167//4167 2237//2237
f 196//196 4288//4288 4167//4167
f 1714//1714 513//513 2237//2237
f 1728//1728 2887//2887 2341//2341
f 2887//2887 1728//1728 3144//3144
f 3202//3202 3201//3201 2341//2341
f 9//9 4296//4296 4288//4288
f 3922//3922 2903//2903 668//668
f 2507//2507 663//663 2889//2889
f 2343//2343 2889//2889 2344//2344
f 197//197 2889//2889 663//663
f 2889//2889 197//197 3518//3518
f 1440//1440 3137//3137 1893//1893
f 1075//1075 2890//2890 926//926
f 4215//4215 926//926 2890//2890
f 2344//2344 3518//3518 2345//2345
f 664//664 3518//3518 197//197
f 926//926 4215//4215 2765//2765
f 516//516 3244//3244 383//383
f 4154//4154 383//383 3244//3244
f 3519//3519 2346//2346 3021//3021
f 387//387 3923//3923 198//198
f 3139//3139 2892//2892 1163//1163
f 2893//2893 1163//1163 2892//2892
f 265//265 3755//3755 3923//3923
f 264//264 3247//3247 665//665
f 3329//3329 665//665 3247//3247
f 2894//2894 1077//1077 4215//4215
f 2891//2891 2560//2560 1078//1078
f 2895//2895 1078//1078 2560//2560
f 1945//1945 3243//3243 1894//1894
f 3243//3243 515//515 3205//3205
f 1077//1077 3521//3521 4248//4248
f 3521//3521 1077//1077 2894//2894
f 2348//2348 3522//3522 1696//1696
f 16//16 3522//3522 199//199
f 2348//2348 4220//4220 3522//3522
f 3521//3521 4184//4184 3108//3108
f 3522//3522 16//16 2863//2863
f 774//774 2537//2537 1245//1245
f 3113//3113 1245//1245 2537//2537
f 1894//1894 3205//3205 1698//1698
f 2497//2497 1698//1698 3205//3205
f 658//658 2492//2492 3320//3320
f 2492//2492 652//652 2496//2496
f 3320//3320 2496//2496 384//384
f 1010//1010 3365//3365 1246//1246
f 1433//1433 1435//1435 4105//4105
f 2561//2561 924//924 822//822
f 4044//4044 3311//3311 517//517
f 1734//1734 4080//4080 2349//2349
f 519//519 3996//3996 50//50
f 927//927 2897//2897 1079//1079
f 2898//2898 1079//1079 2897//2897
f 1079//1079 2898//2898 928//928
f 2899//2899 928//928 2898//2898
f 928//928 2899//2899 1247//1247
f 3906//3906 1247//1247 2899//2899
f 2350//2350 3523//3523 2501//2501
f 2501//2501 1710//1710 2350//2350
f 3050//3050 2501//2501 3523//3523
f 1248//1248 4256//4256 1895//1895
f 1895//1895 3206//3206 3122//3122
f 3122//3122 1711//1711 1895//1895
f 660//660 3121//3121 4004//4004
f 385//385 2506//2506 3524//3524
f 3144//3144 2509//2509 1249//1249
f 2351//2351 3524//3524 1716//1716
f 2506//2506 1716//1716 3524//3524
f 2704//2704 2505//2505 385//385
f 2606//2606 3525//3525 2616//2616
f 2352//2352 1730//1730 2161//2161
f 1730//1730 3409//3409 2161//2161
f 929//929 3526//3526 777//777
f 2715//2715 777//777 3526//3526
f 1757//1757 3526//3526 2352//2352
f 2538//2538 1732//1732 2901//2901
f 2769//2769 1732//1732 3139//3139
f 2042//2042 3317//3317 2611//2611
f 3317//3317 2042//2042 2901//2901
f 50//50 4084//4084 3594//3594
f 2508//2508 3140//3140 2242//2242
f 3464//3464 2247//2247 2244//2244
f 927//927 4223//4223 3248//3248
f 1735//1735 3412//3412 2163//2163
f 3412//3412 1735//1735 3143//3143
f 3654//3654 2704//2704 385//385
f 2704//2704 3654//3654 3903//3903
f 3337//3337 1738//1738 4272//4272
f 1739//1739 1738//1738 3753//3753
f 3337//3337 3753//3753 1738//1738
f 51//51 3337//3337 670//670
f 3337//3337 51//51 3527//3527
f 3753//3753 3527//3527 2354//2354
f 3643//3643 1513//1513 3804//3804
f 393//393 1743//1743 3845//3845
f 932//932 2717//2717 778//778
f 200//200 1759//1759 1743//1743
f 391//391 2706//2706 2905//2905
f 2706//2706 391//391 2165//2165
f 3820//3820 3150//3150 2707//2707
f 3024//3024 3950//3950 3613//3613
f 3250//3250 4072//4072 3858//3858
f 671//671 3527//3527 51//51
f 3528//3528 2354//2354 3527//3527
f 672//672 3528//3528 671//671
f 2354//2354 3151//3151 1746//1746
f 3151//3151 2354//2354 3528//3528
f 2708//2708 3529//3529 1256//1256
f 1760//1760 3529//3529 2355//2355
f 2907//2907 2355//2355 1901//1901
f 3529//3529 2165//2165 391//391
f 2165//2165 3529//3529 2708//2708
f 2047//2047 2928//2928 3610//3610
f 2928//2928 2047//2047 2909//2909
f 10//10 4040//4040 672//672
f 4040//4040 10//10 3542//3542
f 2356//2356 3542//3542 1342//1342
f 201//201 3862//3862 15//15
f 3862//3862 201//201 2911//2911
f 396//396 3883//3883 2618//2618
f 2358//2358 3530//3530 2357//2357
f 3924//3924 2910//2910 933//933
f 3530//3530 933//933 2910//2910
f 674//674 2914//2914 201//201
f 2911//2911 201//201 2914//2914
f 933//933 3530//3530 1165//1165
f 676//676 2915//2915 674//674
f 2914//2914 674//674 2915//2915
f 1902//1902 3210//3210 1948//1948
f 1761//1761 3531//3531 2360//2360
f 3531//3531 1761//1761 2947//2947
f 395//395 3531//3531 202//202
f 2913//2913 1167//1167 3156//3156
f 2360//2360 3531//3531 3371//3371
f 3371//3371 2107//2107 2360//2360
f 113//113 3371//3371 395//395
f 2051//2051 3345//3345 3991//3991
f 3254//3254 3991//3991 675//675
f 2359//2359 3532//3532 2358//2358
f 1165//1165 3532//3532 1081//1081
f 3532//3532 1165//1165 3530//3530
f 2915//2915 676//676 2917//2917
f 2361//2361 3533//3533 2359//2359
f 3533//3533 1081//1081 3532//3532
f 203//203 2917//2917 676//676
f 2917//2917 203//203 3535//3535
f 2916//2916 1082//1082 2912//2912
f 1948//1948 3252//3252 1449//1449
f 397//397 3211//3211 524//524
f 3252//3252 524//524 3211//3211
f 1081//1081 3533//3533 4030//4030
f 677//677 3535//3535 203//203
f 2362//2362 3534//3534 2361//2361
f 4030//4030 3534//3534 1250//1250
f 2362//2362 3535//3535 1729//1729
f 663//663 2507//2507 677//677
f 3535//3535 677//677 2507//2507
f 1251//1251 3155//3155 4015//4015
f 4015//4015 3211//3211 1731//1731
f 397//397 1731//1731 3211//3211
f 2918//2918 934//934 3370//3370
f 2106//2106 3369//3369 2363//2363
f 398//398 3536//3536 112//112
f 3369//3369 112//112 3536//3536
f 934//934 2918//2918 1252//1252
f 3141//3141 1252//1252 2918//2918
f 2363//2363 3536//3536 1444//1444
f 3536//3536 398//398 1442//1442
f 1253//1253 2563//2563 3831//3831
f 3253//3253 3687//3687 3831//3831
f 935//935 2919//2919 1083//1083
f 2920//2920 1083//1083 2919//2919
f 2364//2364 3537//3537 2365//2365
f 3537//3537 527//527 4158//4158
f 2053//2053 3346//3346 1450//1450
f 1083//1083 2920//2920 936//936
f 936//936 2920//2920 3145//3145
f 3145//3145 1254//1254 936//936
f 2365//2365 3538//3538 1740//1740
f 52//52 1514//1514 526//526
f 3538//3538 526//526 1514//1514
f 2540//2540 1255//1255 3579//3579
f 1255//1255 2540//2540 1903//1903
f 1903//1903 3895//3895 3149//3149
f 3539//3539 2366//2366 3560//3560
f 2922//2922 1256//1256 1765//1765
f 2366//2366 3539//3539 1747//1747
f 200//200 1446//1446 3418//3418
f 3418//3418 1446//1446 400//400
f 3976//3976 3540//3540 396//396
f 1749//1749 2923//2923 3772//3772
f 2923//2923 1749//1749 3540//3540
f 2167//2167 3416//3416 2924//2924
f 2924//2924 3561//3561 2167//2167
f 4006//4006 779//779 1257//1257
f 2925//2925 2048//2048 3212//3212
f 2368//2368 1257//1257 1753//1753
f 2779//2779 1753//1753 1257//1257
f 2048//2048 2925//2925 528//528
f 3466//3466 528//528 4304//4304
f 2927//2927 2926//2926 4045//4045
f 2250//2250 2780//2780 527//527
f 2780//2780 2250//2250 2927//2927
f 1796//1796 3167//3167 3876//3876
f 2369//2369 3541//3541 2171//2171
f 2253//2253 1523//1523 2369//2369
f 2169//2169 2516//2516 1762//1762
f 2170//2170 3418//3418 400//400
f 1764//1764 3529//3529 1760//1760
f 680//680 3542//3542 10//10
f 3543//3543 1342//1342 3542//3542
f 681//681 3543//3543 680//680
f 1342//1342 3543//3543 1766//1766
f 681//681 3544//3544 3543//3543
f 3544//3544 681//681 53//53
f 3610//3610 2961//2961 1343//1343
f 53//53 3545//3545 3544//3544
f 3545//3545 2371//2371 2962//2962
f 3544//3544 2962//2962 1766//1766
f 1169//1169 2929//2929 942//942
f 2929//2929 1519//1519 4142//4142
f 406//406 2652//2652 3372//3372
f 2652//2652 406//406 4009//4009
f 938//938 3029//3029 3838//3838
f 2930//2930 3029//3029 4009//4009
f 1770//1770 269//269 3419//3419
f 2720//2720 3419//3419 3614//3614
f 1949//1949 2173//2173 3026//3026
f 204//204 3545//3545 53//53
f 3546//3546 2371//2371 3545//3545
f 2371//2371 3546//3546 1346//1346
f 683//683 3546//3546 204//204
f 1346//1346 3546//3546 3547//3547
f 2932//2932 2372//2372 1260//1260
f 704//704 3547//3547 683//683
f 1345//1345 3547//3547 2372//2372
f 3547//3547 1345//1345 1346//1346
f 1908//1908 2058//2058 939//939
f 1908//1908 939//939 684//684
f 939//939 421//421 2933//2933
f 2526//2526 3694//3694 3860//3860
f 939//939 2933//2933 3692//3692
f 1775//1775 2520//2520 1455//1455
f 1455//1455 2520//2520 3027//3027
f 1088//1088 3420//3420 1277//1277
f 3822//3822 1277//1277 3420//3420
f 1777//1777 686//686 1456//1456
f 3215//3215 1456//1456 686//686
f 407//407 3215//3215 941//941
f 3549//3549 1778//1778 1171//1171
f 1347//1347 1262//1262 2964//2964
f 1089//1089 3548//3548 3605//3605
f 3549//3549 4150//4150 1173//1173
f 2623//2623 2375//2375 1173//1173
f 943//943 4155//4155 2521//2521
f 2938//2938 3548//3548 2059//2059
f 942//942 2929//2929 3997//3997
f 1767//1767 2623//2623 3892//3892
f 3056//3056 2517//2517 1175//1175
f 3892//3892 1175//1175 2517//2517
f 2522//2522 205//205 3695//3695
f 4212//4212 2070//2070 3914//3914
f 1265//1265 3550//3550 948//948
f 1096//1096 2064//2064 1268//1268
f 1226//1226 885//885 3566//3566
f 173//173 3823//3823 1222//1222
f 1222//1222 2291//2291 334//334
f 5//5 2470//2470 211//211
f 2409//2409 211//211 2470//2470
f 1601//1601 1228//1228 2954//2954
f 2470//2470 5//5 2807//2807
f 1601//1601 2470//2470 2305//2305
f 3163//3163 1170//1170 3801//3801
f 2784//2784 3801//3801 1170//1170
f 2785//2785 3163//3163 3164//3164
f 3164//3164 2966//2966 3861//3861
f 959//959 3552//3552 2966//2966
f 1106//1106 3824//3824 1270//1270
f 697//697 3824//3824 3169//3169
f 3179//3179 1172//1172 1792//1792
f 1792//1792 1860//1860 3179//3179
f 1803//1803 1172//1172 697//697
f 2653//2653 2987//2987 2380//2380
f 2380//2380 2987//2987 3166//3166
f 3166//3166 2987//2987 2946//2946
f 1271//1271 2946//2946 1792//1792
f 2381//2381 1461//1461 3914//3914
f 1273//1273 1451//1451 1086//1086
f 2941//2941 1341//1341 1264//1264
f 949//949 2189//2189 946//946
f 3217//3217 3550//3550 1265//1265
f 1308//1308 4000//4000 2385//2385
f 2410//2410 1308//1308 699//699
f 3590//3590 3425//3425 420//420
f 1105//1105 2968//2968 3031//3031
f 2968//2968 1105//1105 968//968
f 2522//2522 2940//2940 3168//3168
f 2940//2940 117//117 3956//3956
f 968//968 3956//3956 2380//2380
f 2380//2380 3166//3166 968//968
f 419//419 969//969 3169//3169
f 787//787 3551//3551 1107//1107
f 3552//3552 4199//4199 3170//3170
f 1278//1278 1277//1277 3822//3822
f 1806//1806 3822//3822 2936//2936
f 1108//1108 3424//3424 2950//2950
f 2950//2950 1261//1261 1108//1108
f 2953//2953 3553//3553 1776//1776
f 408//408 2520//2520 3553//3553
f 3547//3547 3171//3171 2372//2372
f 1808//1808 2969//2969 1774//1774
f 1834//1834 1109//1109 3860//3860
f 706//706 2389//2389 421//421
f 2445//2445 2933//2933 421//421
f 2389//2389 1834//1834 2445//2445
f 705//705 1807//1807 214//214
f 2390//2390 2969//2969 1356//1356
f 544//544 3635//3635 1913//1913
f 4212//4212 1799//1799 711//711
f 702//702 1805//1805 545//545
f 2952//2952 1309//1309 2402//2402
f 720//720 2404//2404 2196//2196
f 4161//4161 3553//3553 2388//2388
f 1122//1122 3424//3424 1108//1108
f 988//988 1911//1911 422//422
f 991//991 2407//2407 980//980
f 1180//1180 4204//4204 2407//2407
f 1309//1309 1128//1128 2402//2402
f 1230//1230 3555//3555 2294//2294
f 1336//1336 3556//3556 898//898
f 3561//3561 2367//2367 1103//1103
f 1466//1466 3562//3562 1212//1212
f 1842//1842 3615//3615 737//737
f 3632//3632 3925//3925 2457//2457
f 1178//1178 2462//2462 734//734
f 287//287 735//735 139//139
f 2656//2656 4088//4088 295//295
f 1024//1024 3563//3563 797//797
f 152//152 1130//1130 570//570
f 3564//3564 161//161 37//37
f 40//40 3565//3565 604//604
f 3565//3565 161//161 3564//3564
f 1226//1226 3566//3566 1059//1059
f 1618//1618 1660//1660 3617//3617
f 639//639 3567//3567 2493//2493
f 1705//1705 3512//3512 1706//1706
f 1258//1258 3977//3977 4000//4000
f 3569//3569 981//981 3978//3978
f 3571//3571 1424//1424 4297//4297
f 1092//1092 1458//1458 1909//1909
f 2628//2628 2547//2547 3952//3952
f 3839//3839 3702//3702 2548//2548
f 2554//2554 3573//3573 2555//2555
f 3986//3986 1314//1314 1952//1952
f 1327//1327 3574//3574 2286//2286
f 3999//3999 3575//3575 914//914
f 2597//2597 3576//3576 3577//3577
f 3576//3576 3682//3682 3780//3780
f 3577//3577 3780//3780 1160//1160
f 3740//3740 3578//3578 2598//2598
f 3583//3583 2641//2641 4263//4263
f 2100//2100 511//511 3584//3584
f 2782//2782 3586//3586 3711//3711
f 2670//2670 3587//3587 3713//3713
f 2671//2671 2672//2672 1415//1415
f 3588//3588 3525//3525 3941//3941
f 1092//1092 1909//1909 1460//1460
f 3590//3590 1117//1117 3425//3425
f 1819//1819 4131//4131 450//450
f 2207//2207 1472//1472 3863//3863
f 2121//2121 756//756 1473//1473
f 3757//3757 3593//3593 2747//2747
f 4312//4312 507//507 4115//4115
f 509//509 511//511 2235//2235
f 4084//4084 50//50 520//520
f 277//277 2255//2255 1956//1956
f 4088//4088 561//561 562//562
f 563//563 293//293 1130//1130
f 3595//3595 1189//1189 2465//2465
f 2260//2260 2465//2465 1189//1189
f 1191//1191 3596//3596 2788//2788
f 3597//3597 1563//1563 2276//2276
f 1037//1037 3598//3598 1141//1141
f 3600//3600 891//891 2660//2660
f 3901//3901 3601//3601 3788//3788
f 2493//2493 3567//3567 1687//1687
f 3602//3602 2852//2852 1654//1654
f 104//104 2878//2878 2879//2879
f 1258//1258 3924//3924 3154//3154
f 3693//3693 3691//3691 404//404
f 3160//3160 685//685 3634//3634
f 1089//1089 3605//3605 1778//1778
f 2943//2943 3566//3566 886//886
f 3589//3589 4096//4096 2187//2187
f 2393//2393 2394//2394 1114//1114
f 712//712 3350//3350 982//982
f 3627//3627 1284//1284 1128//1128
f 1363//1363 3607//3607 2191//2191
f 738//738 3608//3608 1293//1293
f 1590//1590 3609//3609 1301//1301
f 3589//3589 1307//1307 416//416
f 3570//3570 1310//1310 1293//1293
f 3866//3866 563//563 1130//1130
f 2286//2286 3574//3574 880//880
f 3002//3002 3700//3700 2433//2433
f 3091//3091 3611//3611 3572//3572
f 2433//2433 3700//3700 4257//4257
f 4257//4257 3004//3004 2433//2433
f 3013//3013 3612//3612 3402//3402
f 2075//2075 1464//1464 3032//3032
f 3615//3615 31//31 737//737
f 2453//2453 1933//1933 3702//3702
f 1500//1500 2638//2638 2456//2456
f 2868//2868 1505//1505 3044//3044
f 1028//1028 2118//2118 3615//3615
f 1565//1565 1201//1201 1973//1973
f 3668//3668 1587//1587 1215//1215
f 1216//1216 1991//1991 812//812
f 3617//3617 2817//2817 1618//1618
f 3618//3618 3072//3072 3070//3070
f 3700//3700 3002//3002 2480//2480
f 3089//3089 3631//3631 3908//3908
f 3096//3096 3620//3620 3094//3094
f 3707//3707 3849//3849 2593//2593
f 3104//3104 3621//3621 4306//4306
f 2594//2594 3729//3729 4207//4207
f 2755//2755 3622//3622 2597//2597
f 2598//2598 3578//3578 2755//2755
f 3725//3725 3623//3623 2599//2599
f 2502//2502 3625//3625 3120//3120
f 1259//1259 3626//3626 3373//3373
f 3605//3605 4171//4171 1778//1778
f 1267//1267 3606//3606 885//885
f 1269//1269 1410//1410 1411//1411
f 1117//1117 3590//3590 1182//1182
f 979//979 3637//3637 4190//4190
f 1841//1841 3627//3627 1825//1825
f 432//432 1825//1825 3627//3627
f 3628//3628 706//706 1362//1362
f 248//248 1846//1846 3629//3629
f 2004//2004 3750//3750 3175//3175
f 3609//3609 1868//1868 762//762
f 3002//3002 3732//3732 1654//1654
f 3632//3632 2859//2859 2437//2437
f 2866//2866 1428//1428 1429//1429
f 2439//2439 3633//3633 3744//3744
f 3706//3706 512//512 3199//3199
f 3634//3634 1911//1911 1912//1912
f 422//422 3634//3634 685//685
f 1913//1913 3635//3635 1802//1802
f 4039//4039 2549//2549 3227//3227
f 3237//3237 1505//1505 1506//1506
f 3246//3246 263//263 517//517
f 1958//1958 3636//3636 1957//1957
f 1961//1961 3637//3637 2075//2075
f 1813//1813 1962//1962 545//545
f 2566//2566 1825//1825 1963//1963
f 3638//3638 849//849 844//844
f 584//584 1970//1970 1031//1031
f 1867//1867 1301//1301 3987//3987
f 248//248 1976//1976 4069//4069
f 1569//1569 1571//1571 3059//3059
f 1570//1570 314//314 3639//3639
f 596//596 1926//1926 1924//1924
f 3574//3574 3033//3033 880//880
f 3580//3580 610//610 1992//1992
f 2003//2003 4237//4237 1621//1621
f 368//368 4310//4310 3300//3300
f 667//667 3642//3642 2045//2045
f 1737//1737 668//668 931//931
f 1343//1343 2172//2172 3610//3610
f 1772//1772 3255//3255 2963//2963
f 4196//4196 409//409 701//701
f 616//616 2944//2944 3800//3800
f 2625//2625 3644//3644 1274//1274
f 3581//3581 1276//1276 2072//2072
f 713//713 1837//1837 429//429
f 3629//3629 2088//2088 1370//1370
f 2088//2088 3629//3629 741//741
f 105//105 3120//3120 3583//3583
f 3642//3642 3147//3147 2045//2045
f 3647//3647 1295//1295 1860//1860
f 2112//2112 4180//4180 1015//1015
f 278//278 3648//3648 1956//1956
f 3637//3637 833//833 4190//4190
f 2116//2116 3827//3827 547//547
f 1845//1845 3629//3629 1846//1846
f 861//861 1978//1978 1864//1864
f 758//758 1398//1398 1299//1299
f 3565//3565 1325//1325 161//161
f 1603//1603 3650//3650 1406//1406
f 175//175 3650//3650 2825//2825
f 1610//1610 3651//3651 3712//3712
f 353//353 2432//2432 3393//3393
f 3653//3653 3913//3913 3403//3403
f 3018//3018 3124//3124 2503//2503
f 785//785 2187//2187 945//945
f 2198//2198 449//449 1109//1109
f 4229//4229 1030//1030 2726//2726
f 2220//2220 3851//3851 1609//1609
f 1641//1641 3658//3658 495//495
f 2743//2743 3659//3659 1645//1645
f 1380//1380 2977//2977 2682//2682
f 3593//3593 3757//3757 186//186
f 3440//3440 502//502 1938//1938
f 3763//3763 3442//3442 102//102
f 3445//3445 3719//3719 3105//3105
f 2751//2751 1071//1071 3864//3864
f 3405//3405 103//103 261//261
f 3018//3018 2503//2503 3837//3837
f 3242//3242 1943//1943 2416//2416
f 3594//3594 2243//2243 519//519
f 2778//2778 2246//2246 3662//3662
f 532//532 2109//2109 2253//2253
f 3663//3663 1175//1175 2655//2655
f 1177//1177 2113//2113 750//750
f 277//277 3648//3648 1959//1959
f 3664//3664 991//991 3569//3569
f 1133//1133 3591//3591 1971//1971
f 3665//3665 857//857 1201//1201
f 1563//1563 3597//3597 884//884
f 3665//3665 2274//2274 857//857
f 1846//1846 248//248 4069//4069
f 3598//3598 478//478 1141//1141
f 2273//2273 479//479 4106//4106
f 1193//1193 3596//3596 1191//1191
f 1046//1046 3667//3667 159//159
f 3668//3668 2286//2286 880//880
f 1140//1140 3592//3592 1599//1599
f 1599//1599 3592//3592 3797//3797
f 249//249 1216//1216 812//812
f 3597//3597 2277//2277 2290//2290
f 3669//3669 889//889 888//888
f 3060//3060 2571//2571 2532//2532
f 2298//2298 2286//2286 3668//3668
f 957//957 3263//3263 2066//2066
f 1791//1791 3886//3886 623//623
f 3224//3224 3670//3670 3185//3185
f 45//45 3671//3671 3071//3071
f 3672//3672 3389//3389 3080//3080
f 3738//3738 646//646 3089//3089
f 1648//1648 3675//3675 3437//3437
f 816//816 1238//1238 2328//2328
f 361//361 2146//2146 1653//1653
f 4123//4123 4116//4116 508//508
f 2457//2457 818//818 2859//2859
f 2335//2335 3727//3727 3504//3504
f 3726//3726 3680//3680 3504//3504
f 3818//3818 3624//3624 3681//3681
f 918//918 3682//3682 2864//2864
f 2869//2869 655//655 3508//3508
f 3832//3832 3728//3728 2687//2687
f 2876//2876 104//104 2879//2879
f 2880//2880 3730//3730 3399//3399
f 3685//3685 4028//4028 3515//3515
f 386//386 3687//3687 525//525
f 1765//1765 3689//3689 2922//2922
f 3540//3540 3976//3976 3690//3690
f 2713//2713 3561//3561 937//937
f 1087//1087 3691//3691 3859//3859
f 3692//3692 3874//3874 1906//1906
f 1906//1906 3693//3693 4205//4205
f 1773//1773 3634//3634 2058//2058
f 1785//1785 3580//3580 2064//2064
f 2133//2133 763//763 1052//1052
f 2525//2525 3696//3696 689//689
f 785//785 945//945 1101//1101
f 3690//3690 2515//2515 2190//2190
f 3637//3637 979//979 3551//3551
f 1916//1916 2393//2393 1114//1114
f 4190//4190 2115//2115 979//979
f 3697//3697 2258//2258 2397//2397
f 320//320 3562//3562 1832//1832
f 1915//1915 3582//3582 720//720
f 1834//1834 2198//2198 1109//1109
f 448//448 988//988 140//140
f 3607//3607 1840//1840 3656//3656
f 3649//3649 834//834 281//281
f 811//811 2452//2452 1373//1373
f 178//178 3699//3699 1419//1419
f 2440//2440 3758//3758 3018//3018
f 1455//1455 3028//3028 1454//1454
f 818//818 2457//2457 3796//3796
f 1178//1178 734//734 3983//3983
f 3703//3703 2817//2817 1620//1620
f 492//492 3618//3618 2473//2473
f 3618//3618 492//492 2997//2997
f 3817//3817 3704//3704 3679//3679
f 3704//3704 4267//4267 3705//3705
f 4267//4267 3704//3704 773//773
f 3579//3579 1742//1742 932//932
f 4000//4000 3977//3977 966//966
f 3706//3706 3240//3240 512//512
f 3745//3745 2541//2541 1905//1905
f 2555//2555 2868//2868 2554//2554
f 360//360 644//644 2018//2018
f 1677//1677 3708//3708 1678//1678
f 3622//3622 3764//3764 3865//3865
f 2597//2597 3714//3714 2692//2692
f 921//921 3740//3740 2598//2598
f 1073//1073 3709//3709 920//920
f 1688//1688 3722//3722 3623//3623
f 3722//3722 2599//2599 3623//3623
f 1692//1692 3715//3715 1693//1693
f 3044//3044 2554//2554 2868//2868
f 3583//3583 3625//3625 2641//2641
f 2034//2034 4263//4263 2099//2099
f 3815//3815 2763//2763 3646//3646
f 2763//2763 3815//3815 2762//2762
f 3055//3055 3711//3711 3586//3586
f 3711//3711 3055//3055 2926//2926
f 4088//4088 1533//1533 561//561
f 1416//1416 3713//3713 253//253
f 3713//3713 1416//1416 2670//2670
f 3388//3388 2671//2671 1415//1415
f 3849//3849 3707//3707 1671//1671
f 1676//1676 3739//3739 1677//1677
f 3708//3708 1677//1677 3739//3739
f 2153//2153 2853//2853 3653//3653
f 2853//2853 2153//2153 3404//3404
f 1691//1691 2600//2600 3715//3715
f 2601//2601 4077//4077 4057//4057
f 3704//3704 3817//3817 2154//2154
f 3745//3745 2056//2056 3828//3828
f 1189//1189 462//462 2260//2260
f 4039//4039 1492//1492 1934//1934
f 2453//2453 4039//4039 1933//1933
f 2740//2740 495//495 3658//3658
f 3854//3854 2742//2742 4128//4128
f 4010//4010 3717//3717 1380//1380
f 2747//2747 3717//3717 3757//3757
f 3718//3718 1939//1939 2552//2552
f 3764//3764 3622//3622 1686//1686
f 3578//3578 1686//1686 3622//3622
f 3721//3721 3450//3450 2757//2757
f 3720//3720 1431//1431 2872//2872
f 771//771 3721//3721 2758//2758
f 3450//3450 3612//3612 3013//3013
f 3612//3612 3450//3450 3721//3721
f 1381//1381 3722//3722 1688//1688
f 2240//2240 3790//3790 4020//4020
f 3555//3555 898//898 4127//4127
f 3737//3737 3841//3841 3703//3703
f 2473//2473 3724//3724 1336//1336
f 2332//2332 3602//3602 186//186
f 3602//3602 1654//1654 3630//3630
f 1689//1689 3623//3623 769//769
f 3725//3725 769//769 3623//3623
f 3741//3741 3396//3396 3725//3725
f 1667//1667 3678//3678 4298//4298
f 770//770 818//818 3660//3660
f 818//818 770//770 2859//2859
f 191//191 3817//3817 3770//3770
f 1427//1427 3011//3011 2751//2751
f 3682//3682 917//917 2864//2864
f 3771//3771 2865//2865 918//918
f 2870//2870 3780//3780 918//918
f 2869//2869 3507//3507 2870//2870
f 1160//1160 3507//3507 920//920
f 3507//3507 1160//1160 2870//2870
f 103//103 3728//3728 3361//3361
f 3728//3728 103//103 189//189
f 3832//3832 3361//3361 3728//3728
f 1432//1432 3684//3684 3683//3683
f 3683//3683 3684//3684 1680//1680
f 2880//2880 377//377 3730//3730
f 3694//3694 2933//2933 2445//2445
f 3647//3647 749//749 3468//3468
f 484//484 2546//2546 812//812
f 642//642 2958//2958 640//640
f 661//661 3685//3685 659//659
f 2783//2783 2961//2961 2962//2962
f 3593//3593 3992//3992 2747//2747
f 3717//3717 2422//2422 1380//1380
f 4176//4176 745//745 1381//1381
f 3968//3968 3836//3836 1704//1704
f 3837//3837 2424//2424 2158//2158
f 1404//1404 2991//2991 3731//3731
f 2301//2301 893//893 3264//3264
f 1419//1419 3699//3699 2998//2998
f 1632//1632 1419//1419 2998//2998
f 186//186 3630//3630 1425//1425
f 3732//3732 1425//1425 3630//3630
f 2433//2433 3732//3732 3002//3002
f 3732//3732 2433//2433 3558//3558
f 1425//1425 3558//3558 3835//3835
f 769//769 2586//2586 2012//2012
f 3819//3819 3746//3746 1428//1428
f 3746//3746 1161//1161 3912//3912
f 3013//3013 3912//3912 1161//1161
f 3117//3117 2441//2441 1436//1436
f 3559//3559 2164//2164 390//390
f 1090//1090 1453//1453 3027//3027
f 2175//2175 2721//2721 3029//3029
f 419//419 3734//3734 3032//3032
f 3731//3731 2991//2991 2992//2992
f 3616//3616 597//597 1583//1583
f 2184//2184 623//623 624//624
f 2184//2184 624//624 2722//2722
f 3851//3851 3065//3065 1488//1488
f 3712//3712 3651//3651 3735//3735
f 2575//2575 1006//1006 4152//4152
f 3070//3070 3943//3943 1618//1618
f 3736//3736 2816//2816 1619//1619
f 3619//3619 1622//1622 3072//3072
f 632//632 1623//1623 3671//3671
f 3671//3671 45//45 632//632
f 3671//3671 1623//1623 3723//3723
f 1623//1623 3724//3724 3723//3723
f 3841//3841 3737//3737 2473//2473
f 3724//3724 2473//2473 3737//3737
f 3713//3713 3073//3073 253//253
f 3587//3587 3187//3187 3713//3713
f 1629//1629 1852//1852 1850//1850
f 1885//1885 3738//3738 3908//3908
f 3738//3738 3089//3089 3908//3908
f 2483//2483 3558//3558 3005//3005
f 3558//3558 2483//2483 3835//3835
f 3006//3006 2435//2435 2434//2434
f 350//350 3620//3620 3096//3096
f 3620//3620 350//350 3233//3233
f 1069//1069 2686//2686 3921//3921
f 364//364 3728//3728 4203//4203
f 2875//2875 3707//3707 2686//2686
f 3101//3101 2686//2686 1069//1069
f 1241//1241 3739//3739 1676//1676
f 3660//3660 3010//3010 770//770
f 3010//3010 3660//3660 3864//3864
f 918//918 3780//3780 3682//3682
f 2692//2692 3107//3107 3576//3576
f 2597//2597 3577//3577 2755//2755
f 3047//3047 3661//3661 919//919
f 920//920 3709//3709 1160//1160
f 2755//2755 3577//3577 3709//3709
f 3709//3709 2598//2598 2755//2755
f 3741//3741 2599//2599 4058//4058
f 2599//2599 3741//3741 3725//3725
f 4125//4125 1693//1693 4077//4077
f 3110//3110 2860//2860 3109//3109
f 3754//3754 3742//3742 2099//2099
f 3742//3742 3754//3754 3123//3123
f 399//399 3688//3688 3895//3895
f 2519//2519 2932//2932 1772//1772
f 3794//3794 1772//1772 2932//2932
f 786//786 3772//3772 2923//2923
f 702//702 3734//3734 1805//1805
f 2072//2072 3734//3734 419//419
f 1851//1851 2527//2527 251//251
f 1299//1299 467//467 35//35
f 355//355 3193//3193 3230//3230
f 1424//1424 3700//3700 1655//1655
f 1886//1886 501//501 3631//3631
f 3003//3003 3611//3611 3571//3571
f 2021//2021 2859//2859 770//770
f 369//369 4182//4182 4287//4287
f 3633//3633 2439//2439 375//375
f 3744//3744 1430//1430 2439//2439
f 3684//3684 3197//3197 3511//3511
f 2566//2566 720//720 435//435
f 1431//1431 3746//3746 3819//3819
f 3364//3364 3363//3363 1941//1941
f 4219//4219 3368//3368 1946//1946
f 3210//3210 3252//3252 1948//1948
f 3687//3687 3253//3253 268//268
f 1132//1132 2118//2118 3591//3591
f 3748//3748 2471//2471 486//486
f 1615//1615 3271//3271 1614//1614
f 3749//3749 3272//3272 3487//3487
f 3750//3750 2823//2823 1850//1850
f 2823//2823 3750//3750 3273//3273
f 498//498 3853//3853 354//354
f 2636//2636 2011//2011 3285//3285
f 257//257 3620//3620 3233//3233
f 3882//3882 3641//3641 1682//1682
f 3740//3740 3752//3752 3578//3578
f 3752//3752 2024//2024 3302//3302
f 3578//3578 3752//3752 1686//1686
f 2504//2504 2888//2888 3922//3922
f 2044//2044 2646//2646 2103//2103
f 3710//3710 2512//2512 2049//2049
f 2921//2921 114//114 3347//3347
f 957//957 2066//2066 955//955
f 3690//3690 2190//2190 2948//2948
f 2923//2923 3690//3690 2948//2948
f 3649//3649 281//281 717//717
f 105//105 3836//3836 3120//3120
f 3836//3836 1382//1382 3120//3120
f 3118//3118 3754//3754 2641//2641
f 3742//3742 3119//3119 3315//3315
f 3049//3049 3584//3584 2642//2642
f 2642//2642 3584//3584 2762//2762
f 49//49 3584//3584 511//511
f 3367//3367 3755//3755 2643//2643
f 2645//2645 3148//3148 1742//1742
f 1741//1741 3147//3147 3642//3642
f 3052//3052 2104//2104 2773//2773
f 3585//3585 2647//2647 4264//4264
f 1295//1295 3647//3647 3468//3468
f 3663//3663 2112//2112 1015//1015
f 2989//2989 3731//3731 1484//1484
f 342//342 3650//3650 175//175
f 3735//3735 2301//2301 767//767
f 3066//3066 1610//1610 3712//3712
f 3735//3735 3833//3833 3712//3712
f 3760//3760 3386//3386 344//344
f 1624//1624 2994//2994 2818//2818
f 3659//3659 3393//3393 2143//2143
f 1380//1380 2682//2682 4010//4010
f 2147//2147 3757//3757 2144//2144
f 1669//1669 3756//3756 4010//4010
f 3652//3652 3396//3396 3741//3741
f 3741//3741 3604//3604 3652//3652
f 2688//2688 2148//2148 3444//3444
f 370//370 3730//3730 191//191
f 3730//3730 3406//3406 191//191
f 2029//2029 2602//2602 654//654
f 3706//3706 3199//3199 2025//2025
f 2697//2697 3758//3758 1437//1437
f 1944//1944 3203//3203 1892//1892
f 390//390 3654//3654 3559//3559
f 3150//3150 4159//4159 2707//2707
f 2166//2166 3416//3416 2167//2167
f 2051//2051 3054//3054 2719//2719
f 3898//3898 3614//3614 1765//1765
f 2172//2172 3342//3342 679//679
f 403//403 1452//1452 2174//2174
f 3759//3759 1454//1454 2428//2428
f 435//435 220//220 2566//2566
f 1915//1915 2566//2566 1963//1963
f 4107//4107 1491//1491 3038//3038
f 496//496 2581//2581 3435//3435
f 3657//3657 4157//4157 3434//3434
f 4157//4157 3657//3657 3433//3433
f 3038//3038 3433//3433 3436//3436
f 3659//3659 254//254 3393//3393
f 3717//3717 2144//2144 3757//3757
f 3761//3761 4300//4300 3042//3042
f 3438//3438 3762//3762 3675//3675
f 3762//3762 3761//3761 2226//2226
f 3675//3675 2226//2226 3437//3437
f 1672//1672 3762//3762 1673//1673
f 3762//3762 1672//1672 3761//3761
f 2231//2231 2148//2148 3719//3719
f 3660//3660 2751//2751 3864//3864
f 2752//2752 2231//2231 3719//3719
f 1678//1678 3641//3641 4310//4310
f 3763//3763 102//102 4116//4116
f 3443//3443 3447//3447 2754//2754
f 3449//3449 3764//3764 3916//3916
f 3720//3720 1161//1161 3746//3746
f 1161//1161 3720//3720 2756//2756
f 3048//3048 821//821 2234//2234
f 3051//3051 2761//2761 3239//3239
f 3968//3968 2764//2764 2982//2982
f 2764//2764 3968//3968 1704//1704
f 3837//3837 2425//2425 2424//2424
f 1710//1710 3815//3815 3646//3646
f 3766//3766 3368//3368 3053//3053
f 2772//2772 1385//1385 1735//1735
f 3875//3875 270//270 4027//4027
f 44//44 3716//3716 491//491
f 488//488 3224//3224 3185//3185
f 3077//3077 4279//4279 1876//1876
f 2816//2816 3736//3736 3703//3703
f 3071//3071 3671//3671 3736//3736
f 3723//3723 3736//3736 3671//3671
f 181//181 1623//1623 632//632
f 3068//3068 3806//3806 2738//2738
f 3743//3743 3486//3486 2312//2312
f 1616//1616 3386//3386 3897//3897
f 2313//2313 2669//2669 4001//4001
f 346//346 2826//2826 3079//3079
f 3233//3233 350//350 3640//3640
f 3193//3193 645//645 1884//1884
f 3631//3631 3089//3089 639//639
f 1337//1337 3673//3673 2324//2324
f 3768//3768 357//357 3788//3788
f 357//357 3768//3768 1886//1886
f 3673//3673 2958//2958 3674//3674
f 3673//3673 1657//1657 2324//2324
f 2324//2324 2846//2846 3601//3601
f 2959//2959 3601//3601 2846//2846
f 2024//2024 3752//3752 3567//3567
f 3567//3567 3740//3740 1687//1687
f 2147//2147 3769//3769 2332//2332
f 910//910 1654//1654 2852//2852
f 3653//3653 2332//2332 3769//3769
f 2228//2228 911//911 3856//3856
f 504//504 3763//3763 3880//3880
f 2333//2333 1690//1690 911//911
f 3676//3676 98//98 2017//2017
f 3088//3088 1240//1240 913//913
f 190//190 3603//3603 647//647
f 3678//3678 647//647 3603//3603
f 3925//3925 3632//3632 366//366
f 2859//2859 3632//3632 2457//2457
f 3603//3603 190//190 4059//4059
f 370//370 3770//3770 3360//3360
f 3360//3360 101//101 370//370
f 191//191 3770//3770 370//370
f 648//648 3680//3680 47//47
f 3504//3504 3505//3505 2335//2335
f 3727//3727 3726//3726 3504//3504
f 653//653 3771//3771 651//651
f 2863//2863 651//651 3771//3771
f 2864//2864 3771//3771 918//918
f 3771//3771 653//653 2865//2865
f 48//48 2869//2869 2865//2865
f 2865//2865 653//653 48//48
f 2865//2865 2869//2869 2870//2870
f 3612//3612 771//771 2150//2150
f 506//506 2458//2458 371//371
f 655//655 2869//2869 48//48
f 3819//3819 3236//3236 1431//1431
f 17//17 3509//3509 193//193
f 2023//2023 646//646 374//374
f 2495//2495 1697//1697 2881//2881
f 3758//3758 3124//3124 3018//3018
f 3686//3686 3316//3316 383//383
f 3204//3204 3686//3686 383//383
f 2561//2561 822//822 2644//2644
f 385//385 3524//3524 3559//3559
f 2616//2616 4030//4030 2606//2606
f 3052//3052 2773//2773 3594//3594
f 2243//2243 3594//3594 2773//2773
f 1739//1739 3753//3753 3336//3336
f 3793//3793 1513//1513 3643//3643
f 3643//3643 3918//3918 4233//4233
f 2905//2905 2706//2706 3950//3950
f 3210//3210 394//394 3252//3252
f 386//386 3142//3142 3687//3687
f 3831//3831 3687//3687 3142//3142
f 3560//3560 2366//2366 2443//2443
f 3154//3154 3772//3772 3977//3977
f 1749//1749 3772//3772 3154//3154
f 3561//3561 2713//2713 2167//2167
f 3694//3694 3874//3874 3692//3692
f 939//939 3692//3692 684//684
f 3695//3695 205//205 2177//2177
f 3566//3566 885//885 886//886
f 15//15 3862//3862 4206//4206
f 2396//2396 4140//4140 1116//1116
f 685//685 1774//1774 2969//2969
f 3773//3773 1350//1350 1349//1349
f 1023//1023 3774//3774 844//844
f 1540//1540 847//847 4085//4085
f 2281//2281 1195//1195 1196//1196
f 1561//1561 4156//4156 1560//1560
f 1713//1713 3747//3747 3776//3776
f 687//687 3777//3777 3695//3695
f 2128//2128 3778//3778 37//37
f 713//713 3779//3779 3979//3979
f 1994//1994 1053//1053 616//616
f 1236//1236 1663//1663 3287//3287
f 4137//4137 3296//3296 2591//2591
f 3576//3576 3780//3780 3577//3577
f 687//687 3695//3695 2177//2177
f 3947//3947 2636//2636 2637//2637
f 149//149 70//70 753//753
f 1790//1790 3782//3782 332//332
f 1013//1013 3777//3777 1174//1174
f 3888//3888 3785//3785 276//276
f 3785//3785 1178//1178 276//276
f 2116//2116 3786//3786 2258//2258
f 3786//3786 2116//2116 547//547
f 309//309 2274//2274 2271//2271
f 3783//3783 4149//4149 3667//3667
f 3787//3787 608//608 2798//2798
f 3788//3788 2843//2843 3901//3901
f 3789//3789 99//99 3751//3751
f 4020//4020 3790//3790 514//514
f 387//387 3784//3784 4160//4160
f 2179//2179 687//687 2177//2177
f 1262//1262 2373//2373 1833//1833
f 1917//1917 2402//2402 2201//2201
f 276//276 1178//1178 1316//1316
f 2083//2083 1322//1322 1324//1324
f 3791//3791 2783//2783 2931//2931
f 1052//1052 2292//2292 2133//2133
f 780//780 1457//1457 1092//1092
f 3865//3865 3400//3400 3857//3857
f 924//924 3855//3855 822//822
f 3160//3160 3794//3794 1774//1774
f 1101//1101 1349//1349 1350//1350
f 4007//4007 1851//1851 3847//3847
f 3795//3795 1904//1904 3212//3212
f 3773//3773 781//781 1350//1350
f 564//564 4168//4168 4252//4252
f 3234//3234 3796//3796 2457//2457
f 3858//3858 3024//3024 1899//1899
f 1560//1560 3775//3775 853//853
f 939//939 1912//1912 421//421
f 3799//3799 2060//2060 3805//3805
f 2184//2184 3800//3800 623//623
f 2980//2980 3359//3359 3872//3872
f 1009//1009 3803//3803 3362//3362
f 3246//3246 1509//1509 3366//3366
f 4219//4219 3804//3804 3368//3368
f 3805//3805 749//749 748//748
f 278//278 1861//1861 3648//3648
f 1393//1393 1846//1846 1035//1035
f 3782//3782 1054//1054 2133//2133
f 180//180 3807//3807 351//351
f 3396//3396 3099//3099 3751//3751
f 3995//3995 361//361 3889//3889
f 3560//3560 1452//1452 400//400
f 780//780 3809//3809 2180//2180
f 2065//2065 1786//1786 3781//3781
f 4131//4131 2402//2402 1917//1917
f 2207//2207 3811//3811 1472//1472
f 3811//3811 2207//2207 35//35
f 2210//2210 3812//3812 3887//3887
f 2735//2735 2220//2220 2221//2221
f 2760//2760 3813//3813 2235//2235
f 3918//3918 3804//3804 4219//4219
f 960//960 1172//1172 272//272
f 3993//3993 32//32 3974//3974
f 2276//2276 1563//1563 2275//2275
f 3609//3609 762//762 3666//3666
f 861//861 311//311 4069//4069
f 1046//1046 2278//2278 1567//1567
f 1143//1143 3797//3797 3592//3592
f 332//332 3782//3782 3781//3781
f 2301//2301 4046//4046 893//893
f 4046//4046 2301//2301 2300//2300
f 3353//3353 344//344 1419//1419
f 2310//2310 177//177 629//629
f 3440//3440 2552//2552 3856//3856
f 3727//3727 3818//3818 2862//2862
f 2458//2458 3819//3819 2866//2866
f 3516//3516 382//382 3958//3958
f 382//382 3516//3516 1382//1382
f 2911//2911 2358//2358 2357//2357
f 528//528 3821//3821 675//675
f 938//938 4009//4009 3029//3029
f 3822//3822 2175//2175 2936//2936
f 3810//3810 1224//1224 3800//3800
f 616//616 3800//3800 1224//1224
f 2185//2185 3809//3809 1100//1100
f 3809//3809 2185//2185 2180//2180
f 3825//3825 701//701 1815//1815
f 429//429 3826//3826 713//713
f 2403//2403 3827//3827 3649//3649
f 986//986 2725//2725 1287//1287
f 2406//2406 3779//3779 3826//3826
f 3826//3826 2398//2398 2406//2406
f 3255//3255 4095//4095 2963//2963
f 2065//2065 3782//3782 2133//2133
f 1427//1427 3829//3829 3844//3844
f 3293//3293 3849//3849 2488//2488
f 3776//3776 3927//3927 2504//2504
f 3831//3831 2563//2563 1515//1515
f 1662//1662 3947//3947 2637//2637
f 2255//2255 277//277 4270//4270
f 3889//3889 3719//3719 2148//2148
f 3820//3820 2706//2706 2165//2165
f 3250//3250 2710//2710 1748//1748
f 3833//3833 3067//3067 4275//4275
f 1499//1499 4047//4047 46//46
f 3814//3814 513//513 3927//3927
f 2501//2501 3815//3815 1710//1710
f 3791//3791 1344//1344 1343//1343
f 2334//2334 3834//3834 1501//1501
f 3790//3790 2033//2033 514//514
f 2940//2940 3695//3695 3777//3777
f 3777//3777 117//117 2940//2940
f 1425//1425 3835//3835 3593//3593
f 3789//3789 2978//2978 99//99
f 3836//3836 3968//3968 1382//1382
f 2995//2995 2994//2994 1624//1624
f 3837//3837 2441//2441 3018//3018
f 2444//2444 2174//2174 1452//1452
f 4046//4046 1459//1459 3568//3568
f 2551//2551 816//816 3971//3971
f 2563//2563 1012//1012 2649//2649
f 3662//3662 1168//1168 824//824
f 1205//1205 1569//1569 606//606
f 2817//2817 3841//3841 3070//3070
f 3839//3839 3036//3036 2453//2453
f 1885//1885 3842//3842 3738//3738
f 3959//3959 2593//2593 3849//3849
f 3981//3981 1687//1687 3740//3740
f 1246//1246 3017//3017 1074//1074
f 3017//3017 1246//1246 2896//2896
f 3922//3922 2038//2038 3776//3776
f 1713//1713 3776//3776 2038//2038
f 4167//4167 4288//4288 4299//4299
f 3143//3143 109//109 4271//4271
f 670//670 3337//3337 4272//4272
f 3845//3845 1743//1743 3148//3148
f 1741//1741 1255//1255 3149//3149
f 1170//1170 3163//3163 2785//2785
f 786//786 3217//3217 3772//3772
f 3435//3435 3847//3847 252//252
f 3829//3829 3234//3234 3195//3195
f 399//399 3895//3895 4293//4293
f 1791//1791 3800//3800 2944//2944
f 1502//1502 503//503 4292//4292
f 259//259 4292//4292 4012//4012
f 507//507 3846//3846 2459//2459
f 1941//1941 3363//3363 3239//3239
f 3917//3917 3364//3364 1941//1941
f 2559//2559 1892//1892 3202//3202
f 1509//1509 3246//3246 1701//1701
f 3821//3821 3254//3254 675//675
f 2471//2471 3937//3937 3267//3267
f 1615//1615 3272//3272 3271//3271
f 3272//3272 1615//1615 3487//3487
f 257//257 3094//3094 3620//3620
f 506//506 3916//3916 375//375
f 3411//3411 3323//3323 3998//3998
f 270//270 3911//3911 531//531
f 3781//3781 3162//3162 1787//1787
f 3881//3881 1303//1303 1483//1483
f 1630//1630 3802//3802 2824//2824
f 3225//3225 3847//3847 1851//1851
f 3847//3847 3225//3225 1490//1490
f 1854//1854 3287//3287 4144//4144
f 3803//3803 3046//3046 3362//3362
f 3830//3830 3051//3051 3363//3363
f 2984//2984 3845//3845 3148//3148
f 3146//3146 2103//2103 2646//2646
f 3804//3804 3053//3053 3368//3368
f 114//114 3792//3792 2650//2650
f 3587//3587 2995//2995 1624//1624
f 3816//3816 3834//3834 2334//2334
f 3008//3008 3396//3396 3751//3751
f 3849//3849 1671//1671 3294//3294
f 3889//3889 2148//2148 3995//3995
f 3844//3844 3111//3111 4285//4285
f 3311//3311 2602//2602 2029//2029
f 2559//2559 3202//3202 1942//1942
f 3318//3318 3319//3319 384//384
f 1947//1947 2709//2709 2710//2710
f 944//944 690//690 3795//3795
f 3828//3828 2172//2172 1344//1344
f 1090//1090 2175//2175 2930//2930
f 2723//2723 205//205 4189//4189
f 3851//3851 92//92 3065//3065
f 3384//3384 3269//3269 489//489
f 1651//1651 3853//3853 1647//1647
f 3835//3835 3992//3992 3593//3593
f 1008//1008 3443//3443 2750//2750
f 3925//3925 366//366 3798//3798
f 3403//3403 3405//3405 2758//2758
f 2233//2233 3843//3843 3452//3452
f 821//821 2233//2233 2760//2760
f 3813//3813 3454//3454 508//508
f 509//509 3813//3813 104//104
f 2416//2416 1339//1339 3747//3747
f 3855//3855 2768//2768 1011//1011
f 2768//2768 3855//3855 3790//3790
f 1523//1523 2253//2253 3972//3972
f 608//608 3787//3787 3475//3475
f 3787//3787 1216//1216 2451//2451
f 3852//3852 4157//4157 44//44
f 3496//3496 1337//1337 2323//2323
f 3090//3090 2849//2849 4307//4307
f 3672//3672 4307//4307 2849//2849
f 3856//3856 3921//3921 3440//3440
f 3288//3288 503//503 1502//1502
f 818//818 3796//3796 1427//1427
f 3796//3796 3234//3234 3829//3829
f 2862//2862 3818//3818 3681//3681
f 2335//2335 3506//3506 1695//1695
f 2438//2438 371//371 2458//2458
f 2867//2867 2336//2336 3407//3407
f 1722//1722 3513//3513 2596//2596
f 1723//1723 2700//2700 3131//3131
f 3855//3855 2033//2033 3790//3790
f 3850//3850 1703//1703 773//773
f 1382//1382 3516//3516 2502//2502
f 513//513 1714//1714 1715//1715
f 668//668 2903//2903 931//931
f 2896//2896 1246//1246 3365//3365
f 2896//2896 2101//2101 1435//1435
f 2163//2163 3412//3412 1727//1727
f 3793//3793 2617//2617 1513//1513
f 2983//2983 3845//3845 1385//1385
f 3250//3250 3858//3858 521//521
f 1770//1770 2720//2720 3691//3691
f 3898//3898 3808//3808 2173//2173
f 3693//3693 3859//3859 3691//3691
f 2445//2445 3860//3860 3694//3694
f 3823//3823 1789//1789 1222//1222
f 1354//1354 3861//3861 2966//2966
f 3552//3552 959//959 2949//2949
f 960//960 3824//3824 697//697
f 3824//3824 1106//1106 3169//3169
f 2445//2445 421//421 2389//2389
f 3978//3978 713//713 3979//3979
f 3863//3863 1132//1132 3591//3591
f 3591//3591 1133//1133 3863//3863
f 2207//2207 3863//3863 1133//1133
f 1013//1013 1174//1174 271//271
f 4069//4069 1976//1976 861//861
f 3827//3827 2116//2116 3649//3649
f 3445//3445 3105//3105 3864//3864
f 3445//3445 3864//3864 1071//1071
f 3663//3663 2655//2655 2112//2112
f 1846//1846 4069//4069 1035//1035
f 3624//3624 3818//3818 1695//1695
f 2335//2335 1695//1695 3818//3818
f 921//921 2598//2598 1073//1073
f 3840//3840 2255//2255 4270//4270
f 1691//1691 3715//3715 1692//1692
f 3851//3851 2735//2735 92//92
f 3915//3915 4128//4128 3658//3658
f 2248//2248 3662//3662 2246//2246
f 3396//3396 3008//3008 3725//3725
f 3817//3817 3679//3679 3770//3770
f 2870//2870 918//918 2865//2865
f 3022//3022 3954//3954 2442//2442
f 3560//3560 2444//2444 1452//1452
f 3714//3714 3865//3865 2596//2596
f 2035//2035 3315//3315 3119//3119
f 3897//3897 3760//3760 4275//4275
f 3323//3323 667//667 2045//2045
f 910//910 2852//2852 1242//1242
f 2333//2333 911//911 2228//2228
f 521//521 3858//3858 1899//1899
f 2786//2786 3982//3982 2256//2256
f 246//246 86//86 4269//4269
f 29//29 3868//3868 3866//3866
f 3701//3701 22//22 146//146
f 133//133 553//553 3930//3930
f 571//571 71//71 3868//3868
f 3870//3870 3879//3879 3869//3869
f 3886//3886 2544//2544 1229//1229
f 3910//3910 2035//2035 3917//3917
f 3875//3875 2055//2055 3911//3911
f 1030//1030 4022//4022 4230//4230
f 3878//3878 322//322 2127//2127
f 2678//2678 3879//3879 2313//2313
f 2855//2855 3880//3880 4123//4123
f 1085//1085 1167//1167 2779//2779
f 764//764 3783//3783 3881//3881
f 1407//1407 3894//3894 4251//4251
f 2857//2857 2016//2016 1502//1502
f 3638//3638 461//461 1918//1918
f 2313//2313 3879//3879 3870//3870
f 3940//3940 2595//2595 3926//3926
f 4053//4053 3882//3882 4076//4076
f 2896//2896 1435//1435 1434//1434
f 3903//3903 2772//2772 1735//1735
f 742//742 1844//1844 1368//1368
f 785//785 1101//1101 1462//1462
f 4072//4072 3884//3884 3858//3858
f 270//270 3875//3875 3911//3911
f 590//590 1557//1557 3775//3775
f 2579//2579 1642//1642 3279//3279
f 369//369 3885//3885 2027//2027
f 3916//3916 1686//1686 3302//3302
f 3886//3886 1229//1229 2002//2002
f 1859//1859 117//117 1013//1013
f 3888//3888 1016//1016 2113//2113
f 3105//3105 3889//3889 1070//1070
f 3324//3324 4004//4004 3970//3970
f 3887//3887 1139//1139 2210//2210
f 3267//3267 3937//3937 3890//3890
f 3891//3891 3971//3971 816//816
f 4300//4300 3761//3761 3439//3439
f 4012//4012 503//503 3296//3296
f 3910//3910 2236//2236 3304//3304
f 1968//1968 1029//1029 4022//4022
f 591//591 2276//2276 157//157
f 4082//4082 3894//3894 3061//3061
f 2331//2331 1070//1070 3889//3889
f 3895//3895 1903//1903 4293//4293
f 541//541 3801//3801 2784//2784
f 964//964 207//207 2180//2180
f 2190//2190 949//949 693//693
f 582//582 1319//1319 3993//3993
f 3896//3896 3269//3269 3384//3384
f 3747//3747 3927//3927 3776//3776
f 1516//1516 2649//2649 1517//1517
f 3890//3890 3937//3937 2574//2574
f 4086//4086 1674//1674 4137//4137
f 1302//1302 3881//3881 3783//3783
f 3897//3897 2669//2669 1616//1616
f 3961//3961 2435//2435 3093//3093
f 3890//3890 3174//3174 3267//3267
f 1849//1849 2737//2737 1613//1613
f 2746//2746 1648//1648 2225//2225
f 3899//3899 3721//3721 2757//2757
f 2856//2856 4100//4100 3101//3101
f 1884//1884 3292//3292 4002//4002
f 1337//1337 3901//3901 2323//2323
f 98//98 3902//3902 2592//2592
f 921//921 1073//1073 2871//2871
f 2351//2351 1736//1736 3954//3954
f 390//390 3903//3903 3654//3654
f 3904//3904 3003//3003 2535//2535
f 2896//2896 1434//1434 3017//3017
f 2157//2157 3905//3905 4235//4235
f 90//90 3731//3731 2992//2992
f 1012//1012 3962//3962 2649//2649
f 1523//1523 1015//1015 831//831
f 1407//1407 3061//3061 3894//3894
f 3287//3287 1663//1663 4144//4144
f 3921//3921 3939//3939 502//502
f 3100//3100 3939//3939 2593//2593
f 3939//3939 3921//3921 2686//2686
f 2233//2233 3453//3453 3843//3843
f 2163//2163 3903//3903 1735//1735
f 1085//1085 2779//2779 1257//1257
f 3435//3435 4007//4007 3847//3847
f 4144//4144 3907//3907 1854//1854
f 1422//1422 3230//3230 3193//3193
f 2535//2535 3908//3908 501//501
f 394//394 3883//3883 396//396
f 3883//3883 1902//1902 1448//1448
f 1523//1523 831//831 830//830
f 4007//4007 3909//3909 1851//1851
f 3286//3286 2012//2012 2011//2011
f 1855//1855 2588//2588 3177//3177
f 3873//3873 2602//2602 1889//1889
f 3315//3315 3910//3910 656//656
f 4278//4278 1303//1303 2090//2090
f 1438//1438 2982//2982 106//106
f 267//267 2045//2045 266//266
f 4078//4078 3911//3911 3348//3348
f 3902//3902 2328//2328 2592//2592
f 3012//3012 3912//3912 1072//1072
f 3403//3403 3913//3913 3405//3405
f 1434//1434 3407//3407 2336//2336
f 382//382 2505//2505 3958//3958
f 3411//3411 1726//1726 3324//3324
f 1737//1737 3128//3128 668//668
f 3914//3914 1461//1461 961//961
f 1849//1849 3890//3890 3931//3931
f 814//814 2738//2738 3431//3431
f 3658//3658 1641//1641 3915//3915
f 3915//3915 3891//3891 2746//2746
f 2423//2423 4012//4012 3441//3441
f 510//510 4115//4115 260//260
f 4115//4115 510//510 3455//3455
f 3364//3364 3917//3917 3457//3457
f 3906//3906 1710//1710 3646//3646
f 3964//3964 1719//1719 3318//3318
f 3918//3918 267//267 266//266
f 3871//3871 859//859 4013//4013
f 1205//1205 4082//4082 1571//1571
f 2138//2138 3919//3919 1661//1661
f 2324//2324 3901//3901 1337//1337
f 3921//3921 3856//3856 1069//1069
f 3880//3880 3763//3763 4123//4123
f 3305//3305 1503//1503 3503//3503
f 2027//2027 3885//3885 3306//3306
f 3922//3922 2888//2888 2903//2903
f 3941//3941 3316//3316 3588//3588
f 3923//3923 3519//3519 198//198
f 3519//3519 3923//3923 3367//3367
f 3332//3332 667//667 4025//4025
f 2704//2704 3903//3903 2163//2163
f 399//399 4293//4293 401//401
f 3167//3167 1348//1348 3876//3876
f 1523//1523 830//830 2369//2369
f 3920//3920 3557//3557 2323//2323
f 3908//3908 3631//3631 501//501
f 3886//3886 2002//2002 623//623
f 2313//2313 3870//3870 1616//1616
f 3926//3926 3708//3708 2689//2689
f 1682//1682 3708//3708 3926//3926
f 3572//3572 3904//3904 3980//3980
f 2175//2175 3029//3029 2930//2930
f 915//915 2595//2595 3940//3940
f 4076//4076 3882//3882 2595//2595
f 3924//3924 1258//1258 4101//4101
f 3925//3925 3798//3798 368//368
f 1855//1855 2013//2013 2588//2588
f 3912//3912 3013//3013 1072//1072
f 3916//3916 3764//3764 1686//1686
f 1339//1339 3927//3927 3747//3747
f 2778//2778 3662//3662 824//824
f 2738//2738 3806//3806 3432//3432
f 3979//3979 3779//3779 4270//4270
f 3979//3979 4270//4270 277//277
f 3889//3889 361//361 2331//2331
f 3927//3927 513//513 2504//2504
f 3614//3614 3898//3898 2720//2720
f 3814//3814 3927//3927 1339//1339
f 2551//2551 3971//3971 2635//2635
f 3157//3157 944//944 3795//3795
f 1422//1422 3193//3193 1884//1884
f 4012//4012 4292//4292 503//503
f 3979//3979 277//277 1959//1959
f 1678//1678 4310//4310 4164//4164
f 3913//3913 103//103 3405//3405
f 2723//2723 1804//1804 213//213
f 2810//2810 4136//4136 1006//1006
f 1682//1682 3926//3926 2595//2595
f 2313//2313 1616//1616 2669//2669
f 3157//3157 3795//3795 2621//2621
f 86//86 85//85 321//321
f 2186//2186 3928//3928 827//827
f 1532//1532 3929//3929 2463//2463
f 742//742 1294//1294 1845//1845
f 3932//3932 1656//1656 1936//1936
f 779//779 1086//1086 2718//2718
f 406//406 3372//3372 115//115
f 827//827 3928//3928 1780//1780
f 3934//3934 567//567 1022//1022
f 4249//4249 3934//3934 2264//2264
f 3935//3935 1967//1967 301//301
f 1967//1967 3935//3935 2206//2206
f 2007//2007 3936//3936 1641//1641
f 3933//3933 207//207 964//964
f 3087//3087 3938//3938 4266//4266
f 3939//3939 3707//3707 2593//2593
f 2607//2607 1717//1717 3129//3129
f 3941//3941 3129//3129 1717//1717
f 1802//1802 1801//1801 2625//2625
f 3929//3929 2786//2786 1836//1836
f 307//307 3935//3935 306//306
f 1621//1621 3943//3943 3072//3072
f 1968//1968 3944//3944 1542//1542
f 3638//3638 241//241 849//849
f 3909//3909 3945//3945 2578//2578
f 3749//3749 3280//3280 3281//3281
f 1936//1936 1656//1656 1659//1659
f 1235//1235 1660//1660 3092//3092
f 3947//3947 3081//3081 3287//3287
f 426//426 1828//1828 425//425
f 117//117 1859//1859 2653//2653
f 742//742 1845//1845 1395//1395
f 1393//1393 1395//1395 1845//1845
f 1978//1978 860//860 1398//1398
f 3948//3948 3392//3392 3282//3282
f 192//192 3949//3949 3016//3016
f 3950//3950 3413//3413 3613//3613
f 4026//4026 2614//2614 3209//3209
f 2052//2052 2051//2051 2622//2622
f 2628//2628 3952//3952 2546//2546
f 4103//4103 497//497 2739//2739
f 3936//3936 3891//3891 1641//1641
f 4079//4079 4017//4017 3102//3102
f 3318//3318 515//515 516//516
f 1319//1319 1988//1988 581//581
f 1188//1188 3934//3934 3701//3701
f 33//33 3951//3951 2266//2266
f 3985//3985 2127//2127 1206//1206
f 321//321 3953//3953 86//86
f 3191//3191 3229//3229 1496//1496
f 2159//2159 2696//2696 2886//2886
f 661//661 4167//4167 3685//3685
f 609//609 3955//3955 1219//1219
f 2940//2940 3956//3956 3168//3168
f 127//127 3929//3929 1836//1836
f 4269//4269 3953//3953 3059//3059
f 1503//1503 3235//3235 4294//4294
f 3957//3957 2474//2474 1878//1878
f 3931//3931 3890//3890 2574//2574
f 3909//3909 2578//2578 2527//2527
f 2016//2016 2857//2857 2145//2145
f 2702//2702 2609//2609 2340//2340
f 3942//3942 4245//4245 1720//1720
f 1727//1727 3958//3958 2163//2163
f 1445//1445 1736//1736 2509//2509
f 4103//4103 2739//2739 3436//3436
f 3110//3110 3447//3447 4104//4104
f 1717//1717 3942//3942 1719//1719
f 2571//2571 3960//3960 2820//2820
f 2311//2311 2820//2820 3960//3960
f 2934//2934 3693//3693 3874//3874
f 3965//3965 407//407 1347//1347
f 3961//3961 2485//2485 1378//1378
f 3950//3950 3023//3023 3413//3413
f 779//779 2718//2718 1085//1085
f 817//817 2857//2857 2553//2553
f 3962//3962 1012//1012 824//824
f 3960//3960 2795//2795 2311//2311
f 3967//3967 1006//1006 2575//2575
f 3963//3963 3652//3652 2687//2687
f 3575//3575 3940//3940 4306//4306
f 1249//1249 3126//3126 2698//2698
f 3138//3138 3136//3136 3204//3204
f 1445//1445 3144//3144 3135//3135
f 1418//1418 2819//2819 347//347
f 1448//1448 2618//2618 3883//3883
f 3936//3936 3276//3276 1154//1154
f 3749//3749 3487//3487 3280//3280
f 3964//3964 3941//3941 1717//1717
f 2051//2051 2052//2052 3345//3345
f 3965//3965 943//943 2521//2521
f 3165//3165 3163//3163 3801//3801
f 3967//3967 2629//2629 2630//2630
f 3968//3968 382//382 1382//1382
f 1453//1453 406//406 115//115
f 3944//3944 4229//4229 4226//4226
f 3960//3960 3060//3060 2658//2658
f 3963//3963 3099//3099 3652//3652
f 3969//3969 2162//2162 3410//3410
f 3324//3324 3970//3970 3411//3411
f 3958//3958 2704//2704 2163//2163
f 1445//1445 4159//4159 1736//1736
f 2938//2938 3965//3965 2964//2964
f 848//848 3944//3944 2418//2418
f 3269//3269 1612//1612 1614//1614
f 3971//3971 3891//3891 1154//1154
f 816//816 2746//2746 3891//3891
f 3959//3959 3293//3293 2013//2013
f 1682//1682 3641//3641 1678//1678
f 3043//3043 4104//4104 3447//3447
f 3969//3969 4209//4209 2162//2162
f 127//127 2463//2463 3929//3929
f 3973//3973 2258//2258 3697//3697
f 1318//1318 3974//3974 4085//4085
f 3974//3974 1318//1318 3993//3993
f 337//337 1602//1602 4315//4315
f 1233//1233 2631//2631 3946//3946
f 3230//3230 354//354 355//355
f 259//259 505//505 3503//3503
f 3949//3949 3407//3407 3016//3016
f 922//922 3115//3115 3109//3109
f 380//380 2159//2159 2886//2886
f 2351//2351 3954//3954 3524//3524
f 946//946 2189//2189 3773//3773
f 3978//3978 1837//1837 713//713
f 3957//3957 1624//1624 2474//2474
f 3854//3854 4128//4128 2225//2225
f 3708//3708 1682//1682 1678//1678
f 3980//3980 3904//3904 1936//1936
f 3572//3572 3003//3003 3904//3904
f 3943//3943 3070//3070 3072//3072
f 3963//3963 1669//1669 1670//1670
f 3705//3705 4267//4267 2594//2594
f 3981//3981 3740//3740 921//921
f 3119//3119 262//262 2035//2035
f 2143//2143 3393//3393 3869//3869
f 3043//3043 3447//3447 1008//1008
f 270//270 3767//3767 4027//4027
f 3975//3975 3556//3556 4031//4031
f 3724//3724 4031//4031 3556//3556
f 646//646 3633//3633 374//374
f 3904//3904 3932//3932 1936//1936
f 2275//2275 1563//1563 1200//1200
f 1168//1168 3962//3962 824//824
f 1690//1690 4100//4100 2856//2856
f 2579//2579 4314//4314 3188//3188
f 1523//1523 3972//3972 3663//3663
f 3569//3569 3978//3978 1959//1959
f 3979//3979 1959//1959 3978//3978
f 133//133 3930//3930 4050//4050
f 2857//2857 1502//1502 2553//2553
f 2618//2618 3976//3976 396//396
f 3956//3956 117//117 2653//2653
f 2052//2052 3966//3966 3157//3157
f 4100//4100 3045//3045 3101//3101
f 1151//1151 3967//3967 2737//2737
f 817//817 2553//2553 3043//3043
f 2225//2225 4128//4128 3915//3915
f 3975//3975 617//617 4127//4127
f 354//354 3989//3989 498//498
f 3588//3588 3316//3316 3686//3686
f 4250//4250 58//58 2386//2386
f 3154//3154 3977//3977 1258//1258
f 3872//3872 3705//3705 2594//2594
f 2778//2778 824//824 1012//1012
f 500//500 3932//3932 501//501
f 2810//2810 1006//1006 2630//2630
f 57//57 3628//3628 1124//1124
f 3984//3984 714//714 426//426
f 3878//3878 3985//3985 2128//2128
f 1349//1349 4096//4096 946//946
f 1316//1316 3983//3983 1526//1526
f 847//847 1540//1540 2262//2262
f 2272//2272 34//34 2275//2275
f 3987//3987 1301//1301 3666//3666
f 3609//3609 3666//3666 1301//1301
f 3984//3984 426//426 425//425
f 1479//1479 999//999 2084//2084
f 3989//3989 3230//3230 1422//1422
f 4142//4142 2370//2370 4114//4114
f 531//531 3990//3990 270//270
f 4013//4013 861//861 1976//1976
f 675//675 3991//3991 3345//3345
f 1368//1368 740//740 742//742
f 1479//1479 2084//2084 1001//1001
f 2272//2272 2275//2275 1200//1200
f 3994//3994 2534//2534 3081//3081
f 361//361 3995//3995 2146//2146
f 3996//3996 4139//4139 3461//3461
f 4142//4142 3997//3997 2929//2929
f 2393//2393 3984//3984 2394//2394
f 1812//1812 4024//4024 1914//1914
f 908//908 1658//1658 2484//2484
f 3998//3998 1946//1946 1725//1725
f 1801//1801 1457//1457 2625//2625
f 1374//1374 2971//2971 339//339
f 3999//3999 3726//3726 3727//3727
f 2340//2340 3132//3132 1507//1507
f 4003//4003 3126//3126 2351//2351
f 4099//4099 4000//4000 1308//1308
f 1063//1063 2811//2811 4001//4001
f 4023//4023 4001//4001 2811//2811
f 1439//1439 4003//4003 1716//1716
f 4177//4177 2574//2574 3181//3181
f 3109//3109 2860//2860 2601//2601
f 1079//1079 4223//4223 927//927
f 4223//4223 1079//1079 2609//2609
f 2013//2013 2748//2748 3959//3959
f 3322//3322 3198//3198 1889//1889
f 4004//4004 3206//3206 4025//4025
f 489//489 3269//3269 3271//3271
f 3315//3315 656//656 4258//4258
f 3251//3251 2614//2614 3335//3335
f 4021//4021 116//116 1168//1168
f 1151//1151 2629//2629 3967//3967
f 4207//4207 3102//3102 2980//2980
f 4001//4001 2669//2669 1063//1063
f 354//354 3284//3284 355//355
f 4003//4003 1712//1712 3126//3126
f 4006//4006 3167//3167 779//779
f 4007//4007 2478//2478 3909//3909
f 46//46 3042//3042 1499//1499
f 3467//3467 529//529 4027//4027
f 4127//4127 3471//3471 3555//3555
f 2297//2297 4008//4008 1598//1598
f 2848//2848 1620//1620 1235//1235
f 4031//4031 18//18 3975//3975
f 1935//1935 3989//3989 1422//1422
f 4143//4143 4002//4002 909//909
f 4002//4002 3292//3292 909//909
f 2146//2146 1650//1650 1653//1653
f 2855//2855 3843//3843 1690//1690
f 2698//2698 2159//2159 2887//2887
f 3988//3988 3525//3525 3588//3588
f 4029//4029 3686//3686 3136//3136
f 4029//4029 3136//3136 3339//3339
f 2930//2930 4009//4009 406//406
f 2128//2128 3985//3985 1579//1579
f 3576//3576 2597//2597 2692//2692
f 1669//1669 4010//4010 2682//2682
f 47//47 3680//3680 4059//4059
f 1708//1708 3515//3515 4028//4028
f 489//489 3271//3271 4011//4011
f 2740//2740 2742//2742 4103//4103
f 259//259 4012//4012 2423//2423
f 4013//4013 1976//1976 3871//3871
f 32//32 3993//3993 583//583
f 1884//1884 4002//4002 2841//2841
f 530//530 2564//2564 3213//3213
f 4013//4013 859//859 860//860
f 2698//2698 2887//2887 1249//1249
f 3332//3332 4025//4025 3206//3206
f 3940//3940 3575//3575 3999//3999
f 4079//4079 1674//1674 4086//4086
f 3749//3749 4011//4011 3272//3272
f 1682//1682 2595//2595 3882//3882
f 2506//2506 1438//1438 4054//4054
f 3992//3992 3961//3961 1378//1378
f 2673//2673 2008//2008 3946//3946
f 3989//3989 354//354 3230//3230
f 518//518 3523//3523 3996//3996
f 3989//3989 3229//3229 498//498
f 1279//1279 220//220 4061//4061
f 87//87 1367//1367 1368//1368
f 2541//2541 4014//4014 1905//1905
f 1251//1251 4015//4015 3137//3137
f 2086//2086 1479//1479 2062//2062
f 4022//4022 1029//1029 1322//1322
f 878//878 4063//4063 1986//1986
f 3103//3103 4017//4017 912//912
f 4042//4042 1865//1865 1922//1922
f 1879//1879 4018//4018 2819//2819
f 4014//4014 530//530 3213//3213
f 3645//3645 3604//3604 1009//1009
f 87//87 1368//1368 2122//2122
f 4314//4314 4309//4309 4019//4019
f 1712//1712 3125//3125 2698//2698
f 2181//2181 4097//4097 1095//1095
f 4107//4107 1934//1934 1492//1492
f 2489//2489 4017//4017 4079//4079
f 4020//4020 1700//1700 2238//2238
f 2927//2927 4045//4045 4021//4021
f 4021//4021 2248//2248 2927//2927
f 1950//1950 4014//4014 2541//2541
f 1131//1131 31//31 1545//1545
f 4032//4032 3666//3666 762//762
f 1322//1322 3877//3877 4022//4022
f 3557//3557 3496//3496 2323//2323
f 4130//4130 4118//4118 1448//1448
f 2539//2539 1902//1902 2912//2912
f 1795//1795 3928//3928 417//417
f 4173//4173 791//791 977//977
f 4024//4024 977//977 791//791
f 4037//4037 61//61 130//130
f 3582//3582 3930//3930 2404//2404
f 2224//2224 3086//3086 1650//1650
f 4017//4017 2980//2980 3102//3102
f 2749//2749 1680//1680 3299//3299
f 4183//4183 3224//3224 488//488
f 825//825 272//272 1388//1388
f 1521//1521 828//828 2955//2955
f 2025//2025 3199//3199 2026//2026
f 650//650 2025//2025 2026//2026
f 4025//4025 3323//3323 3970//3970
f 3326//3326 4026//4026 3127//3127
f 4029//4029 3339//3339 4055//4055
f 825//825 1388//1388 1951//1951
f 4019//4019 2006//2006 2673//2673
f 408//408 2936//2936 1090//1090
f 2090//2090 2971//2971 4278//4278
f 3296//3296 1674//1674 3441//3441
f 2423//2423 2749//2749 3299//3299
f 2600//2600 1691//1691 2236//2236
f 3555//3555 3472//3472 2294//2294
f 3751//3751 3099//3099 3789//3789
f 4059//4059 914//914 3603//3603
f 1338//1338 4028//4028 2237//2237
f 3686//3686 4029//4029 3588//3588
f 776//776 2539//2539 1166//1166
f 2539//2539 2912//2912 1166//1166
f 3534//3534 4030//4030 3533//3533
f 4021//4021 3662//3662 2248//2248
f 1090//1090 3027//3027 408//408
f 3604//3604 3645//3645 3832//3832
f 4107//4107 1492//1492 3037//3037
f 914//914 3726//3726 3999//3999
f 3986//3986 1521//1521 2955//2955
f 1623//1623 181//181 4031//4031
f 1623//1623 4031//4031 3724//3724
f 1131//1131 1545//1545 3595//3595
f 3582//3582 2404//2404 720//720
f 97//97 3854//3854 46//46
f 1318//1318 4085//4085 847//847
f 3437//3437 46//46 3854//3854
f 46//46 3437//3437 2226//2226
f 2678//2678 4035//4035 4060//4060
f 1584//1584 4230//4230 326//326
f 3875//3875 4027//4027 4090//4090
f 1795//1795 417//417 1462//1462
f 2077//2077 4061//4061 434//434
f 4061//4061 2077//2077 1824//1824
f 3879//3879 2678//2678 4060//4060
f 1941//1941 2600//2600 2236//2236
f 914//914 4059//4059 3726//3726
f 3588//3588 4029//4029 3988//3988
f 4139//4139 2349//2349 3461//3461
f 2539//2539 4130//4130 1448//1448
f 656//656 3313//3313 4258//4258
f 116//116 2620//2620 1168//1168
f 3339//3339 3136//3136 397//397
f 1298//1298 1030//1030 4230//4230
f 2678//2678 2313//2313 4001//4001
f 2505//2505 1438//1438 2506//2506
f 2673//2673 3946//3946 4217//4217
f 518//518 3996//3996 519//519
f 2678//2678 4001//4001 900//900
f 1841//1841 220//220 1279//1279
f 294//294 239//239 72//72
f 4032//4032 1201//1201 857//857
f 3706//3706 4033//4033 2037//2037
f 1313//1313 4034//4034 825//825
f 4038//4038 2466//2466 1192//1192
f 4036//4036 336//336 2971//2971
f 1842//1842 4038//4038 1192//1192
f 4058//4058 2599//2599 2981//2981
f 3008//3008 3751//3751 3285//3285
f 1492//1492 4039//4039 2453//2453
f 1625//1625 4052//4052 1626//1626
f 4038//4038 239//239 238//238
f 1922//1922 471//471 4042//4042
f 4042//4042 1983//1983 1984//1984
f 1984//1984 2792//2792 4042//4042
f 1347//1347 407//407 941//941
f 4043//4043 3383//3383 1409//1409
f 3338//3338 4055//4055 3339//3339
f 116//116 4045//4045 532//532
f 1952//1952 4041//4041 4097//4097
f 1459//1459 4046//4046 1097//1097
f 4047//4047 97//97 46//46
f 4056//4056 3557//3557 3510//3510
f 3457//3457 2340//2340 1507//1507
f 2898//2898 4049//4049 2899//2899
f 3528//3528 4040//4040 3151//3151
f 1453//1453 1090//1090 2930//2930
f 552//552 4037//4037 1831//1831
f 1915//1915 4050//4050 3582//3582
f 2510//2510 2908//2908 2909//2909
f 744//744 2749//2749 3441//3441
f 4049//4049 2898//2898 2349//2349
f 2350//2350 4049//4049 4139//4139
f 2511//2511 2510//2510 2909//2909
f 4043//4043 2135//2135 3383//3383
f 1068//1068 4071//4071 815//815
f 3086//3086 815//815 4071//4071
f 4053//4053 1685//1685 3106//3106
f 1685//1685 4053//4053 916//916
f 4076//4076 916//916 4053//4053
f 2511//2511 522//522 2510//2510
f 3713//3713 3187//3187 3073//3073
f 2536//2536 2329//2329 2851//2851
f 1441//1441 3206//3206 1895//1895
f 505//505 3299//3299 3511//3511
f 1683//1683 3641//3641 3882//3882
f 4033//4033 2027//2027 2037//2037
f 3321//3321 1724//1724 3322//3322
f 4034//4034 1354//1354 3824//3824
f 2673//2673 2006//2006 2008//2008
f 2580//2580 2008//2008 3275//3275
f 4051//4051 2685//2685 912//912
f 3311//3311 4044//4044 2602//2602
f 1756//1756 4055//4055 1754//1754
f 2972//2972 2215//2215 4036//4036
f 520//520 50//50 3461//3461
f 4177//4177 3383//3383 2805//2805
f 1876//1876 4183//4183 3077//3077
f 638//638 185//185 4056//4056
f 3496//3496 4056//4056 185//185
f 3303//3303 4311//4311 363//363
f 2338//2338 3294//3294 1671//1671
f 4057//4057 2600//2600 3239//3239
f 3461//3461 50//50 3996//3996
f 2778//2778 1012//1012 823//823
f 3546//3546 683//683 3547//3547
f 4052//4052 3619//3619 1626//1626
f 4057//4057 3715//3715 2600//2600
f 3724//3724 3737//3737 3723//3723
f 2586//2586 3008//3008 3285//3285
f 825//825 4034//4034 960//960
f 1009//1009 4058//4058 3803//3803
f 1318//1318 325//325 582//582
f 1968//1968 4022//4022 1030//1030
f 4057//4057 922//922 2601//2601
f 3993//3993 1318//1318 582//582
f 1453//1453 2930//2930 406//406
f 3467//3467 4027//4027 3767//3767
f 47//47 4059//4059 190//190
f 3940//3940 3999//3999 915//915
f 4032//4032 856//856 1201//1201
f 3645//3645 1009//1009 3362//3362
f 61//61 4173//4173 130//130
f 4122//4122 937//937 2619//2619
f 4052//4052 1625//1625 4313//4313
f 4051//4051 2536//2536 2851//2851
f 4053//4053 1683//1683 3882//3882
f 4044//4044 3321//3321 3322//3322
f 4029//4029 4055//4055 1756//1756
f 4035//4035 2679//2679 4060//4060
f 2680//2680 4060//4060 2679//2679
f 3879//3879 4060//4060 2680//2680
f 1716//1716 4054//4054 1439//1439
f 4052//4052 4313//4313 1418//1418
f 4061//4061 1824//1824 219//219
f 862//862 4062//4062 998//998
f 2657//2657 2792//2792 1547//1547
f 247//247 4062//4062 807//807
f 751//751 4064//4064 837//837
f 1533//1533 4081//4081 294//294
f 4065//4065 856//856 762//762
f 1332//1332 4066//4066 1230//1230
f 4066//4066 1332//1332 1627//1627
f 586//586 2657//2657 4129//4129
f 802//802 759//759 803//803
f 4041//4041 827//827 1780//1780
f 862//862 998//998 87//87
f 2790//2790 3639//3639 314//314
f 4066//4066 1626//1626 2957//2957
f 3626//3626 1769//1769 4078//4078
f 4062//4062 247//247 2085//2085
f 467//467 1397//1397 2124//2124
f 2792//2792 325//325 1547//1547
f 198//198 1442//1442 4145//4145
f 4097//4097 4041//4041 1094//1094
f 4067//4067 1384//1384 3321//3321
f 2249//2249 2250//2250 527//527
f 1184//1184 4064//4064 61//61
f 2261//2261 4068//4068 155//155
f 858//858 4156//4156 1561//1561
f 1035//1035 4069//4069 311//311
f 1865//1865 2792//2792 2657//2657
f 2330//2330 1653//1653 4071//4071
f 3773//3773 1349//1349 946//946
f 673//673 4072//4072 2512//2512
f 3670//3670 1414//1414 2811//2811
f 1423//1423 2843//2843 2842//2842
f 1503//1503 4125//4125 819//819
f 4073//4073 2336//2336 2867//2867
f 4074//4074 921//921 2871//2871
f 2336//2336 4073//4073 3046//3046
f 4075//4075 3074//3074 3073//3073
f 2861//2861 3705//3705 3872//3872
f 4076//4076 915//915 2862//2862
f 4077//4077 1693//1693 3715//3715
f 3599//3599 862//862 2414//2414
f 2488//2488 3294//3294 3295//3295
f 4078//4078 531//531 3911//3911
f 2861//2861 3872//3872 3359//3359
f 3373//3373 2518//2518 1259//1259
f 4071//4071 1653//1653 3086//3086
f 1887//1887 4086//4086 4137//4137
f 2223//2223 3436//3436 2739//2739
f 4079//4079 3102//3102 744//744
f 4067//4067 3321//3321 517//517
f 4178//4178 4067//4067 263//263
f 4080//4080 520//520 3461//3461
f 4081//4081 1364//1364 238//238
f 3074//3074 4075//4075 2801//2801
f 495//495 94//94 2007//2007
f 3313//3313 656//656 378//378
f 660//660 4083//4083 262//262
f 4080//4080 3461//3461 2349//2349
f 4084//4084 3052//3052 3594//3594
f 2623//2623 119//119 3892//3892
f 1772//1772 2963//2963 2519//2519
f 4084//4084 2647//2647 3052//3052
f 4076//4076 2595//2595 915//915
f 2860//2860 4077//4077 2601//2601
f 4077//4077 2860//2860 4125//4125
f 1683//1683 3885//3885 3300//3300
f 1683//1683 3300//3300 3641//3641
f 1742//1742 3148//3148 932//932
f 2223//2223 4107//4107 3038//3038
f 4085//4085 156//156 1541//1541
f 2656//2656 1364//1364 4081//4081
f 921//921 4074//4074 3981//3981
f 4085//4085 3974//3974 156//156
f 3304//3304 378//378 656//656
f 3920//3920 2323//2323 1423//1423
f 2489//2489 4086//4086 2536//2536
f 3749//3749 4070//4070 4011//4011
f 847//847 1547//1547 1318//1318
f 1641//1641 3891//3891 3915//3915
f 1445//1445 3135//3135 3413//3413
f 2035//2035 262//262 3917//3917
f 3457//3457 262//262 4083//4083
f 744//744 3102//3102 2753//2753
f 1708//1708 4028//4028 1709//1709
f 4079//4079 4086//4086 2489//2489
f 4063//4063 4016//4016 1986//1986
f 823//823 2563//2563 4126//4126
f 3832//3832 3645//3645 3361//3361
f 3875//3875 4090//4090 2251//2251
f 4105//4105 108//108 194//194
f 862//862 87//87 2414//2414
f 4097//4097 1094//1094 209//209
f 4074//4074 1423//1423 2842//2842
f 2957//2957 1626//1626 2997//2997
f 3085//3085 1156//1156 815//815
f 1641//1641 495//495 2007//2007
f 1626//1626 3619//3619 2997//2997
f 3304//3304 656//656 3910//3910
f 4087//4087 807//807 4062//4062
f 1286//1286 791//791 4064//4064
f 4087//4087 862//862 3599//3599
f 807//807 4087//4087 479//479
f 1564//1564 2131//2131 480//480
f 791//791 61//61 4064//4064
f 1533//1533 4088//4088 4081//4081
f 4090//4090 1758//1758 2251//2251
f 3198//3198 1888//1888 4117//4117
f 531//531 682//682 3990//3990
f 858//858 4091//4091 1975//1975
f 4092//4092 3645//3645 4073//4073
f 2646//2646 4093//4093 3146//3146
f 3305//3305 4094//4094 4119//4119
f 1344//1344 4095//4095 3828//3828
f 4097//4097 2181//2181 3986//3986
f 119//119 1520//1520 2655//2655
f 1973//1973 1564//1564 480//480
f 174//174 4210//4210 4135//4135
f 1255//1255 3146//3146 4093//4093
f 3441//3441 1674//1674 744//744
f 2781//2781 2782//2782 2249//2249
f 3381//3381 879//879 2790//2790
f 2323//2323 3901//3901 1423//1423
f 3745//3745 4095//4095 3255//3255
f 1009//1009 3741//3741 4058//4058
f 4100//4100 1690//1690 3843//3843
f 4093//4093 1742//1742 3579//3579
f 3187//3187 4102//4102 4075//4075
f 1907//1907 2564//2564 530//530
f 4111//4111 4091//4091 3987//3987
f 641//641 3293//3293 2488//2488
f 4312//4312 1381//1381 4308//4308
f 4103//4103 3657//3657 2740//2740
f 819//819 4104//4104 3043//3043
f 2262//2262 586//586 4129//4129
f 44//44 1491//1491 3716//3716
f 4210//4210 1489//1489 4135//4135
f 3305//3305 1693//1693 1503//1503
f 2687//2687 3604//3604 3832//3832
f 4101//4101 1258//1258 4099//4099
f 2273//2273 4106//4106 1972//1972
f 3436//3436 3433//3433 4103//4103
f 4106//4106 479//479 4087//4087
f 4016//4016 467//467 2124//2124
f 529//529 935//935 4090//4090
f 2716//2716 4090//4090 935//935
f 3559//3559 3654//3654 385//385
f 3657//3657 3434//3434 495//495
f 4116//4116 102//102 3448//3448
f 4140//4140 3825//3825 1116//1116
f 4095//4095 1344//1344 2963//2963
f 3838//3838 3029//3029 2721//2721
f 2101//2101 2643//2643 4105//4105
f 4105//4105 1435//1435 2101//2101
f 3892//3892 119//119 2655//2655
f 1950//1950 1907//1907 530//530
f 3346//3346 678//678 401//401
f 3924//3924 4101//4101 2910//2910
f 693//693 949//949 4172//4172
f 2237//2237 4028//4028 3685//3685
f 3657//3657 495//495 2740//2740
f 2904//2904 2046//2046 4146//4146
f 1952//1952 4097//4097 3986//3986
f 586//586 2262//2262 2788//2788
f 2904//2904 4146//4146 1737//1737
f 4016//4016 2124//2124 1986//1986
f 586//586 3596//3596 324//324
f 617//617 3471//3471 4127//4127
f 4122//4122 2619//2619 4130//4130
f 1286//1286 4064//4064 751//751
f 2542//2542 1088//1088 1777//1777
f 1456//1456 2542//2542 1777//1777
f 3313//3313 376//376 3197//3197
f 2542//2542 3838//3838 2721//2721
f 2539//2539 776//776 4130//4130
f 1491//1491 3037//3037 2304//2304
f 2518//2518 4108//4108 1259//1259
f 3589//3589 4109//4109 4096//4096
f 977//977 4110//4110 1822//1822
f 1974//1974 4111//4111 857//857
f 4110//4110 1532//1532 1822//1822
f 1056//1056 1585//1585 879//879
f 4108//4108 2543//2543 1259//1259
f 4112//4112 4196//4196 3825//3825
f 4113//4113 684//684 3214//3214
f 4142//4142 4114//4114 2059//2059
f 858//858 1051//1051 330//330
f 4151//4151 1213//1213 1568//1568
f 2878//2878 4116//4116 3448//3448
f 3523//3523 518//518 3050//3050
f 684//684 4113//4113 1908//1908
f 2249//2249 4098//4098 2781//2781
f 3198//3198 4117//4117 2030//2030
f 4108//4108 938//938 3838//3838
f 2057//2057 4113//4113 1907//1907
f 515//515 3244//3244 516//516
f 1691//1691 4119//4119 3304//3304
f 376//376 378//378 4119//4119
f 4119//4119 4094//4094 376//376
f 4130//4130 2619//2619 4118//4118
f 4120//4120 4118//4118 2619//2619
f 2938//2938 4114//4114 682//682
f 4091//4091 858//858 330//330
f 1102//1102 4120//4120 2619//2619
f 4132//4132 4120//4120 3422//3422
f 4123//4123 3763//3763 4116//4116
f 508//508 3452//3452 4123//4123
f 357//357 4124//4124 2843//2843
f 1693//1693 4125//4125 1503//1503
f 1585//1585 3639//3639 2790//2790
f 2312//2312 4152//4152 1881//1881
f 1585//1585 2790//2790 879//879
f 4160//4160 2352//2352 2161//2161
f 2054//2054 678//678 3346//3346
f 3658//3658 4128//4128 2740//2740
f 265//265 4174//4174 3458//3458
f 3755//3755 265//265 108//108
f 4128//4128 2742//2742 2740//2740
f 2370//2370 3990//3990 4114//4114
f 682//682 4114//4114 3990//3990
f 2267//2267 4016//4016 2266//2266
f 4032//4032 857//857 4111//4111
f 3187//3187 4075//4075 3073//3073
f 4129//4129 2657//2657 1547//1547
f 2904//2904 931//931 1739//1739
f 3336//3336 2904//2904 1739//1739
f 2054//2054 3346//3346 2053//2053
f 847//847 4129//4129 1547//1547
f 3975//3975 4127//4127 3556//3556
f 4130//4130 776//776 4122//4122
f 4126//4126 2563//2563 1253//1253
f 930//930 4126//4126 1253//1253
f 3085//3085 815//815 3086//3086
f 3784//3784 2900//2900 1757//1757
f 3711//3711 2249//2249 2782//2782
f 1691//1691 3304//3304 2236//2236
f 2262//2262 4129//4129 847//847
f 3433//3433 3657//3657 4103//4103
f 937//937 4122//4122 2713//2713
f 586//586 2788//2788 3596//3596
f 1603//1603 336//336 3063//3063
f 2274//2274 309//309 590//590
f 1057//1057 4151//4151 1408//1408
f 876//876 1570//1570 3059//3059
f 2136//2136 1603//1603 3063//3063
f 4118//4118 4132//4132 2618//2618
f 2664//2664 4135//4135 1411//1411
f 2674//2674 4136//4136 2999//2999
f 1887//1887 4137//4137 3194//3194
f 3038//3038 44//44 3433//3433
f 1408//1408 4151//4151 3380//3380
f 338//338 1056//1056 879//879
f 338//338 879//879 1595//1595
f 1056//1056 4134//4134 1585//1585
f 4132//4132 2515//2515 2618//2618
f 1767//1767 2517//2517 3848//3848
f 4136//4136 2674//2674 1881//1881
f 2370//2370 4142//4142 1519//1519
f 4143//4143 2841//2841 4002//4002
f 4136//4136 4152//4152 1006//1006
f 3083//3083 1643//1643 3082//3082
f 4144//4144 1663//1663 3094//3094
f 4154//4154 3244//3244 1508//1508
f 1411//1411 4135//4135 2135//2135
f 108//108 3458//3458 3969//3969
f 4145//4145 2900//2900 3784//3784
f 1191//1191 2788//2788 460//460
f 4139//4139 3523//3523 2350//2350
f 527//527 3537//3537 4098//4098
f 3549//3549 1173//1173 2375//2375
f 4131//4131 1917//1917 450//450
f 2267//2267 467//467 4016//4016
f 3587//3587 3957//3957 3187//3187
f 4137//4137 2591//2591 3194//3194
f 265//265 3923//3923 4160//4160
f 2267//2267 3951//3951 3811//3811
f 2267//2267 3811//3811 467//467
f 198//198 4145//4145 387//387
f 858//858 1561//1561 1051//1051
f 3313//3313 378//378 376//376
f 2046//2046 3335//3335 4146//4146
f 389//389 4146//4146 3335//3335
f 4146//4146 389//389 3325//3325
f 172//172 3471//3471 617//617
f 108//108 3969//3969 194//194
f 1213//1213 1596//1596 1568//1568
f 4112//4112 4148//4148 4198//4198
f 398//398 4145//4145 1442//1442
f 387//387 4145//4145 3784//3784
f 4147//4147 1597//1597 1213//1213
f 4198//4198 4148//4148 2967//2967
f 764//764 4149//4149 3783//3783
f 3409//3409 4290//4290 4283//4283
f 2209//2209 2208//2208 1578//1578
f 2208//2208 1136//1136 1578//1578
f 1057//1057 4149//4149 764//764
f 4152//4152 2312//2312 2575//2575
f 1447//1447 2427//2427 4153//4153
f 1871//1871 1870//1870 4147//4147
f 3204//3204 4154//4154 3138//3138
f 1819//1819 450//450 3656//3656
f 531//531 4155//4155 682//682
f 3030//3030 2967//2967 4148//4148
f 1821//1821 2194//2194 4162//4162
f 4156//4156 1975//1975 590//590
f 1136//1136 3033//3033 3574//3574
f 1871//1871 4147//4147 1057//1057
f 4151//4151 1057//1057 4147//4147
f 3434//3434 4157//4157 3432//3432
f 4193//4193 4178//4178 3317//3317
f 4150//4150 3549//3549 1171//1171
f 4140//4140 2396//2396 4224//4224
f 2239//2239 4209//4209 2160//2160
f 2160//2160 3409//3409 4283//4283
f 2784//2784 1170//1170 4150//4150
f 4165//4165 4150//4150 1170//1170
f 383//383 4154//4154 3204//3204
f 4154//4154 1893//1893 3138//3138
f 2643//2643 3755//3755 108//108
f 2388//2388 3553//3553 2953//2953
f 4153//4153 2427//2427 2164//2164
f 2780//2780 3465//3465 4158//4158
f 526//526 4158//4158 3465//3465
f 4157//4157 3852//3852 3432//3432
f 9//9 4288//4288 196//196
f 3537//3537 4158//4158 3538//3538
f 526//526 3538//3538 4158//4158
f 4310//4310 3641//3641 3300//3300
f 4298//4298 914//914 3575//3575
f 4156//4156 3775//3775 1560//1560
f 4149//4149 1408//1408 3667//3667
f 4159//4159 3150//3150 2442//2442
f 3953//3953 321//321 3470//3470
f 4148//4148 4112//4112 4140//4140
f 2643//2643 108//108 4105//4105
f 265//265 3458//3458 108//108
f 876//876 3953//3953 3470//3470
f 4016//4016 4063//4063 2266//2266
f 4127//4127 898//898 3556//3556
f 1508//1508 3244//3244 1945//1945
f 1191//1191 460//460 3379//3379
f 4195//4195 1799//1799 4224//4224
f 4160//4160 3923//3923 387//387
f 54//54 832//832 1171//1171
f 4165//4165 2785//2785 1520//1520
f 1806//1806 4161//4161 989//989
f 833//833 4162//4162 4190//4190
f 1136//1136 1366//1366 738//738
f 2891//2891 4163//4163 2560//2560
f 431//431 1821//1821 1282//1282
f 1907//1907 4113//4113 3214//3214
f 54//54 1018//1018 1525//1525
f 3298//3298 1677//1677 4164//4164
f 693//693 2071//2071 2948//2948
f 1520//1520 119//119 4165//4165
f 2043//2043 4169//4169 4238//4238
f 2270//2270 589//589 2272//2272
f 2217//2217 1487//1487 1149//1149
f 3235//3235 1503//1503 819//819
f 1539//1539 459//459 3257//3257
f 1384//1384 4193//4193 1857//1857
f 3298//3298 4164//4164 366//366
f 1907//1907 3214//3214 2564//2564
f 3735//3735 3067//3067 3833//3833
f 4164//4164 4310//4310 3798//3798
f 4191//4191 4208//4208 3091//3091
f 196//196 4167//4167 661//661
f 666//666 3520//3520 664//664
f 4098//4098 2249//2249 527//527
f 1560//1560 2270//2270 2272//2272
f 4174//4174 265//265 4160//4160
f 1678//1678 4164//4164 1677//1677
f 86//86 3953//3953 4269//4269
f 1173//1173 4165//4165 119//119
f 3520//3520 3518//3518 664//664
f 4126//4126 930//930 3330//3330
f 4272//4272 2353//2353 4302//4302
f 3235//3235 819//819 2553//2553
f 234//234 2081//2081 708//708
f 1907//1907 1950//1950 2057//2057
f 4168//4168 1390//1390 2117//2117
f 2269//2269 588//588 2270//2270
f 2247//2247 4169//4169 523//523
f 1358//1358 4170//4170 131//131
f 431//431 4170//4170 1821//1821
f 54//54 4171//4171 1955//1955
f 1390//1390 4168//4168 564//564
f 854//854 1972//1972 4106//4106
f 693//693 4172//4172 2071//2071
f 130//130 4173//4173 2076//2076
f 4170//4170 1289//1289 131//131
f 3840//3840 4185//4185 2255//2255
f 4172//4172 4096//4096 4109//4109
f 224//224 2194//2194 1821//1821
f 4169//4169 2778//2778 823//823
f 2102//2102 3367//3367 2643//2643
f 4178//4178 4193//4193 4067//4067
f 650//650 4033//4033 2025//2025
f 1424//1424 3611//3611 4208//4208
f 3235//3235 4292//4292 4294//4294
f 4181//4181 2781//2781 4098//4098
f 3622//3622 3865//3865 3714//3714
f 4208//4208 3611//3611 3091//3091
f 1525//1525 1018//1018 1019//1019
f 4185//4185 3893//3893 2255//2255
f 3367//3367 3923//3923 3755//3755
f 2574//2574 4177//4177 3931//3931
f 4177//4177 1151//1151 3931//3931
f 4177//4177 2805//2805 1151//1151
f 4175//4175 1150//1150 4273//4273
f 3599//3599 854//854 4106//4106
f 946//946 4172//4172 949//949
f 4172//4172 946//946 4096//4096
f 4115//4115 4176//4176 1381//1381
f 4181//4181 4098//4098 2364//2364
f 2611//2611 4178//4178 264//264
f 4178//4178 2611//2611 3317//3317
f 2092//2092 2630//2630 2629//2629
f 2092//2092 2629//2629 1489//1489
f 1821//1821 4162//4162 1282//1282
f 2102//2102 2643//2643 2101//2101
f 3409//3409 2160//2160 2161//2161
f 2203//2203 33//33 2266//2266
f 4179//4179 1281//1281 216//216
f 1313//1313 4180//4180 3861//3861
f 3330//3330 2040//2040 2612//2612
f 2194//2194 2192//2192 2193//2193
f 995//995 2268//2268 854//854
f 995//995 1979//1979 1558//1558
f 711//711 1799//1799 218//218
f 4179//4179 1839//1839 1281//1281
f 4179//4179 68//68 708//708
f 68//68 4179//4179 216//216
f 2759//2759 4176//4176 3455//3455
f 4182//4182 2027//2027 4033//4033
f 1610//1610 2134//2134 2300//2300
f 4181//4181 3375//3375 2110//2110
f 3375//3375 4181//4181 3158//3158
f 3651//3651 1610//1610 2300//2300
f 4183//4183 1876//1876 3224//3224
f 2348//2348 4184//4184 2347//2347
f 4184//4184 3521//3521 2347//2347
f 3857//3857 2596//2596 3865//3865
f 3932//3932 3904//3904 2535//2535
f 3301//3301 3857//3857 3400//3400
f 3932//3932 2535//2535 501//501
f 1150//1150 1608//1608 91//91
f 4162//4162 2194//2194 1317//1317
f 4140//4140 4224//4224 4148//4148
f 2759//2759 3455//3455 2030//2030
f 2092//2092 4210//4210 3352//3352
f 2092//2092 3352//3352 2093//2093
f 4185//4185 3840//3840 1019//1019
f 3083//3083 1853//1853 4202//4202
f 4186//4186 1543//1543 240//240
f 4186//4186 462//462 2203//2203
f 2081//2081 1839//1839 4179//4179
f 1418//1418 4187//4187 4052//4052
f 2631//2631 4265//4265 4216//4216
f 364//364 1669//1669 3963//3963
f 2202//2202 4186//4186 240//240
f 4192//4192 3764//3764 3449//3449
f 4188//4188 1699//1699 3661//3661
f 4189//4189 2522//2522 3655//3655
f 4187//4187 3619//3619 4052//4052
f 1496//1496 2837//2837 2834//2834
f 4194//4194 2893//2893 2346//2346
f 2514//2514 2357//2357 2910//2910
f 1150//1150 4175//4175 813//813
f 2614//2614 1947//1947 3209//3209
f 4197//4197 4194//4194 2102//2102
f 373//373 4192//4192 371//371
f 4192//4192 3449//3449 371//371
f 745//745 4188//4188 3661//3661
f 1857//1857 4193//4193 1718//1718
f 1947//1947 3249//3249 3209//3209
f 4188//4188 2759//2759 4117//4117
f 2345//2345 3518//3518 4222//4222
f 4194//4194 2346//2346 3519//3519
f 404//404 3691//3691 2720//2720
f 4189//4189 205//205 2522//2522
f 2687//2687 364//364 3963//3963
f 404//404 2720//2720 2173//2173
f 1018//1018 1955//1955 3893//3893
f 3251//3251 1947//1947 2614//2614
f 4101//4101 2514//2514 2910//2910
f 3784//3784 2352//2352 4160//4160
f 4133//4133 4216//4216 3223//3223
f 4112//4112 3825//3825 4140//4140
f 4190//4190 4162//4162 1317//1317
f 3367//3367 4194//4194 3519//3519
f 4011//4011 3077//3077 4183//4183
f 4185//4185 1018//1018 3893//3893
f 4174//4174 4160//4160 2161//2161
f 1799//1799 4195//4195 218//218
f 4197//4197 2102//2102 3365//3365
f 2528//2528 1853//1853 3083//3083
f 4197//4197 746//746 2893//2893
f 410//410 4196//4196 962//962
f 4198//4198 962//962 4196//4196
f 992//992 4200//4200 1126//1126
f 4200//4200 992//992 1839//1839
f 2663//2663 2664//2664 3823//3823
f 3451//3451 3401//3401 771//771
f 4203//4203 3395//3395 3756//3756
f 3395//3395 4203//4203 189//189
f 4195//4195 2396//2396 59//59
f 707//707 4204//4204 125//125
f 4200//4200 1469//1469 1126//1126
f 2663//2663 3823//3823 173//173
f 4207//4207 2980//2980 3872//3872
f 4205//4205 3214//3214 1906//1906
f 746//746 4197//4197 1010//1010
f 2758//2758 3451//3451 771//771
f 4209//4209 3458//3458 4174//4174
f 2799//2799 3263//3263 957//957
f 2410//2410 4206//4206 2514//2514
f 4205//4205 3693//3693 404//404
f 4203//4203 3728//3728 189//189
f 4208//4208 4191//4191 4257//4257
f 15//15 4206//4206 700//700
f 4206//4206 3862//3862 2514//2514
f 2160//2160 4209//4209 4174//4174
f 3998//3998 3323//3323 267//267
f 4207//4207 3872//3872 2594//2594
f 262//262 3457//3457 3917//3917
f 4121//4121 4210//4210 174//174
f 1949//1949 4205//4205 404//404
f 1018//1018 4185//4185 1019//1019
f 2345//2345 2894//2894 4215//4215
f 523//523 4169//4169 2043//2043
f 4265//4265 2631//2631 4175//4175
f 4199//4199 3552//3552 2949//2949
f 3982//3982 4250//4250 2949//2949
f 4222//4222 2894//2894 2345//2345
f 4202//4202 3279//3279 1642//1642
f 224//224 1821//1821 4170//4170
f 1358//1358 224//224 4170//4170
f 4291//4291 2538//2538 1898//1898
f 134//134 4232//4232 556//556
f 3748//3748 2569//2569 2799//2799
f 4211//4211 2799//2799 2001//2001
f 2379//2379 4261//4261 2409//2409
f 700//700 2410//2410 699//699
f 2844//2844 1668//1668 3744//3744
f 3887//3887 2627//2627 2083//2083
f 1158//1158 4213//4213 817//817
f 2239//2239 2160//2160 4283//4283
f 660//660 3119//3119 3121//3121
f 1725//1725 3411//3411 3998//3998
f 4214//4214 3451//3451 3405//3405
f 372//372 4214//4214 3765//3765
f 4215//4215 1077//1077 2765//2765
f 2070//2070 4212//4212 688//688
f 970//970 3581//3581 3170//3170
f 3765//3765 4214//4214 261//261
f 1725//1725 1946//1946 4223//4223
f 2844//2844 3744//3744 2845//2845
f 2239//2239 4283//4283 2701//2701
f 4148//4148 4224//4224 4231//4231
f 2043//2043 4238//4238 3330//3330
f 4220//4220 2347//2347 4222//4222
f 4220//4220 4222//4222 3520//3520
f 2631//2631 4216//4216 3946//3946
f 4217//4217 348//348 2673//2673
f 4217//4217 4005//4005 348//348
f 4216//4216 4265//4265 3223//3223
f 2345//2345 4215//4215 2344//2344
f 267//267 3323//3323 2045//2045
f 4212//4212 3030//3030 4231//4231
f 4217//4217 3946//3946 4216//4216
f 4217//4217 4216//4216 4133//4133
f 1121//1121 4316//4316 4232//4232
f 4218//4218 320//320 555//555
f 320//320 4218//4218 1212//1212
f 3030//3030 3914//3914 961//961
f 4219//4219 3998//3998 267//267
f 1352//1352 2942//2942 1268//1268
f 4099//4099 2514//2514 4101//4101
f 3424//3424 2953//2953 1776//1776
f 2431//2431 4221//4221 3919//3919
f 2967//2967 3030//3030 961//961
f 4221//4221 180//180 3919//3919
f 3257//3257 4168//4168 460//460
f 1968//1968 4229//4229 3944//3944
f 3423//3423 3655//3655 788//788
f 3458//3458 4209//4209 3969//3969
f 199//199 4220//4220 666//666
f 1352//1352 1268//1268 953//953
f 1680//1680 3729//3729 3683//3683
f 3729//3729 1680//1680 2753//2753
f 2749//2749 744//744 2753//2753
f 2301//2301 3264//3264 767//767
f 2210//2210 1139//1139 1476//1476
f 4219//4219 267//267 3918//3918
f 4209//4209 2239//2239 2162//2162
f 1725//1725 4223//4223 2702//2702
f 1584//1584 1193//1193 1191//1191
f 3181//3181 1409//1409 3383//3383
f 1107//1107 3423//3423 788//788
f 4224//4224 2396//2396 4195//4195
f 1539//1539 3257//3257 460//460
f 4177//4177 3181//3181 3383//3383
f 4222//4222 3518//3518 3520//3520
f 2749//2749 2753//2753 1680//1680
f 4207//4207 3729//3729 2753//2753
f 637//637 4138//4138 635//635
f 970//970 3170//3170 4199//4199
f 2532//2532 2450//2450 4239//4239
f 4225//4225 3423//3423 1275//1275
f 3379//3379 1298//1298 1584//1584
f 4225//4225 1275//1275 2951//2951
f 2003//2003 346//346 3079//3079
f 1544//1544 4226//4226 2264//2264
f 2290//2290 1221//1221 1352//1352
f 4227//4227 3678//3678 1667//1667
f 4233//4233 266//266 3688//3688
f 1270//1270 3552//3552 3170//3170
f 1122//1122 2197//2197 3424//3424
f 2418//2418 4226//4226 1544//1544
f 4189//4189 4225//4225 1804//1804
f 3937//3937 4228//4228 2574//2574
f 1270//1270 3170//3170 1106//1106
f 4228//4228 3182//3182 1873//1873
f 4229//4229 2264//2264 4226//4226
f 2264//2264 4229//4229 4249//4249
f 3408//3408 2883//2883 1891//1891
f 2321//2321 4289//4289 1667//1667
f 4227//4227 7//7 3678//3678
f 1122//1122 1108//1108 1109//1109
f 3581//3581 2073//2073 1106//1106
f 3733//3733 3683//3683 3729//3729
f 2574//2574 4228//4228 3181//3181
f 1298//1298 4230//4230 1584//1584
f 3408//3408 1891//1891 3019//3019
f 4022//4022 3877//3877 4230//4230
f 326//326 4230//4230 3877//3877
f 523//523 2043//2043 111//111
f 3733//3733 3729//3729 2594//2594
f 4148//4148 4231//4231 3030//3030
f 1799//1799 4231//4231 4224//4224
f 4212//4212 4231//4231 1799//1799
f 3170//3170 3581//3581 1106//1106
f 3379//3379 1584//1584 1191//1191
f 337//337 2450//2450 2532//2532
f 427//427 1814//1814 1815//1815
f 4241//4241 1056//1056 3219//3219
f 3379//3379 4168//4168 2117//2117
f 4237//4237 2003//2003 2009//2009
f 1261//1261 2526//2526 3860//3860
f 1497//1497 2635//2635 1495//1495
f 3015//3015 4247//4247 3733//3733
f 4234//4234 3353//3353 3352//3352
f 4235//4235 3112//3112 3408//3408
f 2694//2694 4235//4235 3905//3905
f 2182//2182 413//413 1784//1784
f 3568//3568 4236//4236 893//893
f 4236//4236 3568//3568 1098//1098
f 3421//3421 4236//4236 1098//1098
f 631//631 3943//3943 4237//4237
f 4237//4237 3943//3943 1621//1621
f 3643//3643 4233//4233 3341//3341
f 2157//2157 4235//4235 3408//3408
f 1390//1390 564//564 1534//1534
f 4169//4169 823//823 4238//4238
f 4126//4126 4238//4238 823//823
f 4238//4238 4126//4126 3330//3330
f 3374//3374 2054//2054 2651//2651
f 3374//3374 2651//2651 3373//3373
f 4234//4234 3385//3385 4268//4268
f 4241//4241 4239//4239 2661//2661
f 4244//4244 2661//2661 4239//4239
f 567//567 2117//2117 1390//1390
f 4240//4240 227//227 556//556
f 1482//1482 4241//4241 3219//3219
f 976//976 4243//4243 1814//1814
f 4317//4317 1493//1493 1495//1495
f 217//217 4242//4242 709//709
f 2158//2158 1383//1383 379//379
f 789//789 3607//3607 3656//3656
f 1154//1154 4317//4317 2635//2635
f 4245//4245 3942//3942 2765//2765
f 3066//3066 3712//3712 3385//3385
f 3374//3374 3626//3626 4078//4078
f 3348//3348 3374//3374 4078//4078
f 1481//1481 890//890 4244//4244
f 4251//4251 4244//4244 890//890
f 4048//4048 4286//4286 2320//2320
f 4246//4246 2114//2114 4201//4201
f 4248//4248 3521//3521 4255//4255
f 4256//4256 2613//2613 1441//1441
f 1432//1432 4247//4247 2036//2036
f 3683//3683 4247//4247 1432//1432
f 4254//4254 1512//1512 3585//3585
f 4258//4258 3313//3313 2036//2036
f 4247//4247 3683//3683 3733//3733
f 541//541 4246//4246 4201//4201
f 3867//3867 4251//4251 3894//3894
f 2436//2436 3004//3004 4307//4307
f 1590//1590 1301//1301 1220//1220
f 1590//1590 1220//1220 1306//1306
f 4191//4191 3091//3091 3090//3090
f 4011//4011 4183//4183 489//489
f 4250//4250 4199//4199 2949//2949
f 3066//3066 174//174 2663//2663
f 3066//3066 2663//2663 1610//1610
f 4249//4249 4229//4229 2726//2726
f 4166//4166 4048//4048 4138//4138
f 564//564 296//296 28//28
f 4248//4248 3130//3130 4245//4245
f 4248//4248 4245//4245 1077//1077
f 4252//4252 296//296 564//564
f 2263//2263 151//151 4252//4252
f 3257//3257 2263//2263 4252//4252
f 2036//2036 2034//2034 4258//4258
f 1982//1982 39//39 477//477
f 4254//4254 1734//1734 2771//2771
f 3015//3015 1703//1703 3314//3314
f 3223//3223 486//486 4277//4277
f 184//184 4227//4227 4253//4253
f 4255//4255 3513//3513 4248//4248
f 4256//4256 1248//1248 3134//3134
f 3572//3572 3611//3611 3003//3003
f 4252//4252 4168//4168 3257//3257
f 2553//2553 1502//1502 3235//3235
f 2034//2034 2099//2099 4258//4258
f 3742//3742 4258//4258 2099//2099
f 3315//3315 4258//4258 3742//3742
f 3609//3609 1590//1590 169//169
f 4254//4254 4080//4080 1734//1734
f 4166//4166 4138//4138 4253//4253
f 1876//1876 1414//1414 3224//3224
f 4257//4257 4191//4191 3004//3004
f 4175//4175 2631//2631 813//813
f 3385//3385 4121//4121 3066//3066
f 184//184 4253//4253 637//637
f 3609//3609 169//169 1868//1868
f 3554//3554 3057//3057 4246//4246
f 4255//4255 3521//3521 3108//3108
f 2613//2613 2044//2044 1441//1441
f 1244//1244 4255//4255 3108//3108
f 3585//3585 1512//1512 1740//1740
f 2036//2036 3313//3313 1432//1432
f 3554//3554 4246//4246 1019//1019
f 4274//4274 1405//1405 4276//4276
f 4262//4262 3554//3554 3840//3840
f 4260//4260 2036//2036 4247//4247
f 4262//4262 1181//1181 3554//3554
f 2036//2036 4260//4260 2034//2034
f 4260//4260 3314//3314 4284//4284
f 4264//4264 520//520 4254//4254
f 3222//3222 4265//4265 2000//2000
f 1080//1080 4259//4259 775//775
f 4256//4256 775//775 4259//4259
f 906//906 4266//4266 2585//2585
f 1652//1652 4266//4266 3938//3938
f 773//773 1703//1703 3015//3015
f 3174//3174 4277//4277 3267//3267
f 3733//3733 4267//4267 3015//3015
f 2596//2596 3857//3857 1722//1722
f 2353//2353 4272//4272 1738//1738
f 4263//4263 2641//2641 2099//2099
f 4264//4264 2647//2647 4084//4084
f 3833//3833 3385//3385 3712//3712
f 4005//4005 4133//4133 4277//4277
f 520//520 4264//4264 4084//4084
f 4273//4273 2000//2000 4175//4175
f 4265//4265 4175//4175 2000//2000
f 4261//4261 696//696 2409//2409
f 4234//4234 4268//4268 3760//3760
f 906//906 2585//2585 1157//1157
f 2406//2406 4262//4262 3779//3779
f 477//477 4269//4269 3059//3059
f 4270//4270 4262//4262 3840//3840
f 773//773 3704//3704 2154//2154
f 1303//1303 3881//3881 1302//1302
f 1080//1080 4271//4271 4259//4259
f 4271//4271 3334//3334 2613//2613
f 342//342 3478//3478 4274//4274
f 3833//3833 4268//4268 3385//3385
f 3143//3143 4271//4271 1080//1080
f 3850//3850 773//773 2154//2154
f 4272//4272 669//669 670//670
f 1302//1302 2408//2408 1303//1303
f 2090//2090 1303//1303 2408//2408
f 4273//4273 3062//3062 3262//3262
f 3062//3062 4273//4273 91//91
f 3495//3495 907//907 906//906
f 3495//3495 906//906 4286//4286
f 3223//3223 4277//4277 4133//4133
f 4256//4256 4259//4259 2613//2613
f 2814//2814 1876//1876 4279//4279
f 1303//1303 4278//4278 1483//1483
f 1185//1185 601//601 554//554
f 993//993 3172//3172 1819//1819
f 2971//2971 4282//4282 4278//4278
f 4281//4281 3111//3111 3112//3112
f 4274//4274 3478//3478 3382//3382
f 3015//3015 4267//4267 773//773
f 3067//3067 3069//3069 4275//4275
f 3897//3897 4275//4275 3069//3069
f 4275//4275 3760//3760 4268//4268
f 2160//2160 4174//4174 2161//2161
f 1150//1150 91//91 4273//4273
f 3656//3656 993//993 1819//1819
f 4274//4274 4276//4276 1406//1406
f 490//490 4277//4277 3174//3174
f 4005//4005 4277//4277 490//490
f 3833//3833 4275//4275 4268//4268
f 4023//4023 1876//1876 2814//2814
f 4278//4278 4276//4276 1483//1483
f 4276//4276 1405//1405 1484//1484
f 4280//4280 37//37 161//161
f 1600//1600 91//91 1608//1608
f 2218//2218 1600//1600 1608//1608
f 907//907 3495//3495 1240//1240
f 3512//3512 4281//4281 1706//1706
f 1483//1483 4276//4276 1484//1484
f 3517//3517 1250//1250 3534//3534
f 368//368 3300//3300 369//369
f 907//907 1240//1240 3088//3088
f 4281//4281 3512//3512 1243//1243
f 3149//3149 1255//1255 1903//1903
f 4296//4296 9//9 4302//4302
f 3314//3314 4247//4247 3015//3015
f 2353//2353 1340//1340 2342//2342
f 4278//4278 4282//4282 4276//4276
f 3111//3111 1694//1694 3112//3112
f 1421//1421 4279//4279 3192//3192
f 4284//4284 105//105 3583//3583
f 1365//1365 2082//2082 995//995
f 3011//3011 4285//4285 3398//3398
f 3087//3087 4266//4266 906//906
f 4287//4287 368//368 369//369
f 3234//3234 4287//4287 3195//3195
f 4285//4285 1243//1243 3398//3398
f 2839//2839 4286//4286 1157//1157
f 2890//2890 1075//1075 3517//3517
f 3522//3522 4220//4220 199//199
f 3895//3895 3688//3688 3149//3149
f 913//913 1240//1240 1667//1667
f 3844//3844 4285//4285 3011//3011
f 2723//2723 4189//4189 1804//1804
f 3234//3234 3925//3925 4287//4287
f 368//368 4287//4287 3925//3925
f 4166//4166 4253//4253 4289//4289
f 2701//2701 4283//4283 2891//2891
f 2321//2321 1240//1240 3495//3495
f 4166//4166 2321//2321 4048//4048
f 3235//3235 1502//1502 4292//4292
f 4263//4263 4284//4284 3583//3583
f 4284//4284 4263//4263 4260//4260
f 4288//4288 4296//4296 4299//4299
f 2321//2321 3495//3495 4048//4048
f 4232//4232 134//134 1121//1121
f 4227//4227 4289//4289 4253//4253
f 4283//4283 4290//4290 2891//2891
f 913//913 3104//3104 3088//3088
f 1903//1903 1450//1450 4293//4293
f 3346//3346 4293//4293 1450//1450
f 4293//4293 3346//3346 401//401
f 1503//1503 4294//4294 3503//3503
f 4292//4292 259//259 4294//4294
f 3503//3503 4294//4294 259//259
f 4289//4289 4227//4227 1667//1667
f 1154//1154 2635//2635 3971//3971
f 4253//4253 4138//4138 637//637
f 2342//2342 1340//1340 2888//2888
f 3249//3249 521//521 1900//1900
f 3249//3249 1900//1900 3209//3209
f 4166//4166 4289//4289 2321//2321
f 993//993 2401//2401 1820//1820
f 727//727 134//134 63//63
f 4295//4295 525//525 3178//3178
f 1898//1898 2538//2538 1897//1897
f 3178//3178 1386//1386 4295//4295
f 4295//4295 3207//3207 525//525
f 1916//1916 1114//1114 1115//1115
f 3571//3571 1885//1885 3003//3003
f 60//60 2195//2195 1820//1820
f 4296//4296 2342//2342 4299//4299
f 2342//2342 4296//4296 2353//2353
f 3249//3249 1947//1947 2710//2710
f 3249//3249 2710//2710 3250//3250
f 4295//4295 1898//1898 1897//1897
f 4298//4298 3575//3575 3621//3621
f 1127//1127 2401//2401 993//993
f 3466//3466 1858//1858 3178//3178
f 1386//1386 2777//2777 1898//1898
f 4297//4297 2845//2845 3842//3842
f 2845//2845 4297//4297 1655//1655
f 3303//3303 4312//4312 4308//4308
f 3603//3603 4298//4298 3678//3678
f 4297//4297 1424//1424 1655//1655
f 4298//4298 3603//3603 914//914
f 4167//4167 4299//4299 1714//1714
f 4300//4300 1499//1499 3042//3042
f 4300//4300 2227//2227 1499//1499
f 3926//3926 4306//4306 3940//3940
f 4272//4272 4302//4302 669//669
f 4301//4301 1121//1121 134//134
f 4296//4296 4302//4302 2353//2353
f 4302//4302 9//9 669//669
f 4301//4301 554//554 1121//1121
f 2841//2841 4143//4143 1068//1068
f 3039//3039 4317//4317 3276//3276
f 3677//3677 3104//3104 2689//2689
f 60//60 1820//1820 221//221
f 4298//4298 3621//3621 913//913
f 4303//4303 128//128 1811//1811
f 4218//4218 4316//4316 222//222
f 4301//4301 557//557 554//554
f 2925//2925 1753//1753 4304//4304
f 4305//4305 3830//3830 1247//1247
f 1858//1858 4304//4304 1753//1753
f 4304//4304 528//528 2925//2925
f 3104//3104 4306//4306 2689//2689
f 4307//4307 3004//3004 4191//4191
f 3926//3926 2689//2689 4306//4306
f 4314//4314 4019//4019 348//348
f 1688//1688 4308//4308 1381//1381
f 4115//4115 1381//1381 4312//4312
f 4316//4316 4218//4218 4232//4232
f 3039//3039 2006//2006 4019//4019
f 4309//4309 3039//3039 4019//4019
f 3982//3982 2949//2949 3165//3165
f 2256//2256 3982//3982 3165//3165
f 1068//1068 815//815 1156//1156
f 1068//1068 1156//1156 2837//2837
f 3022//3022 2164//2164 3559//3559
f 3022//3022 3559//3559 3954//3954
f 1182//1182 1529//1529 4303//4303
f 4306//4306 3621//3621 3575//3575
f 3677//3677 2689//2689 3739//3739
f 3798//3798 4310//4310 368//368
f 1689//1689 4311//4311 1688//1688
f 1247//1247 3906//3906 3646//3646
f 2532//2532 2571//2571 337//337
f 745//745 3722//3722 1381//1381
f 4315//4315 1602//1602 4313//4313
f 2579//2579 633//633 4314//4314
f 4309//4309 4314//4314 633//633
f 2971//2971 2090//2090 339//339
f 1403//1403 337//337 4315//4315
f 4315//4315 1625//1625 618//618
f 4313//4313 1625//1625 4315//4315
f 4312//4312 3846//3846 507//507
f 1467//1467 4316//4316 601//601
f 3982//3982 2786//2786 58//58
f 4250//4250 3982//3982 58//58
f 2841//2841 1068//1068 2550//2550
f 3022//3022 2442//2442 3150//3150
f 4153//4153 3022//3022 3150//3150
f 4317//4317 1154//1154 3276//3276
f 4316//4316 1121//1121 601//601
f 2450//2450 337//337 1403//1403
f 4019//4019 2673//2673 348//348
f 1182//1182 4303//4303 1114//1114
# 8423 faces, 0 coords texture

# End of File
