# Blender 4.0.2
# www.blender.org
mtllib double_cylinder.mtl
o double_cylinder
v 52.038815 58.724506 16.020454
v 55.327171 54.914436 18.840557
v 50.231380 41.035114 7.891300
v 58.581394 47.195358 0.117553
v 57.460415 45.012657 0.370349
v 53.291489 43.689690 2.584071
v 53.709480 44.062241 2.228874
v 54.769871 45.018070 1.476750
v 50.445770 41.217152 7.047600
v 50.944660 41.643051 5.757246
v 51.551571 42.165421 4.651927
v 50.046402 40.878456 9.244362
v 50.802002 41.520954 13.922448
v 50.311111 41.102730 12.474957
v 50.050350 40.881771 10.988837
v 51.449097 42.076916 15.181539
v 54.827419 45.072395 18.536221
v 53.937771 44.266499 17.952946
v 53.303452 43.700310 17.426716
v 52.503662 42.994591 16.614986
v 57.909996 45.122932 19.758944
v 56.389961 46.511650 19.325636
v 58.731949 46.125950 19.892294
v 57.391167 54.389660 19.622629
v 58.161865 53.783421 19.827948
v 50.254162 60.943420 12.240235
v 50.621368 60.476120 13.470045
v 50.968380 60.039841 14.283376
v 50.186508 61.030121 8.077639
v 50.026661 61.235760 9.270212
v 50.017879 61.247101 10.497930
v 50.096519 61.145760 11.386045
v 51.598839 59.258331 4.575927
v 50.896530 60.129539 5.861523
v 50.384510 60.777031 7.268218
v 52.366329 58.327080 3.540349
v 53.472160 57.023140 2.442091
v 56.754150 53.358650 0.541429
v 55.363129 54.874481 1.140005
v 54.167461 56.219341 1.877095
v 57.865997 52.432808 0.259826
v 59.525948 47.722992 0.038530
v 60.449341 49.808365 0.074979
v 51.518551 58.507408 3.558608
v 51.698467 56.469955 1.773741
v 56.148403 49.409615 0.085566
v 55.618469 51.644123 0.131624
v 51.275635 54.361431 0.646680
v 48.399513 60.518791 5.341678
v 48.275654 61.729141 9.630264
v 48.980625 61.287556 12.216142
v 48.444305 60.557556 14.540819
v 48.028667 59.271774 16.543020
v 51.810085 58.205585 16.706657
v 51.705479 56.272114 18.329884
v 51.378002 54.364868 19.346338
v 55.733807 49.193031 19.921246
v 55.412071 53.814713 19.340429
v 55.217480 46.919121 19.411480
v 49.843460 43.418678 16.614252
v 48.697598 42.244110 14.618144
v 47.377495 41.735886 12.494196
v 47.580688 42.461823 5.516918
v 47.662174 43.735718 3.619197
v 48.674908 45.301064 1.961087
v 49.745159 47.253330 0.753873
v 54.791115 46.331535 0.841135
v 50.889935 52.022835 19.927086
v 50.430408 49.661358 19.918356
v 49.656139 47.127338 19.170771
v 50.417496 49.725498 0.072908
v 50.864063 52.118912 0.084910
v 47.488441 57.523788 18.196260
v 46.888203 55.487511 19.324135
v 46.230606 53.252148 19.912277
v 45.550529 50.943710 19.927086
v 44.859631 48.644463 19.351328
v 43.299824 46.725777 18.062862
v 42.586246 45.314693 16.672485
v 42.372196 43.829952 14.494321
v 42.045216 43.400280 13.138676
v 41.669464 42.940975 10.124261
v 41.793320 43.166759 7.781310
v 41.989628 44.040749 5.331229
v 42.610306 45.217773 3.422492
v 44.840919 48.690773 0.639172
v 45.514420 50.950348 0.072908
v 46.196438 53.258926 0.087014
v 46.857220 55.493599 0.674477
v 47.459892 57.527386 1.799986
v 48.025482 59.235001 3.404041
v 44.827793 62.994831 10.011031
v 44.849194 62.669067 12.375594
v 44.532204 61.885448 14.616583
v 44.024784 60.626724 16.596798
v 43.353951 58.967369 18.195930
v 42.558388 57.002068 19.322580
v 41.683762 54.843369 19.911310
v 40.779316 52.613182 19.927086
v 39.894852 50.415958 19.359987
v 39.035114 48.487686 18.262945
v 37.266670 47.461384 16.799131
v 36.673779 46.148533 14.816417
v 36.351414 45.278008 12.512358
v 36.170845 45.000156 10.060312
v 36.292107 45.254257 7.618245
v 36.544155 46.086845 5.343964
v 37.288425 47.201187 3.423164
v 39.856411 50.437923 0.638550
v 40.750069 52.622234 0.072907
v 41.656120 54.851509 0.087977
v 42.533859 57.009541 0.676201
v 43.333477 58.973522 1.802279
v 44.009216 60.630619 3.399944
v 44.523266 61.886570 5.377380
v 44.878807 62.658531 7.622862
v 41.256420 64.668282 10.016912
v 41.242062 64.344391 12.379565
v 40.848774 63.594845 14.620873
v 40.219425 62.392021 16.599667
v 39.388119 60.806381 18.198151
v 38.402500 58.928722 19.324108
v 37.319199 56.866722 19.912052
v 36.195595 54.730099 19.927086
v 35.043884 52.557266 19.318407
v 33.886074 50.669910 18.104280
v 32.317436 49.871952 16.787025
v 31.653944 48.769611 15.019809
v 31.039913 47.927631 12.586963
v 30.863535 47.617905 10.059836
v 31.011805 47.857300 7.618695
v 31.342567 48.662991 5.343128
v 32.192913 49.697857 3.423283
v 35.067585 52.665680 0.638551
v 36.172165 54.751198 0.072907
v 37.293407 56.879795 0.087829
v 38.379932 58.941216 0.676169
v 39.369358 60.816887 1.802340
v 40.205395 62.399845 3.400886
v 40.840763 63.599106 5.379323
v 41.272404 64.331284 7.627914
v 37.863949 66.688683 10.016598
v 37.817699 66.367760 12.379454
v 37.352547 65.660835 14.620239
v 36.607765 64.526085 16.599051
v 35.624226 63.030258 18.197655
v 34.458294 61.258968 19.323793
v 33.176674 59.313385 19.912033
v 31.847836 57.297977 19.927086
v 30.484423 55.250851 19.318321
v 29.146667 53.500690 18.114004
v 27.534246 52.769386 16.745296
v 26.836920 51.433987 14.657510
v 26.042494 51.039650 12.586399
v 25.840446 50.746185 10.060167
v 26.011606 50.969734 7.618763
v 26.420223 51.738884 5.343113
v 27.368517 52.684929 3.423149
v 30.521727 55.354717 0.638565
v 31.826303 57.320679 0.072907
v 33.152287 59.328785 0.087816
v 34.436764 61.273109 0.676170
v 35.606308 63.042080 1.802343
v 36.594360 64.534882 3.400882
v 37.344910 65.665619 5.379280
v 37.846596 66.351669 7.627490
v 34.687225 69.033684 10.016658
v 34.609497 68.718842 12.380128
v 34.076790 68.061111 14.620871
v 33.223881 67.005486 16.599110
v 32.097672 65.613953 18.197651
v 30.762774 63.966259 19.323788
v 29.295553 62.156525 19.912035
v 27.774462 60.281971 19.927086
v 26.215862 58.379280 19.318340
v 24.712145 56.769665 18.114157
v 23.035437 56.200871 16.745398
v 22.209761 54.940659 14.657518
v 21.380322 54.626663 12.586589
v 21.150080 54.354904 10.061525
v 21.342680 54.560089 7.618535
v 21.825167 55.285168 5.343085
v 22.862051 56.133015 3.423281
v 26.263205 58.478935 0.638565
v 27.755314 60.306736 0.072907
v 29.273149 62.174740 0.087962
v 30.742735 63.982452 0.676169
v 32.080708 65.627136 1.801926
v 33.211437 67.015594 3.400883
v 34.069935 68.066986 5.379844
v 34.636703 68.700066 7.627556
v 31.757196 71.680527 10.016697
v 31.648804 71.374870 12.380126
v 31.053865 70.772858 14.620872
v 30.101004 69.806480 16.599108
v 28.843065 68.532791 18.197651
v 27.352201 67.024742 19.323792
v 25.713688 65.368500 19.912033
v 24.015173 63.653069 19.927084
v 22.276573 61.913361 19.318357
v 20.621433 60.459839 18.114147
v 18.896761 60.059071 16.745310
v 17.950907 58.886482 14.657517
v 17.094582 58.655762 12.586544
v 16.838917 58.407696 10.061159
v 17.050550 58.593235 7.618715
v 17.602137 59.267212 5.343143
v 18.717545 60.008656 3.423403
v 22.333492 62.007835 0.638565
v 23.998556 63.679604 0.072907
v 25.693188 65.388832 0.087961
v 27.333864 67.042824 0.676163
v 28.827520 68.547546 1.801930
v 30.089613 69.817772 3.400886
v 31.047613 70.779404 5.379893
v 31.674053 71.353523 7.627915
v 29.102568 74.603462 10.015142
v 28.964453 74.309898 12.379972
v 28.313189 73.769615 14.620301
v 27.269556 72.901779 16.599052
v 25.892130 71.758308 18.197657
v 24.259830 70.404625 19.323792
v 22.466042 68.918045 19.912018
v 20.607090 67.378784 19.927084
v 18.704931 65.818596 19.318346
v 16.914421 64.535271 18.114002
v 15.158774 64.306648 16.745329
v 14.101995 63.233093 14.657690
v 13.226967 63.087906 12.586583
v 12.947854 62.866596 10.061308
v 13.176966 63.029991 7.618871
v 13.792358 63.646275 5.343157
v 14.975443 64.274124 3.423406
v 18.770887 65.907013 0.638566
v 20.592682 67.406464 0.072906
v 22.447596 68.940277 0.087960
v 24.243408 70.424454 0.676193
v 25.878448 71.774841 1.802338
v 27.259298 72.914116 3.400886
v 28.307306 73.776489 5.379367
v 28.987492 74.286156 7.628114
v 26.748930 77.773796 10.015482
v 26.582554 77.495300 12.380075
v 25.880997 77.021759 14.620863
v 24.757053 76.261147 16.599115
v 23.273619 75.259079 18.197653
v 21.515795 74.072952 19.323788
v 19.584154 72.770500 19.912022
v 17.582460 71.422073 19.927084
v 15.535763 70.057007 19.318350
v 13.627447 68.956482 18.114004
v 11.857797 68.902069 16.745321
v 10.700319 67.937965 14.657683
v 9.815236 67.879677 12.586451
v 9.515824 67.686531 10.060199
v 9.759813 67.827019 7.618758
v 10.432937 68.379669 5.343156
v 11.672161 68.887802 3.423403
v 15.610175 70.138519 0.638548
v 17.571409 71.451294 0.072906
v 19.568052 72.794456 0.087976
v 21.501406 74.094322 0.676194
v 23.261593 75.276855 1.802291
v 24.747805 76.274277 3.400374
v 25.876013 77.029243 5.379308
v 26.603155 77.469406 7.628132
v 24.719362 81.160797 10.015658
v 24.526421 80.900070 12.379509
v 23.781570 80.497978 14.620804
v 22.588030 79.851898 16.599165
v 21.012634 79.000809 18.198061
v 19.146782 77.993942 19.323824
v 17.096134 76.888290 19.912035
v 14.970762 75.743530 19.927084
v 12.799920 74.587219 19.318317
v 10.792433 73.680244 18.113998
v 9.026017 73.800583 16.745289
v 7.779030 72.955269 14.657507
v 6.892596 72.984573 12.586371
v 6.575589 72.821877 10.059805
v 6.832283 72.937653 7.618694
v 7.556619 73.421234 5.343158
v 8.839905 73.804695 3.423405
v 12.882053 74.661026 0.638550
v 14.963144 75.774078 0.072906
v 17.082521 76.913757 0.087974
v 19.134632 78.016647 0.676193
v 21.002844 79.019867 1.802286
v 22.580200 79.865860 3.400438
v 23.777470 80.506042 5.379835
v 24.544271 80.872246 7.627905
v 23.033506 84.731316 10.017190
v 22.816032 84.490997 12.378924
v 22.035311 84.164383 14.620167
v 20.783672 83.639030 16.599159
v 19.131618 82.947250 18.198462
v 17.175943 82.129425 19.323853
v 15.026323 81.231400 19.912035
v 12.798431 80.301781 19.927084
v 10.524150 79.365143 19.318319
v 8.437010 78.660553 18.114000
v 6.691069 78.954475 16.745291
v 5.366811 78.236221 14.657505
v 4.487576 78.352798 12.586349
v 4.156069 78.222168 10.059720
v 4.422982 78.312073 7.618318
v 5.191453 78.721855 5.343112
v 6.506276 78.976906 3.423404
v 10.613162 79.430496 0.638549
v 12.793885 80.332886 0.072905
v 15.015288 81.258095 0.087975
v 17.166138 82.153259 0.676196
v 19.124210 82.967392 1.802333
v 20.777571 83.653870 3.400940
v 22.031837 84.172714 5.379897
v 22.831009 84.461502 7.627994
v 21.708292 88.450798 10.015601
v 21.468010 88.233040 12.378838
v 20.658894 87.985008 14.620173
v 19.361530 87.585640 16.599163
v 17.649321 87.060104 18.198465
v 15.622532 86.439117 19.323851
v 13.394840 85.757416 19.912035
v 11.086142 85.052010 19.927084
v 8.730588 84.344200 19.318319
v 6.584147 83.848816 18.114000
v 4.875694 84.313461 16.745289
v 3.487064 83.729309 14.657507
v 2.623663 83.932030 12.586495
v 2.280973 83.834778 10.060991
v 2.555269 83.897858 7.618689
v 3.360424 84.229866 5.343143
v 4.694007 84.354034 3.423400
v 8.825607 84.400452 0.638549
v 11.084665 85.083458 0.072905
v 13.386489 85.785057 0.087975
v 15.615129 86.463783 0.676194
v 17.643930 87.080902 1.802334
v 19.356920 87.600998 3.400939
v 20.656250 87.993645 5.379891
v 21.479963 88.202240 7.627908
v 14.501637 90.880966 19.323847
v 12.217060 90.422180 19.912163
v 9.851122 89.948013 19.927082
v 7.436773 89.475838 19.318348
v 5.251887 89.194519 18.113998
v 3.597407 89.825279 16.745125
v 2.158940 89.382362 14.658984
v 1.359809 89.540771 12.643768
v 0.960770 89.626663 10.026110
v 1.247489 89.640450 7.618783
v 2.081294 89.891693 5.343346
v 3.420776 89.883636 3.423406
v 7.536754 89.522430 0.638565
v 9.851664 89.979340 0.072905
v 12.212671 90.450691 0.088141
v 14.499228 90.906563 0.677532
v 52.711884 57.914551 16.846769
v 52.831852 79.680290 16.928507
v 52.154419 77.091888 16.155909
v 54.400669 55.957218 18.265434
v 56.000126 80.106781 19.055679
v 54.508949 73.813889 18.320751
v 50.180599 19.804033 8.365027
v 58.374825 23.462372 0.261286
v 57.229977 21.548225 0.453136
v 56.297573 26.095013 0.726902
v 53.601028 26.702801 2.321239
v 53.356171 23.840927 2.568547
v 54.055347 21.192114 2.001137
v 55.757217 45.925945 0.967423
v 51.668411 20.608326 4.486366
v 52.718201 18.405588 3.346059
v 52.553596 43.039494 3.353784
v 50.142712 23.014599 8.658503
v 50.226902 20.596619 11.686549
v 52.119373 24.305285 16.095844
v 51.278645 21.010303 14.797136
v 50.869972 21.959026 14.071692
v 54.154118 27.117739 18.041204
v 52.710369 29.896387 16.839975
v 58.400570 23.195730 19.870983
v 56.166222 22.962358 19.179821
v 55.529366 45.715088 18.928265
v 59.686699 71.913269 19.989130
v 60.546391 74.840309 19.954720
v 59.860012 28.755287 19.883650
v 59.658184 45.858063 19.956053
v 59.439056 27.584225 19.913763
v 56.239166 53.916973 19.251122
v 57.279682 75.563278 19.559301
v 57.632648 64.815186 19.683817
v 58.798130 72.821182 19.900370
v 59.109470 53.938793 19.942106
v 59.699162 73.794014 19.988953
v 53.608025 82.228882 17.531561
v 53.539265 56.948036 17.594566
v 50.710094 77.639404 13.683460
v 50.996407 80.294716 14.253987
v 51.453083 59.440048 15.143783
v 50.372856 78.493927 7.309502
v 50.028793 79.545395 10.717387
v 51.247684 59.693935 5.218725
v 51.014645 76.769562 5.791558
v 51.410057 76.571724 4.925081
v 50.459297 79.851616 7.096421
v 50.248505 73.833565 7.801481
v 52.125801 79.656296 3.898104
v 53.375637 78.458885 2.542767
v 55.851349 54.340233 0.918718
v 56.288624 77.145355 0.735936
v 54.765293 55.546913 1.508551
v 54.252804 78.378426 1.863279
v 57.430340 78.864861 0.413156
v 57.304974 72.378647 0.429278
v 59.534981 46.392189 0.037806
v 61.755829 25.461025 0.292994
v 61.875240 47.411098 19.784889
v 64.868378 49.418617 18.709967
v 65.645210 54.369965 18.105335
v 67.563454 49.088585 16.457182
v 69.107376 50.527977 14.094016
v 69.709251 49.584396 7.729167
v 69.016022 51.052223 5.999505
v 68.418343 49.380180 4.636936
v 67.405571 51.540291 3.481063
v 63.207401 52.488304 0.535217
v 62.002033 75.113968 0.334076
v 60.536633 74.698120 0.089543
v 52.830086 56.729656 2.122217
v 55.721558 50.530243 0.075582
v 56.867447 51.403866 0.094250
v 59.362469 49.142559 0.052171
v 55.648056 52.989292 0.461404
v 56.519962 52.391724 0.301446
v 51.480217 55.423729 1.210958
v 51.858524 57.506508 2.700760
v 48.470108 60.908051 6.377314
v 48.837589 61.403984 8.431808
v 48.827374 61.511986 10.725408
v 49.613346 60.852165 13.094420
v 48.596149 60.946239 13.450438
v 49.648624 60.463215 14.069650
v 49.170341 59.411438 15.985648
v 50.303024 59.556747 15.423095
v 48.234386 59.943882 15.525461
v 52.080437 57.237370 17.513086
v 52.965775 56.215786 18.253721
v 51.422745 55.355373 18.831051
v 52.533936 55.058372 18.919649
v 59.193565 49.528725 19.948141
v 58.387508 50.438248 19.874102
v 56.814716 48.711399 19.897863
v 56.828587 50.296501 19.896713
v 55.419640 50.232513 19.927086
v 56.679123 51.739010 19.856220
v 55.771618 52.654095 19.616898
v 54.850395 48.220051 19.716913
v 49.165806 44.400414 17.364895
v 51.107697 43.307728 16.713121
v 49.362259 41.731903 13.652110
v 47.973438 41.973999 13.475308
v 49.275917 41.127792 11.487570
v 50.091904 42.137192 14.881638
v 49.377884 42.823799 15.662987
v 48.027462 41.394424 11.233019
v 47.791965 41.472744 8.596069
v 49.592751 41.723454 6.210672
v 48.200481 41.925560 6.507968
v 50.761261 42.730309 4.073332
v 48.295845 42.983166 4.463916
v 50.145435 42.139824 5.091690
v 49.239655 44.357044 2.657079
v 51.411694 44.371559 2.289686
v 52.332207 44.032658 2.438197
v 52.462914 46.131626 1.095826
v 52.172733 45.056271 1.692770
v 49.313976 46.274956 1.306866
v 55.134029 47.832878 0.368028
v 56.229149 48.212463 0.232230
v 58.238220 49.811771 0.126701
v 53.618256 54.017353 19.356586
v 53.453678 52.819016 19.655083
v 51.131329 53.184166 19.645084
v 53.275993 51.645935 19.927086
v 53.114624 50.449749 19.927086
v 50.661064 50.847240 19.927086
v 52.899872 49.254314 19.903139
v 52.681561 48.113827 19.616943
v 50.207912 48.477661 19.621456
v 52.923489 46.196949 18.982862
v 50.090366 46.291042 18.785749
v 52.258217 45.371918 18.497980
v 51.688885 44.649891 17.976225
v 52.666195 47.160419 0.616595
v 52.769798 48.282120 0.338904
v 50.254738 48.408485 0.393843
v 52.902084 49.449802 0.072908
v 53.056877 50.637192 0.072908
v 50.638210 50.933304 0.072908
v 53.229347 51.830967 0.095764
v 53.376591 52.975723 0.380577
v 51.072052 53.230083 0.363503
v 53.470444 54.099949 0.666103
v 49.824490 57.834473 17.440948
v 47.755577 58.390934 17.392942
v 49.594154 56.905937 18.265188
v 49.347900 55.871563 18.823914
v 47.188259 56.502468 18.768671
v 49.095261 54.822758 19.369246
v 48.823296 53.691189 19.656446
v 46.559364 54.365517 19.626144
v 48.540627 52.545887 19.927086
v 48.262032 51.381557 19.927086
v 45.889347 52.091858 19.927086
v 47.973495 50.206749 19.906828
v 47.700634 49.072975 19.619047
v 45.212967 49.803787 19.649910
v 47.407906 47.927353 19.301428
v 47.116234 46.934326 18.758194
v 44.427776 47.440899 18.681223
v 46.898087 45.073078 17.471586
v 43.564259 45.802925 17.367529
v 45.090504 44.477646 16.549198
v 46.716927 43.223438 15.336014
v 42.999191 44.461590 15.728189
v 44.727249 43.179977 14.553576
v 44.574158 42.413422 12.491576
v 45.751392 41.900181 10.871025
v 44.567047 42.102585 10.195675
v 44.872906 42.298752 7.638882
v 44.852592 43.131527 5.492893
v 43.069386 44.336926 4.408912
v 45.312782 44.449337 3.414857
v 46.075817 45.242016 2.554358
v 43.442421 45.875099 2.607695
v 46.720337 45.971367 1.791088
v 47.073212 46.971725 1.228015
v 44.514240 47.648327 1.200886
v 47.362633 47.945595 0.694844
v 47.641106 49.054470 0.388839
v 45.178852 49.814949 0.349770
v 47.920704 50.194939 0.099062
v 48.204842 51.391739 0.072908
v 45.853176 52.098610 0.072907
v 48.491055 52.558830 0.072907
v 48.766056 53.705448 0.343642
v 46.524525 54.372345 0.373109
v 49.041836 54.833961 0.630330
v 49.289909 55.883801 1.175155
v 47.155781 56.508617 1.229743
v 49.540001 56.917953 1.734249
v 49.737942 57.827648 2.535111
v 47.720333 58.383350 2.592934
v 49.878872 58.638268 3.263353
v 48.263142 59.863544 4.370096
v 49.540028 60.501450 5.984087
v 47.094959 62.169292 9.844056
v 46.850712 62.128082 11.141203
v 44.903122 62.799637 11.212531
v 46.753109 62.015633 12.282001
v 46.610771 61.647430 13.399168
v 44.693108 62.277409 13.499606
v 46.466492 61.244942 14.527915
v 46.251629 60.607502 15.557355
v 44.281239 61.255348 15.613289
v 46.028141 59.961231 16.549253
v 45.737068 59.119190 17.371346
v 43.691326 59.795609 17.403683
v 45.438576 58.274162 18.166275
v 45.093117 57.272804 18.748800
v 42.957020 57.982140 18.767296
v 44.741821 56.273766 19.305288
v 44.360695 55.169827 19.617292
v 42.120583 55.918522 19.625277
v 43.974541 54.073750 19.904079
v 43.579552 52.932056 19.927086
v 41.229679 53.722374 19.927086
v 43.180969 51.803082 19.927086
v 42.792137 50.684895 19.658546
v 40.330235 51.513443 19.651106
v 42.384487 49.563179 19.364040
v 41.925358 48.430344 18.738167
v 39.513271 49.412037 18.806931
v 40.978573 47.743622 18.233360
v 40.750977 46.832447 17.406233
v 38.584599 47.678467 17.466391
v 39.816040 46.262199 16.655123
v 37.710674 46.456429 15.855270
v 39.381493 45.073570 14.834759
v 39.041050 44.195087 12.502649
v 38.905167 43.911674 10.159437
v 39.022263 44.143246 7.719496
v 39.171150 45.001724 5.373750
v 37.633446 46.291752 4.408556
v 39.627483 46.227028 3.468101
v 40.763451 46.646645 2.745699
v 38.181343 47.770302 2.610469
v 41.664890 47.396221 1.854229
v 41.968327 48.489029 1.225263
v 39.428951 49.429256 1.201137
v 42.322956 49.504475 0.660060
v 42.712658 50.628510 0.361051
v 40.304005 51.525173 0.348681
v 43.099922 51.726994 0.073619
v 43.497360 52.875374 0.072907
v 41.200287 53.731091 0.072907
v 43.901505 54.020149 0.077485
v 44.281807 55.116959 0.363963
v 42.092350 55.927036 0.374040
v 44.673630 56.224594 0.658493
v 45.021011 57.224136 1.214548
v 42.931179 57.990135 1.231474
v 45.378605 58.232586 1.781351
v 45.672741 59.073769 2.571776
v 43.668823 59.802204 2.594216
v 45.974018 59.907352 3.357955
v 46.201729 60.543941 4.331720
v 44.263252 61.259403 4.382355
v 46.424599 61.170864 5.296820
v 46.585724 61.595356 6.449194
v 44.687195 62.277340 6.495090
v 46.728722 62.012970 7.630868
v 46.690399 62.166481 8.721528
v 44.991123 62.769295 8.790587
v 43.478138 63.618389 10.038145
v 43.167900 63.603535 11.227370
v 41.309505 64.468567 11.216576
v 43.053665 63.495472 12.405707
v 42.871700 63.114311 13.520734
v 41.047520 63.968933 13.504139
v 42.690788 62.723007 14.653589
v 42.408978 62.105453 15.638204
v 40.536560 62.992043 15.616529
v 42.118908 61.480175 16.635380
v 41.746418 60.666954 17.428772
v 39.805431 61.597301 17.405951
v 41.363316 59.844288 18.232138
v 40.921753 58.882664 18.788174
v 38.895798 59.864651 18.768862
v 40.467903 57.910465 19.351004
v 39.983986 56.858624 19.636730
v 37.859886 57.893456 19.626041
v 39.493240 55.809422 19.922571
v 38.984943 54.706669 19.927086
v 36.756382 55.795197 19.927086
v 38.465775 53.600163 19.924513
v 37.946136 52.521423 19.629055
v 35.623566 53.648510 19.639748
v 37.551849 50.840683 19.055775
v 36.613400 50.442764 18.658329
v 34.500835 51.578114 18.730667
v 33.329906 50.064030 17.390625
v 34.735043 48.593029 16.763086
v 32.562935 48.905647 15.860528
v 34.078655 47.365555 14.830970
v 33.616089 46.547249 12.507883
v 33.487995 46.259659 10.155849
v 33.589428 46.483135 7.820562
v 33.854263 47.343597 5.335085
v 32.446743 48.759548 4.407650
v 34.424721 48.498241 3.467510
v 35.596489 48.803707 2.745430
v 33.137657 50.176254 2.610432
v 36.567364 49.460503 1.854202
v 36.977051 50.518051 1.225251
v 34.542755 51.704082 1.201130
v 37.430172 51.493820 0.659914
v 37.929905 52.576309 0.360341
v 35.620159 53.703495 0.348684
v 38.431599 53.648476 0.072907
v 38.932392 54.734974 0.072907
v 36.729401 55.809982 0.072907
v 39.446308 55.831875 0.077563
v 39.932789 56.885593 0.363971
v 37.833679 57.907257 0.373950
v 40.431927 57.949173 0.658501
v 40.876205 58.909626 1.214579
v 38.872036 59.877899 1.231476
v 41.331642 59.878300 1.781784
v 41.707912 60.689758 2.575166
v 39.784908 61.608727 2.594542
v 42.093277 61.507381 3.382088
v 42.379757 62.122746 4.366675
v 40.520294 63.000851 4.383785
v 42.673065 62.741924 5.366732
v 42.856453 63.125008 6.487927
v 41.042709 63.971790 6.497351
v 43.057819 63.503139 7.639477
v 43.182240 63.607662 8.853428
v 41.398808 64.429169 8.799102
v 39.971775 65.424667 10.037089
v 39.661377 65.440918 11.223969
v 37.897072 66.484703 11.216393
v 39.539745 65.349319 12.384570
v 39.319180 64.984756 13.515208
v 37.587151 66.013420 13.503785
v 39.104374 64.619659 14.633492
v 38.759888 64.027542 15.633322
v 36.982510 65.091919 15.615910
v 38.414921 63.442959 16.617908
v 37.959251 62.662319 17.424829
v 36.117500 63.776180 17.405449
v 37.503540 61.892654 18.218216
v 36.963074 60.968735 18.785419
v 35.041504 62.141750 18.768517
v 36.423061 60.058659 19.341496
v 35.829102 59.044971 19.636021
v 33.816116 60.282047 19.625952
v 35.235977 58.047047 19.922503
v 34.621277 56.999557 19.927086
v 32.510921 58.302528 19.927086
v 33.995617 55.949383 19.924475
v 33.378391 54.902855 19.624640
v 31.171928 56.278008 19.639750
v 32.698479 53.713909 19.214985
v 31.707039 52.866077 18.566374
v 29.840704 54.342537 18.733608
v 28.548485 52.941658 17.400393
v 28.162352 51.423706 15.757262
v 28.451845 49.414429 12.489807
v 28.318068 49.135662 10.154881
v 28.441202 49.348110 7.820436
v 28.789543 50.178192 5.335180
v 27.528524 51.726063 4.407704
v 29.470924 51.270691 3.468066
v 30.667137 51.459206 2.745695
v 28.355762 53.067734 2.610468
v 31.698158 52.017277 1.854248
v 32.210144 53.029305 1.225265
v 29.904665 54.449604 1.201136
v 32.757156 53.955437 0.660053
v 33.359859 54.981125 0.361052
v 31.173803 56.332737 0.348773
v 33.955017 55.982010 0.073686
v 34.568748 57.027786 0.072907
v 32.485363 58.319553 0.072907
v 35.180325 58.055130 0.072907
v 35.777874 59.071873 0.363250
v 33.791248 60.298031 0.373950
v 36.380791 60.083344 0.658362
v 36.917721 60.995525 1.214571
v 35.018826 62.156712 1.231475
v 37.466465 61.914581 1.781781
v 37.920918 62.684978 2.575155
v 36.097912 63.789097 2.594542
v 38.384949 63.460487 3.381845
v 38.729946 64.043312 4.364250
v 36.966995 65.101906 4.383780
v 39.078995 64.623985 5.346959
v 39.303310 64.993935 6.484304
v 37.582920 66.016319 6.497126
v 39.541553 65.351250 7.636792
v 39.675823 65.443085 8.851999
v 37.982018 66.436607 8.798629
v 36.660118 67.567986 10.037315
v 36.352654 67.614494 11.226896
v 34.700039 68.827408 11.216768
v 36.219414 67.531067 12.405359
v 35.966717 67.193748 13.517966
v 34.345016 68.388809 13.504471
v 35.717522 66.852379 14.633778
v 35.316380 66.297195 15.633323
v 33.652481 67.531479 15.616223
v 34.915459 65.749481 16.617891
v 34.385048 65.017570 17.424818
v 32.662086 66.307594 17.405449
v 33.855659 64.296600 18.218204
v 33.226727 63.430473 18.785404
v 31.430182 64.787224 18.768511
v 32.599602 62.578087 19.341484
v 31.908594 61.627888 19.636024
v 30.027397 63.057426 19.625950
v 31.219963 60.693302 19.922506
v 30.504963 59.711536 19.927086
v 28.533361 61.216244 19.927086
v 29.778805 58.728168 19.924473
v 29.061394 57.747616 19.624640
v 27.001282 59.333614 19.639750
v 28.267550 56.631512 19.214993
v 27.197359 55.885563 18.566381
v 25.485773 57.538921 18.733665
v 24.061739 56.272316 17.400522
v 23.527746 54.799717 15.757274
v 23.617689 52.771793 12.490006
v 23.456907 52.507839 10.156484
v 23.600485 52.706764 7.820658
v 24.029079 53.498501 5.335074
v 22.926809 55.163147 4.407645
v 24.815046 54.518742 3.467510
v 26.023972 54.588318 2.745426
v 23.882307 56.416710 2.610432
v 27.104853 55.041813 1.854198
v 27.714108 55.998383 1.225265
v 25.559910 57.639080 1.201133
v 28.349770 56.866055 0.660054
v 29.050678 57.827335 0.361048
v 27.008545 59.387901 0.348769
v 29.741795 58.764866 0.073617
v 30.457224 59.747173 0.072907
v 28.509830 61.236000 0.072907
v 31.178007 60.724075 0.077489
v 31.861977 61.662045 0.363967
v 30.004429 63.076065 0.374038
v 32.560135 62.607018 0.658501
v 33.184250 63.461601 1.214575
v 31.408876 64.804108 1.231306
v 33.820923 64.322044 1.781779
v 34.349136 65.043884 2.575163
v 32.643692 66.322174 2.594293
v 34.887470 65.770004 3.382094
v 35.289139 66.317177 4.366676
v 33.638294 67.543266 4.384073
v 35.698212 66.866707 5.366601
v 35.953072 67.206139 6.487076
v 34.341003 68.392677 6.497476
v 36.224785 67.537407 7.637080
v 36.367447 67.615524 8.852024
v 34.779861 68.771217 8.798642
v 33.575958 70.027428 10.037325
v 33.274559 70.104027 11.226923
v 31.749605 71.473984 11.216766
v 33.133678 70.034058 12.405656
v 32.848335 69.722603 13.520747
v 31.353083 71.072533 13.504475
v 32.561169 69.401299 14.653365
v 32.112347 68.894066 15.635758
v 30.579393 70.287636 15.616221
v 31.660370 68.389679 16.618145
v 31.060482 67.713753 17.424833
v 29.473131 69.167389 17.405455
v 30.462595 67.048508 18.218203
v 29.751329 66.248596 18.785408
v 28.097305 67.775909 18.768511
v 29.043211 65.462204 19.341486
v 28.261868 64.584785 19.636023
v 26.530798 66.192841 19.625952
v 27.484438 63.722660 19.922504
v 26.676121 62.816177 19.927086
v 24.862497 64.507950 19.927084
v 25.856537 61.909218 19.924475
v 25.045946 61.004181 19.624645
v 23.152250 62.785591 19.639753
v 24.146006 59.971893 19.215069
v 23.007669 59.335316 18.566607
v 21.467192 61.149109 18.733696
v 19.925127 60.029015 17.400473
v 19.248575 58.616272 15.757273
v 19.138155 56.589363 12.490040
v 18.952290 56.342400 10.156581
v 19.114681 56.526386 7.819939
v 19.619154 57.271938 5.335108
v 18.686337 59.037113 4.407795
v 20.501631 58.209431 3.468102
v 21.711588 58.159534 2.745701
v 19.760763 60.190334 2.610552
v 22.832090 58.504429 1.854250
v 23.532734 59.396297 1.225269
v 21.550808 61.241413 1.201140
v 24.250849 60.197067 0.660055
v 25.043135 61.084549 0.361047
v 23.164825 62.838882 0.348767
v 25.823326 61.949375 0.073614
v 26.632126 62.856358 0.072907
v 24.841024 64.529930 0.072907
v 27.445728 63.757420 0.077493
v 28.218838 64.623375 0.363964
v 26.509779 66.213654 0.374034
v 29.006605 65.494690 0.658358
v 29.710381 66.281845 1.213210
v 28.077791 67.794792 1.231308
v 30.419205 67.064629 1.768128
v 31.025864 67.741844 2.573193
v 29.456284 69.183693 2.594293
v 31.634541 68.412857 3.381848
v 32.088314 68.917885 4.366661
v 30.566422 70.300789 4.384081
v 32.549591 69.424408 5.366607
v 32.836674 69.737045 6.487088
v 31.349512 71.076828 6.497689
v 33.139725 70.039917 7.637091
v 33.289391 70.103592 8.852031
v 31.823513 71.410202 8.798871
v 30.749342 72.778984 10.037314
v 30.456968 72.884941 11.226786
v 29.074574 74.398621 11.216199
v 30.309948 72.829269 12.405343
v 29.995968 72.548111 13.517969
v 28.640442 74.038277 13.504119
v 29.684628 72.262268 14.633781
v 29.182337 71.796608 15.633330
v 27.793179 73.333542 15.615918
v 28.681725 71.338211 16.617903
v 28.017994 70.724625 17.424820
v 26.581694 72.327698 17.405445
v 27.357407 70.121582 18.218203
v 26.570732 69.395714 18.785410
v 25.075373 71.078659 18.768511
v 25.788528 68.682961 19.341494
v 24.924475 67.886864 19.636017
v 23.360405 69.657776 19.625948
v 24.065828 67.105598 19.922501
v 23.172066 66.283234 19.927084
v 21.534391 68.145821 19.927084
v 22.267048 65.461502 19.924475
v 21.371151 64.640793 19.624640
v 19.662622 66.600449 19.639835
v 20.373716 63.702183 19.214991
v 19.177940 63.180748 18.566376
v 17.824017 65.137779 18.733608
v 16.179089 64.175247 17.400394
v 15.366620 62.836193 15.757324
v 15.056804 60.830021 12.489950
v 14.847313 60.602722 10.155960
v 15.027194 60.769653 7.820611
v 15.602765 61.461819 5.335188
v 14.848588 63.310390 4.407805
v 16.573423 62.307755 3.468117
v 17.772560 62.138794 2.745711
v 16.031494 64.352051 2.610556
v 18.921604 62.371525 1.854256
v 19.706776 63.189964 1.225267
v 17.916443 65.221512 1.201138
v 20.500355 63.916023 0.660056
v 21.376287 64.721069 0.361045
v 19.680113 66.652039 0.348770
v 22.237951 65.504738 0.073616
v 23.132244 66.327545 0.072906
v 21.514896 68.169586 0.072906
v 24.030731 67.143997 0.077491
v 24.885471 67.929497 0.363963
v 23.341543 69.680550 0.374036
v 25.755499 68.719078 0.658502
v 26.535185 69.434570 1.214577
v 25.058054 71.099594 1.231479
v 27.328346 70.153358 1.781778
v 27.987944 70.757492 2.575166
v 26.566738 72.345764 2.594539
v 28.658297 71.363838 3.382094
v 29.159546 71.821548 4.366690
v 27.781252 73.347641 4.383784
v 29.668550 72.280151 5.366752
v 29.985260 72.563148 6.487945
v 28.637447 74.042473 6.497541
v 30.316671 72.834625 7.639391
v 30.471756 72.883110 8.852865
v 29.141747 74.327805 8.798525
v 28.207836 75.795898 10.036745
v 27.927319 75.930138 11.226630
v 26.700874 77.572716 11.216366
v 27.775518 75.889221 12.405324
v 27.435331 75.640381 13.517965
v 26.233227 77.256874 13.504469
v 27.097328 75.386627 14.633779
v 26.551559 74.972763 15.633327
v 25.320547 76.639084 15.616220
v 26.008190 74.565987 16.617897
v 25.287199 74.020828 17.424820
v 24.015970 75.757698 17.405453
v 24.570368 73.485847 18.218203
v 23.715956 72.841080 18.785410
v 22.393824 74.663277 18.768515
v 22.867279 72.208946 19.341484
v 21.928957 71.501923 19.636015
v 20.547108 73.418427 19.625952
v 20.997677 70.809296 19.922434
v 20.029341 70.080688 19.927084
v 18.580887 72.093918 19.927084
v 19.062811 69.363495 19.927084
v 18.075159 68.623756 19.625349
v 16.565865 70.740639 19.639833
v 16.987909 67.786491 19.215113
v 15.746380 67.385376 18.566385
v 14.592011 69.466377 18.733610
v 12.860193 68.670731 17.400398
v 11.919738 67.418365 15.757483
v 11.413576 65.452438 12.490030
v 11.182798 65.246704 10.155893
v 11.378140 65.395256 7.820608
v 12.019129 66.027336 5.335191
v 11.450901 67.941269 4.407808
v 13.068464 66.773438 3.468113
v 14.245101 66.487053 2.745714
v 12.730752 68.861214 2.610555
v 15.411492 66.605347 1.854256
v 16.273537 67.342377 1.225271
v 14.692250 69.540565 1.201138
v 17.134840 67.986664 0.660055
v 18.085882 68.701401 0.361049
v 16.588684 70.790413 0.348682
v 19.020630 69.396309 0.073612
v 19.991695 70.126930 0.072906
v 18.564167 72.119652 0.072906
v 20.966305 70.850800 0.077490
v 21.894335 71.548195 0.363966
v 20.530590 73.442955 0.374039
v 22.837975 72.248146 0.658503
v 23.684414 72.883278 1.214580
v 22.378653 74.685814 1.231472
v 24.544582 73.520332 1.781784
v 25.260519 74.056488 2.575158
v 24.002634 75.777016 2.594287
v 25.987267 74.593674 3.381836
v 26.530006 74.998840 4.364253
v 25.310081 76.654282 4.383474
v 27.075712 75.400497 5.347092
v 27.425325 75.655769 6.485168
v 26.230785 77.261414 6.497537
v 27.782692 75.893860 7.639054
v 27.941809 75.926819 8.852612
v 26.760778 77.495644 8.798616
v 25.976059 79.048607 10.037766
v 25.710192 79.209877 11.227136
v 24.651762 80.965439 11.216168
v 25.555031 79.184090 12.405695
v 25.191185 78.969528 13.520744
v 24.155348 80.697273 13.504129
v 24.822721 78.746078 14.653358
v 24.245363 78.391998 15.635757
v 23.186077 80.172440 15.616214
v 23.665813 78.041542 16.618153
v 22.894707 77.570229 17.424833
v 21.800695 79.423874 17.405695
v 22.128630 77.108528 18.218210
v 21.214808 76.551163 18.785412
v 20.078503 78.494705 18.768682
v 20.307943 76.005783 19.341488
v 19.304457 75.394714 19.636028
v 18.118326 77.438141 19.625957
v 18.309185 74.797150 19.922503
v 17.271418 74.166183 19.927084
v 16.030777 76.313766 19.927084
v 16.222738 73.538033 19.924473
v 15.183201 72.909119 19.624641
v 13.892153 75.165794 19.639748
v 14.020960 72.184494 19.214991
v 12.746112 71.907867 18.566374
v 11.802575 74.092537 18.733601
v 10.000737 73.471535 17.400387
v 8.941246 72.317932 15.757244
v 8.243800 70.411537 12.489894
v 7.993920 70.229507 10.155598
v 8.202950 70.358154 7.820561
v 8.903129 70.923973 5.335190
v 8.526392 72.884605 4.407810
v 10.020921 71.562965 3.468114
v 11.163583 71.161972 2.745713
v 9.890714 73.673851 2.610553
v 12.335956 71.164673 1.854253
v 13.266489 71.813118 1.225258
v 11.909644 74.156509 1.201137
v 14.187336 72.369453 0.659916
v 15.206445 72.988274 0.360342
v 13.920057 75.213295 0.348680
v 16.221413 73.597443 0.072906
v 17.243633 74.218994 0.072906
v 16.016979 76.341248 0.072906
v 18.282562 74.841858 0.077563
v 19.274603 75.444206 0.363972
v 18.104315 77.464195 0.374036
v 20.282652 76.047676 0.658496
v 21.187574 76.596237 1.214562
v 20.065924 78.518776 1.231473
v 22.106182 77.145279 1.781579
v 22.869818 77.607216 2.573212
v 21.789597 79.444511 2.594298
v 23.636515 78.064400 3.365002
v 24.227898 78.420929 4.364236
v 23.177340 80.188690 4.383784
v 24.818359 78.771530 5.366472
v 25.184530 78.986923 6.487932
v 24.153286 80.702019 6.497680
v 25.562784 79.188087 7.639471
v 25.724390 79.205208 8.853197
v 24.703739 80.882828 8.798635
v 24.076006 82.505600 10.037541
v 23.827614 82.692451 11.224299
v 22.947124 84.543640 11.216356
v 23.675587 82.684410 12.384636
v 23.289026 82.505196 13.515206
v 22.426939 84.325851 13.503441
v 22.906944 82.322319 14.633488
v 22.290482 82.023552 15.633330
v 21.410610 83.899124 15.615911
v 21.677692 81.731239 16.618143
v 20.861874 81.337296 17.426804
v 19.957722 83.290627 17.405941
v 20.040676 80.947044 18.231865
v 19.089315 80.488670 18.786787
v 18.152256 82.535774 18.768848
v 18.135208 80.036377 19.341631
v 17.076590 79.527336 19.636030
v 16.097742 81.677780 19.625954
v 16.027266 79.030823 19.922504
v 14.932335 78.505249 19.927084
v 13.909508 80.764740 19.927084
v 13.826829 77.983566 19.924471
v 12.730346 77.460197 19.624636
v 11.668110 79.833199 19.639746
v 11.502324 76.853722 19.214987
v 10.206411 76.704147 18.566374
v 9.482885 78.971230 18.733604
v 7.628595 78.530914 17.400387
v 6.460519 77.487404 15.757243
v 5.578462 75.659042 12.489791
v 5.311802 75.502510 10.154819
v 5.532598 75.609985 7.820375
v 6.285145 76.103989 5.335186
v 6.103560 78.092216 4.407798
v 7.460490 76.629646 3.468113
v 8.558044 76.117920 2.745714
v 7.539059 78.743095 2.610554
v 9.724971 76.005028 1.854256
v 10.714893 76.558556 1.225269
v 9.595739 79.024323 1.201136
v 11.685890 77.021278 0.660053
v 12.758710 77.535484 0.361044
v 11.700575 79.877678 0.348680
v 13.811646 78.033432 0.073611
v 14.907207 78.559280 0.072905
v 13.898501 80.793411 0.072905
v 16.004919 79.077812 0.077489
v 17.051764 79.579521 0.363964
v 16.086374 81.705093 0.374037
v 18.114416 80.080681 0.658498
v 19.069036 80.537354 1.214577
v 18.142406 82.561096 1.231476
v 20.037495 80.993225 1.781783
v 20.844740 81.378464 2.575172
v 19.949207 83.312485 2.594541
v 21.662920 81.762657 3.382094
v 22.275969 82.054054 4.366679
v 21.403513 83.916176 4.384087
v 22.896648 82.344040 5.366609
v 23.281940 82.522118 6.487102
v 22.425137 84.330666 6.497692
v 23.678219 82.685036 7.637181
v 23.840891 82.686218 8.852360
v 22.990789 84.456345 8.799197
v 22.525999 86.133041 10.038096
v 22.297300 86.343491 11.224343
v 21.603704 88.272522 11.215798
v 22.145224 86.350517 12.384624
v 21.742886 86.210289 13.515194
v 21.064528 88.107071 13.503437
v 21.344635 86.065971 14.633479
v 20.701715 85.829445 15.633325
v 20.011065 87.782631 15.615917
v 20.063082 85.598976 16.618143
v 19.212387 85.287399 17.426809
v 18.505249 87.320358 17.405945
v 18.356710 84.980019 18.231873
v 17.364792 84.617683 18.786787
v 16.634155 86.747208 18.768852
v 16.370739 84.261665 19.341631
v 15.267091 83.859505 19.636026
v 14.505052 86.095970 19.625956
v 14.173923 83.468880 19.922504
v 13.032505 83.053825 19.927084
v 12.237451 85.403137 19.927084
v 11.880943 82.643692 19.924471
v 10.738197 82.231010 19.624640
v 9.915124 84.697174 19.639748
v 9.456360 81.748558 19.214989
v 8.152012 81.727493 18.566372
v 7.655558 84.054863 18.733603
v 5.766885 83.799530 17.400389
v 4.501604 82.876282 15.757248
v 3.443598 81.143845 12.489895
v 3.162855 81.014374 10.155550
v 3.393154 81.099548 7.819764
v 4.190722 81.516930 5.335105
v 4.206026 83.513351 4.407796
v 5.412127 81.924133 3.468107
v 6.453876 81.306671 2.745710
v 5.698707 84.019531 2.610549
v 7.603984 81.079262 1.854253
v 8.643679 81.532486 1.225255
v 7.773096 84.096573 1.201135
v 9.655798 81.897293 0.659915
v 10.776532 82.304085 0.360340
v 9.951807 84.738266 0.348680
v 11.891312 82.702217 0.072905
v 13.015631 83.111069 0.072905
v 12.229315 85.432800 0.072905
v 14.156587 83.517944 0.077561
v 15.247550 83.913895 0.363970
v 14.496434 86.124268 0.374037
v 16.354420 84.307808 0.658500
v 17.349417 84.668129 1.214577
v 16.626850 86.773392 1.231475
v 18.358109 85.026291 1.781781
v 19.199406 85.330048 2.575171
v 18.498936 87.342949 2.594542
v 20.051481 85.631699 3.382102
v 20.690281 85.861244 4.366698
v 20.005680 87.800285 4.384085
v 21.336575 86.088623 5.366763
v 21.737804 86.227936 6.487958
v 21.063051 88.112442 6.497692
v 22.148174 86.350952 7.639520
v 22.310015 86.336029 8.853427
v 21.638418 88.181305 8.798641
v 21.341368 89.895721 10.037386
v 21.134476 90.127686 11.224162
v 20.983812 90.149635 12.384595
v 20.569611 90.049767 13.515193
v 20.159067 89.945419 14.633479
v 19.495955 89.773445 15.633324
v 18.837708 89.607079 16.618139
v 17.960442 89.380890 17.426805
v 17.078632 89.159393 18.231865
v 16.055820 88.896622 18.786785
v 15.539034 91.087852 18.768684
v 15.031499 88.640350 19.341631
v 13.893566 88.348976 19.636028
v 13.355421 90.649628 19.626040
v 12.767207 88.068054 19.922504
v 11.590436 87.767578 19.927084
v 11.030908 90.183815 19.927082
v 10.404052 87.473000 19.924471
v 9.226180 87.174965 19.624640
v 8.650632 89.710350 19.639833
v 7.903015 86.821274 19.214991
v 6.602944 86.928932 18.566376
v 6.338399 89.293907 18.733604
v 4.433747 89.226051 17.400383
v 3.083577 88.432053 15.757207
v 1.859960 86.812523 12.490069
v 1.567694 86.711784 10.155975
v 1.805251 86.773300 7.820605
v 2.640143 87.109962 5.335188
v 2.852274 89.095177 4.407810
v 3.895799 87.394745 3.468112
v 4.871589 86.677589 2.745712
v 4.387597 89.451675 2.610552
v 5.993669 86.337883 1.854256
v 7.072969 86.686363 1.225268
v 6.459467 89.323814 1.201139
v 8.115888 86.949554 0.660054
v 9.268753 87.243233 0.361045
v 8.690496 89.747528 0.348765
v 10.398936 87.524864 0.073611
v 11.576391 87.825478 0.072905
v 11.025553 90.214172 0.072905
v 12.754526 88.118507 0.077490
v 13.879482 88.405037 0.363968
v 13.351789 90.678917 0.374486
v 15.019823 88.687889 0.658509
v 16.045506 88.948334 1.214587
v 15.536938 91.114960 1.233018
v 17.084599 89.205284 1.781794
v 17.951750 89.424606 2.575183
v 18.829411 89.640770 3.382114
v 19.487726 89.806213 4.366698
v 20.153238 89.968735 5.366631
v 20.565981 90.067757 6.487123
v 20.986515 90.149727 7.637180
v 21.146238 90.118958 8.852282
v 52.083008 69.060516 16.077091
v 50.298824 11.477992 7.578525
v 57.781387 24.293205 0.359963
v 57.766045 34.582047 0.352874
v 58.570389 36.390038 0.148758
v 58.024544 12.089361 0.324540
v 56.826431 12.326641 0.524370
v 53.525890 12.798922 2.420711
v 55.009735 22.152025 1.484622
v 55.485146 10.405363 1.227668
v 55.722954 22.851849 1.032400
v 50.485233 19.825909 7.135941
v 50.945141 10.030948 6.087747
v 50.683277 12.045892 6.684676
v 51.065300 8.982315 5.813846
v 51.478737 11.826877 4.796159
v 52.355942 21.436392 3.739488
v 52.578766 8.674749 3.497813
v 52.051617 11.764429 4.070359
v 53.240845 21.220205 2.695423
v 52.788300 32.686146 3.136517
v 50.189087 11.058169 8.574225
v 50.111298 8.922516 9.586707
v 50.196465 9.571791 8.536513
v 50.633602 12.514093 13.294679
v 50.372997 19.458086 12.257971
v 50.476643 9.894508 12.620990
v 50.039642 10.606037 10.881063
v 52.323875 8.424825 16.329735
v 52.280396 17.293934 16.304829
v 51.617916 9.790762 15.256487
v 50.871269 11.701260 14.074148
v 54.046814 38.724995 18.013744
v 54.845325 12.227824 18.533064
v 54.378639 8.829061 18.152124
v 53.963367 11.567547 17.837666
v 52.853722 11.392279 16.973425
v 57.761368 33.313732 19.723986
v 58.000664 9.156119 19.769131
v 56.963482 20.471279 19.446218
v 56.703091 11.057810 19.329243
v 55.598263 35.647800 18.960045
v 55.568398 12.912350 18.945137
v 60.134037 84.933182 19.988888
v 60.163002 87.826157 19.986486
v 60.586430 89.071495 19.951399
v 60.017017 37.104881 19.936962
v 58.437737 11.679948 19.873503
v 58.753914 17.736183 19.901234
v 59.640060 12.116867 19.971529
v 60.104073 13.445093 19.926687
v 55.876949 77.889206 19.013412
v 57.576843 90.462112 19.596870
v 56.704025 64.365997 19.383614
v 59.328529 64.131447 19.957254
v 53.459286 78.851006 17.417213
v 54.413410 89.922348 18.155193
v 53.935078 66.667923 17.875423
v 50.767044 89.607384 13.815825
v 51.801708 78.449036 15.558964
v 52.151428 67.748718 16.161024
v 50.224995 89.553474 8.079152
v 50.082947 81.263374 9.441318
v 50.140896 90.160194 9.119757
v 50.046730 90.633781 10.276286
v 50.371918 91.033798 12.159945
v 50.452953 80.865181 12.526278
v 50.568253 88.610985 12.935345
v 50.727715 81.096298 6.490628
v 50.459274 88.629013 7.139711
v 51.679234 87.339806 4.463565
v 53.077862 79.643929 2.863830
v 55.565601 67.026436 1.083761
v 55.340080 68.225883 1.228029
v 54.844563 90.891396 1.561311
v 53.912956 88.771912 2.067385
v 57.227596 88.600105 0.454190
v 58.585136 64.894234 0.154718
v 62.668182 22.652718 19.512674
v 63.735813 55.911316 19.146158
v 64.349434 75.297821 18.935501
v 66.368172 75.444252 17.542625
v 67.747879 24.515228 16.174902
v 68.745079 46.348518 14.648566
v 68.949577 75.285439 14.335548
v 68.396240 71.587662 15.182488
v 69.629425 75.459549 12.154243
v 69.891846 24.668123 9.932747
v 69.834785 27.256483 9.244088
v 69.898376 48.732052 10.011608
v 69.798607 76.697334 8.807543
v 69.392715 48.965031 6.858287
v 68.893089 76.669258 5.719240
v 68.258308 24.272196 4.407382
v 67.812958 48.868309 3.923606
v 67.084076 76.431824 3.131821
v 65.480492 24.500261 1.750533
v 64.319656 27.145386 1.122321
v 65.220703 43.923134 1.609941
v 63.720631 45.036591 0.798145
v 62.886574 38.376190 0.481681
v 60.858753 37.012253 0.143299
v 61.505680 50.685951 0.251250
v 61.408009 87.466125 0.234949
v 54.640991 53.731087 0.608340
v 60.035713 48.555943 19.996080
v 57.913799 49.215904 19.891479
v 55.666889 51.265797 19.926319
v 54.260860 46.014500 18.986246
v 50.533142 44.311092 17.504576
v 50.029682 43.465588 3.312617
v 51.386837 43.443314 3.126049
v 50.428486 44.283646 2.523125
v 50.909470 45.077770 1.795906
v 50.582996 46.232994 1.203029
v 57.421059 47.507809 0.362107
v 54.598869 53.232056 19.515057
v 54.391430 50.835850 19.927086
v 53.792397 48.452328 19.737581
v 51.380920 47.813072 19.499052
v 50.806828 47.163067 19.294250
v 51.518124 46.244423 18.885502
v 52.776814 44.461037 17.962290
v 53.690174 46.492413 0.837676
v 53.922256 47.542210 0.480422
v 54.170090 49.922855 0.072908
v 54.476440 52.368793 0.269769
v 52.294022 53.590599 0.493916
v 52.470028 54.718498 0.912305
v 50.938393 58.001999 17.064075
v 50.526482 56.080578 18.571465
v 50.091652 53.950626 19.520584
v 49.574924 51.637680 19.927086
v 49.067665 49.306099 19.754330
v 48.456738 47.082214 18.999447
v 45.970844 47.716164 19.015905
v 45.731354 46.688877 18.461628
v 48.149975 45.265190 17.898443
v 47.506966 43.674847 16.242016
v 47.320408 42.485962 14.383361
v 45.453072 45.940380 2.082245
v 45.941677 47.741940 0.974525
v 49.032494 49.316639 0.245179
v 46.542194 49.930279 0.242573
v 47.162239 52.244343 0.072907
v 47.774319 54.522362 0.482005
v 48.342525 56.638470 1.443471
v 48.865143 58.476498 2.912356
v 49.280121 59.299244 3.894893
v 47.811417 61.851830 10.677771
v 45.831360 62.414841 11.682301
v 47.504642 61.115471 13.946289
v 45.581570 61.782619 13.958777
v 45.158054 60.644890 16.029535
v 44.571453 59.081329 17.744181
v 43.856857 57.181011 19.008682
v 43.055370 55.052547 19.750900
v 42.213211 52.819717 19.927086
v 41.370316 50.596443 19.522171
v 40.931400 49.501591 19.097231
v 40.399372 48.544270 18.530102
v 40.232780 47.571526 2.126573
v 43.099457 47.610531 1.464932
v 40.864567 49.388279 0.970559
v 43.786816 49.729572 0.483005
v 41.679272 51.528416 0.235553
v 44.515480 51.989857 0.072907
v 42.523865 53.766590 0.072907
v 45.248760 54.264462 0.244098
v 43.357090 55.971558 0.487752
v 45.948093 56.430008 0.981354
v 44.131798 58.018200 1.454266
v 46.574799 58.362617 2.240318
v 44.802715 59.785515 2.913129
v 47.118965 59.922592 3.919905
v 45.331589 61.171837 4.775043
v 45.701424 62.107918 6.956305
v 47.615547 61.825451 8.583988
v 45.924091 62.513599 9.338608
v 44.070835 63.229504 10.886620
v 42.193054 63.992256 11.708079
v 43.853260 62.858040 13.042219
v 41.878628 63.379120 13.991584
v 43.457317 61.940594 15.214235
v 41.342899 62.286697 16.051468
v 42.866554 60.572498 17.086040
v 40.603966 60.785187 17.760717
v 42.113777 58.834316 18.547235
v 39.704449 58.961533 19.020161
v 41.242737 56.826939 19.512915
v 38.697601 56.923794 19.755926
v 40.304478 54.667767 19.927086
v 37.636227 54.778843 19.927086
v 39.343903 52.468151 19.762497
v 38.543156 50.221779 18.980366
v 35.898617 51.444218 18.977274
v 35.261066 50.358509 18.318707
v 37.621685 48.582066 17.833298
v 35.159542 49.776249 2.126462
v 38.016174 49.531769 1.465144
v 35.967342 51.521782 0.970532
v 38.909306 51.574032 0.482792
v 36.990299 53.573757 0.234833
v 39.858414 53.753864 0.072907
v 38.050434 55.715515 0.072907
v 40.811111 55.942303 0.244212
v 39.096821 57.827141 0.487748
v 41.720562 58.028236 0.981545
v 40.069618 59.787518 1.454315
v 42.534245 59.891228 2.241720
v 40.912601 61.483265 2.916174
v 43.205132 61.423527 3.951430
v 41.577202 62.816311 4.788424
v 43.695953 62.536083 6.011972
v 42.038006 63.706562 6.969681
v 44.019920 63.142338 8.284690
v 42.325027 64.077568 9.388469
v 40.523365 64.979080 10.886071
v 38.729542 65.923904 11.704833
v 40.270226 64.632088 13.039310
v 38.356647 65.345528 13.988142
v 39.786083 63.758751 15.211639
v 37.716232 64.311951 16.048399
v 39.063614 62.456116 17.083897
v 36.833187 62.891193 17.758251
v 38.143353 60.801014 18.545732
v 35.758480 61.165524 19.018454
v 37.078522 58.889126 19.512259
v 34.554234 59.234665 19.755793
v 35.930435 56.830475 19.927086
v 33.286255 57.204422 19.927086
v 34.758759 54.733154 19.761904
v 33.680878 52.627716 18.986265
v 31.190348 54.051094 18.964314
v 30.395420 53.185143 18.360041
v 30.328300 52.470234 2.126575
v 33.146961 51.945385 1.465147
v 31.304317 54.127686 0.970557
v 34.236858 53.889198 0.482918
v 32.523102 56.066216 0.235586
v 35.394699 55.962158 0.072907
v 33.788990 58.092560 0.072907
v 36.558819 58.046444 0.243452
v 35.040039 60.093334 0.487620
v 37.671043 60.035141 0.981514
v 36.201653 61.948677 1.454315
v 38.664490 61.808895 2.241744
v 37.207718 63.553017 2.916139
v 39.483086 63.267380 3.951131
v 37.999660 64.812584 4.785923
v 40.080784 64.325356 6.009090
v 38.546604 65.654037 6.968159
v 40.464073 64.897278 8.284393
v 38.869034 65.995308 9.387305
v 37.165058 67.070160 10.886618
v 35.472961 68.186989 11.707900
v 36.878345 66.749016 13.042084
v 35.044937 67.648331 13.988734
v 36.311092 65.928558 15.211592
v 34.305851 66.683098 16.048433
v 35.463737 64.703560 17.083813
v 33.287022 65.356361 17.758240
v 34.384769 63.147266 18.545679
v 32.047394 63.745071 19.018444
v 33.136597 61.349670 19.512238
v 30.658644 61.942364 19.755795
v 31.791077 59.414188 19.927086
v 29.196650 60.047035 19.927086
v 30.418301 57.442650 19.761908
v 29.137543 55.454590 18.986467
v 26.800043 57.115761 18.964327
v 25.923624 56.332432 18.360067
v 25.786373 55.627689 2.126459
v 28.539474 54.827370 1.465146
v 26.920998 57.180725 0.970555
v 29.815714 56.654213 0.482925
v 28.325016 58.989666 0.235573
v 31.172604 58.603291 0.072907
v 29.786329 60.883751 0.072907
v 32.538044 60.564644 0.244180
v 31.227062 62.749374 0.487750
v 33.839218 62.431648 0.981537
v 32.565598 64.480652 1.454273
v 35.002697 64.098755 2.241744
v 33.725002 65.978027 2.916155
v 35.961281 65.469650 3.951563
v 34.638317 67.154762 4.788446
v 36.660854 66.464149 6.011893
v 35.264633 67.936951 6.968678
v 37.098022 66.994644 8.284347
v 35.619045 68.244598 9.387360
v 34.029335 69.482239 10.886662
v 32.455616 70.760475 11.707952
v 33.712208 69.190758 13.042677
v 31.975857 70.265839 13.991560
v 33.065800 68.429092 15.214130
v 31.145714 69.378769 16.048864
v 32.102928 67.294884 17.083853
v 30.001223 68.159180 17.758242
v 30.875797 65.852592 18.545681
v 28.608757 66.677963 19.018448
v 29.456457 64.186844 19.512238
v 27.049013 65.020973 19.755793
v 27.926643 62.393467 19.927086
v 25.407263 63.279049 19.927084
v 26.366159 60.566898 19.761909
v 24.895716 58.714905 18.986544
v 22.733458 60.598541 18.964447
v 21.784189 59.905582 18.360285
v 21.577755 59.217407 2.126580
v 24.238621 58.149609 1.465148
v 22.860071 60.651089 0.970556
v 25.688763 59.841717 0.482924
v 24.435617 62.312782 0.235571
v 27.231247 61.647530 0.072907
v 26.076572 64.053535 0.072907
v 28.783457 63.464722 0.244199
v 27.694208 65.767975 0.487740
v 30.262012 65.193901 0.981283
v 29.195190 67.356880 1.452877
v 31.582979 66.736801 2.239681
v 30.498106 68.734337 2.915802
v 32.673607 68.008217 3.951538
v 31.523258 69.815575 4.788454
v 33.467842 68.928917 6.011966
v 32.223663 70.532204 6.968735
v 33.955189 69.413689 8.284356
v 32.606670 70.803398 9.387387
v 31.146748 72.191757 10.886642
v 29.706749 73.618942 11.707721
v 30.802565 71.933090 13.042187
v 29.181351 73.174751 13.988664
v 30.085325 71.239891 15.211656
v 28.267199 72.373337 16.048405
v 29.014071 70.205025 17.083820
v 27.007805 71.272324 17.758245
v 27.650667 68.890762 18.545677
v 25.476072 69.935631 19.018456
v 26.074003 67.373055 19.512236
v 23.760548 68.440514 19.755791
v 24.374811 65.739265 19.927084
v 21.955090 66.869003 19.927084
v 22.641825 64.075470 19.761908
v 20.995850 62.377426 18.986483
v 19.029757 64.464981 18.964310
v 18.016630 63.868862 18.360041
v 17.743687 63.204712 2.126580
v 20.286289 61.879742 1.465153
v 19.161119 64.504959 0.970556
v 21.896225 63.420616 0.482923
v 20.892839 66.003204 0.235572
v 23.609249 65.065521 0.072906
v 22.697445 67.573685 0.072906
v 25.333078 66.720818 0.244197
v 24.476290 69.120277 0.487750
v 26.975275 68.296089 0.981522
v 26.128601 70.555260 1.454311
v 28.443275 69.702438 2.241693
v 27.559282 71.795959 2.916168
v 29.652304 70.858612 3.951588
v 28.685732 72.770561 4.788424
v 30.533512 71.696564 6.012245
v 29.453676 73.414886 6.969676
v 31.066296 72.130943 8.285409
v 29.861263 73.646729 9.387136
v 28.545414 75.172340 10.886007
v 27.253107 76.734520 11.707729
v 28.177372 74.948837 13.042135
v 26.686445 76.344292 13.988732
v 27.395294 74.329765 15.211597
v 25.697742 75.636909 16.048435
v 26.227190 73.405548 17.083815
v 24.335936 74.665451 17.758245
v 24.740839 72.232101 18.545679
v 22.679869 73.486313 19.018454
v 23.022209 70.877274 19.512234
v 20.825314 72.167671 19.755779
v 21.170645 69.419327 19.927084
v 18.876095 70.783646 19.927084
v 19.284004 67.935982 19.762650
v 17.476223 66.406708 18.986490
v 15.725570 68.677986 18.964338
v 14.658571 68.184647 18.360044
v 14.321470 67.550629 2.126583
v 16.721035 65.981407 1.465153
v 15.860209 68.704781 0.970558
v 18.475056 67.356033 0.482925
v 17.731276 70.024994 0.235556
v 20.341936 68.824020 0.072906
v 19.681910 71.409874 0.072906
v 22.220585 70.301270 0.244196
v 21.604559 72.773529 0.487751
v 24.010120 71.706963 0.981541
v 23.390306 74.038597 1.454312
v 25.609655 72.961708 2.241746
v 24.936281 75.132111 2.916086
v 26.926504 73.992821 3.951133
v 26.152035 75.989906 4.785925
v 27.885435 74.739334 6.009369
v 26.981001 76.556290 6.969181
v 28.459301 75.119698 8.285207
v 27.409611 76.746933 9.387068
v 26.250563 78.394806 10.886616
v 25.118616 80.076851 11.707904
v 25.862146 78.208633 13.042686
v 24.515350 79.743858 13.991529
v 25.021511 77.668884 15.214132
v 23.462360 79.137802 16.048864
v 23.769434 76.865227 17.083853
v 22.011602 78.305489 17.758295
v 22.174652 75.844093 18.545675
v 20.247366 77.295395 19.018467
v 20.330807 74.665321 19.512236
v 18.271809 76.166031 19.755796
v 18.344053 73.396774 19.927084
v 16.192993 74.979355 19.927084
v 16.318283 72.105453 19.761923
v 14.370998 70.763382 18.986465
v 12.852835 73.196205 18.964308
v 11.742423 72.810501 18.360037
v 11.344452 72.212814 2.126579
v 13.577593 70.414642 1.465151
v 12.989536 73.209641 0.970535
v 15.459073 71.609886 0.482792
v 14.984123 74.340446 0.234832
v 17.463810 72.887978 0.072906
v 17.059753 75.524971 0.072906
v 19.476337 74.171204 0.244211
v 19.107048 76.692123 0.487751
v 21.395714 75.393555 0.981536
v 21.008795 77.774918 1.454288
v 23.110830 76.484261 2.241371
v 22.653202 78.709564 2.914135
v 24.522028 77.379959 3.949005
v 23.950745 79.445198 4.788025
v 25.552044 78.029579 6.012146
v 24.830437 79.926422 6.969690
v 26.159733 78.350975 8.285410
v 25.275671 80.073837 9.387876
v 24.284737 81.827957 10.886037
v 23.324430 83.613525 11.704961
v 23.880949 81.681496 13.039318
v 22.692110 83.342041 13.988109
v 22.991606 81.227455 15.211613
v 21.583584 82.842346 16.048449
v 21.664480 80.550270 17.084190
v 20.055475 82.156021 17.760359
v 19.974669 79.690338 18.547113
v 18.201891 81.325584 19.018721
v 18.025986 78.700287 19.512253
v 16.125044 80.396729 19.755795
v 15.923853 77.633820 19.927084
v 13.939354 79.420807 19.927084
v 13.780593 76.548523 19.761906
v 11.710528 75.405029 18.986462
v 10.439647 77.975693 18.964310
v 9.296616 77.701347 18.360037
v 8.841652 77.145836 2.126584
v 10.886603 75.136208 1.465156
v 10.576969 77.975578 0.970559
v 12.876309 76.139908 0.482917
v 12.670743 78.902939 0.235553
v 14.995006 77.213013 0.072906
v 14.855215 79.878082 0.072905
v 17.126965 78.292816 0.244197
v 17.008087 80.837914 0.487751
v 19.157562 79.319984 0.981537
v 19.007374 81.727921 1.454311
v 20.972216 80.236443 2.241725
v 20.737970 82.496834 2.916177
v 22.466070 80.989189 3.951528
v 22.099909 83.100082 4.788456
v 23.553493 81.533318 6.011985
v 23.022186 83.491943 6.968777
v 24.189857 81.793205 8.284396
v 23.480127 83.594894 9.388101
v 22.666893 85.438118 10.886613
v 21.887413 87.309708 11.704812
v 22.250731 85.332230 13.039229
v 21.231392 87.101898 13.988110
v 21.320961 84.968117 15.211542
v 20.078993 86.713943 16.048449
v 19.933458 84.425072 17.084204
v 18.490654 86.181625 17.760365
v 18.167051 83.735939 18.547144
v 16.564219 85.538025 19.018719
v 16.130302 82.942863 19.512251
v 14.405908 84.818489 19.755793
v 13.933268 82.088882 19.927084
v 12.134639 84.062836 19.927084
v 11.693434 81.220192 19.761906
v 9.520703 80.286385 18.986462
v 8.509490 82.969833 18.964310
v 7.344981 82.809540 18.360037
v 6.837456 82.301598 2.126579
v 8.674288 80.100151 1.465149
v 8.646173 82.956207 0.970531
v 10.753747 80.902924 0.482790
v 10.823888 83.673592 0.234830
v 12.970318 81.762733 0.072905
v 13.091618 84.427742 0.072905
v 15.195537 82.626068 0.244210
v 15.328151 85.170425 0.487751
v 17.317474 83.447968 0.981537
v 17.405449 85.858971 1.454310
v 19.213669 84.181030 2.241743
v 19.203426 86.453514 2.916178
v 20.774485 84.782829 3.951595
v 20.618231 86.919518 4.788486
v 21.910316 85.217087 6.012251
v 21.574961 87.218658 6.969698
v 22.569254 85.412964 8.285596
v 22.040478 87.275803 9.387939
v 21.413044 89.190277 10.885963
v 20.821833 91.129608 11.704767
v 20.988400 89.125923 13.039211
v 20.148518 90.987465 13.988105
v 20.027260 88.855255 15.211548
v 18.963486 90.715034 16.048441
v 18.592970 88.451653 17.084209
v 17.330456 90.341942 17.760313
v 16.767221 87.940063 18.547144
v 15.349916 89.891418 19.018711
v 14.662193 87.351677 19.512251
v 13.131072 89.388184 19.755810
v 12.391658 86.718506 19.927084
v 10.796478 88.860207 19.927082
v 10.077089 86.074921 19.761908
v 7.822869 85.359886 18.986464
v 7.081184 88.129967 18.964308
v 5.906538 88.085289 18.360039
v 5.351405 87.629837 2.126585
v 6.962214 85.257988 1.465153
v 7.215803 88.102913 0.970559
v 9.110199 85.851700 0.482916
v 9.450789 88.601341 0.235570
v 11.398291 86.488159 0.072905
v 11.784235 89.128830 0.072905
v 13.700700 87.128586 0.244198
v 14.083829 89.647522 0.487808
v 15.893387 87.737282 0.981539
v 16.218967 90.127892 1.454469
v 17.852627 88.279785 2.241740
v 18.066765 90.542244 2.916403
v 19.465176 88.724747 3.951589
v 19.520542 90.866470 4.788740
v 20.638195 89.044891 6.011990
v 20.501684 91.069771 6.969068
v 21.313187 89.174820 8.284389
v 20.970726 91.080948 9.387672
v 8.950232 91.065781 19.762636
v 6.633617 90.576080 18.986486
v 5.767059 90.559555 1.465153
v 7.963030 90.938751 0.482931
v 52.763512 68.381126 16.880054
v 55.060375 66.511803 18.681101
v 50.121292 30.468363 8.731369
v 50.117832 31.835297 8.740472
v 50.345856 31.008579 7.453360
v 58.926273 37.366768 0.088936
v 58.136375 46.217213 0.200515
v 59.766251 13.495166 0.019235
v 59.028244 11.283831 0.157394
v 57.233452 33.389465 0.447556
v 56.094826 35.462578 0.813526
v 53.480885 31.894911 2.423857
v 53.612286 33.401024 2.308527
v 50.783672 31.187716 6.305952
v 51.466507 30.281265 4.799947
v 51.721230 31.474232 4.428675
v 52.154049 30.204994 3.958543
v 52.317944 33.645443 3.720560
v 52.078297 42.623241 3.920840
v 50.037308 29.783920 9.759350
v 50.050575 34.352238 9.434123
v 50.464512 28.215816 12.887684
v 50.184311 28.613907 11.557137
v 50.020958 31.962776 10.407701
v 51.883537 34.934742 15.790329
v 51.908035 30.498215 15.817020
v 51.251873 31.533094 14.812383
v 51.589256 21.992746 15.277814
v 50.737179 31.186129 13.741779
v 54.174519 34.102406 18.094774
v 56.972298 35.624844 19.493671
v 61.239674 87.133797 19.897270
v 60.702980 38.038433 19.941744
v 59.133518 36.107452 19.898075
v 55.797424 68.192291 18.986195
v 58.390190 64.212044 19.866556
v 50.531273 70.253693 13.121473
v 50.852444 69.695473 14.034229
v 50.064903 69.116516 9.143354
v 50.010960 71.605194 10.314758
v 50.018417 68.169289 9.888656
v 50.043560 70.421738 10.864141
v 50.310581 81.806503 11.918112
v 50.948524 67.678680 5.833906
v 50.744785 69.991257 6.394878
v 52.012146 70.251114 4.016661
v 53.357162 64.897354 2.541346
v 55.346207 63.479111 1.197993
v 55.978371 64.580521 0.865619
v 53.935539 66.105164 2.050450
v 56.560780 65.347603 0.622218
v 56.509270 55.493690 0.643765
v 60.946312 37.021942 19.921581
v 61.698685 24.677372 19.845499
v 61.707405 72.772415 19.842506
v 64.678757 26.493107 18.822449
v 65.645119 70.764641 18.105410
v 66.754951 13.603093 17.241592
v 67.394287 73.014450 16.716114
v 68.382072 24.104078 15.204187
v 69.193626 26.328022 13.875191
v 69.486870 70.725327 12.717182
v 69.787819 13.677614 11.528781
v 69.935257 73.410423 10.946521
v 69.895256 74.382362 9.973937
v 69.722710 15.257089 7.891576
v 69.709557 73.410362 7.732869
v 69.306274 74.334793 6.661211
v 68.532616 15.560244 4.897465
v 68.489082 73.295189 4.798209
v 67.456650 74.026672 3.536549
v 66.350594 23.684324 2.335053
v 66.241898 73.132553 2.216972
v 64.334076 24.035883 1.130125
v 63.388687 26.621283 0.618507
v 61.279869 62.736229 0.213568
v 59.957825 61.411476 0.002469
v 58.072495 51.108238 0.116356
v 49.544254 60.057880 14.936709
v 53.807728 55.170296 18.790462
v 59.704647 50.652889 19.993015
v 59.046013 51.682510 19.937162
v 57.563736 47.826668 19.722057
v 57.733253 51.590805 19.878012
v 50.836281 47.255554 0.661589
v 53.519726 45.516880 1.324536
v 56.139854 46.993889 0.528295
v 58.422421 48.424103 0.130822
v 54.580132 54.300396 19.173218
v 52.424454 53.607857 19.497404
v 54.531765 52.037365 19.809336
v 52.191242 52.422344 19.795116
v 51.988739 51.256245 19.927086
v 54.323380 49.528629 19.927086
v 51.780682 50.063187 19.927086
v 51.571171 48.911758 19.774075
v 53.777466 47.242310 19.441332
v 53.527115 45.210632 18.511354
v 51.563240 47.828869 0.490856
v 54.047592 48.715355 0.189414
v 51.589230 48.993641 0.205289
v 51.755592 50.175293 0.072908
v 54.336174 51.133297 0.072908
v 51.952110 51.369576 0.072908
v 52.132683 52.500710 0.222033
v 54.033997 54.913692 1.100786
v 51.071426 58.871922 16.126215
v 48.924862 58.576454 16.989006
v 50.771103 57.060459 17.910690
v 48.661217 57.650673 17.842152
v 48.402763 56.693066 18.521181
v 50.323837 55.056049 19.119764
v 48.123722 55.656792 19.084942
v 47.838516 54.581306 19.500120
v 49.831833 52.806244 19.810154
v 47.531769 53.445919 19.790257
v 47.228371 52.305744 19.927086
v 49.320312 50.465488 19.927086
v 46.912125 51.135620 19.927086
v 46.607189 49.993488 19.776354
v 48.800030 48.155254 19.462757
v 46.289921 48.836231 19.480362
v 48.816559 46.173374 18.579752
v 47.940907 44.365589 17.079269
v 46.924358 41.569801 10.498692
v 45.650650 46.748100 1.518093
v 48.446518 47.165501 0.959273
v 48.759987 48.165211 0.537172
v 46.238701 48.805588 0.529954
v 49.288883 50.532524 0.072908
v 46.850754 51.082848 0.072908
v 49.546001 51.739056 0.072907
v 49.798035 52.890327 0.208047
v 47.472012 53.397690 0.194696
v 50.043095 54.035709 0.496997
v 50.272617 55.124405 0.908795
v 48.067139 55.613083 0.885730
v 50.493187 56.175770 1.473027
v 50.695076 57.167328 2.165575
v 48.604710 57.606846 2.108278
v 50.764874 58.160793 3.036609
v 49.158298 59.996918 4.844297
v 45.917561 62.535732 10.506782
v 47.789555 61.729404 11.690181
v 47.680801 61.505844 12.819956
v 45.731201 62.179287 12.839859
v 47.333073 60.598492 15.052114
v 45.396461 61.284798 15.039228
v 47.127296 59.929173 16.067083
v 46.887360 59.183193 16.981100
v 44.887104 59.921314 16.948458
v 46.601887 58.315025 17.791592
v 46.301487 57.392372 18.479980
v 44.230492 58.174381 18.451132
v 45.975342 56.370953 19.043201
v 45.635864 55.319832 19.478519
v 43.465889 56.142277 19.463610
v 45.278027 54.199516 19.768639
v 44.915451 53.079590 19.927086
v 42.636715 53.942047 19.927086
v 44.546352 51.925842 19.927086
v 44.181049 50.800797 19.798639
v 41.790054 51.699772 19.813379
v 43.815838 49.670074 19.505489
v 43.439369 48.578777 19.074297
v 43.067623 47.664158 18.556145
v 40.492157 48.401630 1.524561
v 43.425251 48.624386 0.905513
v 41.265442 50.434669 0.524047
v 44.148746 50.850941 0.192302
v 42.099316 52.641960 0.072907
v 44.884258 53.134258 0.072907
v 42.945374 54.882580 0.200542
v 45.606396 55.372505 0.531346
v 43.755924 57.025639 0.896739
v 46.274723 57.439819 1.538907
v 44.484978 58.949516 2.120123
v 46.858364 59.207142 3.030457
v 45.090225 60.539284 3.793386
v 47.320892 60.533401 4.852927
v 47.483582 61.060459 5.898252
v 45.539127 61.710876 5.825449
v 47.781281 61.482479 7.209289
v 45.839386 62.387241 8.124632
v 42.297230 64.100151 10.539260
v 43.984283 63.133553 11.904921
v 42.066395 63.760044 12.870670
v 43.684536 62.468689 14.162084
v 41.642994 62.897812 15.064147
v 43.187557 61.315426 16.201498
v 41.000393 61.590027 16.965118
v 42.510147 59.749165 17.881552
v 40.174213 59.913380 18.462534
v 41.691414 57.860569 19.104799
v 39.212448 57.965298 19.469299
v 40.779945 55.761364 19.799515
v 38.171288 55.859615 19.927086
v 39.824684 53.564941 19.927086
v 37.086472 53.675362 19.797897
v 38.779720 51.356747 19.455099
v 37.541008 49.733326 18.525671
v 35.499458 50.576649 1.524542
v 38.440277 50.509193 0.905443
v 36.469631 52.523960 0.523923
v 39.381088 52.656532 0.191467
v 37.518139 54.640549 0.072907
v 40.337170 54.854012 0.072907
v 38.579727 56.784077 0.200538
v 41.276241 57.009613 0.531444
v 39.597660 58.836788 0.896738
v 42.145206 59.001068 1.539176
v 40.513115 60.679974 2.120683
v 42.893768 60.713139 3.037258
v 41.273216 62.207092 3.801222
v 43.478828 62.046864 4.938699
v 41.835678 63.329449 5.841696
v 43.877682 62.920498 7.134480
v 42.218033 63.962887 8.159067
v 44.098129 63.235611 9.253970
v 38.843754 66.020767 10.538031
v 40.427471 64.892632 11.902116
v 38.581055 65.706070 12.867305
v 40.063927 64.261269 14.159176
v 38.075111 64.890480 15.061109
v 39.456005 63.163269 16.198841
v 37.307041 63.653011 16.962666
v 38.627769 61.671947 17.879393
v 36.319813 62.066433 18.460819
v 37.627026 59.873642 19.103304
v 35.170540 60.222473 19.468550
v 36.511669 57.872292 19.799456
v 33.925304 58.227158 19.927086
v 35.343990 55.779907 19.927086
v 32.630569 56.160233 19.797874
v 34.176685 53.681541 19.465403
v 32.700405 52.499935 18.666321
v 30.745527 53.233307 1.524552
v 33.665356 52.876190 0.905470
v 31.902727 55.075031 0.524056
v 34.811821 54.917786 0.192202
v 33.153259 57.075249 0.072907
v 35.979595 57.009739 0.072907
v 34.421356 59.104191 0.199790
v 37.128197 59.064869 0.531306
v 35.638233 61.049088 0.896717
v 38.189560 60.961411 1.539173
v 36.730984 62.793053 2.120679
v 39.103317 62.591362 3.037288
v 37.637810 64.237534 3.800784
v 39.816189 63.859474 4.936345
v 38.307770 65.298187 5.838586
v 40.300011 64.690498 7.133459
v 38.751228 65.891716 8.157660
v 40.551586 64.982185 9.254306
v 35.596359 68.272369 10.538582
v 37.060932 66.993347 11.905073
v 35.303284 67.984268 12.870216
v 36.637009 66.401077 14.159586
v 34.719994 67.223389 15.061218
v 35.923923 65.368546 16.198746
v 33.833683 66.067741 16.962667
v 34.952694 63.966183 17.879309
v 32.694832 64.586235 18.460815
v 33.779518 62.275318 19.103251
v 31.369345 62.864594 19.468548
v 32.472218 60.393642 19.799450
v 29.933430 61.001774 19.927086
v 31.103897 58.426567 19.927086
v 28.441200 59.072590 19.797874
v 29.735292 56.453659 19.465416
v 28.149733 55.423344 18.666349
v 26.276752 56.345829 1.524543
v 29.147125 55.702522 0.905470
v 27.609903 58.064445 0.524055
v 30.489309 57.621098 0.192207
v 29.051888 59.932053 0.072907
v 31.859440 59.590130 0.072907
v 30.515331 61.828068 0.200542
v 33.203632 61.520004 0.531435
v 31.916275 63.641064 0.896721
v 34.446522 63.302235 1.539174
v 33.175617 65.268723 2.120631
v 35.516560 64.834167 3.037322
v 34.220673 66.617043 3.801238
v 36.351982 66.027161 4.938816
v 34.992397 67.607117 5.841487
v 36.914478 66.805176 7.133891
v 35.491592 68.153145 8.157722
v 37.193478 67.070511 9.254221
v 32.586823 70.833275 10.538590
v 33.918137 69.416061 11.905208
v 32.266647 70.575340 12.870710
v 33.437157 68.867653 14.162518
v 31.610172 69.874535 15.063690
v 32.626266 67.911057 16.199215
v 30.615339 68.813156 16.962704
v 31.521698 66.611526 17.879309
v 29.335979 67.451195 18.460817
v 30.187517 65.044579 19.103251
v 27.847187 65.868645 19.468554
v 28.701048 63.300980 19.799450
v 26.234592 64.156479 19.927084
v 27.145430 61.478409 19.927086
v 24.559416 62.383854 19.797878
v 25.588987 59.650097 19.465424
v 23.909786 58.781391 18.666546
v 22.136625 59.883759 1.524558
v 24.929596 58.960587 0.905470
v 23.632755 61.462574 0.524055
v 26.454418 60.737473 0.192206
v 25.251865 63.178902 0.072907
v 28.012066 62.561863 0.072907
v 26.895132 64.921364 0.200541
v 29.539938 64.349716 0.531427
v 28.467710 66.587051 0.896479
v 30.950706 65.998695 1.537740
v 29.880203 68.081261 2.118615
v 32.168125 67.419380 3.036954
v 31.054615 69.321632 3.801195
v 33.117405 68.524529 4.938878
v 31.920227 70.230797 5.841515
v 33.753857 69.243263 7.133918
v 32.470810 70.724945 8.157784
v 34.057663 69.479767 9.254228
v 29.844545 73.678474 10.537979
v 31.029570 72.136856 11.905142
v 29.500584 73.453468 12.870167
v 30.497648 71.639275 14.159695
v 28.779337 72.821854 15.061151
v 29.595812 70.766762 16.198782
v 27.683439 71.862572 16.962666
v 28.368265 69.582291 17.879314
v 26.275993 70.633392 18.460819
v 26.886074 68.154533 19.103256
v 24.638411 69.205338 19.468548
v 25.234928 66.566002 19.799446
v 22.864872 67.660553 19.927084
v 23.507177 64.905708 19.927084
v 21.023092 66.061760 19.797894
v 21.778017 63.239761 19.465420
v 20.021099 62.540623 18.666355
v 18.365538 63.812706 1.524558
v 21.053871 62.618641 0.905469
v 20.010057 65.236313 0.524054
v 22.746469 64.236519 0.192205
v 21.790516 66.784615 0.072906
v 24.476423 65.898422 0.072906
v 23.597589 68.356560 0.200539
v 26.173172 67.526932 0.531438
v 25.327108 69.859390 0.896736
v 27.741589 69.030525 1.539137
v 26.881407 71.208298 2.120676
v 29.091490 70.322739 3.037301
v 28.170689 72.325249 3.801218
v 30.144850 71.328629 4.938906
v 29.121794 73.144684 5.841719
v 30.849323 71.981377 7.134905
v 29.718443 73.582169 8.158702
v 31.174719 72.186539 9.254553
v 27.396097 76.780190 10.537943
v 28.423359 75.129234 11.904986
v 27.031628 76.590164 12.870200
v 27.844971 74.686539 14.159616
v 26.251589 76.032722 15.061216
v 26.861490 73.907188 16.198746
v 25.066481 75.186226 16.962671
v 25.523125 72.849518 17.879311
v 23.544693 74.101784 18.460821
v 23.907379 71.574875 19.103251
v 21.774277 72.842186 19.468544
v 22.107685 70.156906 19.799438
v 19.857477 71.480118 19.927084
v 20.227098 68.676910 19.927084
v 17.868958 70.072159 19.798616
v 18.340017 67.188011 19.465548
v 16.522306 66.665222 18.666357
v 15.000243 68.094345 1.524562
v 17.557734 66.641006 0.905474
v 16.777142 69.348877 0.524046
v 19.401611 68.084114 0.192205
v 18.701632 70.714104 0.072906
v 21.287006 69.567345 0.072906
v 20.654840 72.100166 0.200539
v 23.136068 71.020622 0.531438
v 22.524107 73.425156 0.896739
v 24.845148 72.362297 1.539175
v 24.203819 74.614182 2.120655
v 26.315821 73.515015 3.037290
v 25.596704 75.598396 3.800721
v 27.461845 74.411118 4.936373
v 26.623384 76.319611 5.838888
v 28.228516 74.992142 7.134411
v 27.261114 76.696754 8.158622
v 28.572613 75.164291 9.253821
v 25.265358 80.108170 10.538591
v 26.124882 78.363976 11.905235
v 24.883858 79.954964 12.870646
v 25.504740 77.979912 14.162520
v 24.051336 79.476372 15.063681
v 24.449875 77.301750 16.199211
v 22.789932 78.751686 16.962721
v 23.014004 76.381363 17.879313
v 21.168627 77.822594 18.460850
v 21.280443 75.272247 19.103247
v 19.282698 76.743698 19.468552
v 19.349665 74.038620 19.799450
v 17.240461 75.576996 19.927084
v 17.329742 72.749725 19.927084
v 15.120707 74.370720 19.797874
v 15.307228 71.455482 19.465424
v 13.447244 71.114708 18.666346
v 12.073530 72.686966 1.524555
v 14.475296 70.988556 0.905444
v 13.965906 73.760422 0.523924
v 16.455006 72.244331 0.191468
v 16.017799 74.930557 0.072906
v 18.475378 73.533173 0.072906
v 18.095602 76.115707 0.200552
v 20.458252 74.796761 0.531440
v 20.086369 77.249893 0.896735
v 22.291252 75.963333 1.539146
v 21.874802 78.267319 2.120308
v 23.866524 76.964294 3.035277
v 23.357079 79.108856 3.798688
v 25.098448 77.744919 4.938389
v 24.451979 79.726608 5.841719
v 25.917643 78.246880 7.134924
v 25.122898 80.038513 8.158913
v 26.276928 78.384193 9.254263
v 23.473213 83.630058 10.538649
v 24.156893 81.809799 11.902156
v 23.079630 83.515770 12.867262
v 23.502718 81.489113 14.159168
v 22.204420 83.121819 15.061101
v 22.385225 80.917854 16.198822
v 20.875763 82.524124 16.963053
v 20.863260 80.142403 17.881380
v 19.168627 81.758408 18.462282
v 19.030447 79.210426 19.103510
v 17.187918 80.871887 19.468565
v 16.987873 78.173393 19.799454
v 15.040648 79.912247 19.927084
v 14.850648 77.089905 19.927084
v 12.812277 78.920853 19.797873
v 12.710412 76.001419 19.465414
v 10.825919 75.845734 18.666346
v 9.613926 77.545784 1.524558
v 11.836482 75.618805 0.905470
v 11.602473 78.427200 0.524046
v 13.927766 76.672028 0.192187
v 13.757458 79.388214 0.072905
v 16.067539 77.756386 0.072906
v 15.944693 80.364029 0.200541
v 18.165815 78.818527 0.531437
v 18.037632 81.296402 0.896738
v 20.104956 79.798698 1.539166
v 19.918047 82.132690 2.120679
v 21.773243 80.640404 3.037276
v 21.477291 82.824554 3.801247
v 23.074385 81.294930 4.938854
v 22.626112 83.330536 5.841517
v 23.938469 81.713387 7.133981
v 23.324495 83.574745 8.158044
v 24.309845 81.814743 9.253989
v 22.037144 87.311501 10.538138
v 22.537951 85.432678 11.902207
v 21.634153 87.236580 12.867241
v 21.855381 85.178101 14.159066
v 20.724363 86.930840 15.061099
v 20.686983 84.719803 16.198795
v 19.343241 86.467064 16.963058
v 19.095905 84.098183 17.881428
v 17.568922 85.873413 18.462282
v 17.180149 83.351471 19.103519
v 15.510454 85.186523 19.468561
v 15.045303 82.520912 19.799454
v 13.279023 84.443291 19.927084
v 12.811659 81.653450 19.927084
v 10.963757 83.676453 19.797871
v 10.574521 80.781296 19.465416
v 8.683860 80.812180 18.666346
v 7.645406 82.623444 1.524554
v 9.667166 80.486732 0.905443
v 9.711645 83.304680 0.523920
v 11.854817 81.329567 0.191466
v 11.953275 84.049370 0.072905
v 14.088830 82.196877 0.072905
v 14.223255 84.803726 0.200552
v 16.281120 83.046761 0.531440
v 16.397884 85.525169 0.896738
v 18.307455 83.830933 1.539170
v 18.351595 86.171974 2.120677
v 20.050655 84.504074 3.037330
v 19.971460 86.706734 3.801250
v 21.409977 85.027092 4.938913
v 21.164663 87.097015 5.841773
v 22.311428 85.358391 7.134933
v 21.883738 87.271149 8.158951
v 22.690758 85.422569 9.255039
v 20.970989 91.116776 10.538013
v 21.284132 89.197571 11.902056
v 20.562605 91.081779 12.867235
v 20.579784 89.011513 14.159067
v 19.627094 90.867241 15.061100
v 19.371878 88.670654 16.198795
v 18.207006 90.541908 16.963036
v 17.727261 88.208961 17.881430
v 16.382835 90.126122 18.462248
v 15.747216 87.654770 19.103525
v 14.266566 89.645515 19.468569
v 13.540876 87.038780 19.799454
v 11.972714 89.125938 19.927082
v 11.232583 86.395782 19.927084
v 9.593227 88.591164 19.797886
v 8.920349 85.748459 19.465416
v 7.041948 85.965622 18.666344
v 6.187149 87.870438 1.524560
v 7.988326 85.544785 0.905469
v 8.309968 88.344490 0.524055
v 10.245635 86.167137 0.192186
v 10.611610 88.863914 0.072905
v 12.556602 86.810501 0.072905
v 12.948006 89.391518 0.200570
v 14.822520 87.440193 0.531437
v 15.183378 89.895065 0.896886
v 16.916306 88.020767 1.539172
v 17.191330 90.346069 2.120905
v 18.717386 88.518715 3.037325
v 18.855967 90.718483 3.801528
v 20.121647 88.905151 4.938876
v 20.081661 90.989189 5.841844
v 21.051016 89.145905 7.133979
v 20.814257 91.091660 8.158153
v 21.435057 89.172401 9.253963
v 7.764545 90.854630 19.465542
v 6.816430 90.743797 0.905478
v 9.124042 91.141136 0.192184
v 52.127392 63.636600 16.130550
v 52.166981 62.459339 16.179031
v 54.504288 61.473602 18.330738
v 54.812500 17.678629 1.591487
v 55.630089 17.339270 1.147496
v 50.540375 15.173217 7.010366
v 52.414078 20.253767 3.676367
v 52.588951 15.365110 3.486552
v 52.420082 17.417299 3.669933
v 50.040119 11.606236 10.353019
v 50.561832 15.024717 12.988761
v 52.289921 9.389777 16.282928
v 54.622192 29.092360 18.397387
v 54.707512 14.962461 18.433765
v 57.003693 18.420895 19.454016
v 55.953568 33.289944 19.124092
v 56.624413 82.215149 19.269974
v 57.035271 84.482155 19.411003
v 57.341747 82.809532 19.537983
v 55.873379 58.589733 19.060896
v 56.961967 59.023693 19.496656
v 54.240845 84.131157 18.023312
v 54.615101 88.753891 18.325068
v 51.506622 74.616142 15.040767
v 51.911388 72.568336 15.792001
v 50.174145 85.909218 8.538050
v 50.607845 87.231842 13.209573
v 50.522972 89.906860 12.756487
v 50.964417 63.516323 5.737978
v 50.814869 86.036797 6.316268
v 52.525284 90.393265 3.512708
v 52.787453 89.501999 3.223883
v 53.359650 83.336349 2.577068
v 53.056492 82.058510 2.897961
v 56.107773 68.939972 0.811531
v 56.281128 88.036087 0.763500
v 55.045567 73.121208 1.426576
v 57.032291 82.495399 0.482264
v 60.358780 55.824898 19.970266
v 62.661018 26.449224 19.515131
v 68.039276 39.416119 15.728870
v 67.730194 37.193542 16.201973
v 68.699760 62.443848 14.717930
v 69.070076 39.635136 6.122742
v 69.337700 36.151905 6.732862
v 67.560181 39.461227 3.649010
v 67.712715 36.252495 3.814707
v 61.622223 44.376434 0.270698
v 60.130421 48.499325 0.021760
v 56.488083 47.480537 19.601059
v 48.707085 41.405006 12.470976
v 50.677139 42.706665 15.866375
v 48.931705 41.380253 7.459446
v 49.052715 41.147579 8.795063
v 49.452564 42.818905 4.320730
v 48.834564 42.211475 5.380518
v 56.834850 50.290405 0.095424
v 57.233761 48.977325 0.110348
v 50.139206 59.805809 4.886217
v 50.313557 26.531704 7.527132
v 58.314678 18.944286 0.273231
v 57.282616 38.889370 0.437030
v 58.789589 17.566866 0.194565
v 57.372742 17.705782 0.430936
v 57.989208 16.621168 0.328523
v 57.362415 27.781561 0.428404
v 56.723827 23.938896 0.555222
v 56.616001 29.021521 0.596357
v 54.443237 10.952301 1.791507
v 55.425648 13.056135 1.259794
v 55.620937 15.815275 1.154031
v 54.834625 28.003958 1.579224
v 55.521290 29.588766 1.119440
v 50.479065 22.961103 7.149918
v 51.183681 13.556102 5.543819
v 51.406788 34.975243 4.906013
v 52.053352 26.294655 4.068053
v 52.551510 31.405279 3.437371
v 52.539032 36.842136 3.385114
v 53.653278 29.585173 2.274390
v 50.042820 25.332531 9.846553
v 50.121811 15.405768 9.235975
v 50.186535 14.285312 8.493607
v 50.018997 35.803352 10.345467
v 50.081459 36.104084 9.002611
v 50.134232 25.937527 8.687801
v 50.366535 36.116554 12.613491
v 50.089901 26.071527 11.172039
v 50.045109 15.182452 10.936126
v 50.019749 28.790276 10.369362
v 51.705437 38.535469 15.552896
v 51.829750 26.726587 15.672027
v 51.987789 13.034845 15.839951
v 51.712677 14.266752 15.425449
v 51.888165 20.769579 15.728788
v 51.488129 15.387151 15.087732
v 51.462494 11.033001 15.025223
v 50.717651 36.035858 13.689408
v 52.491787 40.483864 16.601538
v 58.059795 27.703133 19.794260
v 57.654530 29.791334 19.698841
v 56.352573 32.026371 19.270355
v 57.427479 23.766901 19.615179
v 56.045086 11.764489 19.105421
v 55.888859 27.615755 19.094196
v 55.036163 38.994041 18.671379
v 60.018230 68.538780 19.998484
v 59.189537 83.836220 19.932816
v 60.383263 81.422485 19.968235
v 60.531784 30.588280 19.940153
v 60.311558 43.963593 19.974178
v 59.781219 17.227955 19.935238
v 59.643284 19.830168 19.934151
v 56.911026 70.031143 19.435865
v 56.288342 70.896851 19.154703
v 57.851017 86.007683 19.730402
v 59.454636 88.679527 19.954788
v 58.924187 68.869545 19.910810
v 52.984634 89.521500 17.043293
v 53.601864 74.356857 17.530067
v 52.913811 73.369118 16.994942
v 54.042034 85.511253 17.867987
v 50.585491 73.587135 13.286556
v 50.683327 66.369728 13.623360
v 50.808220 74.756218 13.932356
v 51.425480 83.207092 14.910570
v 50.701584 65.055771 13.668487
v 51.164173 66.008423 14.542392
v 51.848000 85.945953 15.557131
v 51.700375 84.560486 15.331252
v 51.980385 89.242874 15.759578
v 51.918667 71.421638 15.813507
v 50.191753 72.726562 8.145913
v 50.189400 67.449539 8.114990
v 50.077374 76.874886 9.322303
v 50.092907 75.627182 9.081844
v 50.113811 86.992882 9.312142
v 50.167595 84.001053 11.353395
v 50.128731 72.503166 11.200376
v 50.405457 74.904556 12.558703
v 51.502285 67.590324 4.754398
v 51.307659 68.618835 5.110825
v 50.453083 71.296509 7.068454
v 50.412663 74.543564 7.176594
v 50.656467 75.576210 6.625862
v 50.567387 85.014061 6.875437
v 50.409348 83.827385 7.229873
v 50.259029 64.545959 7.754814
v 50.344627 68.213058 7.408729
v 52.297264 84.855225 3.735352
v 53.169750 86.997566 2.797268
v 53.385708 68.885139 2.516658
v 52.562244 69.430801 3.377750
v 52.380779 74.955864 3.599859
v 52.786072 72.230247 3.147269
v 56.067265 82.598122 0.863885
v 55.711555 71.167351 1.017633
v 56.052059 70.038536 0.834811
v 55.824841 83.814934 1.018562
v 54.852776 70.638344 1.527281
v 53.815590 62.426773 2.145420
v 54.266483 68.529716 1.841488
v 56.686916 59.226044 0.569519
v 56.767532 71.372864 0.537005
v 58.546726 80.837463 0.228324
v 58.250877 82.253761 0.278740
v 58.590698 62.516296 0.141737
v 58.832062 58.280746 0.091214
v 57.978176 57.668594 0.259617
v 58.934563 31.395540 0.088383
v 60.109406 42.693283 0.018254
v 59.763634 36.277081 0.018917
v 60.831318 11.133080 0.138722
v 60.372833 43.941601 0.062212
v 61.323536 18.396526 0.220859
v 61.364380 41.846703 19.886936
v 60.944775 80.422157 19.921705
v 62.039070 63.559143 19.728643
v 61.749508 35.904289 19.828054
v 63.014511 40.572685 19.393778
v 64.236687 37.284748 18.974209
v 64.425217 39.373730 18.909487
v 65.246635 86.458099 18.415556
v 64.822441 40.831879 18.745722
v 65.931061 63.264694 17.882843
v 67.113754 62.097908 16.962320
v 67.700455 61.286316 16.247477
v 67.442673 35.893761 16.642054
v 68.972328 38.768997 14.300735
v 69.231407 86.497612 13.725969
v 69.282227 41.585014 13.525306
v 69.751717 62.260025 11.671334
v 69.935265 61.299728 10.456727
v 69.957642 34.676834 10.858175
v 69.841583 63.165417 9.326105
v 69.731987 61.886055 8.003515
v 69.508957 61.232353 7.123273
v 69.706322 36.064739 7.693786
v 69.139145 37.431553 6.280197
v 69.091141 63.157688 6.170751
v 68.562393 61.881973 4.965335
v 68.090172 61.285652 4.224745
v 68.252266 35.790970 4.400816
v 67.379112 37.452671 3.452322
v 67.376480 63.112324 3.449462
v 66.328079 62.222454 2.310589
v 65.803947 36.264614 1.925575
v 64.628090 38.368790 1.289233
v 64.111130 36.977409 1.009470
v 63.748119 65.359802 0.813021
v 63.140179 64.363640 0.523999
v 62.096661 69.375374 0.349866
v 62.558949 75.984833 0.427008
v 61.798073 19.554747 0.300045
v 61.593460 56.866337 0.265898
v 61.766762 81.539024 0.294815
v 60.755013 56.162815 0.125985
v 60.602303 86.995476 0.100500
v 60.240288 57.032944 0.040093
v 52.814217 55.761192 1.512463
v 58.792557 48.268250 19.907402
v 58.464497 52.723896 19.874475
v 49.123184 41.006157 10.220690
v 48.838104 43.563580 3.460593
v 56.459671 45.010468 0.656862
v 59.331799 50.569004 0.051879
v 52.318920 47.036942 19.333536
v 45.910435 44.863369 17.084692
v 44.561115 46.234470 17.985159
v 44.727898 45.330330 17.240499
v 46.975067 44.351971 16.865978
v 44.260567 44.064064 15.682907
v 46.621559 42.271751 13.399692
v 43.965401 42.982193 13.572899
v 48.012592 41.270348 9.790172
v 45.125343 42.142490 11.598522
v 43.737591 42.445847 11.337635
v 47.053719 41.551594 9.396263
v 46.510334 41.774479 8.664084
v 43.755730 42.411022 8.906336
v 44.089096 42.887505 6.593221
v 46.448795 43.863209 3.853522
v 44.662193 45.472527 2.650618
v 48.025681 46.225094 1.491597
v 42.227371 46.253109 17.353224
v 39.824993 47.727039 17.884295
v 39.440769 47.059067 17.212526
v 41.700428 44.954456 15.781478
v 38.908249 45.932022 15.783730
v 41.113968 44.026997 13.889379
v 38.540863 44.830887 13.651473
v 41.212608 43.245899 11.254816
v 38.296322 44.272312 11.310136
v 40.920738 43.319263 8.968210
v 38.270664 44.252571 8.913316
v 40.946899 44.044659 6.212130
v 38.444439 44.782310 6.553577
v 41.753563 44.817661 4.380390
v 41.486462 45.639660 3.382679
v 38.757740 45.839413 4.415109
v 42.218239 46.318165 2.594982
v 39.333675 47.225933 2.679082
v 42.919617 46.798462 1.987537
v 34.336018 49.694546 17.499981
v 36.482765 46.997417 15.816303
v 33.663128 48.269394 15.765894
v 36.042004 45.896156 13.648035
v 33.217136 47.203030 13.634052
v 32.907711 46.683746 11.310675
v 32.881847 46.665241 8.917613
v 35.459557 46.225014 6.212615
v 33.157898 47.155788 6.544941
v 36.398544 46.886612 4.380949
v 36.216389 47.730354 3.382402
v 33.521030 48.199474 4.412921
v 37.011410 48.333206 2.594995
v 34.230789 49.521118 2.678854
v 37.756962 48.741348 1.988002
v 31.981533 51.743362 18.064472
v 29.560402 52.518532 17.563749
v 31.372072 49.628025 15.883715
v 29.003279 51.215969 16.118467
v 30.236324 48.782391 13.450221
v 27.909420 50.218105 13.587770
v 27.781981 49.615223 11.310084
v 27.755032 49.599129 8.917258
v 30.276783 48.906834 6.212601
v 28.078093 50.060024 6.544942
v 31.276358 49.472542 4.381067
v 31.178225 50.330029 3.382716
v 28.542274 51.062653 4.413202
v 32.028858 50.851635 2.595100
v 29.378857 52.307812 2.679082
v 32.811073 51.184376 1.988012
v 27.356838 54.742142 18.063551
v 25.026945 55.751400 17.563793
v 26.474581 52.764553 15.903406
v 24.342712 54.510616 16.117933
v 25.330732 51.966705 13.449426
v 23.157143 53.624958 13.587812
v 22.970764 53.037788 11.311034
v 22.942225 53.024254 8.918146
v 25.383671 52.086624 6.212589
v 23.309402 53.451008 6.544916
v 26.434214 52.551098 4.380928
v 26.421173 53.414177 3.382391
v 23.870295 54.403133 4.412921
v 27.319046 53.849289 2.594994
v 24.825617 55.559788 2.678852
v 28.130192 54.103188 1.987999
v 23.053669 58.181789 18.063997
v 20.834435 59.415642 17.563961
v 21.980404 56.300495 15.903460
v 20.031080 58.248245 16.117970
v 20.763439 55.619293 13.449453
v 18.763956 57.483788 13.587811
v 18.520729 56.917728 11.311036
v 18.491018 56.907093 8.917809
v 20.828003 55.733463 6.212385
v 18.898405 57.295757 6.544615
v 21.919098 56.091957 4.381053
v 21.991150 56.952023 3.382719
v 19.550211 58.187691 4.413229
v 22.927607 57.296558 2.595100
v 20.614870 59.244442 2.679119
v 23.759912 57.469315 1.988006
v 19.109932 62.028275 18.063562
v 17.023361 63.475105 17.563747
v 17.856743 60.262287 15.903406
v 16.108986 62.392769 16.117949
v 16.578560 59.704422 13.449440
v 14.772674 61.756996 13.587853
v 14.474648 61.217781 11.310699
v 14.444066 61.210159 8.917870
v 16.654001 59.811619 6.212599
v 14.887814 61.556530 6.544969
v 17.775171 60.060818 4.381104
v 17.931683 60.909595 3.382746
v 15.624496 62.379925 4.413250
v 18.897537 61.160103 2.595131
v 16.788170 63.326557 2.679122
v 19.742821 61.249954 1.988036
v 15.565054 66.245224 18.063557
v 13.631326 67.890747 17.563755
v 14.143939 64.611488 15.903595
v 12.614771 66.903908 16.118113
v 12.816942 64.182350 13.449667
v 11.222254 66.402969 13.588055
v 10.872555 65.895561 11.310573
v 10.841393 65.891006 8.917719
v 12.902525 64.281509 6.212615
v 11.317000 66.192078 6.544965
v 14.042809 64.418953 4.381109
v 14.282244 65.248161 3.382748
v 12.131277 66.938820 4.413251
v 15.268093 65.402214 2.595132
v 13.382618 67.766098 2.679118
v 16.118118 65.408264 1.988036
v 12.453255 70.791138 18.063551
v 10.691197 72.619316 17.563744
v 10.877890 69.305435 15.903437
v 9.582190 71.737457 16.117914
v 9.515071 69.009239 13.449437
v 8.147086 71.376289 13.587783
v 7.749146 70.905846 11.310427
v 7.717720 70.904404 8.917592
v 9.610075 69.099556 6.212612
v 8.220673 71.157135 6.544963
v 10.758351 69.123886 4.381107
v 11.078382 69.925446 3.382746
v 9.104605 71.819954 4.413249
v 12.074623 69.981529 2.595136
v 10.431425 72.519814 2.679119
v 12.921100 69.903748 1.988034
v 9.804868 75.621750 18.063545
v 8.231660 77.614769 17.563744
v 8.090663 74.298607 15.903396
v 7.041097 76.846558 16.117916
v 6.705285 74.138252 13.449408
v 5.577379 76.628639 13.587763
v 5.134952 76.199722 11.310025
v 5.103624 76.201431 8.917149
v 6.808744 74.218758 6.212599
v 5.629015 76.403328 6.544895
v 7.953831 74.129738 4.381111
v 8.351340 74.895828 3.382750
v 6.573987 76.975739 4.413250
v 9.348248 74.853416 2.595133
v 7.963343 77.541351 2.679121
v 10.182938 74.692543 1.988039
v 7.645698 80.689964 18.063549
v 6.276678 82.828384 17.563744
v 5.809378 79.542297 15.903399
v 5.016170 82.181320 16.117920
v 4.414950 79.519318 13.449407
v 3.538096 82.108810 13.587786
v 3.055592 81.725624 11.310553
v 3.024493 81.730385 8.917338
v 4.525918 79.589264 6.212379
v 3.567370 81.879532 6.544590
v 5.656565 79.387749 4.381094
v 6.127676 80.110909 3.382745
v 4.564074 82.355942 4.413230
v 7.115548 79.970383 2.595135
v 6.002429 82.781799 2.679120
v 7.930303 79.728004 1.988037
v 5.996794 85.946365 18.063549
v 4.845296 88.209373 17.563745
v 4.056259 84.985367 15.903399
v 3.527130 87.689758 16.117920
v 2.666366 85.100006 13.449430
v 2.049206 87.763214 13.587946
v 1.530070 87.434753 11.312151
v 1.500559 87.437721 8.917809
v 2.783605 85.158638 6.212598
v 2.055500 87.532249 6.544967
v 3.888946 84.846634 4.381103
v 4.429070 85.519829 3.382746
v 3.094446 87.908096 4.413246
v 5.398273 85.282593 2.595132
v 4.567794 88.190041 2.679121
v 6.185163 84.961044 1.988039
v 2.851540 90.561279 15.905022
v 1.396499 90.809761 13.234057
v 0.943793 90.572212 11.038492
v 1.597794 90.873665 6.215430
v 2.668105 90.453331 4.381237
v 3.272058 91.069931 3.382770
v 4.213161 90.738258 2.595137
v 4.964516 90.340652 1.988036
v 50.223129 15.325866 8.050027
v 50.247570 20.754581 7.816077
v 57.869534 28.905523 0.343305
v 57.814117 40.328541 0.310202
v 53.214733 17.236361 2.738772
v 55.316628 20.884464 1.318574
v 56.199944 18.290508 0.791769
v 51.005146 15.272154 5.950790
v 50.891243 19.731995 6.210345
v 51.275799 15.838947 5.235318
v 51.614025 16.905157 4.553173
v 50.125072 20.822042 9.009595
v 50.836811 15.885726 14.004117
v 50.607544 17.081448 13.300787
v 50.032143 21.631533 10.761858
v 52.160824 15.972192 16.121428
v 51.473854 19.642860 15.088616
v 55.011055 22.116182 18.650349
v 53.969234 21.578667 17.874220
v 54.175144 24.122690 18.042793
v 53.280910 24.541338 17.347940
v 53.639446 16.440214 17.601112
v 52.937355 25.964939 17.064447
v 52.753883 16.520290 16.882885
v 57.577648 19.845297 19.655237
v 57.400902 22.655722 19.602785
v 56.587826 21.656506 19.320730
v 55.560921 28.889530 18.942778
v 54.886745 20.826271 18.568527
v 60.555126 26.939402 19.923321
v 59.243095 41.818951 19.906420
v 60.996960 21.139643 19.917387
v 56.578964 78.962257 19.254402
v 58.101360 78.951057 19.807116
v 59.044216 81.374252 19.920773
v 53.511921 80.123444 17.457644
v 54.343502 82.377411 18.134060
v 50.591255 84.806892 13.206310
v 50.814983 82.722061 13.949196
v 51.548042 81.094795 15.098289
v 51.150070 85.277573 14.488903
v 51.667179 79.956299 15.280702
v 51.312481 79.093719 14.737844
v 51.239246 64.708733 14.730546
v 50.154980 82.180328 8.610977
v 50.069271 85.563889 9.788980
v 50.094685 82.819160 11.065516
v 51.223515 90.380814 5.406037
v 50.320805 81.200027 7.492776
v 50.344406 77.161224 7.409632
v 51.713581 80.913162 4.418093
v 51.912888 77.601418 4.149599
v 52.600346 80.805000 3.387799
v 53.431164 89.668983 2.525382
v 55.685627 75.263489 1.056145
v 54.900112 60.663151 1.454616
v 54.140209 83.590042 1.931825
v 57.307541 87.240181 0.439845
v 57.805275 58.790470 0.305136
v 59.565166 18.500938 0.035938
v 60.950401 24.681364 0.158592
v 60.358479 51.773155 19.970293
v 61.959694 49.576248 19.755896
v 64.289398 62.936832 18.956110
v 63.761494 87.952057 19.137335
v 63.721546 83.782181 19.151052
v 68.046036 12.043494 15.718531
v 68.431824 14.065511 15.128029
v 68.960030 63.271278 14.319551
v 68.528908 88.111351 14.979430
v 67.924568 85.947929 15.904446
v 69.900848 9.386249 10.041430
v 69.810699 9.337052 8.953481
v 69.008194 13.552314 5.981657
v 64.979355 84.431992 1.479325
v 62.813709 44.843300 0.469523
v 62.469666 51.494465 0.412112
v 62.036613 31.757378 0.339849
v 61.152378 31.786182 0.192297
v 59.745922 75.710327 0.019501
v 59.669460 65.012009 0.025297
v 46.897011 45.959496 18.233213
v 46.257610 44.022804 16.306236
v 45.444813 43.633205 15.479601
v 45.951023 42.819859 14.389614
v 45.247372 42.622368 13.445833
v 46.629818 41.783222 11.637708
v 46.000523 42.092045 12.552842
v 45.948177 41.772831 9.767849
v 45.443848 42.541142 6.640550
v 46.798115 42.210114 6.648817
v 46.151253 41.974102 7.760865
v 45.678940 43.590313 4.500961
v 47.055065 43.188080 4.598423
v 46.233673 42.779716 5.537843
v 47.483883 45.226868 2.273587
v 40.219746 45.450298 15.751787
v 39.812241 44.404961 13.697443
v 40.711582 44.632641 14.867573
v 39.527115 43.847488 11.351873
v 40.430378 43.580284 11.729459
v 39.557716 43.793167 8.987673
v 40.282280 43.441803 10.248614
v 40.253654 43.969078 7.004330
v 41.442158 43.581326 6.935418
v 40.346283 43.662521 7.859204
v 39.518372 44.410515 6.544687
v 40.575943 44.679329 5.133409
v 39.808731 45.487000 4.394655
v 36.191830 48.428684 17.175436
v 35.783501 47.722393 16.342501
v 34.732388 47.702286 15.673532
v 35.111225 46.909279 14.861963
v 34.316654 46.730587 13.726228
v 34.170776 46.104652 11.369387
v 34.995907 45.943993 12.598734
v 34.145424 46.068901 8.986055
v 34.843288 45.628525 10.145927
v 34.459591 46.352097 7.020880
v 35.582249 45.823723 7.036856
v 34.927364 45.855942 7.861359
v 34.236340 46.813046 6.165693
v 35.215889 46.871597 5.123626
v 34.531986 47.744778 4.393067
v 31.374708 50.571682 16.895901
v 30.270267 50.511005 16.173193
v 29.209631 50.458416 15.324766
v 29.594038 49.523315 14.271448
v 30.316509 49.762791 15.272989
v 29.045778 49.438210 13.341617
v 28.978785 48.915508 11.364003
v 29.695965 48.670063 12.469146
v 28.953657 48.881115 8.985556
v 29.604332 48.374065 10.144867
v 29.294199 49.131908 7.020858
v 30.359352 48.495373 7.036827
v 29.710791 48.592033 7.861241
v 29.117476 49.612606 6.165715
v 30.097992 49.574230 5.123729
v 29.503435 50.510445 4.393422
v 26.561445 53.657532 16.870539
v 25.500072 53.699913 16.161983
v 24.473743 53.736237 15.324362
v 24.766018 52.766960 14.271976
v 25.465321 52.973843 15.282761
v 24.211063 52.736816 13.341648
v 24.092791 52.223412 11.364771
v 24.782314 51.908348 12.469245
v 24.064249 52.191521 8.986443
v 24.661892 51.622978 10.145909
v 24.428055 52.407482 7.020894
v 25.425259 51.669022 7.036857
v 24.789354 51.829170 7.861451
v 24.299608 52.903286 6.165689
v 25.271603 52.768471 5.123612
v 24.772354 53.758881 4.393067
v 22.155003 57.180672 16.870710
v 21.102884 57.327396 16.162060
v 20.085110 57.464710 15.324376
v 20.280378 56.471329 14.271985
v 20.996681 56.608257 15.282779
v 19.725163 56.496056 13.341665
v 19.556894 55.996811 11.365016
v 20.211958 55.615345 12.469368
v 19.525354 55.967854 8.986292
v 20.063911 55.343357 10.146660
v 19.908764 56.147083 7.020350
v 20.828251 55.313854 7.036464
v 20.211174 55.535866 7.860903
v 19.829765 56.653046 6.165435
v 20.783630 56.422939 5.123669
v 20.384335 57.457607 4.393419
v 18.117153 61.120850 16.870541
v 17.084742 61.370697 16.161987
v 16.085510 61.607738 15.324386
v 16.181868 60.599945 14.271985
v 16.908173 60.665569 15.282766
v 15.631792 60.679295 13.341650
v 15.415050 60.199070 11.364631
v 16.029362 59.754845 12.469283
v 15.380838 60.173428 8.986238
v 15.855284 59.498657 10.146113
v 15.779930 60.313786 7.020886
v 16.612833 59.393990 7.036829
v 16.020714 59.675823 7.861415
v 15.751277 60.825130 6.165726
v 16.677858 60.502132 5.123736
v 16.382559 61.571152 4.393442
v 14.487694 65.440140 16.870594
v 13.485003 65.790611 16.162176
v 12.514122 66.125107 15.324782
v 12.510577 65.112686 14.272502
v 13.239891 65.106430 15.283180
v 11.970940 65.245827 13.341950
v 11.707850 64.789215 11.364687
v 12.275354 64.286644 12.469378
v 11.671281 64.767044 8.986293
v 12.076777 64.048973 10.146274
v 12.082238 64.867416 7.020903
v 12.820370 63.869980 7.036872
v 12.258924 64.208832 7.861475
v 12.104140 65.379105 6.165730
v 12.994354 64.966324 5.123739
v 12.805901 66.059250 4.393443
v 11.301719 70.096184 16.870541
v 10.338406 70.543777 16.161982
v 9.405107 70.972305 15.324355
v 9.301830 69.965202 14.271979
v 10.026899 69.887016 15.282769
v 8.778022 70.150940 13.341628
v 8.471310 69.722458 11.364395
v 8.986434 69.166420 12.469193
v 8.432800 69.704033 8.986021
v 8.765511 68.949219 10.145486
v 8.851562 69.763474 7.020891
v 9.487754 68.698112 7.036854
v 8.962485 69.090630 7.861368
v 8.923809 70.270508 6.165730
v 9.768978 69.771973 5.123738
v 9.689213 70.878143 4.393443
v 8.590406 75.043724 16.870529
v 7.675928 75.584122 16.161968
v 6.789433 76.102577 15.324348
v 6.587358 75.110565 14.271964
v 7.301175 74.961266 15.282750
v 6.084409 75.347061 13.341604
v 5.736907 74.950897 11.363977
v 6.194700 74.346771 12.469101
v 5.696864 74.936386 8.985528
v 5.953405 74.152390 10.144842
v 6.119407 74.954247 7.020842
v 6.647447 73.831329 7.036829
v 6.163448 74.273743 7.861228
v 6.241289 75.451683 6.165707
v 7.033185 74.872223 5.123739
v 7.062874 75.980873 4.393442
v 6.380162 80.234512 16.870531
v 5.523417 80.862457 16.161978
v 4.692368 81.465790 15.324354
v 4.393464 80.498535 14.271969
v 5.089080 80.279579 15.282755
v 3.916286 80.783478 13.341626
v 3.531454 80.423508 11.364315
v 3.927427 79.777184 12.469150
v 3.490129 80.413017 8.985537
v 3.668159 79.607552 10.145163
v 3.912575 80.389168 7.020308
v 4.327264 79.219658 7.036423
v 3.889171 79.707596 7.860656
v 4.082818 80.872139 6.165422
v 4.813655 80.217392 5.123675
v 4.952488 81.317719 4.393420
v 4.692513 85.617928 16.870533
v 3.901866 86.327286 16.161976
v 3.134356 87.009636 15.324352
v 2.741531 86.076576 14.271970
v 3.412171 85.790085 15.282754
v 2.294782 86.407166 13.341637
v 1.876305 86.087143 11.364650
v 2.206672 85.404724 12.469265
v 1.834044 86.080688 8.986227
v 1.931966 85.261650 10.146070
v 2.251986 86.015106 7.020886
v 2.549404 84.810417 7.036825
v 2.161611 85.339226 7.861406
v 2.469130 86.478943 6.165725
v 3.131914 85.755348 5.123737
v 3.378597 86.836617 4.393442
v 3.558462 91.082222 16.875525
v 1.105447 90.205734 11.910808
v 0.747926 91.089600 10.070807
v 1.331511 90.548744 7.037330
v 0.998335 91.109459 7.862803
v 55.084797 60.517517 18.696463
v 55.003147 81.935181 18.645111
v 50.257504 36.125473 7.770231
v 59.413120 19.574730 0.048631
v 56.620991 39.816948 0.595561
v 56.492222 30.530088 0.643143
v 53.151039 38.120869 2.744785
v 53.989204 38.966427 2.036442
v 54.842735 38.365776 1.489177
v 54.870861 39.731586 1.457162
v 55.755550 19.624287 1.040311
v 55.765141 40.468685 0.973609
v 50.634171 9.237359 6.796708
v 50.615761 36.428802 6.671196
v 51.045017 36.842014 5.575835
v 51.590523 25.240444 4.590333
v 51.689648 37.301659 4.462808
v 52.357872 25.310011 3.737278
v 52.851048 26.023523 3.108105
v 50.046379 23.843355 9.854960
v 50.146740 35.561722 11.442369
v 50.045837 38.124447 10.943463
v 50.277779 24.738382 11.907481
v 50.121590 29.890316 11.315631
v 51.070786 38.686012 14.467134
v 51.115089 26.589418 14.554222
v 53.507225 37.973442 17.567019
v 53.271229 40.373158 17.391003
v 53.600414 29.266735 17.611725
v 57.297123 39.269035 19.614670
v 57.679436 40.513557 19.704674
v 56.756588 45.403614 19.448315
v 56.429775 41.122807 19.323515
v 58.099667 18.538216 19.803669
v 56.098698 42.392422 19.191133
v 55.871307 17.895315 19.063726
v 56.012173 39.562359 19.151176
v 60.552387 46.316872 19.954222
v 55.868942 60.973408 19.043074
v 55.835648 59.637962 19.037498
v 58.320492 58.802158 19.857393
v 58.934677 67.725510 19.912487
v 59.138256 59.515488 19.940708
v 59.748276 56.979774 19.994053
v 59.720238 52.873833 19.993389
v 52.754852 64.509911 16.874941
v 53.776733 62.458946 17.764832
v 50.337532 65.521355 12.496733
v 51.187981 75.787811 14.547476
v 52.078495 83.605728 15.976637
v 50.170158 76.419853 8.340626
v 50.021885 65.854401 9.656899
v 50.017868 76.159904 10.283570
v 50.182751 80.639587 11.413392
v 50.178207 67.198837 11.490882
v 50.119110 65.923576 11.162663
v 51.375866 71.966705 4.986694
v 51.258308 83.648354 5.257581
v 50.643444 76.548759 6.660333
v 52.559967 65.337799 3.361705
v 51.571144 73.114494 4.629522
v 52.642708 64.025917 3.267846
v 53.519981 67.499557 2.400699
v 55.585567 61.280518 1.042333
v 54.807343 62.250202 1.520021
v 57.221130 54.511257 0.419246
v 57.391998 62.842941 0.407701
v 58.721989 56.866711 0.099866
v 59.975986 31.361477 0.001270
v 60.582592 30.268793 0.097216
v 61.545528 12.787737 19.871929
v 61.600716 60.581680 19.867353
v 62.412010 90.844055 19.600615
v 62.282410 10.046486 19.645109
v 63.654926 25.527925 19.173923
v 64.094551 15.492569 19.023005
v 63.666985 22.643686 19.169788
v 65.182816 62.264553 18.465229
v 67.299561 86.716782 16.817701
v 67.598297 90.738914 16.403851
v 68.630737 11.186311 14.823568
v 69.151909 13.884594 14.025860
v 69.319809 62.352318 13.376904
v 69.824471 87.660675 11.384038
v 69.708458 87.246292 7.719483
v 68.439598 87.248772 4.685389
v 66.867676 11.359914 2.896753
v 65.134506 88.680481 1.563289
v 63.721676 11.154983 0.798711
v 63.181099 13.779112 0.530832
v 62.963951 39.563503 0.494594
v 64.062332 87.972855 0.983060
v 63.293068 88.620964 0.566757
v 62.878681 82.241776 0.480362
v 62.547588 57.626427 0.425114
v 60.960922 68.750038 0.160345
v 59.210003 52.878323 0.061277
v 50.049870 58.823376 16.499636
v 58.382668 47.181713 19.868158
v 57.506531 46.457729 19.663952
v 49.806683 45.200615 1.823203
v 53.322792 44.567867 1.910188
v 56.935684 46.123001 0.491134
v 59.257660 51.810562 0.057494
v 43.872570 44.895618 16.687244
v 48.625328 43.526653 16.414730
v 43.489174 43.569542 14.722483
v 43.108295 42.790047 12.543884
v 43.054569 42.457401 10.105264
v 43.178913 42.699806 7.710850
v 43.351643 43.485123 5.517807
v 43.873180 44.801277 3.409945
v 44.197956 46.565002 1.808900
v 42.018333 47.251129 18.127712
v 38.579941 46.780704 16.727514
v 38.070057 45.536270 14.840678
v 37.682453 44.669426 12.501352
v 37.503426 44.398682 10.136597
v 37.600967 44.638382 7.732222
v 37.816948 45.424995 5.505230
v 38.459797 46.673512 3.415583
v 39.008526 48.375225 1.814669
v 33.451725 49.194748 16.767403
v 32.417423 48.011124 14.626957
v 32.332317 47.136395 12.490122
v 32.131138 46.887634 10.136728
v 32.256641 47.111282 7.754781
v 32.545559 47.885704 5.485945
v 33.306656 49.057487 3.415305
v 34.020462 50.696678 1.814621
v 28.655439 52.077156 16.818302
v 27.806961 50.885269 14.822614
v 27.241411 50.134460 12.500407
v 27.029858 49.894390 10.136362
v 27.176834 50.104607 7.754738
v 27.540703 50.846741 5.485996
v 28.413567 51.937645 3.415558
v 29.285570 53.498569 1.814665
v 24.082865 55.401398 16.818336
v 23.120975 54.298958 14.822618
v 22.484142 53.607681 12.500628
v 22.249699 53.389946 10.137962
v 22.416878 53.584263 7.754795
v 22.852226 54.286900 5.485914
v 23.828472 55.286530 3.415308
v 24.850079 56.753769 1.814625
v 19.860336 59.160313 16.818365
v 18.794407 58.158066 14.822625
v 18.092562 57.532917 12.500613
v 17.838058 57.339092 10.137767
v 18.023357 57.516273 7.754454
v 18.525770 58.172554 5.485950
v 19.595665 59.070869 3.415691
v 20.757099 60.430370 1.814682
v 16.028973 63.317188 16.818308
v 14.869524 62.425026 14.822737
v 14.109341 61.872108 12.500570
v 13.836700 61.704597 10.137520
v 14.038795 61.862354 7.754903
v 14.603550 62.465870 5.486020
v 15.756817 63.254326 3.415699
v 17.046638 64.492661 1.814689
v 12.626232 67.831665 16.818338
v 11.384573 67.058258 14.822985
v 10.573460 66.582832 12.500555
v 10.285815 66.442673 10.136882
v 10.502315 66.580078 7.754818
v 11.123781 67.125023 5.486018
v 12.349174 67.795921 3.415699
v 13.754818 68.901054 1.814689
v 9.685143 72.659615 16.818296
v 8.373096 72.012306 14.822611
v 7.519252 71.619278 12.500459
v 7.219200 71.508156 10.136641
v 7.448219 71.623581 7.754782
v 8.120378 72.104591 5.486017
v 9.405956 72.651382 3.415701
v 10.913715 73.612534 1.814685
v 7.234480 77.754074 16.818298
v 5.864999 77.239281 14.822607
v 4.976539 76.932350 12.500381
v 4.666964 76.851349 10.136153
v 4.906333 76.943657 7.754524
v 5.622631 77.356026 5.485982
v 6.955844 77.773392 3.415698
v 8.551028 78.581207 1.814685
v 5.298093 83.065338 16.818296
v 3.884522 82.688095 14.822610
v 2.970183 82.470284 12.500517
v 2.654196 82.420227 10.137216
v 2.901391 82.488464 7.754364
v 3.654853 82.828186 5.485949
v 5.022717 83.112068 3.415693
v 6.689784 83.758636 1.814685
v 3.894847 88.541649 16.818293
v 2.451004 88.305534 14.822614
v 1.521261 88.178902 12.504666
v 1.198669 88.166496 10.137078
v 1.452873 88.203964 7.754854
v 2.236212 88.467682 5.486021
v 3.625423 88.615295 3.415697
v 5.348116 89.094322 1.814685
v 52.054523 60.132393 16.040092
v 54.231331 58.789173 18.158762
v 57.470051 14.627069 19.602997
v 56.859970 85.427864 19.350817
v 56.606903 56.555794 19.393450
v 54.759956 86.079712 18.465372
v 58.579861 84.314590 0.225367
v 63.321331 27.730570 19.288450
v 63.126072 32.047989 19.355482
v 62.696144 30.085012 19.503075
v 67.865562 42.820969 15.994761
v 68.081322 45.665985 15.664526
v 68.711983 56.799717 14.699209
v 69.008835 52.826900 14.244847
v 69.390869 38.258743 6.854059
v 69.164253 44.316139 6.337443
v 68.076981 38.541298 4.210405
v 61.514046 47.339584 0.252647
v 52.871132 76.826462 16.960278
v 55.456226 76.764946 18.868988
v 55.067242 75.686699 18.685467
v 57.692566 20.130754 0.376541
v 53.877750 41.585823 2.096685
v 54.128315 24.332872 1.961561
v 54.508804 13.620911 1.755948
v 54.328827 25.688185 1.853014
v 55.603954 27.136425 1.081552
v 56.408958 27.506029 0.674210
v 50.998173 23.764450 5.848717
v 51.913677 23.277462 4.219855
v 51.655491 13.071374 4.500628
v 52.270092 40.204884 3.696120
v 50.161938 16.582424 8.711106
v 50.407555 34.715878 12.756341
v 50.785381 35.011276 13.883487
v 50.221687 27.427261 11.698993
v 50.221466 18.485201 11.654881
v 50.030052 17.777273 10.695776
v 51.122181 13.176524 14.515798
v 52.763504 34.942635 16.892578
v 53.422977 33.616348 17.487520
v 52.512482 32.774628 16.625025
v 52.830727 37.181911 16.959091
v 52.372829 36.130070 16.459398
v 57.854652 26.330750 19.745966
v 56.981941 16.077095 19.439678
v 55.961380 9.041327 19.068708
v 55.845791 26.441109 19.074305
v 59.780502 69.689194 19.994764
v 59.996132 66.346405 19.999990
v 60.751301 28.269346 19.937742
v 59.486210 14.313681 19.961050
v 59.650139 29.939545 19.884941
v 59.527439 24.809074 19.919794
v 57.661594 81.419502 19.679735
v 57.449211 72.957047 19.625395
v 58.361839 82.573807 19.864229
v 59.251762 79.411018 19.937969
v 53.310547 86.754364 17.298128
v 50.522270 62.915375 13.126941
v 50.743374 72.346268 13.771941
v 50.880219 62.569149 14.077148
v 51.787174 75.853447 15.559699
v 52.030262 74.608185 15.971438
v 50.101402 68.164719 8.777009
v 50.107121 83.360298 9.238625
v 50.024826 77.537857 10.101378
v 50.106537 74.813843 11.112646
v 50.767735 83.340866 6.410439
v 53.104774 88.365791 2.874044
v 52.683334 70.854271 3.252648
v 55.986107 72.565849 0.865868
v 54.958717 71.790031 1.471630
v 53.480686 63.595955 2.434669
v 56.999092 57.897915 0.469607
v 59.664047 33.584057 0.027311
v 59.916466 45.118881 0.005925
v 60.703419 46.293373 0.117376
v 61.921249 15.755294 0.320599
v 61.635517 12.109442 0.272919
v 62.332348 39.710175 19.627964
v 64.122314 44.653694 19.013468
v 67.962753 50.011440 15.846001
v 67.768013 56.002697 16.144075
v 68.389908 43.081047 15.192194
v 69.870773 51.366096 9.678482
v 69.881889 56.111965 9.812670
v 69.216873 56.046654 6.457396
v 67.663002 55.033520 3.760703
v 67.898811 56.427002 4.016868
v 63.702477 73.347725 0.788316
v 63.536652 68.019653 0.698578
v 61.934532 22.482010 0.322815
v 61.089622 53.542679 0.181822
v 60.155975 63.765312 0.026023
v 55.204460 49.019447 0.075615
v 45.703480 45.703896 17.766129
v 32.633148 50.790764 17.631119
v 27.913218 53.729008 17.630524
v 23.507343 57.118626 17.630848
v 19.456692 60.925674 17.630560
v 15.801387 65.113777 17.630531
v 12.576872 69.641899 17.630524
v 9.814561 74.465927 17.630518
v 7.541376 79.538818 17.630522
v 5.779476 84.811119 17.630522
v 4.545974 90.231468 17.630470
v 50.221920 17.644638 8.022803
v 50.380089 18.640432 7.375690
v 57.638138 31.268492 0.380921
v 58.349762 30.132956 0.235881
v 56.480366 20.537706 0.646606
v 53.955666 15.353103 2.055242
v 55.436695 32.254257 1.157919
v 51.090805 17.082293 5.740796
v 51.404579 14.494698 4.931129
v 53.141197 13.596616 2.886657
v 52.845188 30.003511 3.084305
v 50.097866 10.432348 9.696656
v 50.196072 12.235489 8.449265
v 50.547337 20.023579 13.070989
v 50.395958 12.261234 12.313831
v 54.153667 35.837414 18.086702
v 53.590168 23.376827 17.584925
v 53.911053 18.877708 17.820307
v 52.750080 18.614164 16.879143
v 53.126133 27.276157 17.236217
v 57.587234 13.234311 19.639145
v 55.257080 15.763047 18.802439
v 56.170250 15.195662 19.158445
v 59.713001 82.538757 19.983431
v 59.299866 23.368616 19.945581
v 56.533859 80.994293 19.238901
v 56.522457 72.145454 19.251368
v 53.629158 70.389252 17.593885
v 50.733376 86.051147 13.720501
v 50.212841 83.578255 8.088379
v 50.162941 79.234970 8.420223
v 50.024837 87.420685 10.638558
v 50.024174 86.375427 10.539582
v 50.438519 82.450439 7.156600
v 52.222786 82.088051 3.803751
v 52.658131 83.419495 3.336857
v 53.564491 85.970032 2.369437
v 55.860218 73.970985 0.942443
v 54.464314 77.076736 1.746910
v 54.236385 81.163261 1.876230
v 53.480713 80.907784 2.440165
v 57.384785 84.648163 0.425036
v 60.380714 22.383038 0.063528
v 60.049889 23.825722 0.008324
v 61.281364 21.622547 0.213821
v 61.056995 69.238434 19.912407
v 60.487572 70.695869 19.959591
v 62.334621 25.542908 19.627182
v 62.549335 31.307877 19.553474
v 62.619617 33.026802 19.529343
v 64.769669 33.221523 18.786798
v 65.372597 32.248642 18.317516
v 65.896439 37.627663 17.909798
v 67.941116 30.931595 15.879118
v 68.788223 69.436020 14.582524
v 69.406250 31.880438 13.035523
v 69.513496 37.336170 12.612020
v 69.912888 30.032461 10.186717
v 69.811424 69.583961 8.962227
v 69.777397 68.389023 8.551526
v 68.920876 69.583672 5.782594
v 68.738503 68.404228 5.366821
v 67.710243 30.957022 3.812025
v 67.048553 38.395580 3.093242
v 66.710373 69.677658 2.725867
v 64.498512 12.155063 1.219113
v 64.804474 41.309513 1.384690
v 64.271683 68.679466 1.096355
v 62.214237 48.193085 0.369488
v 61.571499 28.301096 0.262236
v 61.205753 84.254738 0.201199
v 59.444645 77.055412 0.043299
v 60.531082 49.573814 19.955988
v 46.756340 44.487179 3.063097
v 54.916019 84.730469 18.590233
v 55.123173 83.388885 18.720736
v 58.469963 39.082504 0.158471
v 59.028389 28.882738 0.080594
v 59.042633 16.257679 0.143456
v 57.338650 30.064695 0.431405
v 56.636543 42.502087 0.589972
v 57.559177 42.842041 0.358217
v 53.285542 30.746841 2.624037
v 54.158562 35.981129 1.944871
v 54.258869 8.470869 1.891347
v 55.569855 30.992752 1.091832
v 56.141071 21.706648 0.815615
v 55.740559 37.677116 0.991499
v 50.295792 38.582073 7.592908
v 50.848156 28.937307 6.168733
v 50.689606 39.083992 6.446958
v 51.166035 29.262333 5.358894
v 52.005814 34.940063 4.119429
v 51.604973 29.030655 4.567517
v 52.365284 28.871252 3.721550
v 53.171482 14.630850 2.832035
v 53.340290 36.931625 2.550906
v 50.040554 22.682207 9.965374
v 50.079609 21.851299 9.522717
v 50.004375 38.238186 9.864846
v 50.102455 38.412895 8.772514
v 50.602196 26.083536 13.329740
v 50.494804 22.561600 12.869506
v 50.296196 23.475677 11.974106
v 50.031029 27.577545 10.726378
v 50.032116 34.628754 10.760723
v 51.564785 29.109638 15.278387
v 51.427738 39.633938 15.125004
v 54.893948 27.932024 18.575174
v 54.670399 25.988520 18.428139
v 53.666309 26.281811 17.653477
v 53.190453 36.000301 17.314154
v 52.737091 31.350458 16.866417
v 57.148926 42.977291 19.575945
v 58.602692 15.091694 19.888033
v 57.422722 32.076389 19.637962
v 54.591244 41.748062 18.380533
v 59.605858 58.315010 19.990517
v 58.713982 28.909727 19.900757
v 54.992424 69.065170 18.638300
v 55.949661 69.536369 19.038445
v 55.219025 57.976280 18.781017
v 57.793442 62.241016 19.731638
v 57.882004 70.608780 19.750696
v 58.760628 69.918877 19.897259
v 59.755211 90.934601 19.981205
v 59.083912 70.955307 19.925779
v 59.973858 80.161011 19.999481
v 59.266205 78.229752 19.939350
v 58.820988 60.708103 19.906010
v 52.750160 71.071281 16.868538
v 52.805241 60.528996 16.915831
v 53.535114 69.271561 17.514954
v 53.322876 72.322983 17.313774
v 54.270172 79.657417 18.087076
v 53.708405 64.427147 17.696333
v 53.912052 63.411266 17.873852
v 50.617153 67.440460 13.422191
v 51.500244 76.997742 15.025358
v 51.157295 77.937363 14.500374
v 52.343170 85.107162 16.400812
v 50.205700 75.081841 8.063601
v 50.123104 74.202126 8.670789
v 50.018494 67.002861 10.510442
v 50.148472 76.968269 11.278155
v 50.023071 63.528130 10.602162
v 51.047932 75.494637 5.687178
v 50.477730 63.316853 6.972969
v 50.830090 77.787354 6.240936
v 51.121628 66.458992 5.450858
v 50.869514 71.923370 6.098983
v 50.380325 66.786613 7.283036
v 51.592171 75.351326 4.591509
v 51.598190 70.926613 4.579556
v 51.778801 69.036339 4.331721
v 55.658367 56.149067 0.999369
v 55.548286 57.533062 1.052361
v 54.903919 58.204182 1.438673
v 54.102489 58.911934 1.925660
v 54.814026 74.402641 1.553752
v 53.279663 70.241066 2.615176
v 53.417347 71.677795 2.489308
v 54.437653 63.496799 1.741503
v 56.336445 56.925308 0.715989
v 57.022068 73.370857 0.477219
v 56.970753 64.148689 0.478961
v 57.984749 73.977615 0.317027
v 59.894669 86.011223 0.007994
v 58.757877 61.050880 0.097127
v 58.748383 59.513905 0.097842
v 59.677860 40.362823 0.025996
v 59.787800 17.217079 0.017345
v 60.269619 29.044664 0.044990
v 60.633434 27.575254 0.105700
v 62.263885 9.665260 0.377776
v 60.737663 19.874195 19.900381
v 60.519909 22.364994 19.897684
v 61.286385 10.552577 19.891762
v 60.954784 39.128891 19.920877
v 62.671623 61.040035 19.511492
v 61.956039 58.051235 19.757149
v 62.817757 58.298122 19.461325
v 62.549789 68.367363 19.553312
v 62.079548 11.338009 19.714756
v 62.943012 17.354528 19.418325
v 62.309452 18.124289 19.635826
v 62.462639 12.521422 19.583239
v 62.640564 24.483660 19.522156
v 63.387135 20.316153 19.265860
v 62.852009 85.720192 19.449562
v 64.423332 31.892153 18.910135
v 64.196594 81.586243 18.987967
v 65.174866 9.140264 18.471418
v 65.084991 14.549033 18.541374
v 66.118813 15.806500 17.736717
v 65.005890 80.707611 18.602936
v 65.687904 81.795761 18.072102
v 66.466789 27.107321 17.465879
v 66.422844 26.113848 17.500078
v 67.526741 89.504410 16.513357
v 67.475731 67.042252 16.591448
v 68.786598 65.622581 14.585000
v 67.973694 18.249495 15.829257
v 67.531616 13.071673 16.505901
v 67.940575 87.319946 15.879949
v 67.929436 33.508118 15.897015
v 69.095436 34.299782 14.112294
v 69.172821 57.004257 13.957330
v 69.354553 14.964380 13.239701
v 69.560020 15.930623 12.428313
v 69.337105 80.436523 13.308559
v 69.445206 82.668411 12.881709
v 69.603714 27.867998 12.255759
v 69.950317 66.152176 10.638387
v 69.936920 70.722778 10.476764
v 69.891441 68.574501 9.927835
v 69.884262 18.701536 9.841217
v 69.947945 13.065406 10.609721
v 69.885674 80.603989 9.858236
v 69.863838 81.499115 9.594685
v 69.812363 32.753422 8.973492
v 69.747719 31.310034 8.193390
v 69.779945 37.147583 8.582346
v 69.622215 66.106537 7.381478
v 69.539650 70.732346 7.193262
v 69.274284 68.487167 6.588283
v 69.394547 13.139011 6.862453
v 69.081390 81.162415 6.148530
v 68.913490 32.528164 5.765764
v 68.769058 31.369965 5.436490
v 68.697540 37.364845 5.273431
v 68.230820 66.106628 4.377522
v 67.962608 70.748032 4.086173
v 67.408066 68.568558 3.483769
v 67.760307 18.016119 3.866407
v 67.997375 20.031830 4.123939
v 67.370773 14.871806 3.443264
v 66.269707 11.982533 2.247180
v 67.983414 80.853958 4.108762
v 67.350327 81.415474 3.421045
v 66.358498 30.670811 2.343641
v 66.506752 37.258194 2.504681
v 66.164169 90.567169 2.132536
v 65.975677 87.675606 2.018504
v 66.179695 67.769341 2.149398
v 66.194496 66.235451 2.165473
v 65.121735 68.369888 1.556379
v 64.638649 69.703079 1.294948
v 65.394989 86.228928 1.704257
v 64.144684 8.823576 1.027633
v 63.735943 41.785145 0.806432
v 63.895344 80.576492 0.892692
v 63.583519 84.591339 0.723940
v 62.843437 60.898460 0.474482
v 62.240559 78.724342 0.373878
v 62.529587 35.767357 0.422111
v 62.515820 29.306948 0.419815
v 61.457603 72.114861 0.243226
v 60.903023 59.453907 0.150683
v 60.696583 71.296036 0.116234
v 61.594944 90.317528 0.266143
v 60.826698 91.063690 0.137946
v 60.229511 66.478325 0.038295
v 59.882465 58.979900 0.008360
v 59.182568 73.482964 0.063896
v 50.598240 59.100521 4.047685
v 49.101788 61.086449 7.260371
v 36.411667 49.423088 18.057505
v 35.383106 49.316071 17.586939
v 30.819044 52.090660 17.805044
v 26.234266 55.202301 17.804077
v 21.981853 58.750301 17.804409
v 18.099480 62.699772 17.804075
v 14.625751 67.013084 17.804079
v 11.594239 71.647873 17.804066
v 9.034515 76.559006 17.804064
v 6.971517 81.698624 17.804066
v 5.425353 87.016602 17.804070
v 52.436001 65.630890 16.510868
v 54.629272 64.066422 18.409492
v 50.318081 8.622899 7.517341
v 58.496590 33.525497 0.182070
v 53.422802 8.497637 2.577637
v 55.255634 18.695414 1.351645
v 50.116489 11.934502 9.420040
v 50.027664 9.358395 10.620472
v 50.966255 14.456614 14.261147
v 51.101963 8.760559 14.461252
v 55.015072 33.755196 18.656136
v 54.832588 9.649082 18.508987
v 55.347805 9.944354 18.844311
v 60.075771 78.711380 19.993717
v 56.801174 61.684975 19.443737
v 53.079201 88.058304 17.117514
v 54.075794 87.693314 17.893353
v 50.858829 88.321815 14.042955
v 50.082344 88.293076 9.747127
v 50.842167 62.349430 6.033972
v 50.473076 91.157364 7.120699
v 56.573410 67.680336 0.616937
v 55.069607 69.388092 1.399519
v 56.705536 83.708084 0.561688
v 57.691750 80.008835 0.370381
v 57.917686 68.015739 0.323806
v 60.262314 59.244720 19.978262
v 62.275379 42.733387 19.647522
v 62.315113 43.797520 19.633879
v 64.183853 71.249809 18.992342
v 63.639385 74.037270 19.179260
v 67.991943 26.993832 15.801332
v 69.830399 25.949608 9.191195
v 69.854675 31.900871 9.484156
v 69.279991 25.187485 6.601299
v 67.817787 26.392338 3.928848
v 67.037781 31.518944 3.081534
v 65.284744 32.403500 1.644601
v 65.811783 30.028200 1.929819
v 63.854465 48.536934 0.870570
v 63.995232 56.201714 0.946751
v 61.714691 41.665970 0.286129
v 61.808716 38.742241 0.301819
v 61.831558 37.692589 0.305631
v 59.516811 62.350975 0.037282
v 52.467648 72.367805 16.551285
v 50.150337 29.199207 8.486724
v 50.429699 28.930593 7.262288
v 59.006516 14.792907 0.159538
v 57.977283 15.494026 0.330990
v 57.545887 14.388105 0.403444
v 57.099457 15.156228 0.477615
v 56.402668 38.560696 0.677693
v 54.206264 18.705011 1.919535
v 55.228230 33.345680 1.272524
v 55.287647 25.930637 1.301283
v 50.373375 14.161253 7.391121
v 50.702263 27.581488 6.640935
v 51.161095 12.470985 5.595343
v 51.620136 33.860703 4.543580
v 51.707047 27.616884 4.444195
v 51.856239 15.475211 4.282481
v 51.820778 18.262005 4.320925
v 52.543594 10.657800 3.535953
v 52.910088 11.646046 3.137810
v 52.680138 34.792671 3.243598
v 50.089458 14.134028 9.670315
v 50.072567 28.487806 9.378568
v 50.390266 31.991745 12.609016
v 50.390007 26.811871 12.441534
v 50.418156 29.384729 12.675603
v 50.187283 13.119820 11.493952
v 50.037567 12.861599 10.340502
v 52.298103 25.735229 16.341755
v 51.665016 17.735582 15.371027
v 50.854435 28.882563 14.041171
v 54.845917 24.775135 18.542841
v 53.390720 32.578293 17.459097
v 53.463978 9.293941 17.441702
v 58.582119 32.428665 19.890720
v 56.841446 32.963001 19.440931
v 56.467190 13.856604 19.256458
v 55.814545 31.153378 19.059895
v 55.235130 37.788647 18.791759
v 60.072968 65.100906 19.993948
v 60.689877 16.349506 19.879175
v 58.993439 33.790874 19.920830
v 59.062061 9.496679 19.924683
v 56.644928 88.184319 19.276970
v 56.824375 68.605347 19.407688
v 56.952843 67.266037 19.472485
v 58.677879 76.162613 19.890409
v 58.961830 86.530403 19.913950
v 58.996910 85.221809 19.916857
v 53.118706 84.582069 17.149719
v 53.225819 81.266403 17.234482
v 53.612064 90.361977 17.531290
v 53.832413 89.100464 17.703329
v 55.132320 90.051376 18.726524
v 54.189964 68.886627 18.078461
v 51.291416 86.475548 14.705185
v 51.911446 90.344376 15.654000
v 52.005188 70.240784 15.966161
v 50.171658 63.386711 8.209875
v 50.148777 69.867943 8.439776
v 50.061016 73.370811 9.370901
v 50.010487 69.340469 10.350075
v 50.017681 72.692810 10.127297
v 50.026878 73.753441 10.678884
v 50.347588 88.944550 12.063971
v 51.040543 73.077156 5.672015
v 50.816723 74.309006 6.254288
v 50.988873 70.895866 5.774983
v 50.857948 68.729866 6.083630
v 50.405537 72.600861 7.194381
v 50.342232 69.746597 7.417179
v 51.948338 86.150970 4.120253
v 52.436203 87.314560 3.595552
v 52.127945 71.563782 3.860211
v 56.368534 76.030418 0.702542
v 55.476135 88.780067 1.216436
v 55.262039 85.804504 1.327952
v 54.606731 88.136040 1.685991
v 57.378910 70.199303 0.415327
v 58.634304 69.964714 0.168276
v 58.276466 71.366966 0.257962
v 59.671898 27.868526 0.026789
v 59.827633 34.785339 0.013599
v 59.852619 10.418966 0.012083
v 59.828068 41.512188 0.013404
v 61.334118 8.769364 0.222625
v 61.107334 40.827446 0.184778
v 62.389732 74.632980 19.608261
v 61.803608 65.911499 19.809473
v 63.727291 32.966507 19.149084
v 63.741470 26.729967 19.144217
v 65.014755 21.805302 18.596037
v 67.047508 24.996794 17.013884
v 66.823425 74.089981 17.188290
v 67.656952 69.145035 16.314062
v 67.718170 62.761703 16.220371
v 68.982399 24.947620 14.285324
v 68.549942 26.212872 14.947244
v 68.008797 73.521240 15.775525
v 68.591232 31.470984 14.884052
v 69.893204 24.528936 11.112611
v 69.937408 62.796551 10.482600
v 69.778740 24.591429 8.567708
v 69.834625 19.944923 9.242138
v 69.547012 62.732201 7.210042
v 69.705421 25.740793 7.682934
v 68.820999 24.729240 5.554909
v 69.058273 20.110868 6.095833
v 68.130013 62.734608 4.268014
v 68.290024 25.559189 4.441836
v 67.082634 26.695103 3.130266
v 65.563843 72.931396 1.795639
v 63.578163 23.917053 0.721047
v 64.197006 25.971748 1.055946
v 64.788544 73.412704 1.376066
v 64.219940 31.806816 1.068359
v 63.387672 58.510670 0.617955
v 62.677803 72.905434 0.446842
v 62.558048 67.125740 0.426859
v 61.729633 66.178375 0.288621
v 61.814320 60.106190 0.302752
v 62.219639 84.401154 0.370386
v 60.520458 77.467010 0.086844
v 59.796928 57.874870 0.015084
v 60.312927 89.647629 0.052212
v 59.589066 88.303368 0.037552
v 59.647568 87.212349 0.027514
v 28.521009 50.111641 14.167305
v 23.755259 53.458702 14.167313
v 19.342754 57.259361 14.167316
v 15.326531 61.476597 14.167353
v 11.745833 66.069382 14.167819
v 8.635151 70.992661 14.167301
v 6.025234 76.198753 14.167295
v 3.941381 81.636848 14.167304
v 2.403893 87.253914 14.167303
v 58.375553 26.743452 0.247966
v 58.201557 21.137848 0.291181
v 56.422855 15.391500 0.682619
v 53.789600 14.121727 2.163910
v 51.380585 19.398232 4.970641
v 52.569233 12.846548 3.508049
v 52.922150 19.553200 3.100125
v 50.061131 16.620773 9.926333
v 50.103523 17.763128 9.375284
v 50.198448 21.891022 8.167356
v 50.312954 17.282223 12.010347
v 50.048290 24.496872 10.968134
v 50.057751 18.579645 9.899445
v 50.032841 14.097222 10.784123
v 52.430195 14.089667 16.504267
v 52.440758 20.733034 16.528723
v 51.912243 23.079325 15.777991
v 50.854855 19.320993 14.041911
v 50.841415 20.549240 14.014904
v 54.143162 14.038188 17.985493
v 53.384457 13.819290 17.394266
v 52.667358 23.481556 16.797371
v 56.987457 27.115849 19.473921
v 57.859497 15.814043 19.740204
v 57.597946 21.436487 19.666885
v 55.709961 21.547819 19.011568
v 55.920650 20.609556 19.088621
v 55.709061 24.227865 19.011166
v 55.105541 26.976984 18.713589
v 55.335297 32.487541 18.838612
v 60.086498 77.360901 19.992826
v 59.240791 77.115936 19.937540
v 61.142185 23.679464 19.905352
v 57.286312 80.071617 19.532127
v 57.938641 66.690727 19.769777
v 58.035450 84.761711 19.783979
v 57.872166 83.721413 19.738138
v 57.810246 76.588814 19.725763
v 54.144173 80.954483 17.961725
v 53.582039 76.274910 17.513832
v 54.318565 75.203087 18.152380
v 51.539345 88.486305 15.084551
v 51.308846 89.437683 14.731698
v 51.791016 87.312912 15.469837
v 51.153934 67.406960 14.495833
v 51.265240 62.077705 14.811759
v 50.249126 87.218430 7.851467
v 50.455845 86.120628 12.491569
v 50.451595 83.990204 12.474851
v 50.529686 82.212006 12.967397
v 50.946354 79.962730 5.986584
v 50.250172 84.810989 7.821629
v 55.406071 76.590477 1.234091
v 55.272900 77.918892 1.310556
v 55.026432 81.788551 1.449590
v 53.135838 75.990417 2.788022
v 53.939560 76.270256 2.047475
v 57.204361 77.517738 0.449869
v 58.244759 76.752327 0.275691
v 57.239784 76.185387 0.442972
v 60.133869 15.862863 0.022337
v 60.114162 20.836819 0.019050
v 61.584324 20.601561 0.264376
v 60.522125 19.467686 0.087126
v 61.482655 51.751976 19.877136
v 62.332623 37.121468 19.627871
v 63.262272 10.619273 19.308725
v 62.911079 47.118916 19.429285
v 63.132668 59.766418 19.353216
v 63.915798 53.413818 19.084368
v 63.365467 75.590523 19.273294
v 63.517086 80.620819 19.221245
v 62.893635 78.362144 19.435274
v 66.341591 43.218674 17.563318
v 66.186729 57.067863 17.683853
v 66.917633 56.459930 17.114971
v 67.337555 43.146614 16.788136
v 68.017914 19.676455 15.761567
v 68.236374 47.111927 15.427200
v 68.346786 55.684967 15.258205
v 68.195465 56.916092 15.489813
v 68.543419 49.872540 14.957233
v 68.840538 61.201443 14.502448
v 68.399193 75.686981 15.177981
v 69.452530 45.172871 12.852785
v 69.746773 43.093815 11.690866
v 69.637154 44.270000 12.123720
v 69.701828 56.666409 11.868333
v 69.930733 55.780704 10.964422
v 69.668129 50.444790 12.001421
v 69.961113 43.032467 10.768677
v 69.936493 41.922211 10.471567
v 69.848907 45.359989 9.414528
v 69.768127 43.465588 8.439778
v 69.787720 44.591003 8.676127
v 69.844879 57.349380 9.365909
v 69.788002 56.232857 8.679510
v 69.695419 55.860882 7.562269
v 69.785141 50.512268 8.645089
v 69.690964 43.063797 7.538206
v 69.319489 18.978266 6.691347
v 69.235725 45.462948 6.500374
v 68.772369 43.688240 5.444033
v 68.836624 56.475430 5.590525
v 68.419884 55.794235 4.640451
v 68.721306 50.228287 5.327614
v 68.403061 43.137444 4.602103
v 67.023041 18.486435 3.065527
v 67.149826 24.183886 3.203247
v 67.283157 45.502998 3.348087
v 66.722160 43.233570 2.738673
v 67.008835 44.311863 3.050095
v 67.245560 57.447693 3.307250
v 66.956589 56.151596 2.993332
v 66.377945 55.759205 2.364757
v 66.859810 50.499405 2.888209
v 65.879791 43.208515 1.966619
v 64.658592 19.292112 1.305743
v 64.703316 47.594994 1.329944
v 64.914268 55.591194 1.444106
v 64.413795 75.526932 1.173263
v 63.066093 48.160976 0.511638
v 62.510113 42.042274 0.418861
v 61.856133 34.757751 0.309733
v 60.753773 34.008530 0.125780
v 60.488937 47.502686 0.081587
v 61.212738 78.151054 0.202365
v 59.732113 70.951607 0.020485
v 60.205086 73.271767 0.034217
v 59.696548 80.672234 0.023506
v 60.261585 72.219444 0.043646
v 47.494663 41.660980 7.664261
v 40.673706 45.600716 3.824978
v 35.403881 47.771801 3.824553
v 30.373726 50.451328 3.824965
v 25.632603 53.614269 3.824553
v 21.226099 57.228844 3.824970
v 17.197662 61.260506 3.824988
v 13.586405 65.669739 3.824991
v 10.427507 70.413574 3.824992
v 7.751761 75.445770 3.824990
v 5.585248 80.717293 3.824979
v 3.949074 86.176735 3.824988
v 51.741173 61.536846 15.602187
v 52.503002 83.785965 16.597273
v 52.417156 86.766388 16.492241
v 54.816101 77.732033 18.527252
v 50.190426 33.671749 8.080927
v 58.122028 43.900391 0.216501
v 58.112465 32.459805 0.280640
v 59.201660 22.961754 0.068802
v 59.131062 21.647264 0.092963
v 59.439491 8.929589 0.087171
v 58.313332 8.594589 0.277826
v 56.627434 34.379982 0.592589
v 56.677029 31.975452 0.573660
v 56.174004 33.123096 0.777217
v 53.000259 40.880444 2.894514
v 55.141182 24.776468 1.412251
v 54.799572 42.341198 1.481489
v 54.958042 36.938747 1.423676
v 55.691723 43.117920 1.006375
v 50.563240 33.143898 6.956838
v 51.380524 24.185688 4.965844
v 51.076599 39.207573 5.514763
v 50.943764 34.011086 5.857425
v 51.536949 39.745476 4.675010
v 52.040623 32.573532 4.081687
v 52.851353 24.677418 3.125880
v 50.079132 19.607227 9.605947
v 50.590229 38.965080 13.310506
v 50.242706 38.431934 12.021017
v 50.250015 22.151850 11.785350
v 50.398846 33.247974 12.695477
v 52.157185 29.268055 16.154928
v 51.596550 25.409939 15.307240
v 51.254257 34.247681 14.828237
v 51.432850 24.149210 15.049946
v 50.755814 33.747360 13.801053
v 50.762596 32.424225 13.819707
v 50.832317 24.032492 13.993562
v 55.966053 43.412773 19.129892
v 58.670273 20.919434 19.895109
v 56.325722 38.151760 19.279085
v 56.085102 19.354364 19.141399
v 60.397560 54.060932 19.967052
v 59.729694 54.935978 19.993608
v 58.759090 38.782688 19.906990
v 60.862827 47.445221 19.928499
v 60.699154 29.489704 19.942062
v 58.626919 26.714989 19.892984
v 56.064720 89.392334 19.077770
v 55.312782 63.342846 18.819860
v 56.052692 63.725288 19.104633
v 57.604408 56.933746 19.681616
v 59.056644 66.737305 19.926250
v 58.843998 56.114136 19.912130
v 59.799995 60.524750 19.995310
v 53.385639 65.615295 17.416742
v 53.451832 59.730778 17.505474
v 50.411163 77.387283 12.501432
v 50.314812 68.052452 12.314323
v 50.206547 63.303722 11.900818
v 51.857841 82.183975 15.583125
v 52.092411 81.019707 16.021009
v 50.029305 63.546532 9.336387
v 50.044548 78.704163 9.796081
v 50.068523 68.182671 10.962808
v 50.200500 69.206032 11.483927
v 50.575279 68.866142 6.777907
v 50.595261 67.690804 6.726556
v 51.894367 62.053471 4.176729
v 52.082401 67.451340 3.922232
v 52.119522 76.271881 3.889610
v 53.179390 59.741886 2.694940
v 52.469749 60.924515 3.440040
v 56.448433 90.741066 0.676388
v 54.232533 64.794044 1.854406
v 54.600395 75.738739 1.671316
v 58.946709 76.041519 0.125877
v 58.487785 54.805283 0.127631
v 59.440056 43.844002 0.045806
v 61.447624 18.723902 19.880041
v 61.651623 54.163517 19.861654
v 61.390728 83.732124 19.884754
v 61.691017 80.206596 19.848127
v 62.373093 80.871323 19.613974
v 63.301510 52.422401 19.295250
v 63.471577 14.340162 19.236870
v 64.462456 20.762323 18.896702
v 62.932568 44.862926 19.421907
v 65.026711 68.361771 18.586727
v 66.295334 86.724014 17.599321
v 67.563835 78.653236 16.456594
v 67.616516 80.938408 16.375961
v 68.612808 18.906042 14.851019
v 69.281021 68.031006 13.530063
v 69.728821 81.804893 11.761740
v 69.534637 86.915771 12.528537
v 69.908470 79.981987 11.052308
v 69.941925 77.891006 10.537079
v 69.865829 61.825768 9.618690
v 69.757370 81.762527 8.309807
v 69.832924 88.351692 9.221638
v 69.681694 79.818710 7.517073
v 69.212128 61.858479 6.446586
v 68.574646 81.835114 4.993282
v 69.074532 88.364731 6.132899
v 68.355965 79.794472 4.513463
v 68.111687 77.815956 4.248108
v 67.632408 61.914948 3.727474
v 66.671921 80.870544 2.684102
v 67.355598 88.929993 3.426781
v 64.954567 80.615967 1.465913
v 65.829910 55.079884 1.939626
v 63.261845 20.335373 0.549865
v 63.144936 45.951008 0.524794
v 62.460773 90.636673 0.410625
v 62.831684 16.700481 0.472524
v 60.738926 65.084335 0.123301
v 62.208519 54.444355 0.368533
v 60.224674 52.725700 0.037487
v 59.729973 69.373810 0.020620
v 59.169624 83.256721 0.109782
v 56.437843 55.327930 19.328114
v 69.857597 40.179707 9.519433
v 68.008194 40.879177 4.135688
v 64.284035 62.900703 1.103041
v 57.160454 52.881702 19.572023
v 52.589447 78.350128 16.702505
v 50.276489 23.891003 7.682146
v 53.948040 22.797142 2.059166
v 54.712051 15.120293 1.645914
v 54.933113 23.495316 1.526051
v 55.545261 14.294495 1.195027
v 52.297684 14.172425 3.802987
v 52.202068 41.489815 3.770045
v 51.414562 12.287814 14.958570
v 54.544285 16.277927 18.306036
v 58.623413 25.545616 19.892397
v 57.765564 25.018549 19.724995
v 61.188068 77.893867 19.901546
v 59.465698 26.240402 19.918022
v 56.164963 75.654243 19.112309
v 56.702129 74.420982 19.315750
v 50.570911 61.698677 13.295440
v 50.864361 71.134178 14.052397
v 50.901390 61.316589 14.112591
v 50.075897 79.977119 9.471780
v 52.532040 78.492294 3.451538
v 61.912960 14.197538 0.319216
v 61.228527 84.901978 19.898193
v 69.462540 58.404930 7.017470
v 68.111908 58.561794 4.248347
v 64.974983 50.467663 1.476967
v 64.779305 49.070808 1.371069
v 65.350166 51.687073 1.680000
v 57.291935 56.686672 0.413562
v 52.905952 57.686165 2.966380
v 36.477814 52.510479 19.473904
v 31.910700 55.037659 19.468996
v 27.614155 58.026470 19.468998
v 23.633291 61.424423 19.469015
v 20.006796 65.198250 19.469002
v 16.770517 69.311615 19.469126
v 13.954749 73.723465 19.468994
v 11.588182 78.391731 19.468994
v 9.693453 83.270607 19.468994
v 8.289060 88.312515 19.469004
v 52.473717 75.719063 16.559477
v 54.451885 12.319561 1.786787
v 50.858990 18.240322 6.283909
v 50.524078 16.203924 12.838822
v 50.302128 10.981953 11.937112
v 53.848373 20.273514 17.775980
v 50.859760 89.554672 6.231238
v 54.028217 79.766869 1.986844
v 60.298946 9.364653 0.049885
v 65.653214 34.779346 18.099110
v 66.676056 71.082153 17.302990
v 67.378860 27.680983 16.739723
v 68.082558 28.266582 15.662621
v 68.965401 8.514336 14.311329
v 68.376312 38.165390 15.213000
v 69.639809 69.527710 12.113235
v 69.784706 70.793251 11.541038
v 69.407677 27.593462 6.892390
v 67.623611 27.588747 3.717916
v 54.131168 9.722172 1.960422
v 53.670311 42.870255 2.260576
v 54.583191 31.459932 1.715201
v 55.889465 23.890991 0.940865
v 55.783718 41.763100 0.961624
v 50.604176 10.600208 6.865049
v 51.010391 30.215502 5.734501
v 51.190258 31.417986 5.311710
v 51.750038 22.040756 4.397656
v 50.125500 24.440634 8.848455
v 50.036133 39.471397 10.845836
v 51.284821 40.788807 14.888460
v 51.759964 8.615704 15.467626
v 50.699524 29.974504 13.627095
v 52.077423 39.508640 16.061655
v 51.782589 40.723804 15.661419
v 56.945381 44.244835 19.509754
v 56.831703 9.665818 19.369318
v 59.182861 44.763092 19.917093
v 58.954552 40.592339 19.891323
v 59.851246 39.729275 19.938593
v 60.159790 10.069963 19.938309
v 55.628338 56.799038 18.966269
v 52.724152 59.201622 16.853273
v 50.025894 81.659477 10.659508
v 50.075214 62.307896 11.079070
v 51.260368 78.062408 5.199353
v 50.347450 62.101105 7.398714
v 51.793201 66.154655 4.312682
v 58.472729 86.589584 0.244927
v 59.854317 39.002178 0.011267
v 61.179707 11.652508 19.889830
v 61.081764 40.464134 19.910357
v 60.984341 65.854424 19.918427
v 62.322124 8.799775 19.631475
v 62.753307 15.204922 19.483452
v 64.898079 29.377514 18.686850
v 64.763351 53.127579 18.791710
v 65.272415 51.837006 18.395491
v 64.906921 55.557693 18.679966
v 66.021431 11.303062 17.812508
v 64.931198 83.743134 18.661066
v 65.687950 84.263962 18.072065
v 65.467789 24.076889 18.243429
v 66.910606 90.091454 17.120436
v 67.297707 70.012962 16.819149
v 67.534134 16.099560 16.502056
v 68.965530 53.987492 14.311135
v 69.425789 52.625893 12.958395
v 69.196625 11.622024 13.863329
v 69.578514 10.116141 12.355283
v 69.507378 11.504847 12.636210
v 69.111969 83.541229 14.086985
v 69.764618 90.171753 11.620402
v 67.702682 19.003662 3.803812
v 66.446342 15.087930 2.439062
v 66.078987 33.658695 2.074421
v 66.286247 70.602844 2.265146
v 63.886314 39.332748 0.887807
v 63.594913 78.248123 0.730107
v 61.396202 88.918571 0.232978
v 60.641670 60.527657 0.107072
v 59.431934 72.201736 0.044195
v 38.452305 49.288635 18.515568
v 33.197571 51.616577 18.399630
v 28.556902 54.496773 18.400150
v 24.223614 57.819191 18.400343
v 20.238548 61.552204 18.400177
v 16.641188 65.660149 18.400152
v 13.466455 70.102806 18.400146
v 10.745261 74.836868 18.400146
v 8.504115 79.816185 18.400146
v 6.764872 84.992210 18.400146
v 5.544478 90.314507 18.400145
v 54.689373 62.751102 18.447351
v 52.206573 10.601736 16.161831
v 54.811958 13.618150 18.512850
v 55.165638 8.447977 18.747953
v 56.804668 83.489944 19.331848
v 57.591892 63.464691 19.673183
v 50.662933 90.920845 13.357261
v 50.235466 90.702988 8.001575
v 62.464714 28.584709 19.582521
v 63.229725 28.971697 19.319897
v 61.557259 44.808319 19.870956
v 63.255272 70.915222 19.311125
v 68.057022 29.550312 15.701712
v 69.834991 29.363686 9.246586
v 68.929710 29.375523 5.802735
v 67.386093 28.895235 3.459903
v 64.439484 34.978081 1.187169
v 61.837959 39.713394 0.306699
v 50.242088 29.967222 7.841558
v 58.496910 13.707358 0.245034
v 57.429958 13.275029 0.423258
v 56.619110 14.052503 0.593680
v 53.894470 34.859543 2.087823
v 54.676834 30.203907 1.664559
v 55.580517 11.784965 1.176017
v 50.256058 12.952802 7.788099
v 50.787350 16.216948 6.447302
v 51.107460 27.123360 5.524156
v 52.092968 24.358994 4.025069
v 52.345066 9.655550 3.751648
v 50.129478 27.234755 8.709867
v 50.372299 25.589582 12.307038
v 50.672119 8.824832 13.387717
v 50.287968 14.360616 11.897534
v 52.082699 11.782215 15.978529
v 52.534130 38.403503 16.649532
v 60.703564 17.530272 19.886116
v 59.731056 34.958752 19.905991
v 57.780907 87.253639 19.699333
v 58.490551 90.825752 19.874901
v 58.344994 77.627312 19.861931
v 52.988014 83.373489 17.048504
v 54.363647 69.947021 18.219282
v 50.312325 87.610596 11.924762
v 50.380245 72.496361 12.508533
v 51.379921 65.542053 4.977925
v 50.619049 87.234932 6.768601
v 52.753181 86.040855 3.245459
v 56.680481 66.332787 0.572194
v 55.683964 90.075851 1.105856
v 56.999828 69.050186 0.477735
v 56.916786 74.836281 0.495874
v 57.249523 89.990906 0.451560
v 59.373447 32.484753 0.051645
v 60.010963 37.781376 0.001827
v 60.706650 39.743134 0.117916
v 60.517971 14.530274 0.086434
v 60.959099 79.185402 19.920521
v 61.547184 27.735567 19.871790
v 63.628189 30.925310 19.183105
v 63.953159 29.836985 19.071547
v 65.610580 26.208345 18.132290
v 66.141998 20.677240 17.718670
v 66.694435 20.040968 17.288694
v 67.930824 72.174637 15.894872
v 67.481346 71.575699 16.582851
v 67.594177 65.695175 16.410149
v 67.826202 64.371490 16.055008
v 68.199394 69.215363 15.483790
v 67.907295 70.561867 15.930882
v 69.454155 28.933634 12.846360
v 69.622612 20.805574 12.181159
v 69.705223 19.472563 11.854916
v 69.904091 64.948792 11.069630
v 69.937859 21.901638 10.488049
v 69.783051 28.492764 8.619802
v 69.778999 65.806274 8.570925
v 68.868385 26.111246 5.662942
v 68.776215 65.803215 5.452796
v 67.481644 66.445206 3.563699
v 63.642006 29.493427 0.755598
v 64.205345 70.903191 1.060456
v 63.108189 55.495739 0.518662
v 62.800159 71.481606 0.467259
v 61.854179 70.777885 0.309403
v 62.594963 21.401220 0.433022
v 62.151821 58.917965 0.359072
v 61.882732 83.034355 0.314166
v 60.959976 82.932838 0.160186
v 59.567024 47.150959 19.956188
v 42.416771 42.825169 11.256018
v 42.378166 42.822670 8.868510
v 42.149345 43.640076 6.173002
v 36.598763 45.635288 6.357059
v 29.944469 51.528309 16.980932
v 31.354782 48.206837 6.355529
v 25.307312 54.729286 16.979607
v 26.387396 51.283741 6.355542
v 21.012630 58.370834 16.979746
v 21.747652 54.835518 6.355387
v 17.097727 62.417877 16.979601
v 17.480656 58.827393 6.355494
v 13.601112 66.831352 16.979635
v 13.628091 63.220570 6.355559
v 10.556641 71.568039 16.979593
v 10.227493 67.972229 6.355548
v 7.994097 76.581894 16.979591
v 7.312004 73.036041 6.355544
v 5.938424 81.823982 16.979593
v 4.910082 78.362679 6.355379
v 4.409659 87.243210 16.979595
v 3.044985 83.900169 6.355491
v 1.734979 89.594597 6.355648
v 57.907753 37.998074 0.300173
v 57.199860 10.872579 0.462669
v 53.628929 19.758320 2.299885
v 54.576546 19.835218 1.719116
v 55.964874 9.188677 0.968085
v 51.228210 18.197565 5.327631
v 51.049358 20.651974 5.756791
v 51.278534 21.720318 5.157753
v 50.521027 21.388927 12.973123
v 54.191399 43.000969 18.118824
v 54.915337 19.760401 18.586977
v 54.283005 17.517982 18.105461
v 53.248215 17.579054 17.300245
v 52.964371 15.238581 17.071842
v 53.016994 19.908606 17.127724
v 55.413708 14.358486 18.874754
v 60.309101 75.901886 19.974382
v 59.598782 15.671403 19.957846
v 55.889992 67.225266 19.017981
v 57.847412 68.002373 19.742758
v 54.349911 76.638092 18.170969
v 50.540470 79.966667 13.104852
v 50.679314 81.284195 13.562906
v 52.177753 88.187675 16.099131
v 51.670307 62.702282 15.475517
v 50.931633 78.944527 6.015134
v 51.909813 83.536674 4.152928
v 55.225060 79.208946 1.338331
v 55.258125 87.293945 1.332247
v 53.890732 75.074890 2.083956
v 58.044231 75.378738 0.308138
v 60.735237 17.104195 0.122688
v 60.791824 60.162575 19.934381
v 61.040936 50.627254 19.913738
v 63.755863 57.407204 19.139271
v 66.871765 59.299755 17.150665
v 67.508415 39.708252 16.541420
v 68.427383 21.617096 15.134833
v 67.765640 22.002041 16.147715
v 68.444862 44.353340 15.108080
v 68.185860 78.168167 15.504519
v 68.575851 84.249039 14.907579
v 69.592949 42.400002 12.298321
v 69.398941 56.017208 13.064412
v 69.646385 55.271996 12.087263
v 69.920013 39.334515 10.272734
v 69.877419 44.039345 9.758615
v 69.843658 22.481606 9.351197
v 69.831734 21.238785 9.207340
v 69.892143 47.504078 9.936374
v 69.778000 53.247787 8.558847
v 69.728760 39.729637 7.964656
v 69.102402 22.372940 6.196428
v 69.336433 42.077431 6.729975
v 68.869194 42.393929 5.664768
v 68.601952 46.984653 5.055521
v 68.758667 53.355942 5.412799
v 68.515877 39.962719 4.859285
v 66.870010 21.638109 2.899288
v 67.325821 42.325241 3.394431
v 66.837006 53.382950 2.863432
v 64.933632 21.952755 1.454585
v 65.616997 21.251602 1.824405
v 65.063026 45.138821 1.524609
v 62.718323 47.081352 0.453605
v 62.337540 40.774948 0.390065
v 60.765911 35.515713 0.127806
v 61.842682 45.926960 0.307487
v 60.132046 79.542549 0.022029
v 31.309332 48.357925 13.926792
v 26.288681 51.455967 13.857066
v 21.666355 55.016594 13.857094
v 17.417641 59.015633 13.857089
v 13.584015 63.414158 13.857254
v 10.202685 68.169205 13.857157
v 7.306709 73.234474 13.857061
v 4.924320 78.560654 13.857059
v 3.078725 84.095787 13.857075
v 1.781636 89.871681 13.874135
v 51.882336 64.658882 15.809478
v 55.001766 59.267784 18.644148
v 50.167801 34.917095 8.232683
v 58.201286 22.335133 0.290721
v 58.783867 9.862633 0.198773
v 58.792519 20.270365 0.182203
v 57.397999 35.719864 0.419114
v 55.596706 34.270733 1.071861
v 54.890484 41.065849 1.431254
v 55.098782 35.525677 1.340649
v 54.678528 43.616306 1.552338
v 55.713238 39.106285 1.002857
v 50.593346 21.400434 6.889431
v 50.656105 30.040493 6.746089
v 51.085972 38.146740 5.498451
v 50.563828 35.072735 6.877554
v 50.910816 32.436993 5.962469
v 51.132103 28.112322 5.448018
v 50.888199 40.304382 5.919822
v 52.337704 22.492168 3.759272
v 52.701550 23.466160 3.343308
v 52.958416 28.818501 2.969547
v 52.850815 42.057560 3.046991
v 50.050861 37.252724 9.263456
v 50.134418 39.714787 8.458738
v 50.440861 37.468292 12.859939
v 50.722004 27.458202 13.691360
v 50.155682 32.719505 11.463944
v 50.191330 31.351290 11.598104
v 51.870720 32.067326 15.768505
v 52.416950 27.177267 16.506016
v 51.997585 28.055120 15.935440
v 50.720551 23.025434 13.681241
v 53.539410 42.380009 17.614412
v 53.096256 21.240665 17.193670
v 53.207207 22.449221 17.283894
v 52.998337 41.536835 17.124903
v 58.061394 36.500916 19.794613
v 57.062618 37.182438 19.529274
v 57.765320 34.473946 19.724913
v 58.603176 16.537846 19.888441
v 56.967148 30.845785 19.477879
v 56.078293 36.797100 19.181694
v 54.976734 40.335045 18.632793
v 60.257553 25.710564 19.896179
v 58.887222 37.380833 19.912355
v 58.499592 19.624498 19.880638
v 60.616768 12.476702 19.888865
v 56.357059 90.422470 19.178122
v 55.556412 87.232101 18.903292
v 55.208485 79.079666 18.774466
v 55.467560 74.409431 18.872900
v 55.505585 64.800674 18.886038
v 57.468716 57.981926 19.642099
v 58.563129 57.652809 19.881023
v 58.726421 65.529343 19.894419
v 58.021076 60.034641 19.798264
v 53.604691 61.218094 17.626379
v 53.451801 58.353313 17.513008
v 50.330242 66.767860 12.442760
v 50.254707 62.062469 12.203566
v 50.097061 64.523010 8.775978
v 50.053810 67.073921 9.190487
v 50.006836 64.692726 10.136065
v 50.038570 70.500755 9.519914
v 50.120258 90.961746 11.166181
v 50.403667 69.239723 12.699817
v 50.279129 70.234642 12.045341
v 50.478477 78.654930 12.818224
v 50.393368 64.223495 12.689691
v 50.898773 65.348289 5.929801
v 51.888638 74.085312 4.182800
v 51.853962 64.641594 4.230900
v 52.553234 73.556496 3.406195
v 52.527500 62.992512 3.386363
v 53.178825 74.499741 2.737170
v 55.731846 65.772957 0.978768
v 54.971149 59.649479 1.405655
v 54.595905 67.318321 1.661444
v 54.857311 66.022469 1.510423
v 54.148220 72.293236 1.910987
v 53.470818 58.249378 2.443243
v 57.553638 65.271706 0.382525
v 58.422432 87.973671 0.254345
v 58.923744 74.807739 0.125122
v 58.085766 63.885365 0.265295
v 61.759258 33.116863 0.293567
v 61.655186 20.260923 19.860434
v 61.842636 32.037666 19.796085
v 60.861893 31.829315 19.928577
v 61.397255 43.325455 19.884212
v 61.317951 81.194145 19.890783
v 62.224586 77.435234 19.664951
v 62.355797 20.700029 19.619917
v 64.272346 9.891713 18.961973
v 63.026112 49.517921 19.389795
v 63.781834 45.994572 19.130354
v 63.892910 48.727760 19.092224
v 64.441040 42.360672 18.904051
v 64.974411 71.751465 18.627434
v 65.330971 17.451443 18.349920
v 65.230164 15.990267 18.428377
v 67.008720 9.074477 17.044075
v 66.881775 10.672042 17.142885
v 64.705887 90.070236 18.813128
v 65.337769 90.384567 18.344624
v 67.608803 46.888176 16.387774
v 66.803017 46.531296 17.204180
v 67.849411 83.414581 16.019484
v 67.933304 53.518368 15.891084
v 68.245728 8.585616 15.412883
v 68.168114 25.240015 15.531669
v 68.983307 20.900778 14.283930
v 69.220367 45.868076 13.769586
v 68.753273 47.846622 14.636013
v 69.316025 69.510208 13.391808
v 69.410057 17.195480 13.020518
v 69.773376 9.346068 11.585806
v 69.784233 10.788613 11.542919
v 69.251503 90.031105 13.646654
v 69.735542 47.087837 11.735195
v 69.960999 46.519737 10.844901
v 69.530464 90.785400 12.545028
v 69.817253 59.701317 9.032535
v 69.702698 28.529142 7.650107
v 69.799782 84.912933 8.821672
v 69.825729 83.908554 9.134832
v 69.482544 76.308464 7.063074
v 69.418671 83.763458 6.917443
v 69.049240 59.831398 6.075242
v 69.132545 58.870831 6.265157
v 69.429474 9.537035 6.942080
v 69.634323 10.252413 7.409096
v 68.696983 28.362053 5.272172
v 68.915314 84.992584 5.769905
v 68.995132 83.972099 5.951883
v 68.836388 47.440311 5.589983
v 68.429802 84.515327 4.663053
v 68.344559 76.765099 4.501079
v 67.148987 59.836628 3.202332
v 67.515816 58.690842 3.600819
v 67.336632 9.254186 3.406176
v 67.964363 9.601725 4.088074
v 68.224373 10.545006 4.370517
v 67.422272 25.440512 3.499205
v 67.177414 16.095991 3.233217
v 66.833496 83.753479 2.859614
v 66.870522 39.743492 2.899837
v 66.385773 40.242664 2.373264
v 66.538422 77.363991 2.539083
v 65.058899 83.140976 1.522374
v 65.701950 77.215118 1.870375
v 66.241905 52.626205 2.216976
v 65.806549 53.814106 1.926985
v 64.848343 60.095093 1.408429
v 65.874245 9.072182 1.963622
v 65.539940 10.158681 1.782704
v 64.979065 9.010668 1.479176
v 63.835815 43.060104 0.860479
v 63.927845 21.203072 0.910285
v 63.563652 47.274311 0.713192
v 62.909969 80.915321 0.485583
v 62.646648 56.514725 0.441644
v 62.817497 68.416405 0.470153
v 62.102417 80.110626 0.350827
v 61.161533 79.250542 0.193821
v 62.620899 18.288029 0.437350
v 61.725037 36.295883 0.287856
v 62.721943 30.591049 0.454211
v 61.796932 30.450617 0.299853
v 61.236450 67.381927 0.206323
v 61.348473 61.363857 0.225016
v 61.880863 55.667080 0.313857
v 62.199173 52.930176 0.366974
v 59.729889 54.071190 0.020289
v 62.416885 89.390221 0.403300
v 60.843918 70.187172 0.140820
v 60.949959 63.665550 0.158516
v 58.074848 55.719200 0.227665
v 42.887733 43.304996 13.635112
v 42.712704 43.233189 6.696306
v 37.292549 45.313385 13.644123
v 36.875267 44.832554 11.254856
v 36.854340 44.829189 8.843033
v 37.368050 45.146309 6.671875
v 32.116188 47.718903 13.558204
v 31.545759 47.383385 11.257251
v 31.527384 47.379959 8.844196
v 32.116196 47.622395 6.661095
v 27.032053 50.799725 13.619996
v 26.496075 50.445637 11.257446
v 26.477608 50.443890 8.844221
v 27.087475 50.627071 6.661103
v 22.341393 54.290260 13.620038
v 21.772995 53.990990 11.258345
v 21.754330 53.990906 8.844862
v 22.379551 54.113003 6.661000
v 18.017782 58.226273 13.620030
v 17.422792 57.984314 11.258208
v 17.404238 57.986122 8.844641
v 18.038288 58.046135 6.660912
v 14.103358 62.569454 13.620117
v 13.487237 62.387520 11.258105
v 13.468948 62.391121 8.844812
v 14.105925 62.388107 6.661130
v 10.636268 67.277435 13.620185
v 10.005275 67.156860 11.257662
v 9.987527 67.162315 8.844356
v 10.620931 67.096695 6.661118
v 7.650215 72.304283 13.619998
v 7.010448 72.246536 11.257484
v 6.993362 72.253738 8.844183
v 7.617180 72.125992 6.661107
v 5.174436 77.601112 13.619985
v 4.532069 77.606735 11.257290
v 4.515829 77.615601 8.843915
v 5.124030 77.426971 6.660966
v 3.233005 83.116280 13.620013
v 2.594397 83.185226 11.257957
v 2.578964 83.195633 8.844459
v 3.165693 82.947945 6.660901
v 1.846642 88.792419 13.623308
v 1.202492 89.039001 11.282212
v 1.201843 88.940529 8.842928
v 1.761186 88.635071 6.661130
v 52.315525 61.298111 16.361633
v 54.215786 60.168957 18.148104
v 55.781773 81.463196 18.980707
v 56.474461 57.725647 19.328053
v 57.874310 83.439240 0.342455
v 68.139297 41.856583 15.575783
v 69.846992 46.435810 9.391449
v 69.859344 42.590904 9.540472
v 69.248680 43.314430 6.529912
v 67.690750 43.276730 3.790847
v 56.970875 19.181616 0.497372
v 57.171722 26.578764 0.460734
v 55.606434 44.435108 1.047745
v 53.160652 39.656433 2.730772
v 53.530575 25.332874 2.383315
v 55.697166 28.389557 1.031271
v 50.683250 24.063791 6.684389
v 51.612221 38.647320 4.556103
v 52.352661 39.068989 3.600659
v 56.738831 17.230036 19.359598
v 59.443993 31.369173 19.895145
v 60.221581 23.571169 19.882818
v 57.186462 71.417282 19.546406
v 50.755157 63.816544 13.800968
v 51.091438 73.529625 14.399831
v 50.983967 84.080597 14.234725
v 52.205952 73.382805 16.229366
v 50.135719 77.814270 8.658050
v 50.200558 86.332474 11.483473
v 50.293015 85.111427 11.848603
v 53.334732 73.069046 2.566911
v 53.318539 61.288700 2.574737
v 61.858295 17.166555 0.310094
v 60.759560 45.193893 0.126745
v 61.125034 13.321012 0.187734
v 63.742611 41.481800 19.143826
v 63.771545 38.357723 19.133888
v 67.664925 58.514503 16.301865
v 68.794197 41.938782 14.573379
v 68.342834 40.748245 15.264244
v 69.853462 58.524979 9.469502
v 69.249237 52.965935 6.531183
v 69.120224 54.038185 6.237066
v 67.584106 52.836922 3.675012
v 67.729065 53.869358 3.832471
v 65.408554 58.005360 1.711599
v 65.996498 49.559452 2.029780
v 64.939171 54.215759 1.457582
v 60.942791 54.941990 0.157320
v 53.710857 11.726923 2.231840
v 53.280125 15.925567 2.668723
v 51.701183 10.479513 4.451066
v 51.733467 8.900901 4.416052
v 52.520660 16.387138 3.560706
v 50.535690 18.507895 12.959678
v 50.573307 11.207485 13.009052
v 50.448994 13.328670 12.528405
v 50.024513 20.597851 10.230898
v 50.066330 16.571886 11.033005
v 55.298424 30.111868 18.821579
v 55.889767 16.552790 19.066132
v 59.893242 21.003216 19.907793
v 59.091206 22.027321 19.930269
v 50.597717 83.478249 13.279496
v 51.710999 65.763412 15.517391
v 50.137466 84.619820 8.925963
v 50.178219 80.636749 8.319276
v 50.186882 88.329681 8.487184
v 50.032089 84.076035 10.174574
v 51.364029 89.322479 5.064076
v 53.939163 82.269073 2.047781
v 53.876247 84.606537 2.094812
v 58.754959 65.969162 0.120713
v 59.888222 11.983576 0.009068
v 63.702835 60.957451 19.157478
v 63.782654 90.808228 19.130070
v 64.978050 36.816639 18.624605
v 65.354958 69.547699 18.331238
v 65.970070 68.505447 17.852484
v 67.097145 64.940826 16.975254
v 68.242348 61.949585 15.418052
v 68.930588 71.836235 14.364614
v 68.707809 90.822983 14.705611
v 69.098083 37.565136 14.108257
v 69.359566 38.667343 13.219895
v 69.539543 68.266724 12.509184
v 69.684608 65.902786 11.936322
v 69.894310 33.692806 9.962494
v 69.720657 64.914391 7.866861
v 69.057800 9.337214 6.094748
v 68.990334 11.967571 5.940936
v 68.501152 64.911125 4.825736
v 67.684486 33.923019 3.784043
v 66.431175 64.791641 2.422578
v 64.726425 42.673691 1.342451
v 65.692986 39.311192 1.865524
v 64.861633 39.886341 1.415624
v 61.372162 29.293009 0.228971
v 61.376190 42.887474 0.229642
v 60.566223 76.144508 0.094481
v 52.410984 89.300102 16.478598
v 52.564808 90.700836 16.674839
v 55.190453 61.908119 18.763035
v 58.794724 41.291447 0.099847
v 56.755707 41.254601 0.544951
v 53.900852 30.797825 2.084482
v 53.687183 28.108786 2.246865
v 54.576050 28.958786 1.719131
v 53.939377 40.338577 2.063368
v 50.261936 25.097048 7.749585
v 50.253559 37.316730 7.788533
v 51.536659 36.070259 4.675455
v 52.706264 27.461378 3.282978
v 50.160580 37.031635 11.533958
v 51.373672 27.794111 14.978831
v 50.745621 37.631741 13.775480
v 53.865314 25.260605 17.805105
v 57.190342 41.794281 19.586695
v 55.585979 41.259148 18.954390
v 60.224255 42.541859 19.979055
v 60.440617 33.928558 19.950657
v 58.644424 30.306417 19.895346
v 55.252262 70.484756 18.799023
v 54.785812 67.726761 18.508129
v 56.861546 60.401573 19.466965
v 57.873669 69.320290 19.749273
v 58.971821 89.621880 19.914782
v 52.712749 69.756363 16.839968
v 52.851830 61.839088 16.951546
v 53.708645 73.265022 17.632605
v 52.976467 63.270012 17.047945
v 50.981728 76.718613 14.231723
v 50.139587 64.593864 11.415110
v 50.310108 73.580704 12.006211
v 51.486847 82.240326 4.785723
v 51.021660 82.314011 5.826480
v 50.524075 65.552071 6.878319
v 50.189865 65.967194 8.097925
v 57.187546 85.960838 0.458921
v 56.105938 58.182423 0.812317
v 54.020061 73.684486 1.987303
v 56.627762 61.857601 0.594231
v 57.760769 60.042324 0.321589
v 59.600971 26.460991 0.032755
v 60.560871 32.599731 0.093590
v 61.907555 23.319895 19.773798
v 61.602375 14.275756 19.867220
v 61.542019 37.880310 19.872221
v 60.579006 63.802341 19.952015
v 61.098949 62.708939 19.908934
v 61.359398 88.439285 19.887348
v 61.595230 89.815002 19.867805
v 62.156349 59.486347 19.688385
v 61.960964 56.869576 19.755455
v 62.820133 65.929405 19.460506
v 64.823418 59.297031 18.744957
v 65.950729 55.671612 17.867540
v 65.320732 56.778965 18.357882
v 65.660698 66.032066 18.093277
v 64.888153 65.335991 18.694571
v 66.211456 16.852304 17.664610
v 66.442993 14.847592 17.484400
v 65.936317 78.457497 17.878757
v 66.674675 78.313927 17.304068
v 64.919540 77.858276 18.670139
v 65.321678 75.346458 18.357149
v 66.713150 36.662117 17.274124
v 68.122536 65.737686 15.601443
v 68.346817 63.376427 15.258151
v 68.058319 13.342216 15.699739
v 68.978081 59.975090 14.291926
v 69.325554 59.506332 13.354211
v 69.457542 57.378197 12.832982
v 69.422112 65.786087 12.972921
v 69.244514 65.232018 13.674231
v 69.660431 14.893687 12.031835
v 69.505463 78.130447 12.643761
v 69.220528 77.887497 13.768955
v 69.346176 75.387428 13.272779
v 69.657722 33.952206 12.042500
v 69.749893 36.526527 11.678557
v 69.719437 31.416843 11.798808
v 69.900154 90.215805 10.032915
v 69.914375 64.136627 10.204576
v 69.874664 10.435393 9.725444
v 69.905724 16.602850 11.063166
v 69.839714 78.436653 9.303568
v 69.403221 90.060623 6.882231
v 69.453941 64.101395 6.997869
v 69.404305 15.471292 6.884703
v 69.584732 14.158738 7.296022
v 69.024933 78.443832 6.019819
v 67.527122 90.714966 3.613102
v 67.964455 64.085304 4.088166
v 66.982529 65.712204 3.021509
v 67.932198 15.675246 4.053135
v 68.204788 14.293610 4.349247
v 66.435181 17.943027 2.426932
v 66.774124 20.651714 2.795126
v 67.233864 78.326805 3.294536
v 66.819023 34.268311 2.843895
v 65.933609 63.615143 1.995744
v 65.309547 66.050674 1.658020
v 63.776855 40.513855 0.828572
v 63.103645 85.405396 0.517901
v 62.684731 37.199879 0.448001
v 62.869362 11.706915 0.478812
v 62.017685 10.885398 0.336692
v 59.793701 74.347328 0.015702
v 50.274887 10.106212 7.689389
v 58.713024 35.421120 0.119531
v 58.078384 10.769140 0.316113
v 51.330879 9.671812 5.191479
v 50.836235 10.126408 14.002764
v 54.452660 32.576519 18.287224
v 54.011612 13.047688 17.879940
v 52.757500 10.030896 16.886408
v 54.849110 10.879544 18.529093
v 55.416485 11.407011 18.876028
v 60.008411 32.698811 19.914047
v 59.309818 10.881227 19.945564
v 55.977940 82.870628 19.048037
v 56.752300 62.986382 19.413807
v 51.456146 69.547218 15.061387
v 50.135620 89.155441 9.140813
v 50.153240 89.935318 11.296453
v 50.055061 89.461777 10.125959
v 51.237644 61.311958 5.237440
v 50.985485 88.351974 5.938701
v 50.436466 90.014389 7.198531
v 54.001884 90.213936 2.016356
v 57.284729 81.156075 0.439150
v 57.738380 66.726532 0.352773
v 63.719246 65.208664 19.151840
v 63.954678 66.388733 19.071018
v 67.896355 34.883163 15.947632
v 68.545883 34.113213 14.953453
v 69.855637 34.720299 9.495705
v 69.240036 33.660267 6.510196
v 69.103493 34.958324 6.198926
v 65.491608 27.630075 1.756547
v 64.864662 29.592115 1.417263
v 63.882996 50.069122 0.886011
v 63.891521 54.791183 0.890625
v 54.415447 72.392487 18.249599
v 50.230934 27.916748 7.893206
v 51.359474 32.749111 4.996154
v 52.959461 33.815178 2.955421
v 50.049122 31.130457 9.570273
v 50.046844 23.007601 10.953514
v 50.134377 11.891128 11.279097
v 50.016853 36.874699 10.277793
v 52.040169 37.387489 16.007639
v 51.868244 33.408298 15.767153
v 50.917828 40.066196 14.166068
v 51.142464 30.197216 14.608140
v 54.114468 10.156887 17.950756
v 53.351006 10.510708 17.357658
v 53.611031 34.918751 17.638050
v 52.123535 41.682617 16.127829
v 53.025475 39.298439 17.151728
v 52.401897 33.887821 16.495640
v 58.053608 31.118607 19.792793
v 56.819374 34.146084 19.436821
v 55.996643 10.423660 19.084864
v 56.358349 29.763411 19.265707
v 54.840942 36.553730 18.542772
v 60.095890 67.457115 19.992050
v 60.845638 85.939224 19.929920
v 60.330124 45.250420 19.972641
v 59.307014 18.556046 19.947273
v 60.271233 18.571007 19.888172
v 60.860367 13.626246 19.877373
v 60.583321 14.841508 19.880255
v 57.086143 89.320061 19.428427
v 56.641445 86.790443 19.275785
v 60.329777 89.873207 19.972668
v 52.546608 82.297195 16.650625
v 53.630257 68.004959 17.610718
v 50.445065 71.314362 12.828128
v 51.259659 68.642952 14.675550
v 51.698971 73.496712 15.433532
v 51.418331 72.161575 14.918110
v 50.181099 71.204224 8.211278
v 50.031704 74.761139 9.783687
v 50.335651 79.506233 12.017196
v 50.232414 71.430336 11.609853
v 51.318771 62.751522 5.089254
v 51.681149 60.581505 4.464671
v 50.191788 68.723267 8.108905
v 52.222481 88.534546 3.833228
v 56.231701 86.591553 0.785662
v 54.739807 89.528183 1.616009
v 56.313816 63.223896 0.725433
v 59.417515 30.139051 0.048014
v 58.926937 34.436707 0.088949
v 61.122368 10.097120 0.187290
v 60.734001 41.972759 0.122480
v 61.492561 46.179646 19.876314
v 61.495827 26.189306 19.876047
v 61.260651 73.958649 19.895531
v 61.421181 33.264866 19.882233
v 63.684601 34.824654 19.163738
v 66.376022 73.058022 17.536516
v 65.314331 72.976463 18.362864
v 64.406471 78.719589 18.915916
v 65.924217 21.672064 17.888178
v 67.328316 19.130449 16.795324
v 67.416107 30.221508 16.682720
v 67.830078 66.614487 16.049082
v 67.869400 67.912888 15.988886
v 68.034676 74.767586 15.735920
v 68.735237 28.923849 14.663621
v 69.612907 73.024902 12.219468
v 69.273933 73.069778 13.558033
v 68.837502 78.825600 14.507094
v 69.501373 21.729439 12.659906
v 69.399811 24.265886 13.060964
v 69.778893 12.427829 8.569563
v 69.845642 15.893566 9.375180
v 69.914787 71.770973 10.209637
v 69.777412 72.144112 8.551762
v 69.607552 20.258146 7.348050
v 68.766380 14.441995 5.430382
v 68.982086 17.920366 5.922132
v 69.197174 71.885483 6.412489
v 68.910362 72.663994 5.758632
v 66.284721 26.893631 2.263493
v 66.556847 24.899813 2.559100
v 67.496330 71.898415 3.579650
v 67.007072 72.896645 3.048173
v 64.511337 61.946983 1.226052
v 63.876534 34.119633 0.882513
v 63.958961 60.995552 0.927121
v 62.597588 74.218140 0.433456
v 61.934784 68.031647 0.322854
v 61.445076 73.593208 0.241136
v 62.861507 24.670034 0.477501
v 61.888474 24.161346 0.315129
v 61.704468 85.368523 0.284420
v 61.107948 58.134552 0.184880
v 60.485996 85.229218 0.081093
v 60.423824 84.241547 0.070719
v 59.720554 60.236649 0.021161
v 50.150131 18.752291 8.778716
v 57.334476 23.001337 0.435084
v 57.076756 16.259113 0.480938
v 53.443497 18.454384 2.491720
v 53.916115 17.653969 2.076584
v 54.831001 16.406937 1.581507
v 56.346142 11.087151 0.730152
v 56.027786 24.973774 0.867715
v 52.062603 19.388166 4.058199
v 50.306973 15.801144 11.979567
v 50.404453 8.816320 12.330714
v 50.220295 9.641859 11.607491
v 50.035572 26.761023 9.884654
v 52.035717 18.567331 15.942873
v 52.272346 19.625303 16.297382
v 54.969910 43.756256 18.629250
v 53.956429 39.767696 17.944668
v 55.090828 17.119095 18.701273
v 53.357185 12.551358 17.368990
v 52.635201 12.758758 16.764193
v 53.894699 15.154556 17.795675
v 52.326546 21.952240 16.374811
v 57.271984 28.584806 19.575924
v 57.719070 17.210861 19.696074
v 57.499054 11.874039 19.604889
v 56.657894 12.528897 19.318037
v 55.700356 25.297070 19.007147
v 55.038628 23.454914 18.668783
v 60.796284 24.770775 19.929295
v 56.721867 76.831001 19.303480
v 59.187767 74.889984 19.933680
v 50.777870 78.915459 13.857361
v 51.191631 81.795151 14.552717
v 51.096687 87.371460 14.407071
v 51.630688 67.030022 15.374279
v 51.372490 63.458023 14.977449
v 51.349621 60.765621 14.961967
v 50.049122 82.558807 9.904554
v 51.161797 87.205933 5.531105
v 50.983276 84.715248 5.925827
v 50.348091 75.879814 7.396640
v 50.339840 86.037636 7.425848
v 54.160999 57.544697 1.882528
v 53.643318 77.289719 2.294091
v 53.098293 84.740723 2.864686
v 59.453636 25.038006 0.045113
v 61.033222 52.942410 19.914379
v 61.324184 68.140724 19.890266
v 64.282883 54.524757 18.958345
v 63.604553 51.225174 19.191217
v 63.906803 77.839027 19.087454
v 63.352623 82.543411 19.277704
v 65.785362 40.923874 17.996246
v 66.271240 47.446098 17.618073
v 66.225769 60.483727 17.653471
v 67.392319 52.591831 16.719128
v 66.542740 54.592522 17.406765
v 66.322380 52.112064 17.578274
v 68.010162 15.780032 15.773453
v 68.586975 16.250677 14.890555
v 68.350327 59.198719 15.252779
v 68.727509 77.709740 14.675446
v 69.532097 47.726341 12.538598
v 69.405052 50.199539 13.040280
v 69.536644 39.878941 12.520608
v 69.579666 60.131161 12.350747
v 69.772064 59.346031 11.590981
v 69.772270 53.134075 11.590181
v 69.962349 58.536156 10.783540
v 69.794220 62.249809 8.754650
v 69.738358 58.871857 8.080394
v 69.631508 46.023441 7.402672
v 69.241470 46.868698 6.513469
v 69.056114 49.614590 6.090903
v 68.904350 38.696285 5.744925
v 68.866058 62.242798 5.657619
v 68.412018 52.735882 4.622526
v 68.633827 58.912979 5.128190
v 68.400833 46.317680 4.597016
v 67.508354 22.159000 3.592714
v 67.037102 62.001358 3.080793
v 66.078644 58.693829 2.074233
v 65.731049 48.339397 1.886127
v 64.688660 16.617630 1.322015
v 65.241043 12.791587 1.620950
v 62.773693 50.196304 0.462844
v 61.778481 49.355934 0.296773
v 61.040657 48.544445 0.173652
v 61.426617 76.681793 0.238055
v 59.963165 67.883980 0.002190
v 60.066982 83.171806 0.011172
v 52.104263 66.706352 16.102745
v 52.666817 80.792030 16.798265
v 54.344086 57.406876 18.229794
v 50.404987 39.970058 7.241204
v 58.969624 24.285833 0.117709
v 57.652737 9.567061 0.387649
v 56.703339 43.787376 0.564934
v 56.530811 36.703190 0.629224
v 56.865036 37.774498 0.507182
v 55.176861 9.235085 1.394535
v 54.097481 37.504436 1.977884
v 54.584797 34.273174 1.703874
v 56.335720 16.819057 0.724735
v 55.668343 36.458824 1.030917
v 50.595779 32.070797 6.883569
v 50.467690 34.183487 7.175526
v 51.520760 40.940113 4.700596
v 51.355625 26.254866 5.009958
v 50.020664 39.553623 9.501642
v 50.265762 39.866199 12.191162
v 50.023010 30.771553 10.472720
v 51.187016 22.956573 14.667288
v 51.252224 32.877945 14.820108
v 50.933468 25.228025 14.196710
v 54.909615 31.393883 18.586380
v 54.364124 30.241482 18.228567
v 53.816040 36.874924 17.813648
v 58.568752 13.711267 19.884871
v 56.831284 25.744846 19.416290
v 55.824039 44.663704 19.064320
v 60.595375 61.497627 19.950663
v 58.222542 22.235785 19.832588
v 55.880848 62.412357 19.036615
v 57.540005 55.746647 19.664112
v 57.556892 74.321831 19.655121
v 58.699509 62.933960 19.892189
v 58.489937 54.980553 19.875376
v 52.852039 66.947731 16.949562
v 53.478462 77.610634 17.432652
v 50.089386 62.311428 8.812829
v 50.009109 62.392994 9.947612
v 50.021152 80.716095 10.381053
v 51.296741 74.260063 5.131994
v 51.334000 79.630737 5.064927
v 51.561954 84.897079 4.648818
v 50.702858 66.539299 6.454573
v 50.594090 64.393097 6.706052
v 50.770016 61.340687 6.206664
v 51.763573 63.525360 4.353034
v 51.999939 72.583572 4.032817
v 52.819611 58.823578 3.061900
v 52.854763 62.278824 3.036968
v 52.789806 77.284409 3.166065
v 52.284851 59.686523 3.650110
v 56.426655 89.430725 0.682419
v 55.912762 60.221581 0.893046
v 55.727257 62.376205 0.973038
v 56.245552 78.473976 0.753931
v 54.891342 56.827152 1.438724
v 54.016079 60.304996 1.990240
v 58.797680 45.137794 0.099510
v 60.781616 26.116808 0.130427
v 61.670517 26.868507 0.278758
v 61.685455 17.201387 19.850040
v 61.618500 15.718142 19.865881
v 61.813564 21.827734 19.806063
v 61.229897 34.871864 19.898083
v 61.630421 29.135252 19.864895
v 61.823753 50.823410 19.802567
v 61.305328 64.898010 19.891830
v 61.837563 78.717926 19.797819
v 61.190739 76.592239 19.901325
v 61.767956 83.035736 19.821714
v 62.502964 83.470169 19.569391
v 64.502159 16.988884 18.883074
v 64.675964 23.045481 18.823404
v 63.878613 50.048965 19.097136
v 65.757790 59.432796 18.017710
v 65.171318 20.744444 18.474180
v 66.521584 40.502243 17.423223
v 67.255150 76.103065 16.852264
v 67.495842 10.265214 16.560669
v 69.114952 16.656414 14.082426
v 69.760757 77.868309 11.635642
v 69.661079 80.577103 12.029245
v 69.758018 40.147591 11.646462
v 69.939705 83.707153 10.510308
v 69.959091 10.047329 10.744259
v 69.759499 20.072580 8.335540
v 69.729736 11.349944 7.976408
v 69.765121 77.910980 8.403376
v 69.744957 46.996197 8.160038
v 69.718109 83.765320 7.836117
v 69.356499 50.330391 6.775723
v 68.672264 19.926451 5.215826
v 68.755043 10.574341 5.404549
v 68.508194 11.757953 4.841790
v 68.521072 83.216301 4.871146
v 67.686310 50.235897 3.786023
v 66.230736 76.227242 2.204840
v 66.160187 82.966438 2.128210
v 65.955292 84.072258 2.007474
v 65.172501 78.112190 1.583855
v 65.491150 59.465862 1.756295
v 66.272377 20.799118 2.250082
v 64.808838 25.202492 1.387052
v 63.653919 16.114450 0.762045
v 63.684395 17.420334 0.778538
v 62.792759 23.229303 0.466028
v 63.166103 42.522945 0.528327
v 63.022881 49.095741 0.504428
v 63.258987 90.022972 0.548312
v 62.979736 78.171585 0.497225
v 62.802197 65.768105 0.467600
v 62.783070 59.678673 0.464409
v 63.089314 53.929169 0.515512
v 61.926292 64.825516 0.321437
v 62.352230 77.398804 0.392512
v 63.069939 41.042015 0.512280
v 62.539070 27.888386 0.423694
v 61.256294 52.056652 0.209635
v 60.361126 51.318943 0.060257
v 60.429661 88.262825 0.071692
v 59.648338 84.488335 0.027393
v 48.094116 42.952396 15.423857
v 58.536232 24.312248 19.884863
v 56.607758 24.434298 19.335712
v 64.796150 48.103977 18.766178
v 51.633656 46.744308 0.854686
v 51.540485 45.759659 1.366911
v 68.550850 70.572960 14.945848
v 69.957695 25.706686 10.727455
v 69.928085 26.713139 10.370053
v 69.346100 26.580376 6.752010
v 68.682007 71.918793 5.238033
v 58.552471 39.724125 19.890108
v 62.492214 73.312691 19.573078
v 62.664551 71.924133 19.513918
v 62.401722 13.699903 19.604149
v 62.982010 23.547270 19.404938
v 64.284035 27.546091 18.957954
v 64.816765 27.975567 18.750139
v 66.033997 10.004238 17.802734
v 65.055008 85.246826 18.564701
v 67.451775 88.108185 16.628113
v 69.306259 28.058687 13.430397
v 69.909813 16.576912 10.149556
v 67.712395 69.668961 3.814355
v 66.482300 16.593992 2.478113
v 66.577415 88.445076 2.581441
v 64.162369 77.786896 1.037198
v 63.593357 81.625763 0.729265
v 63.038631 83.538864 0.507053
v 63.891323 82.688644 0.890515
v 51.878540 43.880333 17.336742
v 53.407532 10.715878 2.568153
v 69.205238 28.448729 6.430877
v 50.141567 13.043604 9.079121
v 50.391800 30.616817 12.573197
v 58.921749 87.639992 19.910631
v 50.069336 71.880760 9.207241
v 62.232933 27.246162 19.662092
v 64.549828 86.088875 18.866703
v 65.353104 27.536036 18.332691
v 66.542580 18.744904 17.406883
v 66.913239 72.165627 17.118393
v 69.206131 85.011269 13.825796
v 69.445175 30.714067 12.881844
v 69.569603 18.240145 12.390459
v 66.630928 71.825829 2.639571
v 65.635567 65.019844 1.834450
v 64.496567 28.361820 1.218062
v 64.051453 72.337906 0.977173
v 50.919601 14.335108 6.145837
v 55.110855 80.483994 1.401997
v 58.512280 78.055267 0.232014
v 63.205357 9.401106 19.328264
v 63.210518 76.952972 19.326488
v 67.757736 38.495266 16.159803
v 67.754585 23.399717 16.164635
v 68.001602 48.132019 15.786540
v 68.404442 50.937248 15.169936
v 68.780647 51.731667 14.594123
v 68.851501 85.579254 14.485666
v 69.957565 36.972725 10.858455
v 69.894417 36.940655 9.963795
v 69.205460 23.693672 6.431369
v 65.767090 40.797825 1.905631
v 65.176666 23.251715 1.586110
v 66.149368 22.332115 2.116463
v 65.141937 46.456306 1.567314
v 63.955818 74.421158 0.925419
v 53.109028 35.818958 2.794519
v 54.523479 27.045040 1.747636
v 54.445179 32.834599 1.789850
v 59.807724 38.437317 19.928991
v 52.672066 74.466515 16.803368
v 50.168377 78.323997 11.356696
v 51.759651 78.681580 4.356234
v 61.112305 56.405731 19.907824
v 61.018795 82.460335 19.915573
v 62.689903 50.527977 19.505215
v 62.436836 51.654213 19.592093
v 63.102028 11.770782 19.363739
v 64.036987 21.631788 19.042765
v 62.801392 88.441978 19.466938
v 66.856834 12.128689 17.162296
v 65.981110 12.627366 17.843899
v 67.198593 47.927128 16.896294
v 67.553757 77.396416 16.472029
v 67.793152 54.863758 16.105597
v 68.030746 10.696959 15.741935
v 69.799477 12.114334 11.482772
v 69.589943 12.659667 12.310177
v 69.408989 88.770126 13.024723
v 69.742714 85.954605 11.706882
v 69.509140 85.655411 12.629237
v 69.926132 47.929714 10.982606
v 69.739296 48.372242 11.720377
v 69.927032 75.628220 10.979029
v 69.917824 54.864635 10.246295
v 69.870193 60.615047 9.671474
v 69.800201 86.427696 8.826797
v 69.862381 87.067642 9.577117
v 69.802750 47.865356 8.857520
v 69.727341 38.439579 7.947466
v 69.027519 60.877136 6.025710
v 68.875267 86.443634 5.678614
v 69.174347 87.034714 6.360438
v 67.502357 60.832413 3.586199
v 67.411148 10.498325 3.487124
v 66.375916 38.679710 2.362551
v 66.104263 50.906113 2.088100
v 65.592377 15.799060 1.811082
v 64.524971 10.295722 1.233432
v 63.495243 9.362188 0.676175
v 65.292076 90.065994 1.648564
v 64.797737 87.279312 1.381041
v 60.995327 80.607628 0.166086
v 48.087982 44.456154 2.811965
v 69.930077 45.380165 10.394103
v 50.285515 75.957100 11.819349
v 55.043732 84.488083 1.444175
v 62.426670 38.363228 19.595581
v 62.675121 35.808556 19.510292
v 64.022934 40.356369 19.047586
v 68.747009 43.185173 14.645608
v 69.846542 55.063709 9.386045
v 68.890083 52.180458 5.712401
v 69.390518 51.714603 6.853274
v 68.051079 51.775963 4.182275
v 58.113094 88.554901 19.803322
v 53.731991 71.390381 17.678036
v 54.549370 71.098221 18.359180
v 50.391003 82.977745 12.235653
v 67.337181 34.356575 16.788429
v 69.029274 64.548233 14.213560
v 69.236954 36.360443 13.704119
v 69.843399 38.163967 9.348097
v 69.239189 31.428709 6.508268
v 69.551361 34.799187 7.219949
v 69.209541 10.563580 6.440691
v 68.265900 34.563652 4.415635
v 50.655396 37.819878 6.551273
v 54.125591 22.760334 17.999693
v 58.131638 43.710384 19.811131
v 51.175873 81.026558 5.434046
v 63.237183 12.949316 19.317339
v 63.215714 18.749706 19.324709
v 63.830963 86.496109 19.113489
v 62.847214 89.807716 19.451206
v 63.820713 89.357834 19.117006
v 63.894943 36.152336 19.091526
v 63.295162 37.110611 19.297432
v 64.551468 87.375824 18.866142
v 64.653465 57.883457 18.831129
v 65.706116 67.280067 18.057928
v 64.985023 66.841637 18.619177
v 65.136688 10.614728 18.501133
v 66.540497 77.035652 17.408499
v 65.593811 76.711960 18.145336
v 66.609352 35.204292 17.354912
v 66.535316 33.890266 17.412539
v 68.091537 90.159142 15.648879
v 67.962578 88.728523 15.846269
v 68.610329 89.442390 14.854807
v 68.546982 36.723751 14.951772
v 68.944679 87.395409 14.343043
v 69.097008 58.516544 14.109891
v 69.178070 66.637291 13.936607
v 69.490448 66.979416 12.703062
v 69.670433 76.727364 11.992310
v 69.028221 76.604935 14.215172
v 69.418999 76.679916 12.985185
v 69.692299 35.244240 11.905986
v 69.895111 32.531616 11.105086
v 69.929169 17.881664 10.383195
v 69.860336 77.305511 9.552459
v 69.773102 33.729771 8.499817
v 69.297226 77.493164 6.640586
v 68.705437 33.789028 5.291456
v 66.779907 66.812920 2.801409
v 67.455132 13.845696 3.534903
v 66.470016 19.446035 2.464781
v 67.462555 77.222588 3.542959
v 66.835648 28.033415 2.861960
v 66.360100 32.202663 2.345377
v 62.440987 62.223705 0.407325
v 50.084381 88.733810 11.024604
v 63.450600 72.444580 19.244066
v 63.965618 64.278839 19.067263
v 69.845245 30.650934 9.370429
v 69.808472 35.989471 8.926537
v 69.921242 35.822361 10.287539
v 68.911545 36.180786 5.761325
v 65.228699 26.266085 1.614270
v 65.049385 30.979183 1.517229
v 65.411697 34.824593 1.713302
v 55.443565 71.833115 18.864685
v 50.998035 35.529453 5.698176
v 51.160149 64.427147 5.379931
v 51.784485 90.512497 4.321084
v 53.157063 66.264656 2.730902
v 63.177387 39.524132 19.337862
v 65.833710 74.171585 17.958618
v 64.683777 76.629471 18.820717
v 65.667732 22.821434 18.087807
v 66.277916 32.739029 17.612883
v 65.031120 25.360483 18.583300
v 67.291847 33.002308 16.823709
v 66.517418 64.148529 17.426468
v 66.400711 69.749214 17.517302
v 67.445869 28.923002 16.637159
v 67.225380 17.619799 16.875446
v 68.593063 30.241117 14.881244
v 68.726364 27.465073 14.677212
v 69.522911 74.161171 12.574862
v 69.430756 22.924036 12.938780
v 69.639984 32.782242 12.112549
v 69.885292 65.311714 9.853651
v 69.864815 72.290146 11.224714
v 69.943230 29.022825 10.552794
v 69.929489 20.454741 10.386980
v 69.918999 19.294971 11.010763
v 69.832405 70.759834 9.215337
v 69.313911 65.292389 6.678624
v 69.640503 71.983315 7.423180
v 69.428345 29.470898 6.939509
v 69.714317 18.941223 7.790310
v 68.756302 30.307640 5.407394
v 69.016998 70.733070 6.001735
v 67.762642 65.260857 3.868937
v 68.243439 71.964104 4.391231
v 68.083649 31.987881 4.217647
v 68.015579 29.714312 4.143707
v 68.376671 30.861835 4.541943
v 68.441193 20.508854 4.689026
v 67.040634 70.707222 3.084629
v 65.744057 28.853607 1.893164
v 66.631935 25.888157 2.640671
v 66.042328 25.557449 2.054581
v 63.690380 25.131674 0.781774
v 64.973007 71.999954 1.475892
v 64.486565 67.409302 1.212645
v 64.217117 32.969639 1.066831
v 63.429852 28.074692 0.640783
v 63.509693 66.736580 0.683989
v 51.098141 11.102918 5.738910
v 51.345085 22.923117 5.032934
v 50.490532 23.747801 12.884544
v 58.009018 10.456649 19.775822
v 55.004246 18.417288 18.644882
v 58.152447 75.236900 19.824461
v 58.675472 80.309639 19.890215
v 58.172966 89.712769 19.819555
v 59.923943 86.285629 19.998205
v 53.776020 87.541565 2.179386
v 63.970131 76.510437 19.065714
v 65.267548 50.562183 18.399279
v 66.221207 41.811249 17.657019
v 66.435089 53.507290 17.490549
v 67.539932 42.077045 16.493183
v 68.042534 20.880569 15.723885
v 68.522850 20.295485 14.988712
v 67.761574 14.653296 16.153940
v 68.305420 60.535152 15.321499
v 68.434380 54.438061 15.124114
v 68.744118 58.715927 14.650033
v 69.203529 51.788551 13.836063
v 68.621117 81.591263 14.838303
v 69.530594 49.086479 12.544520
v 69.936844 53.536308 10.475762
v 69.867546 54.570435 11.213953
v 69.813637 60.685993 11.426815
v 69.916809 44.401978 11.019370
v 69.859589 13.615009 9.543420
v 69.808487 14.901560 8.926775
v 69.711960 54.445190 7.761877
v 69.729088 60.442669 7.968552
v 69.784492 54.708221 8.637173
v 69.634361 44.573269 7.409174
v 69.145599 16.600153 6.294909
v 69.123848 48.242096 6.245327
v 69.467613 47.751057 7.029017
v 68.406876 54.219803 4.610788
v 68.543304 60.399967 4.921820
v 68.415710 44.704548 4.630935
v 67.515884 20.985746 3.600894
v 67.241890 19.765467 3.303254
v 67.976677 47.584240 4.101454
v 67.152786 40.890568 3.206461
v 66.344879 54.230778 2.328835
v 66.383255 59.998650 2.370522
v 66.840012 54.750313 2.866697
v 64.686638 20.579536 1.320922
v 64.506569 15.235687 1.223475
v 63.513741 62.034527 0.686183
v 52.226879 79.706131 16.253950
v 53.055767 9.622658 2.979623
v 52.254425 38.041355 3.746389
v 50.182922 34.027042 11.577828
v 53.870102 31.415489 17.829523
v 53.767235 28.194834 17.738142
v 55.184647 42.448517 18.764006
v 60.073994 41.181931 19.961605
v 59.117523 61.682056 19.936771
v 50.034904 85.244942 10.829376
v 51.505695 88.343773 4.752511
v 54.057640 69.901672 1.959208
v 58.140945 90.874496 0.303463
v 58.315224 89.457420 0.273332
v 59.150627 89.148483 0.133699
v 58.766182 79.478951 0.184548
v 62.577793 64.681198 19.543701
v 61.943188 84.617828 19.761560
v 62.358326 75.990555 19.619041
v 62.379375 19.484407 19.611820
v 62.913452 21.619745 19.428474
v 61.964375 87.796326 19.754284
v 63.794605 47.524178 19.125973
v 65.458801 58.104362 18.250425
v 66.254410 58.284893 17.631176
v 65.810837 82.861092 17.976423
v 65.653984 48.399857 18.098505
v 66.582169 48.645439 17.376072
v 66.570381 49.814796 17.385248
v 66.310738 39.022430 17.587330
v 66.736649 84.678818 17.255833
v 67.704086 79.790871 16.241922
v 67.007851 85.802132 17.044750
v 66.978874 57.755653 17.067307
v 67.781540 59.878387 16.123379
v 68.557487 74.321342 14.935697
v 68.618286 14.995578 14.842636
v 69.109650 15.224422 14.090543
v 69.070732 23.590528 14.150117
v 68.994644 40.560955 14.266561
v 69.158897 70.741920 14.012290
v 69.296227 58.246506 13.470009
v 69.524910 58.745220 12.566968
v 69.295860 15.956441 13.471474
v 69.506393 46.391510 12.640081
v 69.830696 37.926815 11.359462
v 69.670105 38.698421 11.993617
v 69.436722 81.515259 12.915203
v 69.898468 85.684937 10.012592
v 69.954140 85.099205 10.871975
v 69.944565 57.199291 10.568978
v 69.895126 50.126152 9.972334
v 69.795219 60.992432 8.766619
v 69.942574 8.684815 10.917648
v 69.742798 17.647581 8.133952
v 69.467430 17.862858 7.028613
v 69.762657 79.214706 8.373596
v 69.757179 82.948807 8.307535
v 69.885750 84.704964 9.859101
v 69.778465 51.790813 8.564507
v 69.852036 89.304596 9.452360
v 69.349831 85.653038 6.760510
v 69.734825 85.806183 8.037842
v 69.700996 51.052135 7.629487
v 69.433144 11.724008 6.950456
v 69.394775 8.442615 6.862976
v 68.510124 17.828959 4.846185
v 68.608101 13.129058 5.069537
v 68.716675 79.280945 5.317055
v 69.293739 84.685776 6.632636
v 68.500610 41.584869 4.824497
v 68.385948 47.897232 4.563087
v 68.571877 48.100761 4.986958
v 69.439598 40.679005 6.965162
v 67.891876 85.733879 4.009324
v 68.321495 50.834988 4.476028
v 66.667938 60.993843 2.679768
v 67.949226 57.383228 4.071634
v 67.641281 11.660827 3.737120
v 67.936005 12.803474 4.057271
v 68.037849 8.534275 4.167907
v 66.985802 12.729147 3.025072
v 66.883408 22.865793 2.913840
v 67.733818 83.696312 3.837632
v 67.472084 84.805603 3.553312
v 65.938332 42.250168 1.998301
v 66.490189 48.155533 2.486692
v 65.922249 85.169273 1.989593
v 66.583992 85.128792 2.588582
v 68.037308 89.553223 4.167305
v 65.588364 79.519211 1.808905
v 63.944912 19.861671 0.919519
v 63.661625 14.834901 0.766215
v 62.838627 15.134758 0.473682
v 63.966705 22.745602 0.931314
v 64.292709 90.853935 1.107736
v 64.437523 79.243149 1.186103
v 63.187763 79.515907 0.531939
v 62.616497 8.624158 0.436616
v 58.235123 53.631115 0.180315
v 51.899670 42.468193 15.823737
v 69.856773 41.210575 9.509541
v 69.458862 39.234837 7.009078
v 63.962353 64.097252 0.928955
v 64.707161 64.995972 1.332025
v 69.865608 52.541233 9.616149
v 65.534065 33.504738 18.191845
v 67.838112 25.949636 16.036785
v 69.406731 34.539288 13.033624
v 69.332672 33.223866 13.326085
v 69.921791 69.492439 10.999715
v 69.747719 70.739288 8.193454
v 69.718727 69.449913 7.843495
v 68.543457 70.732330 4.922158
v 59.226292 43.234455 19.912405
v 58.298985 41.392204 19.850534
v 57.923260 61.181709 19.769484
v 63.072006 69.552315 19.374041
v 62.249798 70.596626 19.656300
v 63.910873 17.990936 19.086061
v 65.004089 30.721750 18.604340
v 64.948563 54.282669 18.647556
v 65.091881 13.218275 18.536007
v 66.028816 8.740188 17.806767
v 65.044975 82.217278 18.572512
v 66.047684 25.013535 17.792080
v 66.997726 91.172417 17.052624
v 67.398979 68.476028 16.708927
v 66.848610 68.857536 17.168694
v 69.104599 32.125748 14.098275
v 69.119156 30.889235 14.075980
v 69.022835 55.454742 14.223416
v 69.345108 54.726330 13.276995
v 69.249649 10.506445 13.653955
v 69.568810 8.884564 12.393615
v 69.179283 82.223343 13.931827
v 69.405029 25.666857 13.040352
v 69.957932 90.493843 10.857012
v 69.705879 90.356506 7.688399
v 69.762367 89.231689 8.370209
v 69.610695 16.602427 7.355218
v 68.414650 90.582779 4.628509
v 68.379021 19.082150 4.547293
v 68.143944 16.745739 4.283155
v 66.284439 13.516258 2.263183
v 66.853386 14.114282 2.881231
v 67.349098 82.679764 3.419712
v 66.070763 89.128212 2.069963
v 66.542442 68.799805 2.543446
v 65.266678 70.702087 1.634820
v 56.208427 85.014999 0.791127
v 69.250069 30.378418 6.533073
v 67.162704 30.066896 3.217238
v 64.912849 33.754612 1.443340
v 56.622211 9.735405 0.592077
v 50.716900 68.372078 13.706409
v 64.281570 82.807594 18.958796
v 65.548233 28.721254 18.180817
v 66.630089 22.692419 17.338774
v 66.461891 23.819742 17.469688
v 67.234138 22.807274 16.868628
v 68.671669 35.451836 14.760924
v 69.086624 81.095276 14.125794
v 69.664932 23.697462 12.014029
v 69.781700 67.167084 11.552910
v 69.949738 23.323227 10.631331
v 69.843422 67.526321 9.348390
v 69.743858 67.126678 8.146848
v 68.531738 67.142014 4.895452
v 67.831039 67.372681 3.943245
v 67.022232 67.594124 3.064642
v 65.743713 31.266035 1.892979
v 64.122658 30.570004 1.015711
v 63.497055 69.551888 0.677150
v 63.413925 56.980698 0.632164
v 53.053406 22.331581 2.887610
v 51.305336 86.084518 5.170254
v 62.626644 48.380981 19.526932
v 65.475418 42.157463 18.237490
v 67.480812 20.555098 16.583677
v 68.725235 45.213036 14.678937
v 68.214691 79.414116 15.460383
v 68.752808 45.049160 5.399440
v 68.793861 54.922203 5.493036
v 67.142632 17.262856 3.195436
v 64.198624 52.117371 1.056818
v 64.228416 57.627502 1.072941
v 58.185444 42.441883 19.823801
v 56.212448 73.260193 19.128628
v 51.150208 90.952522 14.488791
v 55.627357 58.888290 1.015455
v 60.919125 55.072166 19.923834
v 61.162186 66.983452 19.903690
v 62.617805 79.654816 19.529964
v 62.786846 53.662598 19.471933
v 64.170929 8.655349 18.996786
v 62.672005 16.295229 19.511362
v 63.611149 16.672022 19.188951
v 65.128304 43.661427 18.507658
v 65.297997 47.346893 18.375582
v 64.584404 69.803833 18.854836
v 66.717674 82.217712 17.270601
v 67.348236 45.399342 16.779814
v 66.594780 45.213989 17.366255
v 67.108749 79.721176 16.966215
v 67.974815 82.104889 15.827541
v 69.334915 43.834103 13.317256
v 69.164703 42.777420 13.989394
v 69.277748 48.088387 13.542986
v 69.151024 49.166489 14.027217
v 69.162186 44.903214 13.999325
v 69.720337 83.094498 11.795225
v 69.786713 45.586346 11.533130
v 69.926880 86.592934 10.979628
v 69.741959 34.900330 8.123898
v 69.645020 33.519379 7.433483
v 69.961777 89.060188 10.841824
v 69.837891 82.727631 9.281565
v 69.769798 42.030563 8.459790
v 69.584641 86.355621 7.295812
v 69.696190 8.838308 7.571535
v 68.630432 35.028721 5.120440
v 68.251854 33.314194 4.400381
v 68.236259 28.464342 4.383437
v 69.685219 88.847496 7.525112
v 68.830704 46.158215 5.577017
v 68.463295 78.652359 4.739419
v 68.069511 86.628693 4.202295
v 68.344398 88.678566 4.500898
v 66.746132 82.304039 2.764710
v 66.374733 79.752945 2.361268
v 65.106079 61.135532 1.547907
v 65.429665 11.264927 1.723028
v 66.231880 10.482773 2.206098
v 63.211788 21.817682 0.535952
v 64.300423 85.847252 1.111910
v 62.909634 70.341431 0.485527
v 62.592190 43.464222 0.432558
v 67.935555 45.556370 4.056776
v 67.831398 44.425293 3.943638
v 67.730316 51.258396 16.201773
v 68.109756 52.169319 15.620995
v 66.958527 51.107380 17.083141
v 68.600098 39.460625 14.870482
v 68.887360 44.061729 14.430785
v 69.945175 50.949535 10.907382
v 69.590286 53.685127 7.308689
v 64.919365 56.883183 1.446864
v 65.842178 56.533497 1.946263
v 63.535824 62.132343 19.214813
v 65.380417 38.857391 18.311432
v 64.886909 38.081089 18.695543
v 65.552132 39.916992 18.177780
v 65.804115 36.146549 17.981655
v 67.162445 63.459671 16.924425
v 66.548073 62.729336 17.402613
v 67.955856 32.243755 15.856569
v 67.093460 31.669680 16.978121
v 68.439323 66.984718 15.116564
v 69.215828 39.659199 13.787494
v 69.343330 40.572308 13.284010
v 69.510757 35.834560 12.622843
v 69.790031 63.736156 11.520020
v 69.548782 63.111221 12.472712
v 69.948715 31.407230 10.619068
v 69.744926 63.431908 8.159721
v 69.815697 64.484596 9.013751
v 69.505249 32.239323 7.114830
v 68.619408 63.430313 5.095321
v 68.965721 64.478996 5.884832
v 67.142448 64.398453 3.195230
v 65.113426 37.151554 1.551886
v 51.114330 36.722794 14.552826
v 63.095890 67.232300 19.365841
v 64.425446 19.518517 18.909412
v 64.858490 35.569561 18.717669
v 64.371666 61.441578 18.927866
v 65.814980 64.670357 17.973198
v 65.076927 63.781479 18.547644
v 66.743790 67.527367 17.250278
v 64.213364 13.139146 18.982216
v 65.846390 13.815652 17.948753
v 65.121765 79.182747 18.512749
v 65.726738 79.593353 18.041870
v 66.389580 28.342699 17.525978
v 66.579048 29.402327 17.378496
v 65.837891 29.933075 17.955370
v 67.038971 66.227829 17.020523
v 67.237259 14.592177 16.866196
v 68.685173 9.844163 14.740268
v 69.070892 61.825699 14.149865
v 69.541801 64.593483 12.500269
v 69.288651 63.822769 13.499932
v 69.477188 13.757058 12.755434
v 69.601463 79.429016 12.264650
v 69.292557 79.148125 13.484496
v 69.882484 35.781200 11.154936
v 69.600441 30.077217 12.268685
v 69.919914 88.005997 10.271536
v 69.873291 12.483291 9.708781
v 69.917282 14.657331 10.239684
v 69.869926 15.184955 11.204541
v 69.853127 79.646332 9.465484
v 69.919373 79.119278 10.264969
v 69.897949 76.296013 10.006409
v 69.852371 75.575859 9.456353
v 69.415894 87.662880 6.911119
v 69.460220 88.844856 7.012162
v 69.175850 79.731972 6.363871
v 69.579117 78.715446 7.283232
v 69.132416 75.516830 6.264859
v 67.496780 87.045616 3.580141
v 67.965477 87.950111 4.089282
v 66.544670 8.914073 2.545875
v 66.755356 10.227699 2.774735
v 67.042473 79.490723 3.086627
v 67.865059 79.131775 3.980195
v 67.409996 75.320541 3.485866
v 66.538445 29.424759 2.539109
v 65.835365 60.843731 1.942578
v 66.663124 63.356087 2.674539
v 64.461487 81.802002 1.199072
v 63.286655 87.323692 0.563287
v 62.371853 34.327618 19.614401
v 62.553783 41.705128 19.551947
v 63.277748 63.414925 19.303408
v 63.900978 69.991158 19.089453
v 63.802319 68.624931 19.123327
v 69.911888 32.731819 10.174560
v 69.001045 27.247488 5.965374
v 67.653534 32.549110 3.750424
v 50.298576 16.433771 7.579727
v 51.681183 36.370785 15.512674
v 55.667526 85.798965 18.941448
v 61.815956 62.066528 19.805239
v 65.920311 71.967377 17.891214
v 64.810326 74.055107 18.755152
v 65.601753 18.560238 18.139158
v 66.890305 16.074745 17.136240
v 66.831734 21.466679 17.181826
v 66.242310 17.872831 17.640596
v 67.282448 26.498148 16.831026
v 68.580864 32.702873 14.899920
v 69.623459 71.796700 12.177788
v 69.374771 71.879623 13.159843
v 69.128052 74.164452 14.062375
v 69.469887 19.573460 12.784225
v 69.338577 20.765181 13.302774
v 69.365005 18.516941 13.198450
v 69.768852 15.832144 11.603668
v 69.748795 22.217331 11.682876
v 69.777702 18.022959 11.568708
v 69.926559 27.795424 10.980880
v 69.862175 68.348854 11.235149
v 69.902786 73.034294 10.064757
v 69.930527 67.321159 10.399611
v 69.904663 69.726822 10.087376
v 69.772186 16.302856 8.488674
v 69.802757 18.666250 8.857660
v 69.751785 27.115139 8.242544
v 69.781090 74.576347 8.596113
v 69.753044 75.836578 8.257534
v 69.671700 68.298790 7.494287
v 69.323311 72.993614 6.700038
v 69.497375 67.273453 7.096882
v 69.421158 69.590332 6.923107
v 69.678329 27.075592 7.509417
v 69.386917 21.332394 6.845056
v 69.642296 22.757809 7.427265
v 68.946236 15.548642 5.840413
v 68.713387 16.696295 5.309573
v 68.816139 18.947403 5.543823
v 68.947601 73.581200 5.843532
v 68.624962 75.691597 5.107985
v 68.170433 68.424042 4.311920
v 67.820854 73.075653 3.932181
v 68.410469 69.520325 4.618994
v 68.442337 27.087597 4.691640
v 68.127037 21.332947 4.264786
v 68.669083 23.014925 5.208566
v 66.284157 28.314358 2.262871
v 66.828682 74.228462 2.854389
v 66.698959 75.377022 2.713470
v 65.913979 71.759949 1.985121
v 63.894379 35.897812 0.892175
v 62.961010 31.872110 0.494103
v 63.556358 70.881363 0.709241
v 63.347088 63.119034 0.595993
v 63.323242 75.433350 0.583088
v 58.237022 25.556387 0.283397
v 50.794338 18.133247 13.896519
v 58.338959 73.886131 19.860813
v 60.148075 25.159925 0.024708
v 61.419842 48.668961 19.882341
v 63.241905 42.694778 19.315714
v 62.455986 46.094299 19.585518
v 62.643650 62.515686 19.521095
v 63.893539 58.751228 19.092009
v 63.672619 79.287804 19.167850
v 65.983948 50.821373 17.841688
v 65.994530 61.816860 17.833450
v 66.581993 61.452271 17.376209
v 67.100189 60.664982 16.972885
v 65.572342 53.165173 18.162048
v 67.840767 44.127281 16.032711
v 67.958351 17.020479 15.852748
v 68.328049 48.943588 15.286865
v 68.214722 76.958771 15.460335
v 68.332436 85.371338 15.280156
v 69.245224 46.982933 13.671432
v 69.575066 61.623886 12.368908
v 69.739319 58.014641 11.720297
v 69.711365 51.741692 11.830673
v 69.938362 38.026161 10.494099
v 69.839882 17.249842 9.305589
v 69.822456 23.521544 9.095451
v 69.833832 11.386411 9.232642
v 69.806694 49.322075 8.905139
v 69.809265 39.238091 8.936171
v 69.777809 57.592022 8.556521
v 69.715469 57.375492 7.804258
v 69.718788 48.176136 7.844288
v 69.202980 14.461640 6.425725
v 68.771111 48.831772 5.441162
v 68.961823 57.741745 5.875936
v 68.561073 51.528210 4.962325
v 68.498100 57.402161 4.818765
v 67.520950 23.295532 3.606397
v 66.804665 51.920372 2.828299
v 66.468597 57.378033 2.463226
v 66.812592 58.736557 2.836915
v 66.173454 44.497719 2.142619
v 65.857216 47.132786 1.954402
v 65.714005 37.816772 1.876902
v 64.703827 17.984489 1.330225
v 65.684288 17.310379 1.860822
v 63.636955 59.809677 0.752859
v 51.279194 35.587578 14.875854
v 60.390594 35.963440 19.957443
v 62.038040 52.728706 19.728998
v 61.755848 55.682648 19.825876
v 61.356544 59.152496 19.887589
v 61.534634 75.074638 19.872828
v 61.742058 81.569580 19.830608
v 62.643658 81.926170 19.521090
v 62.296719 54.896805 19.640194
v 63.900185 12.258595 19.089733
v 64.124352 11.199488 19.012775
v 63.781288 24.051405 19.130548
v 64.635666 24.538652 18.837238
v 63.978886 43.480289 19.062710
v 64.257751 67.467247 18.966976
v 65.222214 60.738850 18.434561
v 66.034882 85.552277 17.802038
v 66.900909 38.043606 17.127983
v 66.873535 41.940483 17.149292
v 67.390327 74.991821 16.722168
v 66.967255 80.924942 17.076347
v 65.028992 88.860123 18.584944
v 66.230278 88.615402 17.649956
v 67.788399 76.027206 16.112873
v 67.479111 82.140968 16.586277
v 68.152573 57.947868 15.555466
v 67.493416 11.586032 16.564386
v 68.466476 22.876883 15.074993
v 68.627220 17.537367 14.828959
v 69.129402 18.130978 14.060311
v 69.161530 22.071346 14.001924
v 69.090775 88.632843 14.119425
v 69.336998 60.970329 13.309006
v 69.798851 78.987747 11.485169
v 69.838623 41.653927 11.328135
v 69.597420 41.255806 12.280624
v 69.656166 88.881714 12.048669
v 69.946968 82.301544 10.597985
v 69.921173 59.750397 10.286705
v 69.943886 11.556150 10.560713
v 69.768547 22.429707 8.444734
v 69.771355 10.241415 8.478669
v 69.733551 9.322330 8.022524
v 69.762627 87.877663 8.373276
v 69.755890 45.585125 8.292022
v 69.469666 82.084908 7.033699
v 69.320389 54.925995 6.693382
v 69.476440 59.849457 7.049141
v 69.702003 12.711420 7.641644
v 68.796364 21.236843 5.498745
v 68.575668 9.199039 4.995605
v 68.700775 87.885429 5.280808
v 68.563522 38.438892 4.967915
v 67.952240 82.301651 4.074906
v 67.953178 59.920280 4.075924
v 67.045654 86.100937 3.090083
v 66.780121 87.434082 2.801639
v 65.916939 80.787033 1.986718
v 66.256027 81.871117 2.232320
v 65.399048 75.946892 1.706455
v 64.752823 76.745964 1.356734
v 65.505615 81.923553 1.764123
v 66.064819 74.703400 2.066751
v 65.685059 19.934040 1.861240
v 65.665131 18.695942 1.850455
v 65.423256 14.293142 1.719557
v 63.606266 18.810015 0.736256
v 63.370197 43.903374 0.608500
v 63.368187 51.148716 0.607411
v 64.261368 89.429230 1.090775
v 62.492485 87.962418 0.415916
v 51.999718 89.404297 4.079154
v 49.247471 61.468487 9.749768
v 50.011829 40.849205 10.118580
v 50.024254 33.542542 10.511960
v 60.807735 57.829983 19.933064
v 58.990711 38.379944 0.083522
v 66.768349 87.711334 17.231159
v 66.813095 36.174484 2.837459
v 50.759483 13.209016 6.510906
v 56.968075 25.217564 0.495290
v 58.000259 69.207664 0.310910
v 69.604836 37.237045 7.341861
v 68.222656 37.295376 4.368656
v 41.819576 44.338512 14.995101
v 41.732063 43.188301 12.219739
v 35.553673 45.458271 11.341331
v 35.533916 45.429291 8.943989
v 30.720907 49.007812 14.613441
v 30.288958 48.137596 11.338423
v 30.272333 48.107681 8.943674
v 25.916754 52.137089 14.690976
v 25.319881 51.320026 11.338730
v 25.300341 51.291809 8.944162
v 21.363407 55.731064 14.690986
v 20.688787 54.977016 11.339396
v 20.666491 54.950752 8.944507
v 17.186611 59.756493 14.690984
v 16.441040 59.072483 11.339128
v 16.416290 59.048599 8.944384
v 13.427286 64.174271 14.691282
v 12.617620 63.567142 11.339197
v 12.590626 63.545776 8.944551
v 10.121549 68.940994 14.691019
v 9.256192 68.416496 11.338655
v 9.227334 68.397964 8.944004
v 7.302062 74.010513 14.690967
v 6.389209 73.573898 11.338365
v 6.358736 73.558327 8.943664
v 4.996213 79.333359 14.690970
v 4.044765 78.988899 11.338427
v 4.012913 78.976418 8.943537
v 3.226455 84.857643 14.690971
v 2.245734 84.608749 11.339039
v 2.212636 84.599449 8.944335
v 2.054385 90.495583 14.747331
v 0.976308 90.372437 8.939487
v 52.897549 8.665776 16.998823
v 61.253193 71.742844 19.896149
v 61.703419 39.416645 19.843876
v 58.900829 67.214737 0.093088
v 58.344051 71.808372 19.861759
v 58.246513 72.780724 0.271845
v 61.054787 90.944992 19.912588
v 68.687920 12.682746 14.736063
v 63.698669 12.620505 0.786262
v 53.101120 85.745399 17.135548
v 51.400284 70.696625 14.916886
v 57.765400 37.003117 0.339945
v 52.242523 36.063251 3.789101
v 50.583130 40.401043 13.291044
v 60.231819 72.825615 19.980783
v 69.693008 16.898163 11.903146
v 69.901878 33.485840 11.078369
v 60.351067 18.154161 0.058581
v 64.184891 60.207153 18.991991
v 51.040314 25.004984 5.724255
v 53.450016 30.506594 17.498625
v 52.745716 28.576674 16.874916
v 59.839867 62.801426 19.996283
v 50.604313 76.167496 13.336971
v 50.820316 90.659058 6.326612
v 52.746399 68.195526 3.172843
v 52.641369 66.904243 3.280373
v 56.233757 81.376671 0.761110
v 59.424427 90.590813 0.086893
v 63.305515 54.638668 19.293877
v 65.838928 49.486176 17.954557
v 67.543579 57.120625 16.487593
v 69.697426 41.782715 7.586451
v 68.964722 41.025112 5.882562
v 68.495552 85.929321 4.812955
v 66.299469 86.280907 2.279505
v 63.159424 36.495258 0.527213
v 64.615120 50.859898 18.844296
v 60.305977 11.203988 19.920740
v 54.837860 35.109840 18.540363
v 68.834152 80.051788 14.512223
v 69.843643 66.549911 9.351000
v 69.082336 66.531555 6.150696
v 68.162964 22.730303 4.303807
v 50.602871 13.806511 13.170637
v 64.451508 56.783581 18.900455
v 55.387547 88.543137 18.845306
v 54.005703 71.088028 1.998023
v 66.627037 41.701199 2.635343
v 62.639153 19.827881 0.440396
v 67.936287 9.460282 15.886515
v 64.690002 66.333168 1.322739
v 61.869923 86.237022 19.786711
v 62.689255 55.773941 19.505440
v 65.678329 14.803771 18.079557
v 69.253525 35.330669 13.638646
v 63.184280 10.369712 0.531362
v 63.640244 76.825859 0.754639
v 64.418945 72.734367 18.911636
v 68.535934 64.591011 14.968678
v 64.835419 35.918644 1.401437
v 50.510864 24.862423 13.029765
v 55.892090 34.615639 19.095713
v 60.509422 83.673393 19.957783
v 62.072681 67.049622 19.717104
v 66.062279 19.587116 17.780724
v 67.553490 74.078384 16.472424
v 69.824287 74.322876 11.384771
v 65.455032 67.238968 1.736753
v 56.493256 22.778677 0.641975
v 50.871082 22.096249 6.256226
v 54.038624 41.071594 18.018175
v 55.954792 84.288116 19.040079
v 57.135742 77.832169 19.481579
v 65.864243 46.148224 17.934855
v 69.698250 52.378033 7.596453
v 67.637619 46.623947 3.733130
v 66.544701 45.510429 2.545906
v 58.288502 12.616600 19.848146
v 59.153542 12.999566 19.933149
v 55.081841 64.704185 1.366105
v 64.933876 70.597076 18.658983
v 66.944839 88.864380 17.093788
v 68.171852 80.792526 15.525945
v 69.153954 19.541973 14.022729
v 69.879189 39.294533 11.167958
v 69.961098 81.143181 10.768530
v 69.733315 21.468269 8.019579
v 69.694466 24.195351 7.550762
v 69.744682 13.786502 8.156762
v 69.770103 80.571465 8.463598
v 68.521759 21.877411 4.872704
v 62.767361 26.038321 0.461789
v 62.164837 63.578823 0.361244
v 61.910801 40.744137 19.772678
v 63.990917 85.023193 19.058577
v 66.835449 89.605438 2.861744
v 69.321716 87.618149 13.369368
v 68.157448 74.583130 4.297822
v 68.523964 86.754395 14.987005
v 67.299088 54.006866 16.818069
v 62.818043 84.498474 19.461224
v 62.793926 87.015678 19.469503
v 64.735138 18.345991 18.803093
v 67.241936 83.488037 16.862556
v 66.084114 90.887733 17.763720
v 69.947556 76.880058 10.897954
v 69.804085 90.597847 8.873639
v 69.665215 84.910545 7.479504
v 68.931381 90.643661 5.806549
v 64.414719 52.130283 18.913090
v 68.951523 33.122482 14.332578
v 68.672165 89.343819 5.215591
v 65.808144 69.339615 1.927848
v 69.674065 25.128611 11.977998
v 67.575188 40.857967 16.439213
v 67.897316 41.961872 4.015240
v 66.037987 80.942955 17.799622
v 67.055519 44.244949 17.007650
v 68.496162 32.331295 4.814364
v 68.506294 29.589161 4.837453
v 66.806076 90.971634 2.829829
v 67.405655 50.315216 16.698711
v 68.634514 72.900360 14.817793
v 62.052685 88.968727 19.723969
v 64.389351 14.139808 18.921799
v 64.968765 11.933568 18.631836
v 69.714432 26.548620 11.818542
v 65.463821 62.377666 1.741506
v 61.970097 69.249710 19.752319
v 66.646729 30.515879 17.325823
v 69.845963 30.156576 11.299150
v 69.840149 20.767860 11.322127
v 69.764381 29.052572 11.621312
v 63.390766 30.910614 0.619633
v 62.478840 86.611656 0.413639
v 65.063202 45.282932 18.558325
v 65.646011 87.752800 18.104710
v 66.090263 89.587273 17.758934
v 69.457245 84.172264 12.834146
v 69.406868 51.249222 13.033101
v 69.855316 49.426548 11.262227
v 69.961365 40.635006 10.771715
v 69.527931 89.723770 12.555029
v 69.746178 23.431553 8.174904
v 69.710121 77.243752 7.739669
v 55.853588 48.111115 19.719398
v 50.568996 17.448502 6.945055
v 50.979465 45.330471 18.365566
v 37.282516 51.632263 19.361050
v 57.685913 41.875069 0.332820
v 61.299561 9.537471 19.887547
v 49.636627 45.226158 18.171200
v 51.259529 69.802460 5.199167
v 47.867439 46.279011 18.516371
v 35.562733 46.322590 14.135770
v 44.366833 43.940865 4.454506
v 52.122890 15.045457 16.057482
v 59.390770 81.866394 0.051779
v 60.879086 38.451691 0.146691
v 51.545692 16.551424 15.182056
v 51.047497 17.135294 14.421086
v 55.002979 80.630127 18.645000
v 54.091137 16.732496 1.981891
v 50.050518 19.307037 10.983812
v 53.328045 75.428680 17.316494
v 53.089630 90.905624 2.901981
v 55.011051 83.196861 1.459973
v 57.675934 61.413921 0.347964
v 61.348045 23.396648 0.224948
v 68.496193 52.976700 15.029506
v 68.663124 57.762794 14.773997
v 64.074768 53.402351 0.989794
v 66.357399 78.526184 2.342435
v 65.062370 52.870277 1.524257
v 62.900665 33.687019 0.484034
v 64.769730 46.727806 18.786741
v 58.782608 42.557667 0.100832
v 61.581165 30.705576 19.868975
v 66.537880 83.462044 17.410540
v 66.089294 44.585175 17.759691
v 68.996147 68.212555 14.264269
v 50.881104 23.000799 6.233359
v 60.655468 12.410430 0.109378
v 62.399517 12.947496 0.400408
v 66.264244 66.646286 17.623518
v 67.939476 76.052361 4.061037
v 68.054276 36.148041 15.705911
v 58.539532 85.422394 0.232917
v 64.081459 28.576385 19.027498
v 64.586052 34.198803 18.854273
v 66.917572 33.087166 2.950953
v 61.261780 86.357651 0.210547
v 52.655834 24.888264 16.785984
v 54.360966 85.395584 1.814993
v 58.304150 35.192249 19.851768
v 69.328133 53.588055 13.344013
v 64.556992 59.031254 1.250757
v 63.797745 86.678543 0.839874
v 69.207863 29.640877 13.818961
v 69.322220 9.437120 13.367389
v 64.150177 83.823776 1.030601
v 69.717163 84.628525 11.807780
v 66.399284 65.630272 17.518414
v 69.951477 52.436169 10.652416
v 67.262833 47.894718 3.326005
v 69.430656 26.990200 12.939157
v 67.165863 23.808985 16.921764
v 68.993614 67.469978 5.948416
v 68.591110 68.314537 14.884223
v 63.214012 43.803753 19.325291
v 68.718895 74.639938 5.322116
v 58.811970 68.587067 0.120395
v 69.548759 80.909210 7.214025
v 56.456783 28.410234 19.295534
v 45.106022 42.093769 8.829464
v 54.457504 61.365780 1.727648
v 40.758472 43.724686 12.826316
v 53.833172 91.105392 2.129993
v 56.334011 13.093365 0.732618
v 69.306114 57.005867 6.660842
v 59.159813 63.582970 0.065473
v 27.020420 52.038521 15.522101
v 22.451986 55.524162 15.522133
v 18.249485 59.443253 15.522105
v 14.453993 63.757694 15.522258
v 11.102314 68.425293 15.522229
v 8.227154 73.400597 15.522094
v 5.856653 78.635201 15.522099
v 4.013865 84.078026 15.522098
v 2.717024 89.675301 15.522351
v 58.656246 27.707359 0.174938
v 60.276817 8.617050 19.935604
v 69.755859 32.364338 8.291605
v 51.589409 68.111870 15.297164
v 64.377335 13.680880 1.153537
v 51.325443 18.409136 14.854868
v 54.407269 65.372414 18.269630
v 58.702190 12.702805 0.211203
v 59.593731 55.613541 0.031065
v 60.517960 81.716293 0.086427
v 54.254959 78.184708 18.082314
v 62.942528 56.948730 19.418491
v 67.419632 80.269341 3.496336
v 69.887428 28.013540 9.879436
v 50.064270 32.753521 9.286286
v 60.478943 62.412792 0.079917
v 67.824722 84.569977 16.057266
v 69.619316 47.000935 7.374870
v 65.043030 74.641243 1.513785
v 56.670128 60.729652 0.576530
v 69.578499 87.962677 12.355332
v 68.771660 77.673019 5.442416
v 65.622932 73.816177 1.827613
v 63.093803 34.974503 0.516263
v 66.437531 35.095409 2.429486
v 69.865440 53.896889 9.614092
v 54.787956 87.343613 18.482080
v 69.316322 12.504505 13.390694
v 66.019539 31.286665 17.813980
v 69.573082 53.793343 12.376730
v 64.343170 51.077358 1.135044
v 65.365189 19.548731 18.323286
v 65.142685 63.877808 1.567719
v 69.924400 15.691261 10.325583
v 69.222099 89.353111 6.469300
v 68.703407 80.440552 5.286825
v 59.787086 78.539345 0.016316
v 63.467289 33.779015 19.238344
v 69.825974 73.165428 9.137723
v 67.014091 49.167229 3.055803
v 69.667053 74.933174 7.483707
v 50.582893 25.338451 6.913143
v 66.821121 46.850853 2.846180
v 69.724815 29.989603 7.916944
v 62.989666 32.774166 0.498885
v 55.546417 72.887154 18.899984
v 44.167896 42.428288 7.968403
v 39.823662 43.884781 12.411017
v 61.165096 16.133970 0.194419
v 61.195976 15.176188 0.199572
v 53.965336 83.275391 17.809229
v 56.252850 66.340996 19.174238
v 56.403572 80.058121 0.687892
v 53.939159 86.391861 17.787550
v 50.847630 26.287064 6.229187
v 57.433403 65.800499 19.626204
v 50.230839 32.627735 7.893717
v 56.307476 65.305939 19.204895
v 52.086304 68.419472 3.916840
v 63.637924 37.979664 0.753388
v 69.752647 40.776669 8.252851
v 68.984184 82.730042 5.926921
v 64.375511 43.876968 1.152547
v 54.467525 37.889523 18.298409
v 66.939117 55.331459 17.098248
v 57.736988 37.742413 19.718233
v 55.287945 65.646347 18.811316
v 66.344841 79.528854 17.560789
v 64.322853 46.118172 1.124049
v 68.590263 82.773361 14.885516
v 51.294479 37.559326 14.907437
v 67.494789 35.106258 3.577978
v 54.402550 86.798981 1.794538
v 64.373947 80.220245 18.927084
v 61.382477 70.566292 19.885435
v 69.540924 31.014658 7.196159
v 66.000122 45.984924 2.031738
v 41.176273 45.737679 16.603083
v 51.900078 91.203339 15.636549
v 13.017740 91.203339 0.312056
v 63.861378 91.203331 19.103045
v 64.372749 91.203331 18.913149
v 2.205394 91.203339 15.115507
v 0.846625 91.203339 11.014195
v 0.984547 91.203339 7.860982
v 18.636639 91.203339 16.335049
v 6.730767 91.203331 19.085629
v 18.283489 91.203339 16.746431
v 7.493742 91.203331 19.390759
v 62.249332 91.203339 0.375342
v 68.990723 91.203339 14.167491
v 63.033035 91.203339 0.511894
v 13.543528 91.203339 0.440388
v 50.479218 91.203339 7.106925
v 50.462341 91.203339 7.155588
v 0.924459 91.203339 11.648970
v 18.980722 91.203339 15.851087
v 5.881621 91.203339 1.355679
v 12.472995 91.203339 0.179096
v 50.542778 91.203339 6.962018
v 19.397963 91.203339 15.264230
v 6.517244 91.203339 1.025329
v 11.718949 91.203339 0.077744
v 68.726723 91.203339 14.676661
v 68.333275 91.203339 4.517902
v 56.441494 91.203339 0.683184
v 69.872971 91.203339 11.192487
v 1.679076 91.203339 14.125253
v 18.920130 91.203339 4.063084
v 16.108122 91.203331 18.456802
v 58.320717 91.203331 19.843237
v 54.374928 91.203339 18.124702
v 16.655329 91.203331 18.154249
v 19.333260 91.203339 4.644278
v 16.564119 91.203331 18.219637
v 5.895470 91.203331 18.651505
v 4.177433 91.203339 17.434397
v 4.833811 91.203339 18.010229
v 55.744663 91.203331 18.967878
v 13.481078 91.203331 19.575039
v 12.889527 91.203331 19.719393
v 69.368713 91.203339 13.183763
v 50.148125 91.203339 9.076836
v 61.186424 91.203331 19.901680
v 51.555710 91.203339 4.699632
v 4.963333 91.203339 18.108274
v 69.512604 91.203339 12.615564
v 69.721642 91.203339 11.790087
v 14.599100 91.203339 0.752457
v 14.307343 91.203339 0.637361
v 63.508957 91.203331 19.224030
v 1.688881 91.203339 14.148348
v 60.843468 91.203331 19.930099
v 69.894623 91.203339 9.966346
v 20.941828 91.203339 10.596722
v 65.883095 91.203339 17.920176
v 20.807819 91.203339 11.668216
v 50.894279 91.203339 6.160672
v 59.288460 91.203339 0.111059
v 0.972833 91.203339 12.043481
v 50.046852 91.203339 10.299036
v 14.567425 91.203331 19.264475
v 52.373932 91.203339 3.680782
v 14.223185 91.203331 19.384453
v 58.460106 91.203339 0.250448
v 51.425526 91.203339 14.910186
v 50.125240 91.203339 9.353028
v 61.866974 91.203339 0.311537
v 15.984733 91.203339 1.478627
v 16.652653 91.203339 1.842620
v 6.904345 91.203339 0.824143
v 16.543562 91.203339 1.770127
v 7.767148 91.203339 0.522329
v 50.140072 91.203339 11.244413
v 53.067291 91.203339 17.091799
v 55.745098 91.203339 1.074420
v 1.433857 91.203339 6.515019
v 1.549650 91.203339 6.212671
v 1.834923 91.203339 5.576318
v 66.981064 91.203339 17.065594
v 50.244614 91.203339 7.932024
v 53.423965 91.203339 17.384535
v 56.962265 91.203339 0.523209
v 12.383945 91.203331 19.842760
v 57.458290 91.203339 0.417621
v 68.530632 91.203339 4.892923
v 11.546618 91.203331 19.923210
v 2.962445 91.203339 16.201595
v 2.429450 91.203339 15.436945
v 54.254318 91.203339 18.030828
v 15.483939 91.203339 1.212329
v 63.678890 91.203339 0.775552
v 67.586037 91.203339 16.422619
v 63.267166 91.203339 0.552738
v 69.722038 91.203339 7.883386
v 60.836727 91.203339 0.139619
v 61.068066 91.203339 0.178223
v 0.743789 91.203339 10.175503
v 50.171638 91.203339 8.793092
v 66.222916 91.203339 17.655685
v 17.674965 91.203339 17.277258
v 18.589918 91.203339 3.598639
v 9.077875 91.203339 0.201186
v 50.351299 91.203339 12.078515
v 59.590645 91.203331 19.967243
v 50.400120 91.203339 12.271302
v 17.427143 91.203339 17.490410
v 18.223700 91.203339 3.202257
v 8.019768 91.203339 0.459444
v 60.695251 91.203339 0.116011
v 69.430939 91.203339 6.967815
v 53.872417 91.203339 2.106663
v 69.800171 91.203339 8.826451
v 59.849781 91.203331 19.982759
v 67.929161 91.203339 15.897422
v 15.567979 91.203339 1.256006
v 57.148239 91.203339 0.469359
v 55.969376 91.203339 0.947896
v 51.166092 91.203339 14.513090
v 10.187407 91.203331 19.927082
v 0.849384 91.203339 8.963312
v 2.013426 91.203339 5.159883
v 69.757675 91.203339 8.313546
v 53.149254 91.203339 2.838559
v 52.564621 91.203339 16.674719
v 53.751984 91.203339 2.213644
v 52.202454 91.203339 16.108936
v 20.442045 91.203339 6.902578
v 65.350853 91.203339 1.680373
v 20.081688 91.203339 5.980090
v 10.116998 91.203331 19.927082
v 64.774429 91.203339 1.368428
v 68.947472 91.203339 5.843231
v 56.711716 91.203331 19.299868
v 59.790085 91.203339 0.054603
v 67.425606 91.203339 3.502818
v 68.788078 91.203339 5.479836
v 62.610928 91.203331 19.532326
v 0.748038 91.203339 9.910619
v 0.967213 91.203339 8.002351
v 67.015305 91.203339 17.034163
v 11.252139 91.203331 19.927082
v 67.789619 91.203339 3.898248
v 58.631233 91.203331 19.886559
v 19.566313 91.203339 4.976671
v 19.987061 91.203339 5.737604
v 64.267494 91.203339 1.094089
v 62.144085 91.203331 19.686691
v 56.827248 91.203331 19.339529
v 57.543270 91.203331 19.585339
v 3.338730 91.203339 3.306159
v 57.953133 91.203331 19.737963
v 65.694199 91.203339 1.871060
v 10.394906 91.203339 0.072905
v 20.134306 91.203339 13.885198
v 20.499214 91.203339 12.951075
v 3.631355 91.203339 16.955330
v 68.163185 91.203339 15.539211
v 66.327728 91.203339 2.310210
v 64.794090 91.203331 18.762932
v 68.442085 91.203339 15.112329
v 54.459190 91.203339 18.191666
v 69.876976 91.203339 9.753372
v 2.776580 91.203339 4.065036
v 55.533958 91.203331 18.891216
v 52.064850 91.203339 4.017873
v 52.794128 91.203339 3.224327
v 4.088314 91.203339 2.643773
v 20.948862 91.203339 9.451593
v 8.998877 91.203331 19.779247
v 20.955032 91.203339 10.499418
v 69.904404 91.203339 10.105317
v 2.158693 91.203339 4.951478
v 11.367908 91.203339 0.072905
v 3.418598 91.203339 16.741251
v 69.250038 91.203339 6.532994
v 20.502068 91.203339 7.058449
v 20.778496 91.203339 8.097292
v 9.137294 91.203339 0.186684
v 50.699043 91.203339 13.506593
v 55.394009 91.203339 1.264421
v 50.098343 91.203339 10.913649
v 51.054611 91.203339 14.326880
v 64.956024 91.203331 18.641743
v 65.428520 91.203331 18.273989
v 1.234725 91.203339 7.034969
v 1.019850 91.203339 7.745430
v 1.349745 91.203339 13.265346
v 20.554514 91.203339 12.808336
v 17.388205 91.203339 2.475332
v 7.876775 91.203331 19.505636
v 20.796776 91.203339 11.756523
v 17.643677 91.203339 2.695119
v 8.864052 91.203331 19.746611
v 69.825981 91.203339 11.378060
v 66.911140 91.203339 2.943963
v 1.662287 91.203339 14.081416
v 3.193518 91.203339 3.466883
v 54.889164 91.203339 1.537629
v 54.668262 91.203339 1.657176
v 15.446591 91.203331 18.807690
v 9.741549 91.203331 19.872810
v 69.242043 91.203339 13.683961
v 1.175499 91.203339 12.721813
v 15.563856 91.203331 18.746758
v 20.037117 91.203339 14.133996
v 4.539909 91.203339 2.247593
v 4.930474 91.203339 1.904954
v 58.095013 91.203339 0.311371
v 10.255634 91.203339 0.072905
v 66.720131 91.203339 2.736472
v 20.795742 91.203339 8.235197
v 20.930340 91.203339 9.311419
v 69.370956 91.203339 6.808662
v 19.639444 91.203339 14.920693
v 9.479835 91.203339 0.156191
v 5.971608 91.203331 18.691076
v 50.998543 91.203339 5.922975
v 5.295361 91.203339 1.679233
v 51.384232 91.203339 5.027823
v 0.730718 91.203339 10.068909
v 50.637650 91.203339 13.246178
v 62.534142 8.401449 0.422873
v 62.764458 8.401449 19.479624
v 62.287582 8.401449 19.643333
v 61.789803 8.401449 19.779274
v 59.113968 8.401449 19.928707
v 52.652046 8.401448 3.418216
v 50.191372 8.401449 11.480394
v 52.432255 8.401448 3.656974
v 58.265469 8.401449 0.285895
v 65.986893 8.401449 2.024584
v 65.616112 8.401449 1.823929
v 66.169411 8.401449 17.697336
v 50.031822 8.401449 10.575590
v 58.472897 8.401449 0.251281
v 53.368347 8.401449 2.637129
v 69.443520 8.401449 12.888348
v 69.358276 8.401449 13.224961
v 53.442917 8.401449 2.553617
v 54.220039 8.401449 1.917669
v 54.072960 8.401449 17.912842
v 69.390839 8.401449 6.853996
v 68.830322 8.401449 5.576160
v 67.876900 8.401449 3.993067
v 54.470306 8.401449 18.222107
v 69.335655 8.401449 6.728199
v 66.892418 8.401449 2.923628
v 67.280212 8.401449 3.344888
v 67.709587 8.401449 16.233511
v 68.000984 8.401449 15.787484
v 55.989826 8.401449 19.076599
v 57.140038 8.401449 0.473696
v 57.068832 8.401449 0.487675
v 54.263042 8.401449 1.889091
v 64.880219 8.401449 18.694149
v 54.394520 8.401449 1.817940
v 68.285866 8.401449 15.351445
v 64.831520 8.401449 1.399329
v 63.167843 8.401449 19.341143
v 67.473213 8.401449 16.521957
v 56.980965 8.401449 0.531461
v 60.775089 8.401449 19.912416
v 66.698891 8.401448 17.285223
v 61.394718 8.401449 19.883492
v 65.332962 8.401448 18.348370
v 57.490974 8.401449 0.415135
v 65.178604 8.401449 1.587161
v 53.613873 8.401448 17.555519
v 63.744629 8.401449 19.143133
v 56.880852 8.401449 19.382483
v 68.219193 8.401449 15.453497
v 55.130138 8.401449 18.721176
v 53.168381 8.401448 17.208776
v 55.224087 8.401449 18.771025
v 68.912811 8.401449 14.391827
v 69.804718 8.401448 11.462046
v 68.032188 8.401449 4.161754
v 69.941063 8.401448 10.817448
v 50.210606 8.401449 11.563220
v 50.197090 8.401449 11.509845
v 50.696415 8.401449 13.503615
v 52.310894 8.401449 16.309738
v 50.444809 8.401449 7.228441
v 51.911148 8.401449 4.223047
v 50.992573 8.401449 14.237443
v 52.330914 8.401449 16.339603
v 69.889771 8.401449 9.984133
v 69.078369 8.401449 13.995605
v 56.087494 8.401449 0.901747
v 50.312500 8.401449 7.540151
v 69.705597 8.401449 11.853452
v 50.265572 8.401449 7.967026
v 51.775143 8.401449 15.489715
v 69.648857 8.401449 12.077521
v 66.568214 8.401449 2.571453
v 64.124336 8.401449 1.016619
v 68.573784 8.401449 4.991307
v 52.840267 8.401448 16.947186
v 69.877853 8.401449 9.763812
v 67.079971 8.401448 16.988621
v 68.124977 8.401449 4.301576
v 63.755718 8.401449 0.817136
v 69.765572 8.401449 8.408893
v 69.748810 8.401449 8.206549
v 64.405235 8.401448 18.916349
v 68.976738 8.401449 14.293976
v 64.127289 8.401449 19.011768
v 64.348076 8.401449 1.137705
v 51.699223 8.401449 4.453839
v 59.875324 8.401449 0.047105
v 59.304611 8.401449 0.110956
v 50.114777 8.401449 9.562732
v 50.732185 8.401449 6.573280
v 50.067608 8.401449 10.131928
v 60.692371 8.401449 0.115536
v 63.377155 8.401449 0.612270
v 51.141441 8.401449 14.519762
v 62.841000 8.401449 0.482680
v 55.202820 8.401449 1.380510
v 59.426952 8.401449 19.930758
v 55.476624 8.401449 1.232336
v 65.761154 8.401449 18.015093
v 61.642132 8.401449 0.274024
v 50.173347 8.401449 8.855902
v 61.243488 8.401449 0.207502
v 55.167316 8.401449 18.749041
v 69.871399 8.401449 9.685938
v 50.941193 8.401449 6.096795
v 69.779007 8.401448 8.570994
v 51.257366 8.401449 5.375993
v 51.654877 8.401449 15.305632
v 60.177742 8.401449 0.029659
v 66.384476 8.401449 2.375248
v 56.963436 8.401449 19.410835
v 69.407394 8.401449 6.896558
v 50.202785 8.401448 8.500699
v 51.443771 8.401449 4.987500
v 58.107525 8.401449 19.800726
v 59.012497 8.401449 19.913940
v 69.699257 8.401449 7.608604
v 69.918724 8.401448 11.011841
v 57.048111 8.401449 19.439903
v 60.272644 8.401449 19.936987
v 50.596878 8.401449 13.088556
v 68.954124 8.401449 5.858405
v 50.433903 8.401449 12.445003
v 51.325855 8.401449 5.217505
vn -0.8411 -0.0011 0.5410
vn -0.8077 -0.0058 0.5895
vn -0.8139 0.0049 0.5810
vn -0.3615 0.0003 0.9324
vn -0.3418 0.0037 0.9398
vn -0.3460 -0.0025 0.9382
vn 0.9966 -0.0000 -0.0826
vn 1.0000 -0.0043 -0.0011
vn -0.0290 -0.0078 -0.9996
vn -0.0823 -0.0382 -0.9959
vn -0.0402 0.0063 -0.9992
vn 0.0030 0.1457 -0.9893
vn 0.0156 0.2663 -0.9638
vn -0.0183 0.2270 -0.9737
vn 0.1055 0.5523 -0.8269
vn 0.1193 0.6626 -0.7394
vn 0.0869 0.6053 -0.7912
vn 0.2206 0.9221 0.3179
vn 0.2567 0.9020 0.3472
vn 0.2167 0.8942 0.3917
vn 0.2013 0.8174 0.5397
vn -0.4287 0.5594 0.7094
vn -0.4693 0.6141 0.6345
vn -0.3497 0.4031 0.8457
vn 0.1383 0.7140 0.6863
vn 0.1118 0.6391 0.7609
vn 0.1117 0.6391 0.7610
vn 0.0789 0.5617 0.8236
vn -0.3073 0.3620 0.8801
vn 0.0568 0.4736 0.8789
vn -0.2463 0.3026 0.9207
vn -0.0011 -0.1195 0.9928
vn -0.0198 -0.0306 0.9993
vn 0.0170 0.0087 0.9998
vn 0.0011 0.1512 0.9885
vn 0.0102 0.0934 0.9956
vn -0.1930 -0.8670 0.4594
vn -0.1879 -0.9118 0.3651
vn -0.1645 -0.8540 0.4936
vn -0.2128 -0.9662 0.1457
vn -0.2096 -0.9447 0.2524
vn -0.2332 -0.9652 0.1184
vn -0.2506 -0.2157 -0.9438
vn -0.0532 -0.3714 -0.9270
vn -0.1108 -0.2315 -0.9665
vn -0.0411 -0.2549 -0.9661
vn -0.0140 -0.1893 -0.9818
vn -0.0733 -0.4511 0.8895
vn -0.0885 -0.4596 0.8837
vn -0.0875 -0.5290 0.8441
vn -0.2985 -0.2521 -0.9205
vn -0.0533 -0.3714 -0.9269
vn -0.1011 -0.4207 0.9015
vn -0.1401 -0.4701 0.8714
vn -0.1306 -0.5001 0.8561
vn -0.1442 -0.6592 0.7380
vn -0.1425 -0.5991 0.7879
vn -0.1582 -0.6756 0.7201
vn -0.0486 -0.2456 -0.9681
vn -0.0664 -0.2889 -0.9551
vn -0.0481 -0.1984 -0.9789
vn -0.4576 0.5805 -0.6735
vn 0.2054 0.8353 -0.5100
vn -0.4859 0.6333 -0.6023
vn 0.2206 0.8946 -0.3887
vn 0.2472 0.8501 -0.4651
vn 0.2657 0.8955 -0.3571
vn 0.3080 0.9028 0.3002
vn 0.3005 0.8732 0.3838
vn -0.1365 -0.3947 0.9086
vn -0.1729 -0.4287 0.8868
vn -0.1686 -0.4657 0.8687
vn -0.1325 -0.4464 -0.8850
vn -0.1644 -0.4652 -0.8698
vn -0.1373 -0.3957 -0.9080
vn -0.1759 -0.4315 -0.8848
vn -0.2092 -0.4470 -0.8697
vn -0.1756 -0.3803 -0.9081
vn -0.2176 -0.4120 -0.8848
vn -0.2523 -0.4242 -0.8697
vn -0.2122 -0.3611 -0.9081
vn -0.2572 -0.3886 -0.8848
vn -0.2929 -0.3973 -0.8697
vn -0.2468 -0.3384 -0.9081
vn -0.2943 -0.3613 -0.8848
vn -0.3306 -0.3665 -0.8697
vn -0.2790 -0.3124 -0.9081
vn -0.3284 -0.3305 -0.8848
vn -0.3652 -0.3321 -0.8697
vn -0.3084 -0.2834 -0.9081
vn -0.3594 -0.2965 -0.8848
vn -0.3961 -0.2945 -0.8697
vn -0.3348 -0.2516 -0.9081
vn -0.3869 -0.2597 -0.8848
vn -0.4232 -0.2540 -0.8697
vn -0.3580 -0.2174 -0.9081
vn -0.4106 -0.2202 -0.8848
vn -0.4462 -0.2110 -0.8697
vn -0.3777 -0.1810 -0.9081
vn -0.4304 -0.1787 -0.8848
vn -0.4648 -0.1660 -0.8697
vn -0.3937 -0.1429 -0.9081
vn -0.4459 -0.1354 -0.8848
vn -0.4789 -0.1193 -0.8697
vn -0.4059 -0.1033 -0.9081
vn -0.4571 -0.0907 -0.8848
vn -0.4884 -0.0715 -0.8697
vn -0.4141 -0.0628 -0.9081
vn -0.3954 -0.0050 -0.9185
vn -0.4938 -0.0041 -0.8696
vn -0.3563 -0.0003 -0.9344
vn -0.9938 -0.0022 -0.1110
vn -0.9609 0.0040 -0.2767
vn -0.9936 -0.0002 -0.1131
vn -0.8309 -0.0015 0.5564
vn -0.8416 -0.0038 0.5401
vn -0.8560 -0.0012 0.5170
vn -0.3661 -0.0028 0.9306
vn -0.2867 -0.0018 0.9580
vn -0.3301 -0.0000 0.9439
vn 0.0014 0.0023 1.0000
vn 0.0479 0.0021 0.9988
vn -0.0552 0.0043 0.9985
vn -0.3489 0.0011 0.9372
vn -0.4190 0.0030 0.9080
vn -0.3556 0.0041 0.9346
vn -0.1877 -0.0004 0.9822
vn -0.1016 -0.0026 0.9948
vn -0.0230 0.0002 0.9997
vn -0.9968 -0.0005 -0.0802
vn -0.9998 0.0001 -0.0182
vn -0.9941 0.0026 -0.1080
vn -0.9957 0.0034 0.0931
vn -0.9788 0.0046 0.2049
vn -0.9889 0.0127 0.1477
vn -0.4737 0.0009 -0.8807
vn -0.4401 0.0051 -0.8979
vn -0.4816 0.0025 -0.8764
vn 0.4759 -0.0000 -0.8795
vn 0.4388 -0.0032 -0.8986
vn -0.3187 0.3680 -0.8735
vn -0.2666 0.2985 -0.9164
vn 0.0189 -0.0033 -0.9998
vn 0.0068 0.0939 -0.9956
vn -0.0221 0.0355 -0.9991
vn -0.0183 0.2269 -0.9737
vn -0.1527 0.1535 -0.9763
vn -0.1022 0.0827 -0.9913
vn 0.0723 0.4997 -0.8632
vn 0.0918 0.4583 -0.8841
vn 0.0723 0.4998 -0.8631
vn 0.0549 0.4253 -0.9034
vn 0.1537 0.7364 -0.6588
vn -0.3817 0.4342 -0.8159
vn -0.3817 0.4343 -0.8159
vn -0.3606 0.3927 -0.8460
vn 0.2444 0.9279 -0.2816
vn 0.2205 0.8946 -0.3887
vn -0.5890 0.7502 -0.3004
vn 0.2634 0.9513 -0.1599
vn -0.6078 0.7828 -0.1332
vn -0.5493 0.7003 -0.4560
vn -0.5978 0.7715 0.2177
vn 0.2555 0.9410 0.2219
vn -0.5619 0.7363 0.3770
vn -0.5978 0.7715 0.2178
vn 0.2661 0.9603 0.0834
vn -0.6111 0.7872 0.0828
vn -0.5618 0.7363 0.3771
vn -0.5225 0.6762 0.5194
vn 0.2388 0.8591 0.4527
vn 0.1794 0.7820 0.5970
vn 0.2014 0.8174 0.5397
vn 0.2053 0.8397 0.5027
vn 0.1847 0.7708 0.6097
vn -0.4287 0.5594 0.7095
vn 0.0939 0.5363 0.8388
vn 0.0558 0.4381 0.8972
vn 0.0477 0.3852 0.9216
vn -0.2018 0.2435 0.9487
vn 0.0067 -0.0006 1.0000
vn -0.0451 0.0007 0.9990
vn -0.0861 -0.0209 0.9961
vn -0.0386 0.0037 0.9992
vn -0.0178 -0.0013 0.9998
vn -0.0544 0.0030 0.9985
vn -0.0903 -0.0870 0.9921
vn -0.0464 0.0660 0.9967
vn -0.1355 0.0279 0.9904
vn -0.1413 0.1399 0.9800
vn 0.0154 0.2425 0.9700
vn 0.0412 0.3252 0.9447
vn -0.1565 0.1653 0.9738
vn -0.0454 -0.3094 0.9499
vn -0.2519 -0.2195 0.9425
vn -0.2191 -0.1881 0.9574
vn -0.0861 -0.2032 0.9754
vn -0.0116 -0.0868 0.9962
vn -0.0392 -0.2128 0.9763
vn -0.0011 -0.1194 0.9928
vn -0.1178 -0.7180 0.6860
vn -0.1123 -0.6440 0.7567
vn -0.1449 -0.7296 0.6684
vn -0.2284 -0.9407 0.2508
vn -0.2095 -0.9447 0.2524
vn -0.2150 -0.9099 0.3547
vn -0.7273 -0.6012 0.3309
vn -0.7666 -0.6239 0.1519
vn -0.6762 -0.5489 0.4915
vn -0.1645 -0.8540 0.4937
vn -0.5890 -0.4922 0.6409
vn -0.6761 -0.5488 0.4915
vn -0.1712 -0.8042 0.5692
vn -0.1442 -0.7955 0.5885
vn -0.7744 -0.6214 -0.1190
vn -0.7672 -0.6415 0.0024
vn -0.2164 -0.9761 0.0221
vn -0.2147 -0.9688 -0.1235
vn -0.2142 -0.8686 -0.4468
vn -0.1920 -0.8660 -0.4617
vn -0.2175 -0.9106 -0.3514
vn -0.1863 -0.9077 -0.3760
vn -0.7053 -0.5860 -0.3990
vn -0.2093 -0.9439 -0.2556
vn -0.2093 -0.9438 -0.2556
vn -0.7455 -0.6170 -0.2522
vn -0.1685 -0.7391 -0.6522
vn -0.1316 -0.7252 -0.6758
vn -0.1678 -0.8012 -0.5744
vn -0.1441 -0.7846 -0.6030
vn -0.5781 -0.4851 -0.6561
vn -0.1620 -0.8502 -0.5009
vn -0.1678 -0.8012 -0.5743
vn -0.6514 -0.5444 -0.5285
vn -0.1620 -0.8502 -0.5010
vn -0.4782 -0.4101 -0.7766
vn -0.1158 -0.7061 -0.6986
vn -0.1085 -0.6395 -0.7611
vn -0.1068 -0.6320 -0.7676
vn -0.1164 -0.6517 -0.7495
vn -0.0880 -0.5551 -0.8271
vn -0.0572 -0.4029 -0.9134
vn -0.0675 -0.4426 -0.8942
vn -0.0768 -0.4669 -0.8810
vn -0.0871 -0.5615 -0.8229
vn -0.0800 -0.5332 -0.8422
vn -0.0720 -0.4692 -0.8801
vn -0.0533 -0.3714 -0.9270
vn -0.0410 -0.2549 -0.9661
vn -0.0140 -0.1894 -0.9818
vn -0.0120 -0.1181 -0.9929
vn -0.1200 -0.0964 -0.9881
vn 0.0172 -0.0480 -0.9987
vn -0.0037 -0.0786 -0.9969
vn -0.1401 -0.0080 -0.9901
vn -0.1200 -0.0963 -0.9881
vn -0.0232 -0.0067 -0.9997
vn -0.0220 -0.0034 -0.9998
vn -0.1564 0.1653 0.9738
vn 0.0477 0.3851 0.9216
vn 0.0379 0.3370 0.9407
vn 0.0344 0.2578 0.9656
vn 0.0682 0.3453 0.9360
vn 0.0389 0.2825 0.9585
vn 0.0322 0.2318 0.9722
vn 0.0278 0.1812 0.9830
vn 0.0275 0.1892 0.9816
vn 0.0152 0.1089 0.9939
vn 0.0050 0.0335 0.9994
vn 0.0274 0.1892 0.9816
vn 0.0209 0.1101 0.9937
vn 0.0063 0.0390 0.9992
vn 0.0050 0.0336 0.9994
vn -0.0013 -0.0068 1.0000
vn -0.0066 -0.0785 0.9969
vn 0.0063 0.0391 0.9992
vn -0.0054 -0.0498 0.9987
vn -0.0193 -0.1324 0.9910
vn -0.0192 -0.2109 0.9773
vn -0.0239 -0.1262 0.9917
vn -0.0265 -0.1982 0.9798
vn -0.0288 -0.2069 0.9779
vn -0.0392 -0.2992 0.9534
vn -0.0337 -0.2395 0.9703
vn -0.0395 -0.2500 0.9674
vn -0.0570 -0.4278 0.9021
vn -0.0606 -0.4163 0.9072
vn -0.0392 -0.2991 0.9534
vn -0.2987 -0.2557 0.9195
vn -0.0720 -0.4991 0.8635
vn -0.0753 -0.4992 0.8632
vn -0.0966 -0.5855 0.8049
vn -0.1145 -0.6575 0.7447
vn -0.4849 -0.4085 0.7733
vn -0.4231 -0.3602 0.8314
vn -0.0675 -0.4425 -0.8942
vn -0.0476 -0.3826 -0.9227
vn -0.0719 -0.4692 -0.8801
vn -0.0460 -0.3225 -0.9455
vn -0.0266 -0.2729 -0.9617
vn -0.0324 -0.2306 -0.9725
vn -0.0299 -0.1824 -0.9828
vn -0.0330 -0.2635 -0.9641
vn -0.0242 -0.1890 -0.9817
vn -0.0149 -0.1074 -0.9941
vn -0.0041 -0.0313 -0.9995
vn -0.0242 -0.1891 -0.9817
vn -0.0233 -0.1187 -0.9927
vn -0.0049 -0.0393 -0.9992
vn 0.0008 0.0065 -1.0000
vn 0.0124 0.0637 -0.9979
vn 0.0087 0.0487 -0.9988
vn 0.0190 0.1318 -0.9911
vn 0.0308 0.2092 -0.9774
vn 0.0229 0.1216 -0.9923
vn 0.0281 0.1978 -0.9798
vn 0.0308 0.2091 -0.9774
vn 0.0331 0.2393 -0.9704
vn 0.0507 0.3159 -0.9474
vn 0.0394 0.2723 -0.9614
vn 0.0417 0.3481 -0.9365
vn -0.2095 0.2342 -0.9493
vn 0.0507 0.3160 -0.9474
vn 0.0533 0.4611 -0.8858
vn -0.3917 0.4988 0.7732
vn 0.1707 0.7314 0.6603
vn 0.1518 0.6719 0.7249
vn 0.1793 0.7820 0.5970
vn 0.2103 0.7248 0.6560
vn 0.1657 0.6797 0.7145
vn 0.1567 0.6469 0.7463
vn 0.1447 0.5998 0.7870
vn 0.1502 0.6109 0.7773
vn 0.1313 0.5449 0.8281
vn 0.1170 0.4797 0.8696
vn 0.1614 0.5481 0.8207
vn 0.1170 0.4873 0.8654
vn 0.1082 0.4474 0.8878
vn 0.0949 0.4056 0.9091
vn 0.1082 0.4474 0.8877
vn 0.1016 0.4107 0.9061
vn 0.0950 0.4057 0.9091
vn 0.0810 0.3358 0.9384
vn 0.0626 0.2642 0.9624
vn 0.1012 0.3440 0.9335
vn 0.0649 0.2720 0.9601
vn 0.0549 0.2275 0.9722
vn 0.0420 0.1797 0.9828
vn 0.0473 0.1872 0.9812
vn 0.0257 0.1072 0.9939
vn 0.0072 0.0324 0.9995
vn 0.0354 0.1201 0.9921
vn 0.0090 0.0414 0.9991
vn 0.0071 0.0323 0.9995
vn -0.0015 -0.0058 1.0000
vn -0.0147 -0.0550 0.9984
vn -0.0097 -0.0476 0.9988
vn -0.0312 -0.1275 0.9914
vn -0.0492 -0.2008 0.9784
vn -0.0097 -0.0475 0.9988
vn -0.0325 -0.1110 0.9933
vn -0.0475 -0.1921 0.9802
vn -0.0492 -0.2009 0.9784
vn -0.0582 -0.2397 0.9691
vn -0.0627 -0.2946 0.9536
vn -0.0658 -0.2835 0.9567
vn -0.0627 -0.2947 0.9535
vn -0.0866 -0.3570 0.9301
vn -0.0993 -0.4230 0.9007
vn -0.1007 -0.3427 0.9340
vn -0.1094 -0.4521 0.8852
vn -0.1022 -0.4887 0.8664
vn -0.1561 -0.6446 0.7484
vn -0.1648 -0.6943 0.7006
vn -0.1274 -0.5581 -0.8199
vn -0.1484 -0.6060 -0.7815
vn -0.1206 -0.4885 -0.8642
vn -0.1057 -0.4690 -0.8769
vn -0.1148 -0.4976 -0.8598
vn -0.0998 -0.4198 -0.9021
vn -0.1100 -0.4540 -0.8842
vn -0.1025 -0.4203 -0.9016
vn -0.0866 -0.3563 -0.9304
vn -0.0674 -0.2859 -0.9559
vn -0.0153 -0.0509 -0.9986
vn -0.0580 -0.2395 -0.9692
vn -0.0489 -0.1984 -0.9789
vn -0.0308 -0.1305 -0.9910
vn -0.0107 -0.0550 -0.9984
vn -0.0017 -0.0074 -1.0000
vn 0.0104 0.0401 -0.9991
vn 0.0433 0.1876 -0.9813
vn -0.0108 -0.0550 -0.9984
vn 0.0074 0.0349 -0.9994
vn 0.0260 0.1073 -0.9939
vn 0.0457 0.1807 -0.9825
vn 0.0433 0.1877 -0.9813
vn 0.0552 0.2275 -0.9722
vn 0.0641 0.2699 -0.9607
vn 0.0656 0.3435 -0.9368
vn 0.0641 0.2700 -0.9607
vn 0.0972 0.4112 -0.9064
vn 0.0635 0.2658 -0.9619
vn 0.0813 0.3355 -0.9385
vn 0.1004 0.4048 -0.9089
vn 0.0972 0.4112 -0.9063
vn 0.1084 0.4473 -0.8878
vn 0.1168 0.4863 -0.8660
vn 0.1056 0.5523 -0.8269
vn 0.1458 0.6126 -0.7768
vn 0.1004 0.4047 -0.9089
vn 0.1159 0.4813 -0.8689
vn 0.1326 0.5446 -0.8281
vn 0.1491 0.6053 -0.7819
vn 0.1554 0.6412 -0.7515
vn 0.1678 0.6802 -0.7135
vn 0.1628 0.6696 -0.7246
vn 0.1698 0.7097 -0.6837
vn 0.1807 0.7727 -0.6085
vn 0.1677 0.6803 -0.7135
vn 0.1881 0.7826 -0.5935
vn 0.1538 0.7364 -0.6588
vn -0.4377 0.5376 -0.7207
vn 0.2004 0.8272 -0.5249
vn 0.2205 0.8945 -0.3888
vn -0.4859 0.6333 -0.6024
vn 0.2206 0.8945 -0.3888
vn -0.5492 0.7003 -0.4561
vn 0.3243 0.9423 0.0836
vn 0.3287 0.9379 0.1108
vn 0.3148 0.9369 0.1522
vn 0.3148 0.9369 0.1521
vn 0.3381 0.9386 0.0691
vn 0.3268 0.9330 0.1507
vn 0.3202 0.9204 0.2242
vn 0.3268 0.9330 0.1508
vn 0.3186 0.8981 0.3031
vn 0.3006 0.8732 0.3838
vn 0.2783 0.8072 0.5206
vn 0.3095 0.8852 0.3473
vn 0.3055 0.8721 0.3822
vn 0.2952 0.8432 0.4494
vn 0.3055 0.8721 0.3823
vn 0.2856 0.8043 0.5210
vn 0.2732 0.7815 0.5609
vn 0.2631 0.7581 0.5967
vn 0.2631 0.7581 0.5968
vn 0.2303 0.6623 0.7130
vn 0.2856 0.8044 0.5210
vn 0.2660 0.7602 0.5927
vn 0.2503 0.7150 0.6527
vn 0.2660 0.7603 0.5927
vn 0.2348 0.6637 0.7102
vn 0.2206 0.6310 0.7437
vn 0.2087 0.5999 0.7724
vn 0.1614 0.5480 0.8207
vn 0.1655 0.4809 0.8610
vn 0.2347 0.6637 0.7102
vn 0.2112 0.6040 0.7685
vn 0.1913 0.5463 0.8155
vn 0.2113 0.6040 0.7685
vn 0.1716 0.4848 0.8576
vn 0.1555 0.4445 0.8822
vn 0.1418 0.4073 0.9022
vn 0.0932 0.2729 0.9575
vn 0.1716 0.4849 0.8576
vn 0.1441 0.4124 0.8995
vn 0.1213 0.3461 0.9303
vn 0.0989 0.2779 0.9555
vn 0.0813 0.2322 0.9693
vn 0.0664 0.1908 0.9794
vn 0.0155 0.0490 0.9987
vn 0.0686 0.1965 0.9781
vn 0.0442 0.1254 0.9911
vn 0.0205 0.0546 0.9983
vn 0.0156 0.0491 0.9987
vn 0.0023 0.0063 1.0000
vn -0.0130 -0.0370 0.9992
vn -0.0325 -0.1111 0.9933
vn -0.0633 -0.1778 0.9820
vn -0.0110 -0.0311 0.9995
vn -0.0356 -0.1025 0.9941
vn -0.0590 -0.1722 0.9833
vn -0.0768 -0.2200 0.9725
vn -0.0927 -0.2641 0.9600
vn -0.0926 -0.2641 0.9600
vn -0.1412 -0.3987 0.9062
vn -0.0590 -0.1723 0.9833
vn -0.0910 -0.2593 0.9615
vn -0.1151 -0.3291 0.9373
vn -0.1365 -0.3948 0.9086
vn -0.1518 -0.4436 0.8833
vn -0.1587 -0.4640 0.8715
vn -0.2184 -0.6276 0.7473
vn -0.2100 -0.5908 0.7790
vn -0.2218 -0.6241 0.7492
vn -0.1923 -0.5472 -0.8146
vn -0.2066 -0.5914 -0.7795
vn -0.1665 -0.4806 -0.8610
vn -0.1557 -0.4465 -0.8812
vn -0.1439 -0.4072 -0.9019
vn -0.1175 -0.3375 -0.9340
vn -0.0964 -0.2744 -0.9568
vn -0.0911 -0.2606 -0.9611
vn -0.0795 -0.2276 -0.9705
vn -0.0597 -0.1759 -0.9826
vn -0.0964 -0.2743 -0.9568
vn -0.0688 -0.1909 -0.9792
vn -0.0401 -0.1140 -0.9927
vn -0.0182 -0.0484 -0.9987
vn -0.0106 -0.0325 -0.9994
vn 0.0003 0.0011 -1.0000
vn 0.0192 0.0516 -0.9985
vn 0.0113 0.0357 -0.9993
vn 0.0404 0.1164 -0.9924
vn 0.0618 0.1795 -0.9818
vn 0.0690 0.1953 -0.9783
vn 0.0794 0.2273 -0.9706
vn 0.0972 0.2750 -0.9565
vn 0.0899 0.2598 -0.9615
vn 0.1176 0.3374 -0.9340
vn 0.0898 0.2598 -0.9615
vn 0.1380 0.3969 -0.9074
vn 0.1444 0.4113 -0.9000
vn 0.1538 0.4401 -0.8847
vn 0.1695 0.4823 -0.8594
vn 0.1538 0.4400 -0.8847
vn 0.1631 0.4687 -0.8682
vn 0.1879 0.5385 -0.8214
vn 0.2060 0.5908 -0.7801
vn 0.2113 0.6031 -0.7691
vn 0.2190 0.6264 -0.7481
vn 0.2318 0.6605 -0.7142
vn 0.2189 0.6264 -0.7481
vn 0.2264 0.6502 -0.7253
vn 0.2460 0.7059 -0.6642
vn 0.2264 0.6501 -0.7253
vn 0.2622 0.7494 -0.6080
vn 0.2615 0.7590 -0.5963
vn 0.2715 0.7767 -0.5684
vn 0.2751 0.7999 -0.5334
vn 0.3001 0.8689 -0.3937
vn 0.2715 0.7766 -0.5685
vn 0.2776 0.7942 -0.5405
vn 0.2906 0.8323 -0.4720
vn 0.3048 0.8636 -0.4016
vn 0.3082 0.8818 -0.3568
vn 0.3137 0.9055 -0.2860
vn 0.3082 0.8818 -0.3569
vn 0.3047 0.8636 -0.4016
vn 0.3130 0.8928 -0.3239
vn 0.3204 0.9177 -0.2348
vn 0.3130 0.8928 -0.3238
vn 0.3248 0.9307 -0.1681
vn 0.3136 0.9055 -0.2860
vn 0.3204 0.9177 -0.2347
vn 0.3276 0.9339 -0.1430
vn 0.3325 0.9393 -0.0847
vn 0.3676 0.9220 -0.1215
vn 0.3286 0.9443 -0.0174
vn 0.4184 0.9003 0.1204
vn 0.4183 0.9002 0.1211
vn 0.4146 0.8939 0.1704
vn 0.4241 0.9026 0.0744
vn 0.4168 0.8962 0.1522
vn 0.4088 0.8803 0.2407
vn 0.4167 0.8962 0.1522
vn 0.4007 0.8629 0.3079
vn 0.3989 0.8575 0.3249
vn 0.3941 0.8481 0.3542
vn 0.3864 0.8313 0.3995
vn 0.4007 0.8629 0.3080
vn 0.3892 0.8375 0.3837
vn 0.3732 0.8028 0.4650
vn 0.3576 0.7719 0.5256
vn 0.3554 0.7629 0.5401
vn 0.3468 0.7464 0.5680
vn 0.3350 0.7203 0.6074
vn 0.3576 0.7720 0.5256
vn 0.3389 0.7299 0.5936
vn 0.3156 0.6787 0.6631
vn 0.2942 0.6363 0.7131
vn 0.2912 0.6240 0.7252
vn 0.2912 0.6240 0.7251
vn 0.2795 0.6015 0.7484
vn 0.2641 0.5671 0.7802
vn 0.2689 0.5796 0.7692
vn 0.2397 0.5152 0.8229
vn 0.2689 0.5797 0.7692
vn 0.2138 0.4640 0.8596
vn 0.2641 0.5670 0.7802
vn 0.2396 0.5152 0.8229
vn 0.2102 0.4491 0.8684
vn 0.1960 0.4218 0.8852
vn 0.1778 0.3806 0.9075
vn 0.1959 0.4216 0.8854
vn 0.1831 0.3955 0.9001
vn 0.1497 0.3216 0.9350
vn 0.1211 0.2649 0.9566
vn 0.1778 0.3805 0.9075
vn 0.1172 0.2481 0.9616
vn 0.1010 0.2173 0.9709
vn 0.0808 0.1718 0.9818
vn 0.0866 0.1881 0.9783
vn 0.0522 0.1115 0.9924
vn 0.0221 0.0505 0.9985
vn 0.0521 0.1115 0.9924
vn 0.0170 0.0335 0.9993
vn 0.0002 0.0004 1.0000
vn -0.0211 -0.0477 0.9986
vn -0.0156 -0.0325 0.9994
vn -0.0516 -0.1104 0.9925
vn -0.0808 -0.1705 0.9820
vn -0.0838 -0.1851 0.9791
vn -0.1010 -0.2173 0.9709
vn -0.1301 -0.2768 0.9521
vn -0.1270 -0.2648 0.9559
vn -0.1758 -0.4024 0.8984
vn -0.1886 -0.3935 0.8998
vn -0.2542 -0.6095 0.7510
vn -0.2636 -0.5628 0.7834
vn -0.3083 -0.6624 0.6828
vn -0.2453 -0.5256 -0.8146
vn -0.2639 -0.5681 -0.7795
vn -0.2130 -0.4618 -0.8610
vn -0.1989 -0.4289 -0.8812
vn -0.1834 -0.3911 -0.9019
vn -0.1501 -0.3242 -0.9340
vn -0.1230 -0.2635 -0.9568
vn -0.1756 -0.3802 -0.9081
vn -0.1502 -0.3242 -0.9340
vn -0.1163 -0.2503 -0.9612
vn -0.1011 -0.2176 -0.9708
vn -0.0769 -0.1684 -0.9827
vn -0.1010 -0.2173 -0.9709
vn -0.0865 -0.1830 -0.9793
vn -0.0501 -0.1071 -0.9930
vn -0.0227 -0.0463 -0.9987
vn -0.0137 -0.0312 -0.9994
vn 0.0005 0.0012 -1.0000
vn 0.0244 0.0495 -0.9985
vn -0.0227 -0.0464 -0.9987
vn 0.0148 0.0344 -0.9993
vn 0.0517 0.1119 -0.9924
vn 0.0148 0.0345 -0.9993
vn 0.0792 0.1726 -0.9818
vn 0.0516 0.1119 -0.9924
vn 0.0879 0.1875 -0.9783
vn 0.1015 0.2185 -0.9706
vn 0.1240 0.2641 -0.9565
vn 0.1014 0.2184 -0.9706
vn 0.1150 0.2497 -0.9615
vn 0.1503 0.3241 -0.9340
vn 0.1765 0.3813 -0.9074
vn 0.1843 0.3951 -0.9000
vn 0.1964 0.4228 -0.8847
vn 0.2164 0.4634 -0.8593
vn 0.1964 0.4229 -0.8846
vn 0.2086 0.4503 -0.8681
vn 0.2401 0.5174 -0.8213
vn 0.2086 0.4503 -0.8682
vn 0.2633 0.5676 -0.7801
vn 0.2402 0.5174 -0.8213
vn 0.2698 0.5794 -0.7691
vn 0.2799 0.6025 -0.7474
vn 0.2962 0.6358 -0.7128
vn 0.2900 0.6249 -0.7248
vn 0.3160 0.6805 -0.6611
vn 0.3346 0.7206 -0.6072
vn 0.2963 0.6358 -0.7128
vn 0.3396 0.7298 -0.5934
vn 0.3395 0.7298 -0.5934
vn 0.3472 0.7472 -0.5667
vn 0.3590 0.7716 -0.5252
vn 0.3471 0.7471 -0.5668
vn 0.3547 0.7635 -0.5397
vn 0.3734 0.8041 -0.4626
vn 0.3861 0.8316 -0.3991
vn 0.3894 0.8375 -0.3834
vn 0.3943 0.8488 -0.3523
vn 0.3998 0.8634 -0.3078
vn 0.4000 0.8582 -0.3218
vn 0.4081 0.8822 -0.2351
vn 0.4000 0.8582 -0.3217
vn 0.4150 0.8947 -0.1655
vn 0.4129 0.8978 -0.1531
vn 0.4187 0.9005 -0.1178
vn 0.4145 0.9027 -0.1151
vn 0.3903 0.9207 0.0023
vn 0.4145 0.9100 0.0047
vn 0.4232 0.9024 -0.0814
vn 0.4565 0.8814 -0.1210
vn 0.4145 0.9100 0.0048
vn 0.5051 0.8546 0.1204
vn 0.5011 0.8485 0.1699
vn 0.5110 0.8564 0.0743
vn 0.5027 0.8511 0.1516
vn 0.4940 0.8363 0.2380
vn 0.4841 0.8191 0.3077
vn 0.4812 0.8143 0.3248
vn 0.4812 0.8143 0.3247
vn 0.4759 0.8053 0.3536
vn 0.4666 0.7892 0.3993
vn 0.4759 0.8052 0.3537
vn 0.4697 0.7952 0.3834
vn 0.4512 0.7631 0.4626
vn 0.4326 0.7329 0.5251
vn 0.4666 0.7892 0.3992
vn 0.4512 0.7632 0.4626
vn 0.4283 0.7247 0.5398
vn 0.4192 0.7092 0.5668
vn 0.4045 0.6839 0.6072
vn 0.4192 0.7092 0.5669
vn 0.4092 0.6931 0.5934
vn 0.3820 0.6458 0.6611
vn 0.3562 0.6042 0.7127
vn 0.3508 0.5929 0.7248
vn 0.3381 0.5719 0.7474
vn 0.3187 0.5384 0.7801
vn 0.3562 0.6043 0.7127
vn 0.3247 0.5505 0.7691
vn 0.2905 0.4909 0.8213
vn 0.2594 0.4408 0.8593
vn 0.2530 0.4269 0.8682
vn 0.2372 0.4013 0.8847
vn 0.2143 0.3614 0.9074
vn 0.2593 0.4408 0.8593
vn 0.2213 0.3756 0.9000
vn 0.1820 0.3074 0.9340
vn 0.1475 0.2518 0.9565
vn 0.2143 0.3614 0.9075
vn 0.1406 0.2362 0.9615
vn 0.1226 0.2073 0.9706
vn 0.0974 0.1630 0.9818
vn 0.1048 0.1786 0.9783
vn 0.0629 0.1059 0.9924
vn 0.0270 0.0480 0.9985
vn 0.0200 0.0316 0.9993
vn 0.0201 0.0317 0.9993
vn 0.0003 0.0004 1.0000
vn -0.0258 -0.0452 0.9986
vn 0.0003 0.0005 1.0000
vn 0.0270 0.0481 0.9985
vn -0.0188 -0.0308 0.9994
vn -0.0623 -0.1048 0.9925
vn -0.0188 -0.0308 0.9993
vn -0.0972 -0.1617 0.9820
vn -0.0258 -0.0453 0.9986
vn -0.1021 -0.1761 0.9791
vn -0.1304 -0.2206 0.9666
vn -0.1577 -0.2553 0.9539
vn -0.0972 -0.1616 0.9820
vn -0.1479 -0.2615 0.9538
vn -0.1577 -0.2552 0.9539
vn -0.1955 -0.3300 0.9235
vn -0.2243 -0.3735 0.9001
vn -0.4758 -0.8051 0.3542
vn -0.4641 -0.7844 0.4115
vn -0.4897 -0.7912 0.3664
vn -0.2960 -0.4988 -0.8146
vn -0.3187 -0.5394 -0.7795
vn -0.2575 -0.4386 -0.8610
vn -0.2403 -0.4073 -0.8811
vn -0.2575 -0.4385 -0.8610
vn -0.2211 -0.3711 -0.9019
vn -0.1814 -0.3079 -0.9340
vn -0.2210 -0.3711 -0.9019
vn -0.1484 -0.2501 -0.9568
vn -0.1405 -0.2376 -0.9611
vn -0.1226 -0.2075 -0.9705
vn -0.0928 -0.1607 -0.9826
vn -0.1050 -0.1738 -0.9792
vn -0.0617 -0.1040 -0.9927
vn -0.0273 -0.0439 -0.9987
vn -0.0167 -0.0298 -0.9994
vn -0.0000 -0.0000 -1.0000
vn 0.0294 0.0460 -0.9985
vn 0.0172 0.0327 -0.9993
vn 0.0611 0.1039 -0.9927
vn 0.0957 0.1639 -0.9818
vn 0.1059 0.1778 -0.9783
vn 0.1223 0.2070 -0.9707
vn 0.1494 0.2506 -0.9565
vn 0.0957 0.1640 -0.9818
vn 0.1391 0.2371 -0.9615
vn 0.1815 0.3077 -0.9340
vn 0.2132 0.3620 -0.9075
vn 0.2223 0.3750 -0.9000
vn 0.2223 0.3749 -0.9000
vn 0.2372 0.4014 -0.8846
vn 0.2611 0.4398 -0.8593
vn 0.2372 0.4014 -0.8847
vn 0.2520 0.4276 -0.8681
vn 0.2900 0.4912 -0.8213
vn 0.2520 0.4276 -0.8682
vn 0.3179 0.5389 -0.7801
vn 0.3256 0.5500 -0.7691
vn 0.3380 0.5720 -0.7474
vn 0.3575 0.6034 -0.7128
vn 0.3502 0.5933 -0.7248
vn 0.3815 0.6461 -0.6611
vn 0.4040 0.6841 -0.6073
vn 0.3576 0.6034 -0.7128
vn 0.3815 0.6460 -0.6611
vn 0.4099 0.6927 -0.5934
vn 0.4189 0.7088 -0.5676
vn 0.4338 0.7319 -0.5255
vn 0.4276 0.7248 -0.5402
vn 0.4503 0.7623 -0.4649
vn 0.4663 0.7894 -0.3993
vn 0.4699 0.7950 -0.3836
vn 0.4760 0.8056 -0.3528
vn 0.4833 0.8195 -0.3078
vn 0.4760 0.8055 -0.3528
vn 0.4826 0.8145 -0.3219
vn 0.4931 0.8375 -0.2354
vn 0.5011 0.8494 -0.1656
vn 0.4833 0.8195 -0.3079
vn 0.4993 0.8528 -0.1533
vn 0.4993 0.8527 -0.1533
vn 0.5054 0.8548 -0.1179
vn 0.5018 0.8574 -0.1147
vn 0.4787 0.8780 0.0032
vn 0.5017 0.8574 -0.1147
vn 0.5023 0.8647 0.0046
vn 0.5101 0.8563 -0.0815
vn 0.5412 0.8321 -0.1210
vn 0.5869 0.8007 0.1204
vn 0.5868 0.8006 0.1211
vn 0.5819 0.7952 0.1703
vn 0.5929 0.8018 0.0743
vn 0.5845 0.7970 0.1521
vn 0.5736 0.7830 0.2406
vn 0.5623 0.7675 0.3079
vn 0.5593 0.7626 0.3251
vn 0.5593 0.7626 0.3250
vn 0.5529 0.7542 0.3542
vn 0.5422 0.7394 0.3993
vn 0.5458 0.7451 0.3834
vn 0.5243 0.7149 0.4626
vn 0.5458 0.7450 0.3834
vn 0.5027 0.6867 0.5252
vn 0.5421 0.7394 0.3993
vn 0.4977 0.6789 0.5398
vn 0.4978 0.6789 0.5398
vn 0.4871 0.6644 0.5668
vn 0.4699 0.6406 0.6072
vn 0.5027 0.6866 0.5252
vn 0.4755 0.6494 0.5934
vn 0.4438 0.6050 0.6611
vn 0.4756 0.6494 0.5934
vn 0.4141 0.5662 0.7127
vn 0.4700 0.6406 0.6072
vn 0.4076 0.5554 0.7248
vn 0.4076 0.5555 0.7248
vn 0.3928 0.5357 0.7475
vn 0.3703 0.5044 0.7801
vn 0.3774 0.5158 0.7691
vn 0.3375 0.4599 0.8213
vn 0.3015 0.4131 0.8593
vn 0.2939 0.3999 0.8682
vn 0.2939 0.3999 0.8681
vn 0.2757 0.3760 0.8847
vn 0.2489 0.3385 0.9074
vn 0.2572 0.3520 0.9000
vn 0.2115 0.2880 0.9340
vn 0.1716 0.2360 0.9565
vn 0.1632 0.2212 0.9615
vn 0.1633 0.2212 0.9615
vn 0.1424 0.1942 0.9706
vn 0.1130 0.1526 0.9818
vn 0.1425 0.1943 0.9706
vn 0.1219 0.1674 0.9783
vn 0.0730 0.0992 0.9924
vn 0.0316 0.0452 0.9985
vn 0.0231 0.0295 0.9993
vn -0.0301 -0.0425 0.9986
vn -0.0217 -0.0288 0.9994
vn -0.0723 -0.0981 0.9925
vn -0.0217 -0.0288 0.9993
vn -0.1127 -0.1513 0.9820
vn -0.0302 -0.0425 0.9986
vn -0.1190 -0.1652 0.9791
vn -0.1516 -0.2066 0.9666
vn -0.1821 -0.2384 0.9539
vn -0.1730 -0.2456 0.9538
vn -0.2271 -0.3091 0.9235
vn -0.2601 -0.3496 0.9001
vn -0.5529 -0.7542 0.3542
vn -0.5392 -0.7348 0.4115
vn -0.5653 -0.7390 0.3664
vn -0.3437 -0.4672 -0.8146
vn -0.3703 -0.5053 -0.7795
vn -0.2995 -0.4110 -0.8610
vn -0.2793 -0.3816 -0.8811
vn -0.2565 -0.3475 -0.9019
vn -0.2109 -0.2885 -0.9340
vn -0.2566 -0.3475 -0.9019
vn -0.1723 -0.2343 -0.9568
vn -0.1632 -0.2226 -0.9612
vn -0.1632 -0.2226 -0.9611
vn -0.1425 -0.1945 -0.9705
vn -0.1082 -0.1508 -0.9826
vn -0.1424 -0.1944 -0.9705
vn -0.1723 -0.2342 -0.9568
vn -0.1216 -0.1625 -0.9792
vn -0.0716 -0.0974 -0.9927
vn -0.0315 -0.0409 -0.9987
vn -0.0196 -0.0280 -0.9994
vn 0.0006 0.0010 -1.0000
vn 0.0335 0.0437 -0.9985
vn 0.0006 0.0009 -1.0000
vn 0.0212 0.0309 -0.9993
vn 0.0726 0.0995 -0.9924
vn 0.1115 0.1537 -0.9818
vn 0.1230 0.1666 -0.9783
vn 0.1423 0.1942 -0.9706
vn 0.1734 0.2347 -0.9565
vn 0.1116 0.1537 -0.9818
vn 0.1618 0.2223 -0.9615
vn 0.2110 0.2883 -0.9340
vn 0.1618 0.2222 -0.9615
vn 0.2479 0.3393 -0.9074
vn 0.2582 0.3512 -0.9000
vn 0.2756 0.3761 -0.8847
vn 0.3031 0.4119 -0.8593
vn 0.2755 0.3760 -0.8847
vn 0.2929 0.4006 -0.8682
vn 0.3370 0.4602 -0.8213
vn 0.3695 0.5049 -0.7801
vn 0.3032 0.4119 -0.8593
vn 0.3783 0.5152 -0.7691
vn 0.3928 0.5359 -0.7473
vn 0.4153 0.5653 -0.7127
vn 0.3927 0.5359 -0.7474
vn 0.3696 0.5049 -0.7801
vn 0.4070 0.5558 -0.7248
vn 0.4434 0.6053 -0.6611
vn 0.4695 0.6410 -0.6072
vn 0.4762 0.6490 -0.5934
vn 0.4762 0.6489 -0.5934
vn 0.4870 0.6645 -0.5668
vn 0.5035 0.6861 -0.5252
vn 0.4870 0.6644 -0.5669
vn 0.4976 0.6790 -0.5397
vn 0.5240 0.7152 -0.4626
vn 0.5418 0.7397 -0.3991
vn 0.5035 0.6861 -0.5251
vn 0.5239 0.7152 -0.4626
vn 0.5462 0.7448 -0.3834
vn 0.5532 0.7548 -0.3524
vn 0.5617 0.7679 -0.3078
vn 0.5606 0.7630 -0.3219
vn 0.5733 0.7848 -0.2354
vn 0.5824 0.7958 -0.1656
vn 0.5732 0.7849 -0.2354
vn 0.5810 0.7994 -0.1533
vn 0.5873 0.8008 -0.1178
vn 0.5838 0.8038 -0.1147
vn 0.5629 0.8265 0.0032
vn 0.5838 0.8037 -0.1147
vn 0.5851 0.8109 0.0046
vn 0.5920 0.8018 -0.0814
vn 0.6206 0.7747 -0.1210
vn 0.6630 0.7389 0.1204
vn 0.6629 0.7389 0.1212
vn 0.6574 0.7340 0.1703
vn 0.6628 0.7389 0.1213
vn 0.6691 0.7394 0.0743
vn 0.6603 0.7355 0.1521
vn 0.6480 0.7226 0.2407
vn 0.6352 0.7083 0.3079
vn 0.6317 0.7037 0.3251
vn 0.6244 0.6959 0.3547
vn 0.6122 0.6823 0.3995
vn 0.6245 0.6960 0.3542
vn 0.6352 0.7083 0.3080
vn 0.6167 0.6874 0.3836
vn 0.5914 0.6588 0.4650
vn 0.5674 0.6339 0.5255
vn 0.5625 0.6259 0.5402
vn 0.5498 0.6128 0.5676
vn 0.5308 0.5912 0.6073
vn 0.5372 0.5993 0.5934
vn 0.5013 0.5583 0.6611
vn 0.4678 0.5226 0.7128
vn 0.4604 0.5125 0.7248
vn 0.4603 0.5125 0.7248
vn 0.4437 0.4945 0.7474
vn 0.4182 0.4654 0.7801
vn 0.4437 0.4944 0.7474
vn 0.4265 0.4761 0.7691
vn 0.3812 0.4244 0.8213
vn 0.3408 0.3813 0.8593
vn 0.3319 0.3690 0.8682
vn 0.3319 0.3690 0.8681
vn 0.3114 0.3469 0.8847
vn 0.2811 0.3123 0.9074
vn 0.3114 0.3470 0.8847
vn 0.2907 0.3249 0.9000
vn 0.2388 0.2657 0.9340
vn 0.1940 0.2180 0.9565
vn 0.1843 0.2040 0.9615
vn 0.1608 0.1792 0.9706
vn 0.1275 0.1407 0.9818
vn 0.1609 0.1792 0.9706
vn 0.1940 0.2179 0.9565
vn 0.1378 0.1546 0.9783
vn 0.0825 0.0915 0.9924
vn 0.0359 0.0418 0.9985
vn 0.0259 0.0271 0.9993
vn 0.0004 0.0004 1.0000
vn -0.0342 -0.0393 0.9986
vn -0.0244 -0.0265 0.9994
vn -0.0816 -0.0905 0.9925
vn -0.0244 -0.0265 0.9993
vn -0.1271 -0.1394 0.9820
vn -0.1347 -0.1526 0.9791
vn -0.1712 -0.1907 0.9666
vn -0.2047 -0.2193 0.9539
vn -0.1964 -0.2274 0.9538
vn -0.2564 -0.2852 0.9235
vn -0.2933 -0.3222 0.9001
vn -0.6245 -0.6960 0.3542
vn -0.6090 -0.6781 0.4115
vn -0.6355 -0.6797 0.3664
vn -0.3881 -0.4311 -0.8146
vn -0.4183 -0.4663 -0.7795
vn -0.3386 -0.3795 -0.8610
vn -0.3155 -0.3522 -0.8811
vn -0.2896 -0.3205 -0.9019
vn -0.2383 -0.2663 -0.9340
vn -0.1946 -0.2161 -0.9568
vn -0.1844 -0.2054 -0.9612
vn -0.1844 -0.2054 -0.9611
vn -0.1609 -0.1794 -0.9705
vn -0.1226 -0.1394 -0.9826
vn -0.1609 -0.1795 -0.9705
vn -0.1370 -0.1497 -0.9792
vn -0.0808 -0.0898 -0.9927
vn -0.1370 -0.1498 -0.9792
vn -0.0354 -0.0376 -0.9987
vn -0.0809 -0.0898 -0.9927
vn -0.0222 -0.0260 -0.9994
vn -0.0222 -0.0259 -0.9994
vn 0.0007 0.0009 -1.0000
vn 0.0377 0.0402 -0.9985
vn 0.0242 0.0287 -0.9993
vn 0.0820 0.0919 -0.9924
vn 0.0241 0.0286 -0.9993
vn 0.1261 0.1419 -0.9818
vn 0.1388 0.1537 -0.9783
vn 0.1607 0.1792 -0.9706
vn 0.1957 0.2164 -0.9565
vn 0.1608 0.1793 -0.9706
vn 0.1262 0.1419 -0.9818
vn 0.1829 0.2052 -0.9615
vn 0.2383 0.2661 -0.9340
vn 0.2801 0.3131 -0.9075
vn 0.2916 0.3241 -0.9000
vn 0.2916 0.3240 -0.9000
vn 0.3107 0.3462 -0.8852
vn 0.3425 0.3792 -0.8596
vn 0.3302 0.3699 -0.8684
vn 0.3793 0.4231 -0.8229
vn 0.4174 0.4660 -0.7801
vn 0.4271 0.4753 -0.7692
vn 0.4435 0.4943 -0.7477
vn 0.4690 0.5215 -0.7128
vn 0.4598 0.5130 -0.7248
vn 0.5009 0.5586 -0.6611
vn 0.5304 0.5916 -0.6072
vn 0.5378 0.5988 -0.5934
vn 0.5501 0.6132 -0.5669
vn 0.5687 0.6331 -0.5251
vn 0.5502 0.6132 -0.5668
vn 0.5621 0.6266 -0.5397
vn 0.5919 0.6600 -0.4626
vn 0.5621 0.6267 -0.5397
vn 0.6121 0.6827 -0.3991
vn 0.6170 0.6873 -0.3834
vn 0.6249 0.6966 -0.3524
vn 0.6347 0.7088 -0.3078
vn 0.6331 0.7040 -0.3219
vn 0.6478 0.7245 -0.2354
vn 0.6581 0.7345 -0.1656
vn 0.6479 0.7245 -0.2354
vn 0.6570 0.7382 -0.1533
vn 0.6634 0.7390 -0.1178
vn 0.6602 0.7423 -0.1147
vn 0.6417 0.7669 0.0032
vn 0.6623 0.7493 0.0046
vn 0.6682 0.7395 -0.0814
vn 0.6940 0.7097 -0.1210
vn 0.6622 0.7493 0.0046
vn 0.7324 0.6702 0.1203
vn 0.7325 0.6699 0.1212
vn 0.7266 0.6656 0.1703
vn 0.7388 0.6698 0.0743
vn 0.7296 0.6668 0.1521
vn 0.7161 0.6552 0.2406
vn 0.7020 0.6422 0.3079
vn 0.6980 0.6380 0.3251
vn 0.6901 0.6311 0.3542
vn 0.6767 0.6186 0.3993
vn 0.6814 0.6234 0.3834
vn 0.6544 0.5982 0.4626
vn 0.6277 0.5746 0.5252
vn 0.6544 0.5981 0.4626
vn 0.6213 0.5680 0.5398
vn 0.6080 0.5559 0.5669
vn 0.5865 0.5360 0.6072
vn 0.6080 0.5559 0.5668
vn 0.6277 0.5747 0.5252
vn 0.5937 0.5435 0.5934
vn 0.5539 0.5062 0.6611
vn 0.5171 0.4739 0.7127
vn 0.5539 0.5061 0.6611
vn 0.5086 0.4647 0.7248
vn 0.4903 0.4483 0.7474
vn 0.4621 0.4219 0.7801
vn 0.4904 0.4483 0.7474
vn 0.4713 0.4317 0.7691
vn 0.4212 0.3847 0.8213
vn 0.3767 0.3459 0.8593
vn 0.3666 0.3345 0.8682
vn 0.3667 0.3345 0.8681
vn 0.3441 0.3146 0.8847
vn 0.3105 0.2830 0.9075
vn 0.3767 0.3458 0.8593
vn 0.3213 0.2946 0.9000
vn 0.2639 0.2409 0.9340
vn 0.2146 0.1978 0.9565
vn 0.3105 0.2830 0.9074
vn 0.2035 0.1849 0.9615
vn 0.1777 0.1625 0.9706
vn 0.1407 0.1275 0.9818
vn 0.1777 0.1624 0.9706
vn 0.1523 0.1403 0.9783
vn 0.0911 0.0829 0.9924
vn 0.1524 0.1403 0.9783
vn 0.0398 0.0381 0.9985
vn 0.0284 0.0244 0.9993
vn 0.0004 0.0003 1.0000
vn -0.0379 -0.0357 0.9986
vn 0.0399 0.0381 0.9985
vn -0.0269 -0.0240 0.9994
vn -0.0902 -0.0820 0.9925
vn -0.1402 -0.1262 0.9820
vn -0.0379 -0.0358 0.9986
vn -0.0901 -0.0820 0.9925
vn -0.1491 -0.1386 0.9791
vn -0.1892 -0.1729 0.9666
vn -0.2253 -0.1980 0.9539
vn -0.2178 -0.2069 0.9538
vn -0.2253 -0.1981 0.9539
vn -0.2833 -0.2585 0.9235
vn -0.3237 -0.2917 0.9001
vn -0.6901 -0.6311 0.3542
vn -0.6729 -0.6147 0.4115
vn -0.6994 -0.6137 0.3664
vn -0.4287 -0.3907 -0.8146
vn -0.4623 -0.4228 -0.7795
vn -0.3744 -0.3443 -0.8610
vn -0.3487 -0.3194 -0.8811
vn -0.3743 -0.3442 -0.8610
vn -0.3197 -0.2904 -0.9019
vn -0.2634 -0.2415 -0.9340
vn -0.3198 -0.2904 -0.9019
vn -0.2150 -0.1959 -0.9568
vn -0.2037 -0.1862 -0.9612
vn -0.2037 -0.1863 -0.9611
vn -0.1779 -0.1627 -0.9705
vn -0.1357 -0.1266 -0.9826
vn -0.2149 -0.1959 -0.9568
vn -0.1511 -0.1355 -0.9792
vn -0.0893 -0.0814 -0.9927
vn -0.0389 -0.0340 -0.9987
vn -0.0247 -0.0236 -0.9994
vn 0.0008 0.0008 -1.0000
vn 0.0415 0.0363 -0.9985
vn 0.0269 0.0261 -0.9993
vn 0.0907 0.0833 -0.9924
vn 0.0268 0.0261 -0.9993
vn 0.1395 0.1288 -0.9818
vn 0.1533 0.1392 -0.9783
vn 0.1777 0.1626 -0.9706
vn 0.2161 0.1961 -0.9565
vn 0.2023 0.1862 -0.9615
vn 0.2635 0.2413 -0.9340
vn 0.3096 0.2840 -0.9074
vn 0.2634 0.2413 -0.9340
vn 0.3221 0.2937 -0.9000
vn 0.3440 0.3147 -0.8847
vn 0.3780 0.3444 -0.8594
vn 0.3658 0.3354 -0.8681
vn 0.4208 0.3851 -0.8213
vn 0.3658 0.3353 -0.8682
vn 0.4614 0.4226 -0.7801
vn 0.4720 0.4309 -0.7691
vn 0.4903 0.4484 -0.7474
vn 0.5182 0.4728 -0.7127
vn 0.4902 0.4483 -0.7475
vn 0.5082 0.4652 -0.7248
vn 0.5535 0.5065 -0.6611
vn 0.5862 0.5364 -0.6072
vn 0.5536 0.5065 -0.6611
vn 0.5943 0.5429 -0.5934
vn 0.6080 0.5560 -0.5668
vn 0.6284 0.5739 -0.5251
vn 0.6079 0.5560 -0.5668
vn 0.5861 0.5364 -0.6072
vn 0.6212 0.5681 -0.5397
vn 0.6541 0.5985 -0.4626
vn 0.6765 0.6190 -0.3991
vn 0.6817 0.6231 -0.3833
vn 0.6817 0.6231 -0.3834
vn 0.6906 0.6316 -0.3523
vn 0.7015 0.6428 -0.3077
vn 0.6764 0.6190 -0.3991
vn 0.6995 0.6381 -0.3218
vn 0.7162 0.6571 -0.2351
vn 0.7273 0.6660 -0.1655
vn 0.7265 0.6698 -0.1532
vn 0.7266 0.6698 -0.1532
vn 0.7330 0.6700 -0.1177
vn 0.7302 0.6735 -0.1147
vn 0.7142 0.6999 0.0032
vn 0.7329 0.6803 0.0046
vn 0.7379 0.6700 -0.0815
vn 0.7606 0.6378 -0.1211
vn 0.7388 0.6699 0.0743
vn 0.7951 0.5944 0.1204
vn 0.7950 0.5944 0.1212
vn 0.7887 0.5907 0.1703
vn 0.7950 0.5944 0.1211
vn 0.8012 0.5937 0.0743
vn 0.7918 0.5916 0.1521
vn 0.7772 0.5814 0.2406
vn 0.7619 0.5699 0.3079
vn 0.7576 0.5661 0.3250
vn 0.7576 0.5661 0.3251
vn 0.7490 0.5599 0.3542
vn 0.7344 0.5489 0.3992
vn 0.7619 0.5698 0.3079
vn 0.7396 0.5532 0.3834
vn 0.7102 0.5307 0.4626
vn 0.6813 0.5099 0.5252
vn 0.7344 0.5489 0.3993
vn 0.6743 0.5040 0.5398
vn 0.6598 0.4932 0.5670
vn 0.6365 0.4755 0.6072
vn 0.6598 0.4932 0.5669
vn 0.6444 0.4823 0.5934
vn 0.6011 0.4491 0.6611
vn 0.5613 0.4206 0.7127
vn 0.6365 0.4755 0.6073
vn 0.5520 0.4123 0.7248
vn 0.5520 0.4122 0.7248
vn 0.5322 0.3978 0.7474
vn 0.5014 0.3743 0.7801
vn 0.5116 0.3831 0.7691
vn 0.4570 0.3413 0.8213
vn 0.4090 0.3070 0.8593
vn 0.3978 0.2967 0.8682
vn 0.3979 0.2967 0.8681
vn 0.3734 0.2791 0.8847
vn 0.3369 0.2511 0.9074
vn 0.3488 0.2615 0.9000
vn 0.2863 0.2137 0.9340
vn 0.2330 0.1756 0.9565
vn 0.2207 0.1639 0.9615
vn 0.1929 0.1441 0.9706
vn 0.1526 0.1130 0.9818
vn 0.1655 0.1246 0.9783
vn 0.0989 0.0735 0.9924
vn 0.0434 0.0340 0.9985
vn 0.0988 0.0735 0.9924
vn 0.0307 0.0215 0.9993
vn 0.0011 0.0008 1.0000
vn -0.0409 -0.0318 0.9987
vn 0.0012 0.0008 1.0000
vn -0.0291 -0.0208 0.9994
vn -0.0957 -0.0712 0.9929
vn -0.0290 -0.0207 0.9994
vn -0.1516 -0.1118 0.9821
vn -0.0409 -0.0319 0.9987
vn -0.1619 -0.1228 0.9791
vn -0.2046 -0.1529 0.9668
vn -0.2437 -0.1748 0.9540
vn -0.2371 -0.1844 0.9538
vn -0.3074 -0.2293 0.9235
vn -0.3508 -0.2584 0.9001
vn -0.7490 -0.5599 0.3542
vn -0.7302 -0.5453 0.4116
vn -0.7565 -0.5418 0.3664
vn -0.4651 -0.3465 -0.8146
vn -0.5017 -0.3752 -0.7795
vn -0.4065 -0.3057 -0.8610
vn -0.3785 -0.2834 -0.8811
vn -0.3468 -0.2574 -0.9019
vn -0.2859 -0.2144 -0.9340
vn -0.2332 -0.1737 -0.9568
vn -0.2859 -0.2143 -0.9340
vn -0.2211 -0.1652 -0.9612
vn -0.2211 -0.1653 -0.9611
vn -0.1930 -0.1444 -0.9705
vn -0.1476 -0.1126 -0.9826
vn -0.1637 -0.1199 -0.9792
vn -0.0969 -0.0722 -0.9927
vn -0.0421 -0.0300 -0.9987
vn -0.1475 -0.1126 -0.9826
vn -0.0269 -0.0211 -0.9994
vn 0.0009 0.0007 -1.0000
vn 0.0449 0.0320 -0.9985
vn 0.0293 0.0234 -0.9993
vn 0.0985 0.0740 -0.9924
vn 0.0293 0.0233 -0.9993
vn 0.1515 0.1144 -0.9818
vn 0.1663 0.1234 -0.9783
vn 0.1928 0.1442 -0.9706
vn 0.2344 0.1738 -0.9565
vn 0.1929 0.1443 -0.9706
vn 0.1516 0.1144 -0.9818
vn 0.2197 0.1653 -0.9615
vn 0.2860 0.2142 -0.9340
vn 0.2196 0.1653 -0.9615
vn 0.3361 0.2521 -0.9074
vn 0.3495 0.2605 -0.9000
vn 0.3733 0.2792 -0.8847
vn 0.4102 0.3054 -0.8593
vn 0.3361 0.2521 -0.9075
vn 0.3971 0.2976 -0.8682
vn 0.4567 0.3418 -0.8213
vn 0.5009 0.3750 -0.7801
vn 0.5122 0.3823 -0.7691
vn 0.5321 0.3978 -0.7474
vn 0.5622 0.4193 -0.7128
vn 0.5320 0.3978 -0.7475
vn 0.5516 0.4127 -0.7249
vn 0.6008 0.4495 -0.6611
vn 0.6362 0.4759 -0.6073
vn 0.5623 0.4194 -0.7127
vn 0.6008 0.4494 -0.6611
vn 0.6449 0.4816 -0.5934
vn 0.6594 0.4930 -0.5676
vn 0.6821 0.5085 -0.5255
vn 0.6736 0.5044 -0.5401
vn 0.7090 0.5303 -0.4649
vn 0.7342 0.5491 -0.3993
vn 0.7396 0.5530 -0.3836
vn 0.7494 0.5603 -0.3527
vn 0.7615 0.5705 -0.3077
vn 0.7494 0.5603 -0.3528
vn 0.7590 0.5660 -0.3218
vn 0.7775 0.5833 -0.2351
vn 0.7894 0.5911 -0.1656
vn 0.7891 0.5949 -0.1532
vn 0.7955 0.5944 -0.1179
vn 0.7930 0.5983 -0.1148
vn 0.7797 0.6261 0.0030
vn 0.7964 0.6047 0.0046
vn 0.8003 0.5940 -0.0815
vn 0.8198 0.5597 -0.1211
vn 0.8498 0.5131 0.1204
vn 0.8497 0.5131 0.1212
vn 0.8431 0.5101 0.1703
vn 0.8497 0.5131 0.1213
vn 0.8559 0.5118 0.0744
vn 0.8462 0.5106 0.1521
vn 0.8307 0.5019 0.2407
vn 0.8143 0.4919 0.3079
vn 0.8097 0.4886 0.3251
vn 0.8003 0.4833 0.3549
vn 0.7848 0.4739 0.3994
vn 0.8004 0.4833 0.3547
vn 0.8143 0.4920 0.3079
vn 0.7905 0.4773 0.3836
vn 0.7580 0.4575 0.4650
vn 0.7278 0.4407 0.5255
vn 0.7848 0.4739 0.3995
vn 0.7207 0.4344 0.5402
vn 0.7048 0.4256 0.5676
vn 0.6803 0.4104 0.6073
vn 0.6888 0.4164 0.5934
vn 0.6424 0.3876 0.6611
vn 0.6000 0.3632 0.7128
vn 0.5899 0.3558 0.7248
vn 0.5688 0.3434 0.7474
vn 0.5359 0.3230 0.7801
vn 0.5687 0.3433 0.7475
vn 0.5469 0.3308 0.7691
vn 0.4885 0.2946 0.8213
vn 0.4373 0.2651 0.8593
vn 0.4252 0.2560 0.8682
vn 0.4252 0.2560 0.8681
vn 0.3991 0.2409 0.8847
vn 0.3600 0.2166 0.9074
vn 0.3992 0.2409 0.8847
vn 0.4373 0.2652 0.8594
vn 0.3729 0.2259 0.9000
vn 0.3060 0.1844 0.9340
vn 0.2492 0.1518 0.9565
vn 0.2358 0.1413 0.9615
vn 0.2062 0.1244 0.9706
vn 0.1630 0.0974 0.9818
vn 0.1769 0.1076 0.9783
vn 0.1056 0.0634 0.9924
vn 0.0466 0.0296 0.9985
vn 0.0326 0.0184 0.9993
vn 0.0327 0.0184 0.9993
vn 0.0004 0.0002 1.0000
vn -0.0442 -0.0276 0.9986
vn 0.0465 0.0295 0.9985
vn -0.0311 -0.0182 0.9994
vn -0.1045 -0.0628 0.9925
vn -0.0311 -0.0182 0.9993
vn -0.1623 -0.0962 0.9820
vn -0.1734 -0.1067 0.9791
vn -0.2194 -0.1324 0.9666
vn -0.2598 -0.1500 0.9539
vn -0.1623 -0.0963 0.9820
vn -0.2542 -0.1601 0.9538
vn -0.3286 -0.1979 0.9235
vn -0.3746 -0.2225 0.9001
vn -0.8005 -0.4834 0.3542
vn -0.7804 -0.4707 0.4115
vn -0.8062 -0.4645 0.3664
vn -0.4971 -0.2989 -0.8146
vn -0.5362 -0.3239 -0.7795
vn -0.4346 -0.2641 -0.8610
vn -0.4046 -0.2447 -0.8811
vn -0.3705 -0.2220 -0.9019
vn -0.3056 -0.1851 -0.9340
vn -0.2492 -0.1499 -0.9568
vn -0.3580 -0.2173 -0.9081
vn -0.3057 -0.1851 -0.9340
vn -0.2363 -0.1426 -0.9612
vn -0.2054 -0.1240 -0.9708
vn -0.1578 -0.0967 -0.9827
vn -0.1740 -0.1035 -0.9793
vn -0.1014 -0.0609 -0.9930
vn -0.1739 -0.1034 -0.9793
vn -0.0447 -0.0258 -0.9987
vn -0.0288 -0.0182 -0.9994
vn 0.0011 0.0007 -1.0000
vn 0.0479 0.0275 -0.9985
vn 0.0315 0.0203 -0.9993
vn 0.1053 0.0639 -0.9924
vn 0.1621 0.0989 -0.9818
vn 0.1777 0.1065 -0.9783
vn 0.2061 0.1245 -0.9706
vn 0.2504 0.1498 -0.9565
vn 0.2349 0.1429 -0.9615
vn 0.3057 0.1849 -0.9340
vn 0.3593 0.2177 -0.9074
vn 0.2504 0.1499 -0.9565
vn 0.3735 0.2248 -0.9000
vn 0.3991 0.2411 -0.8846
vn 0.4383 0.2635 -0.8594
vn 0.3991 0.2410 -0.8847
vn 0.3593 0.2177 -0.9075
vn 0.4245 0.2570 -0.8682
vn 0.4882 0.2951 -0.8214
vn 0.5354 0.3238 -0.7801
vn 0.4383 0.2635 -0.8593
vn 0.5474 0.3299 -0.7691
vn 0.5681 0.3430 -0.7481
vn 0.6009 0.3612 -0.7131
vn 0.5889 0.3567 -0.7252
vn 0.6407 0.3871 -0.6631
vn 0.6799 0.4108 -0.6074
vn 0.6891 0.4157 -0.5936
vn 0.7050 0.4257 -0.5672
vn 0.7288 0.4394 -0.5252
vn 0.7051 0.4258 -0.5670
vn 0.6800 0.4108 -0.6073
vn 0.7206 0.4352 -0.5397
vn 0.7588 0.4584 -0.4626
vn 0.7848 0.4742 -0.3991
vn 0.7907 0.4772 -0.3834
vn 0.8011 0.4838 -0.3524
vn 0.8140 0.4927 -0.3076
vn 0.8011 0.4838 -0.3523
vn 0.7847 0.4742 -0.3991
vn 0.8111 0.4884 -0.3218
vn 0.8312 0.5038 -0.2351
vn 0.8111 0.4884 -0.3217
vn 0.8439 0.5103 -0.1655
vn 0.8439 0.5142 -0.1532
vn 0.8502 0.5131 -0.1178
vn 0.8481 0.5172 -0.1147
vn 0.8377 0.5462 0.0031
vn 0.8481 0.5172 -0.1148
vn 0.8522 0.5233 0.0047
vn 0.8550 0.5121 -0.0814
vn 0.8710 0.4762 -0.1211
vn 0.8559 0.5119 0.0743
vn 0.8963 0.4268 0.1204
vn 0.8896 0.4240 0.1699
vn 0.9021 0.4250 0.0744
vn 0.8923 0.4252 0.1516
vn 0.8768 0.4178 0.2380
vn 0.8590 0.4091 0.3077
vn 0.8539 0.4067 0.3248
vn 0.8539 0.4067 0.3247
vn 0.8445 0.4021 0.3536
vn 0.8278 0.3941 0.3992
vn 0.8445 0.4021 0.3537
vn 0.8338 0.3973 0.3834
vn 0.8005 0.3810 0.4626
vn 0.7681 0.3664 0.5251
vn 0.7601 0.3619 0.5398
vn 0.7438 0.3542 0.5668
vn 0.7174 0.3413 0.6073
vn 0.7265 0.3464 0.5934
vn 0.6775 0.3224 0.6611
vn 0.6329 0.3023 0.7128
vn 0.7174 0.3413 0.6072
vn 0.6221 0.2959 0.7248
vn 0.5997 0.2855 0.7475
vn 0.5651 0.2685 0.7801
vn 0.5767 0.2752 0.7692
vn 0.5131 0.2441 0.8229
vn 0.5768 0.2752 0.7692
vn 0.4606 0.2212 0.8596
vn 0.4482 0.2120 0.8684
vn 0.4200 0.2000 0.8852
vn 0.3796 0.1800 0.9075
vn 0.3933 0.1880 0.9000
vn 0.3227 0.1533 0.9340
vn 0.2629 0.1265 0.9565
vn 0.2486 0.1174 0.9615
vn 0.2175 0.1035 0.9706
vn 0.1718 0.0808 0.9818
vn 0.2174 0.1035 0.9706
vn 0.1867 0.0897 0.9783
vn 0.1113 0.0527 0.9924
vn 0.0492 0.0248 0.9985
vn 0.0343 0.0150 0.9993
vn 0.0343 0.0151 0.9993
vn -0.0467 -0.0231 0.9986
vn -0.0327 -0.0151 0.9994
vn -0.1102 -0.0521 0.9925
vn -0.0328 -0.0151 0.9993
vn -0.1710 -0.0798 0.9820
vn -0.1102 -0.0522 0.9925
vn -0.1831 -0.0890 0.9791
vn -0.2314 -0.1101 0.9666
vn -0.2733 -0.1236 0.9539
vn -0.2687 -0.1343 0.9538
vn -0.3465 -0.1645 0.9235
vn -0.3947 -0.1845 0.9001
vn -0.8443 -0.4021 0.3542
vn -0.8230 -0.3915 0.4115
vn -0.8481 -0.3828 0.3664
vn -0.5241 -0.2485 -0.8146
vn -0.5656 -0.2694 -0.7795
vn -0.4586 -0.2199 -0.8610
vn -0.4267 -0.2036 -0.8812
vn -0.4585 -0.2199 -0.8610
vn -0.3906 -0.1844 -0.9019
vn -0.3224 -0.1541 -0.9340
vn -0.2628 -0.1246 -0.9568
vn -0.3225 -0.1541 -0.9340
vn -0.2492 -0.1186 -0.9612
vn -0.2492 -0.1186 -0.9611
vn -0.2177 -0.1037 -0.9705
vn -0.1668 -0.0815 -0.9826
vn -0.2176 -0.1037 -0.9705
vn -0.1841 -0.0855 -0.9792
vn -0.1092 -0.0518 -0.9927
vn -0.0472 -0.0211 -0.9987
vn -0.0305 -0.0154 -0.9994
vn 0.0010 0.0005 -1.0000
vn 0.0503 0.0226 -0.9985
vn -0.0471 -0.0211 -0.9987
vn 0.0333 0.0172 -0.9993
vn 0.1111 0.0532 -0.9924
vn 0.0333 0.0171 -0.9993
vn 0.1710 0.0824 -0.9818
vn 0.1873 0.0884 -0.9783
vn 0.2173 0.1035 -0.9706
vn 0.2639 0.1244 -0.9565
vn 0.1711 0.0824 -0.9818
vn 0.2478 0.1190 -0.9615
vn 0.3224 0.1539 -0.9340
vn 0.3791 0.1812 -0.9074
vn 0.2640 0.1244 -0.9565
vn 0.3939 0.1869 -0.9000
vn 0.4208 0.2005 -0.8847
vn 0.4622 0.2190 -0.8593
vn 0.4478 0.2139 -0.8681
vn 0.5149 0.2455 -0.8213
vn 0.4478 0.2139 -0.8682
vn 0.5647 0.2694 -0.7801
vn 0.5773 0.2743 -0.7691
vn 0.5997 0.2857 -0.7475
vn 0.6336 0.3009 -0.7127
vn 0.6219 0.2965 -0.7248
vn 0.6773 0.3228 -0.6611
vn 0.7172 0.3419 -0.6072
vn 0.7269 0.3457 -0.5934
vn 0.7437 0.3542 -0.5669
vn 0.7686 0.3654 -0.5251
vn 0.7438 0.3543 -0.5668
vn 0.7600 0.3620 -0.5397
vn 0.8004 0.3814 -0.4626
vn 0.8277 0.3945 -0.3991
vn 0.8339 0.3969 -0.3834
vn 0.8340 0.3969 -0.3834
vn 0.8449 0.4024 -0.3524
vn 0.8586 0.4099 -0.3078
vn 0.8449 0.4024 -0.3525
vn 0.8553 0.4061 -0.3219
vn 0.8768 0.4194 -0.2354
vn 0.8901 0.4247 -0.1656
vn 0.8905 0.4285 -0.1533
vn 0.8967 0.4267 -0.1178
vn 0.8950 0.4311 -0.1147
vn 0.8874 0.4609 0.0031
vn 0.8950 0.4311 -0.1148
vn 0.8996 0.4367 0.0046
vn 0.9013 0.4254 -0.0814
vn 0.8901 0.4247 -0.1655
vn 0.9137 0.3880 -0.1210
vn 0.8996 0.4367 0.0047
vn 0.9022 0.4250 0.0744
vn 0.9339 0.3367 0.1203
vn 0.9340 0.3364 0.1204
vn 0.9271 0.3342 0.1699
vn 0.9397 0.3339 0.0743
vn 0.9299 0.3352 0.1516
vn 0.9137 0.3293 0.2380
vn 0.8952 0.3225 0.3076
vn 0.8898 0.3205 0.3247
vn 0.8801 0.3169 0.3536
vn 0.8627 0.3105 0.3992
vn 0.8800 0.3169 0.3538
vn 0.8952 0.3224 0.3077
vn 0.8689 0.3132 0.3834
vn 0.8342 0.3002 0.4626
vn 0.8005 0.2888 0.5251
vn 0.7921 0.2851 0.5397
vn 0.7921 0.2852 0.5397
vn 0.7751 0.2791 0.5669
vn 0.7476 0.2689 0.6073
vn 0.7751 0.2791 0.5668
vn 0.7571 0.2731 0.5934
vn 0.7060 0.2540 0.6611
vn 0.6596 0.2384 0.7128
vn 0.6483 0.2331 0.7248
vn 0.6483 0.2331 0.7249
vn 0.6248 0.2250 0.7477
vn 0.5888 0.2115 0.7801
vn 0.6249 0.2250 0.7476
vn 0.6011 0.2170 0.7692
vn 0.5347 0.1923 0.8229
vn 0.4802 0.1747 0.8596
vn 0.4669 0.1668 0.8684
vn 0.4668 0.1668 0.8685
vn 0.4377 0.1576 0.8852
vn 0.3955 0.1417 0.9075
vn 0.4376 0.1576 0.8852
vn 0.4099 0.1483 0.9000
vn 0.3362 0.1208 0.9340
vn 0.2741 0.0999 0.9565
vn 0.2589 0.0923 0.9615
vn 0.2265 0.0815 0.9706
vn 0.1789 0.0635 0.9818
vn 0.2266 0.0815 0.9706
vn 0.2741 0.1000 0.9565
vn 0.1946 0.0708 0.9783
vn 0.1160 0.0415 0.9924
vn 0.0514 0.0198 0.9985
vn 0.0356 0.0116 0.9993
vn 0.0005 0.0001 1.0000
vn -0.0487 -0.0184 0.9986
vn -0.0341 -0.0118 0.9994
vn -0.1148 -0.0410 0.9925
vn -0.0341 -0.0118 0.9993
vn -0.1780 -0.0625 0.9820
vn -0.0488 -0.0184 0.9986
vn -0.1909 -0.0706 0.9791
vn -0.2411 -0.0868 0.9666
vn -0.2842 -0.0961 0.9539
vn -0.2807 -0.1071 0.9538
vn -0.3610 -0.1296 0.9235
vn -0.4110 -0.1447 0.9001
vn -0.8798 -0.3169 0.3542
vn -0.8577 -0.3084 0.4115
vn -0.8817 -0.2973 0.3664
vn -0.5461 -0.1956 -0.8146
vn -0.5894 -0.2123 -0.7795
vn -0.4780 -0.1737 -0.8610
vn -0.4448 -0.1606 -0.8811
vn -0.4069 -0.1449 -0.9019
vn -0.3360 -0.1215 -0.9340
vn -0.4069 -0.1450 -0.9019
vn -0.2738 -0.0980 -0.9568
vn -0.2597 -0.0935 -0.9612
vn -0.2257 -0.0813 -0.9708
vn -0.1737 -0.0639 -0.9827
vn -0.2738 -0.0981 -0.9568
vn -0.1909 -0.0673 -0.9793
vn -0.1113 -0.0398 -0.9930
vn -0.0489 -0.0165 -0.9987
vn -0.0318 -0.0122 -0.9994
vn 0.0012 0.0005 -1.0000
vn 0.0523 0.0175 -0.9985
vn 0.0349 0.0138 -0.9993
vn 0.1158 0.0420 -0.9924
vn 0.1784 0.0652 -0.9818
vn 0.1951 0.0695 -0.9783
vn 0.2265 0.0816 -0.9706
vn 0.2749 0.0978 -0.9565
vn 0.2584 0.0940 -0.9615
vn 0.3360 0.1213 -0.9340
vn 0.2583 0.0940 -0.9615
vn 0.3951 0.1430 -0.9074
vn 0.4104 0.1471 -0.9000
vn 0.4386 0.1580 -0.8847
vn 0.4815 0.1723 -0.8593
vn 0.4667 0.1687 -0.8681
vn 0.5366 0.1935 -0.8213
vn 0.4667 0.1687 -0.8682
vn 0.5885 0.2124 -0.7801
vn 0.6015 0.2161 -0.7691
vn 0.6251 0.2252 -0.7473
vn 0.6602 0.2369 -0.7127
vn 0.6251 0.2252 -0.7474
vn 0.6481 0.2338 -0.7248
vn 0.7059 0.2545 -0.6611
vn 0.6481 0.2337 -0.7248
vn 0.7474 0.2695 -0.6073
vn 0.7574 0.2723 -0.5934
vn 0.7574 0.2724 -0.5934
vn 0.7751 0.2792 -0.5668
vn 0.8009 0.2879 -0.5251
vn 0.7474 0.2695 -0.6072
vn 0.7920 0.2853 -0.5397
vn 0.8341 0.3006 -0.4626
vn 0.8626 0.3110 -0.3991
vn 0.8690 0.3128 -0.3834
vn 0.8805 0.3172 -0.3523
vn 0.8949 0.3234 -0.3077
vn 0.8805 0.3172 -0.3522
vn 0.8912 0.3197 -0.3218
vn 0.9139 0.3309 -0.2351
vn 0.8912 0.3197 -0.3217
vn 0.9276 0.3348 -0.1655
vn 0.8949 0.3234 -0.3076
vn 0.9284 0.3386 -0.1532
vn 0.9344 0.3362 -0.1177
vn 0.9332 0.3406 -0.1146
vn 0.9286 0.3712 0.0033
vn 0.9332 0.3407 -0.1146
vn 0.9383 0.3458 0.0047
vn 0.9389 0.3344 -0.0814
vn 0.9475 0.2960 -0.1211
vn 0.9383 0.3459 0.0047
vn 0.9626 0.2426 0.1204
vn 0.9555 0.2411 0.1699
vn 0.9680 0.2396 0.0743
vn 0.9584 0.2418 0.1516
vn 0.9417 0.2376 0.2380
vn 0.9226 0.2326 0.3076
vn 0.9171 0.2312 0.3247
vn 0.9070 0.2286 0.3538
vn 0.8891 0.2239 0.3992
vn 0.9070 0.2286 0.3537
vn 0.8955 0.2260 0.3834
vn 0.8597 0.2165 0.4626
vn 0.8251 0.2085 0.5251
vn 0.8891 0.2240 0.3992
vn 0.8163 0.2057 0.5397
vn 0.7989 0.2013 0.5668
vn 0.7705 0.1939 0.6073
vn 0.7988 0.2013 0.5668
vn 0.7804 0.1971 0.5934
vn 0.7276 0.1832 0.6611
vn 0.6799 0.1722 0.7128
vn 0.7705 0.1939 0.6072
vn 0.6681 0.1680 0.7248
vn 0.6439 0.1623 0.7477
vn 0.6068 0.1524 0.7801
vn 0.6195 0.1566 0.7692
vn 0.5511 0.1387 0.8229
vn 0.4951 0.1265 0.8596
vn 0.4811 0.1200 0.8684
vn 0.4810 0.1200 0.8685
vn 0.4511 0.1137 0.8852
vn 0.4076 0.1020 0.9075
vn 0.4225 0.1072 0.9000
vn 0.3465 0.0870 0.9340
vn 0.4226 0.1071 0.9000
vn 0.2827 0.0725 0.9565
vn 0.4075 0.1020 0.9075
vn 0.2668 0.0663 0.9615
vn 0.2335 0.0588 0.9706
vn 0.1843 0.0456 0.9818
vn 0.2334 0.0588 0.9706
vn 0.2826 0.0724 0.9565
vn 0.2006 0.0513 0.9783
vn 0.1195 0.0298 0.9924
vn 0.0531 0.0146 0.9985
vn 0.0366 0.0080 0.9993
vn -0.0503 -0.0135 0.9986
vn -0.0351 -0.0083 0.9994
vn -0.1183 -0.0295 0.9925
vn -0.0351 -0.0083 0.9993
vn -0.1833 -0.0447 0.9820
vn -0.1970 -0.0514 0.9791
vn -0.2485 -0.0626 0.9666
vn -0.2923 -0.0676 0.9539
vn -0.2898 -0.0789 0.9538
vn -0.3720 -0.0933 0.9235
vn -0.4233 -0.1035 0.9001
vn -0.9068 -0.2286 0.3542
vn -0.8839 -0.2223 0.4115
vn -0.9067 -0.2090 0.3664
vn -0.5627 -0.1408 -0.8146
vn -0.6074 -0.1532 -0.7795
vn -0.4928 -0.1257 -0.8610
vn -0.4584 -0.1159 -0.8811
vn -0.4192 -0.1041 -0.9019
vn -0.3464 -0.0878 -0.9340
vn -0.2821 -0.0706 -0.9568
vn -0.4059 -0.1034 -0.9081
vn -0.2677 -0.0674 -0.9611
vn -0.2338 -0.0590 -0.9705
vn -0.1795 -0.0472 -0.9826
vn -0.1973 -0.0477 -0.9792
vn -0.1172 -0.0294 -0.9927
vn -0.0504 -0.0115 -0.9987
vn -0.1173 -0.0293 -0.9927
vn -0.0329 -0.0091 -0.9994
vn 0.0011 0.0003 -1.0000
vn 0.0538 0.0123 -0.9985
vn 0.0360 0.0103 -0.9993
vn 0.1194 0.0304 -0.9924
vn 0.1839 0.0473 -0.9818
vn 0.1193 0.0304 -0.9924
vn 0.2010 0.0499 -0.9783
vn 0.2335 0.0589 -0.9706
vn 0.2832 0.0702 -0.9565
vn 0.2336 0.0589 -0.9706
vn 0.2664 0.0682 -0.9615
vn 0.3464 0.0876 -0.9340
vn 0.2664 0.0682 -0.9614
vn 0.4072 0.1034 -0.9075
vn 0.4229 0.1059 -0.9000
vn 0.4520 0.1140 -0.8847
vn 0.4962 0.1240 -0.8593
vn 0.4812 0.1220 -0.8681
vn 0.5531 0.1397 -0.8213
vn 0.4811 0.1221 -0.8681
vn 0.6066 0.1534 -0.7801
vn 0.6199 0.1557 -0.7691
vn 0.6442 0.1624 -0.7474
vn 0.6803 0.1707 -0.7127
vn 0.6680 0.1689 -0.7248
vn 0.7275 0.1836 -0.6611
vn 0.6680 0.1688 -0.7248
vn 0.7703 0.1945 -0.6073
vn 0.7806 0.1963 -0.5934
vn 0.7989 0.2014 -0.5667
vn 0.8253 0.2075 -0.5251
vn 0.7703 0.1945 -0.6072
vn 0.8163 0.2060 -0.5396
vn 0.8596 0.2169 -0.4626
vn 0.8890 0.2245 -0.3991
vn 0.8956 0.2256 -0.3834
vn 0.8956 0.2255 -0.3834
vn 0.9075 0.2288 -0.3524
vn 0.9224 0.2334 -0.3078
vn 0.9183 0.2305 -0.3218
vn 0.9420 0.2391 -0.2354
vn 0.9561 0.2418 -0.1656
vn 0.9572 0.2454 -0.1533
vn 0.9630 0.2425 -0.1178
vn 0.9622 0.2470 -0.1148
vn 0.9606 0.2778 0.0031
vn 0.9678 0.2517 0.0047
vn 0.9678 0.2517 0.0046
vn 0.9673 0.2402 -0.0815
vn -0.1026 -0.1608 0.9816
vn -0.1495 -0.0224 0.9885
vn -0.2008 -0.0314 0.9791
vn -0.8329 0.0072 0.5533
vn -0.7512 0.0037 0.6600
vn -0.8504 0.0021 0.5261
vn -0.9981 -0.0063 -0.0608
vn -0.9960 -0.0016 -0.0892
vn -0.9890 -0.0115 -0.1474
vn -0.9967 -0.0025 -0.0817
vn -0.9974 -0.0022 -0.0719
vn -0.9957 -0.0056 -0.0930
vn -0.0774 0.0033 0.9970
vn 0.0188 0.0010 0.9998
vn -0.0231 0.0043 0.9997
vn -0.2273 0.0073 0.9738
vn -0.3400 0.0017 0.9404
vn -0.3350 0.0017 0.9422
vn -0.0649 0.0101 0.9978
vn -0.1738 -0.0094 0.9847
vn -0.0244 0.0028 0.9997
vn -0.9510 0.0004 -0.3092
vn -0.9485 -0.0004 -0.3169
vn -0.9173 0.0015 -0.3981
vn -0.5074 0.0056 -0.8617
vn -0.5390 -0.0028 -0.8423
vn -0.4854 0.0003 -0.8743
vn 0.4928 -0.0017 -0.8702
vn -0.1088 0.0035 -0.9941
vn -0.1698 0.0063 -0.9855
vn -0.1938 0.0020 -0.9810
vn 0.0669 0.0057 0.9977
vn -0.0387 0.0041 0.9992
vn 0.0097 -0.0016 1.0000
vn -0.0454 -0.3093 0.9499
vn -0.1449 -0.7295 0.6684
vn -0.0801 -0.5332 -0.8422
vn -0.1068 -0.6319 -0.7676
vn -0.0139 -0.1893 -0.9818
vn 0.0322 0.2317 0.9722
vn 0.0152 0.1090 0.9939
vn -0.0337 -0.2394 0.9703
vn -0.0445 -0.3424 0.9385
vn -0.0690 -0.3575 0.9314
vn -0.0690 -0.3575 0.9313
vn -0.0966 -0.5856 0.8049
vn -0.1034 -0.6004 0.7930
vn -0.0477 -0.3826 -0.9227
vn 0.0007 0.0065 -1.0000
vn 0.0417 0.3482 -0.9365
vn 0.1707 0.7313 0.6603
vn 0.0549 0.2274 0.9722
vn 0.0072 0.0323 0.9995
vn -0.0016 -0.0058 1.0000
vn -0.0311 -0.1275 0.9914
vn -0.0311 -0.1275 0.9913
vn -0.0582 -0.2398 0.9691
vn -0.0866 -0.3569 0.9301
vn -0.1332 -0.5517 0.8233
vn -0.1549 -0.6169 0.7717
vn -0.1561 -0.6445 0.7485
vn -0.1332 -0.5518 0.8233
vn -0.1426 -0.5991 0.7879
vn -0.1989 -0.8085 0.5539
vn -0.1841 -0.7652 0.6169
vn -0.1981 -0.8167 0.5420
vn -0.2321 -0.9629 0.1376
vn -0.2338 -0.9623 0.1392
vn -0.2275 -0.9382 0.2607
vn -0.2318 -0.9674 0.1022
vn -0.2326 -0.9704 0.0654
vn -0.2336 -0.9721 0.0207
vn -0.2380 -0.9651 -0.1097
vn -0.2326 -0.9721 -0.0315
vn -0.2175 -0.9127 -0.3459
vn -0.2234 -0.9123 -0.3432
vn -0.2291 -0.9478 -0.2216
vn -0.1955 -0.8096 -0.5534
vn -0.1967 -0.8114 -0.5504
vn -0.2106 -0.8701 -0.4457
vn -0.1497 -0.5763 -0.8034
vn -0.1148 -0.4975 -0.8598
vn -0.0866 -0.3563 -0.9303
vn -0.0581 -0.2395 -0.9692
vn -0.0309 -0.1305 -0.9910
vn -0.0153 -0.0510 -0.9986
vn 0.0074 0.0350 -0.9994
vn 0.0551 0.2274 -0.9722
vn 0.1083 0.4473 -0.8878
vn 0.1326 0.5446 -0.8282
vn 0.2004 0.8272 -0.5250
vn 0.2219 0.7926 -0.5680
vn 0.3203 0.9204 0.2242
vn 0.3094 0.8853 0.3472
vn 0.3005 0.8731 0.3838
vn 0.3095 0.8853 0.3472
vn 0.2503 0.7150 0.6528
vn 0.1913 0.5463 0.8154
vn 0.1554 0.4445 0.8822
vn 0.1554 0.4444 0.8822
vn 0.1213 0.3460 0.9303
vn 0.0686 0.1964 0.9781
vn 0.0441 0.1254 0.9911
vn 0.0442 0.1255 0.9911
vn 0.0156 0.0490 0.9987
vn -0.0356 -0.1026 0.9941
vn -0.1413 -0.3987 0.9062
vn -0.1935 -0.5313 0.8248
vn -0.1837 -0.5631 0.8057
vn -0.1882 -0.5532 0.8115
vn -0.2204 -0.6273 0.7470
vn -0.3063 -0.8747 0.3757
vn -0.3085 -0.8700 0.3847
vn -0.2844 -0.8255 0.4875
vn -0.3265 -0.9398 -0.1005
vn -0.3307 -0.9382 -0.1018
vn -0.3306 -0.9434 0.0254
vn -0.3145 -0.8733 -0.3720
vn -0.3085 -0.8817 -0.3570
vn -0.3115 -0.8915 -0.3289
vn -0.2687 -0.7462 -0.6091
vn -0.2269 -0.6444 -0.7303
vn -0.2649 -0.7006 -0.6625
vn -0.1557 -0.4465 -0.8811
vn -0.0401 -0.1141 -0.9927
vn 0.0404 0.1163 -0.9924
vn 0.0689 0.1953 -0.9783
vn 0.0794 0.2274 -0.9706
vn 0.2461 0.7059 -0.6642
vn 0.3083 0.8819 -0.3568
vn 0.3082 0.8819 -0.3568
vn 0.3130 0.8929 -0.3238
vn 0.3276 0.9371 -0.1204
vn 0.3275 0.9371 -0.1204
vn 0.3325 0.9393 -0.0848
vn 0.4182 0.9002 0.1212
vn 0.4181 0.9004 0.1203
vn 0.4182 0.9002 0.1213
vn 0.4168 0.8962 0.1521
vn 0.3940 0.8480 0.3545
vn 0.3989 0.8575 0.3250
vn 0.3940 0.8479 0.3548
vn 0.3468 0.7463 0.5681
vn 0.3468 0.7465 0.5679
vn 0.2796 0.6018 0.7481
vn 0.2795 0.6015 0.7483
vn 0.1831 0.3955 0.9000
vn -0.0516 -0.1104 0.9926
vn -0.2325 -0.4980 0.8354
vn -0.1998 -0.4368 0.8771
vn -0.1831 -0.3973 0.8992
vn -0.2806 -0.5901 0.7570
vn -0.2880 -0.6197 0.7301
vn -0.2465 -0.5407 0.8043
vn -0.3083 -0.6623 0.6829
vn -0.4153 -0.8993 0.1372
vn -0.4191 -0.8975 0.1373
vn -0.4068 -0.8755 0.2608
vn -0.4195 -0.9017 -0.1048
vn -0.4207 -0.9005 -0.1098
vn -0.4233 -0.9059 0.0155
vn -0.4005 -0.8576 -0.3227
vn -0.4045 -0.8521 -0.3320
vn -0.4158 -0.8865 -0.2029
vn -0.3970 -0.8392 -0.3717
vn -0.3941 -0.8481 -0.3542
vn -0.3409 -0.7161 -0.6091
vn -0.2893 -0.6188 -0.7303
vn -0.3327 -0.6711 -0.6626
vn -0.1989 -0.4290 -0.8811
vn -0.2092 -0.4471 -0.8697
vn -0.1834 -0.3910 -0.9019
vn -0.1502 -0.3243 -0.9340
vn -0.1010 -0.2175 -0.9708
vn 0.0005 0.0013 -1.0000
vn 0.1015 0.2184 -0.9706
vn 0.2401 0.5174 -0.8214
vn 0.2800 0.6025 -0.7474
vn 0.3160 0.6806 -0.6611
vn 0.3471 0.7472 -0.5668
vn 0.3734 0.8041 -0.4625
vn 0.3943 0.8488 -0.3522
vn 0.4187 0.9005 -0.1177
vn 0.4129 0.8978 -0.1532
vn 0.4232 0.9024 -0.0813
vn 0.4939 0.8363 0.2380
vn 0.4760 0.8053 0.3535
vn 0.4192 0.7093 0.5668
vn 0.2905 0.4909 0.8214
vn 0.2373 0.4013 0.8847
vn 0.1225 0.2072 0.9706
vn -0.2714 -0.4691 0.8404
vn -0.2550 -0.4342 0.8640
vn -0.2198 -0.3776 0.8995
vn -0.3201 -0.5361 0.7812
vn -0.3677 -0.6183 0.6946
vn -0.3048 -0.5072 0.8061
vn -0.3753 -0.6302 0.6797
vn -0.3216 -0.5808 0.7479
vn -0.3288 -0.5569 0.7627
vn -0.4696 -0.7739 0.4249
vn -0.4487 -0.7668 0.4590
vn -0.4362 -0.7167 0.5442
vn -0.4694 -0.7978 0.3784
vn -0.5051 -0.8532 0.1302
vn -0.5011 -0.8548 0.1347
vn -0.4910 -0.8356 0.2463
vn -0.5063 -0.8559 -0.1049
vn -0.5074 -0.8547 -0.1098
vn -0.5105 -0.8597 0.0154
vn -0.4831 -0.8139 -0.3227
vn -0.4865 -0.8081 -0.3320
vn -0.5012 -0.8412 -0.2028
vn -0.4778 -0.7959 -0.3718
vn -0.4758 -0.8051 -0.3542
vn -0.4099 -0.6789 -0.6091
vn -0.3489 -0.5873 -0.7303
vn -0.3972 -0.6350 -0.6625
vn -0.2959 -0.4988 -0.8146
vn -0.2402 -0.4073 -0.8812
vn -0.1226 -0.2076 -0.9705
vn -0.0001 -0.0002 -1.0000
vn 0.1223 0.2071 -0.9706
vn 0.1224 0.2072 -0.9706
vn 0.2371 0.4014 -0.8847
vn 0.2900 0.4912 -0.8214
vn 0.3257 0.5500 -0.7691
vn 0.3816 0.6460 -0.6611
vn 0.4503 0.7623 -0.4650
vn 0.4760 0.8055 -0.3529
vn 0.5054 0.8548 -0.1178
vn 0.5018 0.8574 -0.1146
vn 0.5024 0.8647 0.0046
vn 0.5852 0.8109 0.0046
vn 0.5868 0.8006 0.1212
vn 0.4871 0.6645 0.5668
vn 0.3928 0.5358 0.7474
vn 0.3927 0.5357 0.7475
vn 0.3375 0.4599 0.8214
vn 0.2756 0.3760 0.8847
vn 0.0730 0.0991 0.9924
vn -0.1515 -0.2067 0.9666
vn -0.3163 -0.4400 0.8404
vn -0.2966 -0.4070 0.8639
vn -0.2559 -0.3541 0.8995
vn -0.3714 -0.5020 0.7811
vn -0.4289 -0.5797 0.6928
vn -0.3534 -0.4747 0.8061
vn -0.4347 -0.5989 0.6726
vn -0.3769 -0.5469 0.7476
vn -0.3823 -0.5217 0.7627
vn -0.5424 -0.7248 0.4248
vn -0.5289 -0.7059 0.4711
vn -0.5049 -0.6703 0.5439
vn -0.5518 -0.7538 0.3569
vn -0.5538 -0.7517 0.3583
vn -0.5867 -0.7992 0.1302
vn -0.5830 -0.8012 0.1347
vn -0.5710 -0.7831 0.2464
vn -0.5883 -0.8019 -0.1047
vn -0.5893 -0.8005 -0.1098
vn -0.5928 -0.8052 0.0155
vn -0.5610 -0.7623 -0.3227
vn -0.5638 -0.7562 -0.3320
vn -0.5817 -0.7877 -0.2028
vn -0.5539 -0.7449 -0.3718
vn -0.5529 -0.7542 -0.3542
vn -0.4748 -0.6352 -0.6091
vn -0.4052 -0.5500 -0.7303
vn -0.4579 -0.5927 -0.6626
vn 0.1423 0.1943 -0.9706
vn 0.2756 0.3760 -0.8847
vn 0.3370 0.4602 -0.8214
vn 0.5532 0.7549 -0.3524
vn 0.5920 0.8018 -0.0815
vn 0.6629 0.7389 0.1213
vn 0.6244 0.6960 0.3546
vn 0.5012 0.5583 0.6611
vn -0.1347 -0.1527 0.9791
vn -0.1963 -0.2273 0.9538
vn -0.3581 -0.4067 0.8405
vn -0.3353 -0.3757 0.8640
vn -0.2896 -0.3271 0.8995
vn -0.4191 -0.4629 0.7811
vn -0.4840 -0.5346 0.6928
vn -0.3984 -0.4375 0.8061
vn -0.4916 -0.5531 0.6726
vn -0.4290 -0.5070 0.7476
vn -0.4318 -0.4815 0.7627
vn -0.6112 -0.6678 0.4248
vn -0.5960 -0.6503 0.4711
vn -0.5685 -0.6172 0.5439
vn -0.6234 -0.6957 0.3569
vn -0.6252 -0.6934 0.3582
vn -0.6627 -0.7375 0.1302
vn -0.6591 -0.7399 0.1347
vn -0.6454 -0.7230 0.2464
vn -0.6645 -0.7399 -0.1047
vn -0.6653 -0.7385 -0.1097
vn -0.6693 -0.7428 0.0156
vn -0.6334 -0.7033 -0.3228
vn -0.6356 -0.6969 -0.3320
vn -0.6565 -0.7265 -0.2029
vn -0.6247 -0.6867 -0.3717
vn -0.6245 -0.6960 -0.3542
vn -0.5352 -0.5853 -0.6091
vn -0.4574 -0.5074 -0.7303
vn -0.5141 -0.5447 -0.6625
vn -0.3306 -0.3664 -0.8697
vn -0.3155 -0.3522 -0.8812
vn -0.1610 -0.1795 -0.9705
vn -0.0809 -0.0899 -0.9927
vn -0.0223 -0.0259 -0.9994
vn 0.0820 0.0918 -0.9924
vn 0.2384 0.2661 -0.9340
vn 0.4435 0.4943 -0.7476
vn 0.4598 0.5130 -0.7249
vn 0.5501 0.6132 -0.5668
vn 0.5622 0.6266 -0.5397
vn 0.6249 0.6966 -0.3525
vn 0.6634 0.7390 -0.1177
vn 0.7325 0.6699 0.1211
vn 0.7326 0.6699 0.1204
vn 0.6980 0.6380 0.3250
vn 0.3667 0.3345 0.8682
vn 0.3440 0.3145 0.8847
vn 0.2638 0.2409 0.9340
vn 0.1778 0.1625 0.9706
vn -0.3965 -0.3694 0.8404
vn -0.3707 -0.3409 0.8639
vn -0.3204 -0.2970 0.8995
vn -0.4627 -0.4193 0.7811
vn -0.5344 -0.4843 0.6928
vn -0.4397 -0.3962 0.8061
vn -0.5438 -0.5020 0.6726
vn -0.4769 -0.4623 0.7476
vn -0.4772 -0.4365 0.7627
vn -0.6741 -0.6043 0.4248
vn -0.6572 -0.5884 0.4711
vn -0.6266 -0.5581 0.5439
vn -0.6890 -0.6308 0.3569
vn -0.6905 -0.6284 0.3582
vn -0.7322 -0.6686 0.1302
vn -0.7289 -0.6713 0.1347
vn -0.7136 -0.6558 0.2463
vn -0.7342 -0.6708 -0.1048
vn -0.7349 -0.6693 -0.1097
vn -0.7393 -0.6732 0.0155
vn -0.6997 -0.6374 -0.3227
vn -0.7013 -0.6309 -0.3320
vn -0.7250 -0.6582 -0.2029
vn -0.6894 -0.6217 -0.3718
vn -0.6902 -0.6308 -0.3544
vn -0.5903 -0.5297 -0.6091
vn -0.5052 -0.4598 -0.7303
vn -0.5653 -0.4914 -0.6625
vn -0.3487 -0.3194 -0.8812
vn -0.1779 -0.1628 -0.9705
vn -0.2037 -0.1862 -0.9611
vn 0.3658 0.3354 -0.8682
vn 0.4208 0.3851 -0.8214
vn 0.4208 0.3852 -0.8213
vn 0.6541 0.5985 -0.4625
vn 0.6995 0.6381 -0.3217
vn 0.7330 0.6700 -0.1178
vn 0.7950 0.5944 0.1210
vn 0.7950 0.5944 0.1213
vn 0.7101 0.5307 0.4626
vn 0.6599 0.4933 0.5668
vn 0.5321 0.3978 0.7474
vn 0.4570 0.3413 0.8214
vn 0.3979 0.2967 0.8682
vn -0.3074 -0.2293 0.9236
vn -0.4310 -0.3285 0.8404
vn -0.4025 -0.3027 0.8639
vn -0.3482 -0.2639 0.8995
vn -0.5018 -0.3717 0.7811
vn -0.5795 -0.4292 0.6928
vn -0.4766 -0.3509 0.8061
vn -0.5906 -0.4459 0.6726
vn -0.5202 -0.4130 0.7476
vn -0.5179 -0.3874 0.7627
vn -0.7304 -0.5349 0.4248
vn -0.7120 -0.5207 0.4712
vn -0.6786 -0.4936 0.5440
vn -0.7478 -0.5598 0.3569
vn -0.7491 -0.5572 0.3583
vn -0.7120 -0.5207 0.4711
vn -0.7945 -0.5931 0.1302
vn -0.7915 -0.5961 0.1347
vn -0.7748 -0.5823 0.2464
vn -0.7967 -0.5952 -0.1048
vn -0.7973 -0.5936 -0.1097
vn -0.8020 -0.5971 0.0156
vn -0.7591 -0.5653 -0.3227
vn -0.7601 -0.5587 -0.3320
vn -0.7863 -0.5836 -0.2028
vn -0.7473 -0.5507 -0.3718
vn -0.7490 -0.5600 -0.3542
vn -0.6396 -0.4689 -0.6091
vn -0.5481 -0.4078 -0.7303
vn -0.6110 -0.4332 -0.6625
vn -0.4652 -0.3465 -0.8146
vn -0.3961 -0.2944 -0.8697
vn -0.3785 -0.2834 -0.8812
vn -0.2860 -0.2144 -0.9340
vn -0.1931 -0.1444 -0.9705
vn 0.3734 0.2792 -0.8846
vn 0.3734 0.2792 -0.8847
vn 0.3971 0.2977 -0.8682
vn 0.4567 0.3418 -0.8214
vn 0.7955 0.5944 -0.1178
vn 0.7890 0.5949 -0.1533
vn 0.8308 0.5019 0.2407
vn 0.8004 0.4833 0.3545
vn 0.7579 0.4575 0.4650
vn 0.7048 0.4255 0.5676
vn 0.0005 0.0003 1.0000
vn -0.1045 -0.0627 0.9925
vn -0.3285 -0.1979 0.9235
vn -0.4613 -0.2844 0.8404
vn -0.4304 -0.2615 0.8639
vn -0.3725 -0.2283 0.8995
vn -0.5360 -0.3204 0.7811
vn -0.6190 -0.3700 0.6928
vn -0.5089 -0.3022 0.8061
vn -0.6317 -0.3855 0.6726
vn -0.5583 -0.3597 0.7476
vn -0.5536 -0.3344 0.7627
vn -0.7796 -0.4602 0.4248
vn -0.7599 -0.4480 0.4711
vn -0.7240 -0.4243 0.5439
vn -0.7994 -0.4834 0.3569
vn -0.8004 -0.4807 0.3583
vn -0.8491 -0.5119 0.1302
vn -0.8464 -0.5152 0.1347
vn -0.8284 -0.5030 0.2463
vn -0.8515 -0.5137 -0.1048
vn -0.8519 -0.5120 -0.1098
vn -0.8570 -0.5150 0.0155
vn -0.8112 -0.4877 -0.3227
vn -0.8114 -0.4810 -0.3320
vn -0.8400 -0.5032 -0.2029
vn -0.7980 -0.4744 -0.3718
vn -0.8006 -0.4834 -0.3542
vn -0.6827 -0.4035 -0.6091
vn -0.5856 -0.3517 -0.7303
vn -0.6508 -0.3709 -0.6625
vn -0.4971 -0.2990 -0.8146
vn -0.4046 -0.2447 -0.8812
vn -0.2053 -0.1239 -0.9708
vn -0.1013 -0.0609 -0.9930
vn 0.0012 0.0008 -1.0000
vn 0.0315 0.0204 -0.9993
vn 0.3990 0.2410 -0.8847
vn 0.4245 0.2571 -0.8682
vn 0.4881 0.2951 -0.8214
vn 0.7051 0.4257 -0.5671
vn 0.8502 0.5131 -0.1177
vn 0.8768 0.4178 0.2381
vn 0.8445 0.4021 0.3538
vn 0.5996 0.2855 0.7476
vn 0.6221 0.2959 0.7249
vn 0.2485 0.1174 0.9615
vn 0.0005 0.0002 1.0000
vn -0.0328 -0.0151 0.9994
vn -0.1830 -0.0890 0.9791
vn -0.4871 -0.2375 0.8404
vn -0.4541 -0.2178 0.8639
vn -0.3932 -0.1905 0.8995
vn -0.5649 -0.2660 0.7811
vn -0.6525 -0.3072 0.6928
vn -0.5362 -0.2505 0.8061
vn -0.6666 -0.3213 0.6726
vn -0.5911 -0.3029 0.7476
vn -0.5839 -0.2782 0.7627
vn -0.8212 -0.3811 0.4248
vn -0.8003 -0.3708 0.4711
vn -0.7623 -0.3509 0.5439
vn -0.8431 -0.4022 0.3569
vn -0.8439 -0.3994 0.3582
vn -0.8955 -0.4257 0.1302
vn -0.8931 -0.4292 0.1347
vn -0.8740 -0.4189 0.2463
vn -0.8980 -0.4272 -0.1049
vn -0.8983 -0.4255 -0.1098
vn -0.9036 -0.4280 0.0154
vn -0.8553 -0.4054 -0.3227
vn -0.8549 -0.3986 -0.3320
vn -0.8856 -0.4179 -0.2028
vn -0.8409 -0.3934 -0.3718
vn -0.8443 -0.4021 -0.3542
vn -0.7192 -0.3343 -0.6091
vn -0.6175 -0.2923 -0.7303
vn -0.6842 -0.3049 -0.6625
vn -0.4268 -0.2036 -0.8811
vn -0.3906 -0.1843 -0.9019
vn 0.2173 0.1036 -0.9706
vn 0.2175 0.1036 -0.9706
vn 0.3225 0.1539 -0.9340
vn 0.4209 0.2005 -0.8847
vn 0.5149 0.2455 -0.8214
vn 0.5998 0.2857 -0.7474
vn 0.7438 0.3542 -0.5668
vn 0.8967 0.4267 -0.1177
vn 0.9339 0.3368 0.1202
vn 0.8800 0.3169 0.3537
vn 0.8899 0.3205 0.3247
vn 0.7921 0.2852 0.5398
vn 0.2266 0.0816 0.9706
vn -0.1910 -0.0706 0.9791
vn -0.5081 -0.1884 0.8404
vn -0.4733 -0.1719 0.8639
vn -0.4101 -0.1508 0.8995
vn -0.5884 -0.2090 0.7811
vn -0.6796 -0.2413 0.6928
vn -0.5583 -0.1964 0.8061
vn -0.6951 -0.2540 0.6726
vn -0.6181 -0.2431 0.7476
vn -0.6085 -0.2193 0.7627
vn -0.8547 -0.2983 0.4248
vn -0.8330 -0.2901 0.4711
vn -0.7932 -0.2740 0.5439
vn -0.8787 -0.3171 0.3569
vn -0.8792 -0.3143 0.3582
vn -0.9331 -0.3353 0.1302
vn -0.9311 -0.3391 0.1347
vn -0.9110 -0.3307 0.2463
vn -0.9358 -0.3366 -0.1048
vn -0.9358 -0.3349 -0.1098
vn -0.9414 -0.3368 0.0154
vn -0.8911 -0.3191 -0.3228
vn -0.8900 -0.3124 -0.3321
vn -0.9224 -0.3285 -0.2030
vn -0.8755 -0.3086 -0.3718
vn -0.8798 -0.3169 -0.3542
vn -0.7487 -0.2617 -0.6091
vn -0.6433 -0.2300 -0.7303
vn -0.7109 -0.2360 -0.6625
vn -0.4649 -0.1660 -0.8697
vn -0.3361 -0.1215 -0.9340
vn -0.2256 -0.0813 -0.9708
vn 0.0013 0.0005 -1.0000
vn 0.2266 0.0817 -0.9706
vn 0.3361 0.1213 -0.9340
vn 0.5366 0.1935 -0.8214
vn 0.6250 0.2252 -0.7474
vn 0.7751 0.2792 -0.5667
vn 0.8341 0.3006 -0.4625
vn 0.8163 0.2057 0.5398
vn 0.7276 0.1831 0.6611
vn 0.6440 0.1623 0.7476
vn 0.6681 0.1680 0.7249
vn 0.5511 0.1386 0.8229
vn 0.5510 0.1386 0.8229
vn 0.4225 0.1071 0.9000
vn 0.2667 0.0663 0.9615
vn 0.0006 0.0001 1.0000
vn -0.5242 -0.1373 0.8404
vn -0.4880 -0.1244 0.8639
vn -0.4229 -0.1096 0.8995
vn -0.6062 -0.1499 0.7811
vn -0.7001 -0.1731 0.6928
vn -0.5749 -0.1404 0.8061
vn -0.7167 -0.1843 0.6726
vn -0.6390 -0.1810 0.7476
vn -0.6271 -0.1582 0.7627
vn -0.8800 -0.2126 0.4248
vn -0.8575 -0.2066 0.4711
vn -0.8163 -0.1944 0.5439
vn -0.9057 -0.2289 0.3569
vn -0.9059 -0.2260 0.3582
vn -0.9616 -0.2416 0.1302
vn -0.9600 -0.2456 0.1347
vn -0.9392 -0.2392 0.2463
vn -0.9644 -0.2427 -0.1048
vn -0.9643 -0.2410 -0.1098
vn -0.9701 -0.2424 0.0155
vn -0.9182 -0.2296 -0.3227
vn -0.9165 -0.2231 -0.3320
vn -0.9504 -0.2360 -0.2029
vn -0.9017 -0.2207 -0.3717
vn -0.9068 -0.2286 -0.3542
vn -0.7708 -0.1866 -0.6091
vn -0.6628 -0.1654 -0.7303
vn -0.7307 -0.1647 -0.6625
vn -0.4584 -0.1159 -0.8812
vn -0.4790 -0.1193 -0.8697
vn -0.1173 -0.0294 -0.9927
vn 0.0010 0.0003 -1.0000
vn 0.0361 0.0103 -0.9993
vn 0.2334 0.0589 -0.9706
vn 0.4521 0.1140 -0.8847
vn 0.4811 0.1220 -0.8681
vn 0.5531 0.1397 -0.8214
vn 0.6441 0.1624 -0.7475
vn 0.7988 0.2014 -0.5668
vn 0.7989 0.2014 -0.5668
vn 0.9673 0.2402 -0.0814
vn -0.2515 -0.0031 0.9678
vn -0.2529 -0.0367 0.9668
vn -0.6404 -0.0635 0.7655
vn -0.7103 -0.0902 0.6981
vn -0.6054 -0.1384 0.7838
vn -0.7315 -0.1123 0.6725
vn -0.6538 -0.1171 0.7476
vn -0.6397 -0.0956 0.7627
vn -0.9087 -0.1252 0.3982
vn -0.8698 -0.1128 0.4804
vn -0.8591 -0.0219 0.5113
vn -0.9852 -0.0648 0.1589
vn -0.9819 -0.1465 0.1204
vn -0.9721 -0.1456 0.1838
vn -0.9904 -0.0837 0.1103
vn -0.9823 -0.1489 -0.1137
vn -0.9826 -0.1455 -0.1152
vn -0.9891 -0.1472 0.0082
vn -0.9965 -0.0389 -0.0734
vn -0.9358 -0.1459 -0.3210
vn -0.9341 -0.1317 -0.3319
vn -0.9691 -0.1410 -0.2025
vn -0.9627 -0.0586 -0.2643
vn -0.9192 -0.1306 -0.3716
vn -0.9249 -0.1380 -0.3542
vn -0.7844 0.0273 -0.6196
vn -0.6801 -0.1052 -0.7255
vn -0.7434 -0.0919 -0.6625
vn -0.4846 -0.0516 -0.8732
vn -0.4679 -0.0710 -0.8809
vn -0.2270 -0.0044 -0.9739
vn -0.2386 -0.0358 -0.9705
vn -0.2730 -0.0407 -0.9611
vn -0.7477 0.0024 0.6641
vn -0.7852 -0.0140 0.6191
vn -0.6552 -0.0036 0.7554
vn -0.2115 0.0022 -0.9774
vn -0.3409 0.0026 -0.9401
vn -0.2115 -0.0028 -0.9774
vn -0.3409 0.0027 -0.9401
vn -0.3187 -0.0002 -0.9479
vn -0.4890 -0.0027 -0.8723
vn -0.6905 -0.0001 -0.7233
vn -0.5951 -0.0076 -0.8036
vn -0.6930 -0.0048 -0.7209
vn -0.4946 -0.0079 -0.8691
vn -0.5004 -0.0002 -0.8658
vn -0.4729 -0.0032 -0.8811
vn -0.5275 0.0042 -0.8495
vn -0.5406 -0.0079 -0.8413
vn -0.4892 -0.0094 -0.8721
vn -0.5189 -0.0046 -0.8549
vn -0.4838 -0.0008 -0.8752
vn -0.4520 -0.0000 -0.8920
vn -0.3023 0.0017 -0.9532
vn -0.4762 0.0050 -0.8793
vn -0.9474 -0.0111 -0.3199
vn -0.9727 -0.0041 -0.2319
vn -0.9417 -0.0057 -0.3365
vn -0.7394 0.0008 -0.6733
vn -0.7361 -0.0000 -0.6768
vn -0.6958 0.0163 -0.7180
vn -0.7205 -0.0579 -0.6910
vn -0.7506 0.0020 -0.6608
vn -0.7639 -0.0026 -0.6454
vn -0.7510 -0.0053 -0.6603
vn -0.7737 -0.0078 -0.6335
vn -0.8074 0.0034 -0.5900
vn -0.7593 -0.0035 -0.6507
vn -0.7633 -0.0031 -0.6461
vn -0.7762 -0.0059 -0.6305
vn -0.7509 -0.0033 -0.6604
vn -0.9957 -0.0116 0.0919
vn -0.9976 -0.0043 -0.0687
vn -0.9999 -0.0045 0.0095
vn -0.9754 -0.0035 0.2206
vn -0.9681 -0.0057 0.2506
vn -0.9745 -0.0018 0.2244
vn -0.9845 -0.0055 0.1756
vn -0.9985 -0.0024 0.0552
vn -0.9865 -0.0036 0.1638
vn -0.2170 0.0159 0.9761
vn -0.2369 -0.0003 0.9715
vn -0.3745 0.0631 0.9251
vn -0.3247 -0.0028 0.9458
vn -0.2756 -0.0051 0.9613
vn -0.3272 -0.0026 0.9450
vn -0.4761 -0.0044 0.8794
vn -0.3566 -0.0010 0.9343
vn -0.3946 -0.0000 0.9188
vn -0.0175 -0.0076 0.9998
vn 0.1164 0.0116 0.9931
vn 0.0987 -0.0046 0.9951
vn -0.1056 -0.0033 0.9944
vn -0.0106 -0.0022 0.9999
vn -0.1286 0.0115 0.9916
vn -0.0872 -0.0076 0.9962
vn -0.2296 -0.0040 0.9733
vn -0.1307 0.0018 0.9914
vn -0.0834 0.0030 0.9965
vn -0.1764 -0.0025 0.9843
vn -0.0330 0.0015 0.9995
vn 0.0389 -0.0006 0.9992
vn -0.8799 0.0098 0.4751
vn -0.9257 0.0034 0.3781
vn -0.8761 0.0090 0.4821
vn -0.9989 0.0008 0.0459
vn -0.9961 0.0051 -0.0885
vn -0.9997 0.0029 -0.0251
vn -0.9970 0.0015 -0.0776
vn -0.8440 0.0024 -0.5364
vn -0.8888 0.0021 -0.4583
vn -0.9123 0.0021 -0.4096
vn -0.9160 0.0019 -0.4013
vn -0.9068 0.0034 -0.4216
vn -0.9211 0.0023 -0.3892
vn -0.9380 0.0067 -0.3466
vn -0.9506 0.0034 -0.3103
vn -0.9731 0.0016 -0.2305
vn -0.6807 0.0032 -0.7326
vn -0.7313 0.0034 -0.6821
vn -0.7441 0.0009 -0.6681
vn -0.1764 0.1889 -0.9660
vn -0.3315 -0.0026 -0.9434
vn -0.5214 0.0034 -0.8533
vn -0.4604 -0.0032 -0.8877
vn -0.5474 0.0061 -0.8369
vn -0.2247 0.0024 -0.9744
vn -0.2374 -0.0011 -0.9714
vn -0.0191 0.0005 0.9998
vn 0.0916 0.0011 0.9958
vn 0.0556 0.0040 0.9984
vn 0.3395 0.0050 0.9406
vn 0.4601 -0.0134 0.8877
vn 0.4921 0.0034 0.8705
vn 0.4771 -0.0051 0.8789
vn 0.5781 -0.0022 0.8160
vn 0.6142 -0.0000 0.7891
vn 0.7302 -0.0188 0.6829
vn 0.7601 0.0030 0.6498
vn 0.6305 0.0051 0.7761
vn 0.8177 -0.0080 0.5755
vn 0.8372 -0.0000 0.5469
vn 0.8338 -0.0028 0.5520
vn 0.8224 -0.0077 0.5689
vn 0.7552 -0.0034 -0.6554
vn 0.8689 -0.0105 -0.4949
vn 0.8046 0.0005 -0.5939
vn 0.6740 -0.0024 -0.7388
vn 0.6704 -0.0001 -0.7420
vn 0.7357 -0.0000 -0.6773
vn 0.5865 -0.0038 -0.8100
vn 0.4974 0.0011 -0.8675
vn 0.4465 -0.0023 -0.8948
vn 0.4992 -0.0029 -0.8665
vn 0.4539 0.0087 -0.8910
vn 0.4028 0.0020 -0.9153
vn 0.2597 0.0027 -0.9657
vn 0.4351 0.0032 -0.9004
vn 0.1646 -0.0000 -0.9864
vn 0.1058 -0.0022 -0.9944
vn 0.0055 -0.0050 -1.0000
vn 0.0393 0.0029 -0.9992
vn 0.1357 -0.0099 -0.9907
vn 0.0079 0.0155 -0.9998
vn -0.2665 0.2985 -0.9164
vn 0.2103 0.7249 0.6560
vn 0.2261 0.7962 0.5612
vn 0.1794 0.7819 0.5970
vn -0.2463 0.3027 0.9207
vn 0.0829 0.4576 0.8853
vn -0.0783 0.0006 0.9969
vn -0.1911 0.0032 0.9816
vn -0.0116 -0.0869 0.9962
vn -0.1962 0.0003 0.9806
vn -0.2182 -0.0418 0.9750
vn -0.3246 -0.0040 0.9458
vn -0.1962 0.0004 0.9806
vn -0.1199 -0.0098 0.9927
vn -0.1159 -0.5667 0.8158
vn -0.1792 -0.7471 0.6401
vn -0.4848 -0.4085 0.7734
vn -0.4781 -0.4101 -0.7767
vn -0.5227 -0.4426 -0.7286
vn -0.1429 -0.6550 -0.7420
vn -0.4382 -0.3615 -0.8230
vn -0.1139 -0.5611 -0.8198
vn -0.4381 -0.3615 -0.8230
vn -0.0795 -0.4612 -0.8837
vn -0.1139 -0.5611 -0.8199
vn -0.0720 -0.4693 -0.8801
vn -0.0871 -0.5614 -0.8229
vn -0.3812 -0.3189 -0.8677
vn -0.2370 -0.0052 -0.9715
vn -0.2577 -0.0541 -0.9647
vn -0.1826 -0.0074 -0.9832
vn -0.0231 -0.0067 -0.9997
vn -0.0535 0.0117 -0.9985
vn 0.0412 0.3252 0.9448
vn 0.0380 0.3370 0.9407
vn 0.0278 0.1812 0.9831
vn 0.0344 0.2579 0.9656
vn 0.0439 0.2328 0.9715
vn -0.0066 -0.0784 0.9969
vn -0.0004 -0.0025 1.0000
vn -0.0054 -0.0497 0.9987
vn -0.0005 -0.0026 1.0000
vn -0.0288 -0.2068 0.9780
vn -0.0503 -0.2538 0.9660
vn -0.0895 -0.3843 0.9188
vn -0.0691 -0.3575 0.9314
vn -0.0503 -0.2538 0.9659
vn -0.0885 -0.4595 0.8837
vn -0.0733 -0.4511 0.8894
vn -0.0886 -0.4596 0.8837
vn -0.0895 -0.3843 0.9189
vn -0.0886 -0.4595 0.8837
vn -0.0874 -0.5290 0.8441
vn -0.3570 -0.3056 0.8827
vn -0.0966 -0.5856 0.8048
vn -0.2984 -0.2521 -0.9205
vn -0.0468 -0.3474 -0.9366
vn 0.0079 0.0156 -0.9998
vn -0.0121 -0.1181 -0.9929
vn 0.0008 0.0066 -1.0000
vn 0.0006 0.0034 -1.0000
vn -0.0233 -0.1188 -0.9926
vn 0.0307 0.2092 -0.9774
vn 0.0450 0.2350 -0.9710
vn 0.0656 0.3436 -0.9368
vn 0.0533 0.4610 -0.8858
vn -0.2478 0.2790 -0.9278
vn 0.1708 0.7314 0.6603
vn 0.1313 0.5450 0.8281
vn 0.1882 0.6408 0.7443
vn 0.0950 0.4056 0.9091
vn 0.1170 0.4872 0.8654
vn 0.1321 0.4487 0.8839
vn 0.1320 0.4487 0.8839
vn 0.1015 0.4107 0.9061
vn 0.0687 0.2331 0.9700
vn 0.0648 0.2720 0.9601
vn 0.0071 0.0324 0.9995
vn 0.0419 0.1797 0.9828
vn 0.0090 0.0413 0.9991
vn -0.0004 -0.0026 1.0000
vn 0.0013 0.0041 1.0000
vn -0.0626 -0.2947 0.9535
vn -0.0662 -0.2254 0.9720
vn -0.0993 -0.4229 0.9007
vn -0.0626 -0.2946 0.9536
vn -0.1159 -0.5666 0.8158
vn -0.1193 -0.4822 0.8679
vn -0.1832 -0.7624 0.6206
vn -0.1584 -0.6677 0.7274
vn -0.2048 -0.7143 0.6692
vn -0.1725 -0.7379 0.6525
vn -0.1616 -0.6475 0.7447
vn -0.2084 -0.8745 0.4379
vn -0.1982 -0.8167 0.5420
vn -0.1937 -0.8106 0.5526
vn -0.2061 -0.7967 0.5681
vn -0.2449 -0.8440 0.4771
vn -0.2048 -0.8664 0.4554
vn -0.1930 -0.8670 0.4593
vn -0.2160 -0.8735 0.4362
vn -0.2160 -0.8735 0.4363
vn -0.2200 -0.9089 0.3542
vn -0.2317 -0.9041 0.3591
vn -0.2746 -0.9274 0.2541
vn -0.2286 -0.9408 0.2502
vn -0.2326 -0.9721 -0.0316
vn -0.2516 -0.9586 0.1336
vn -0.2803 -0.9599 0.0091
vn -0.2360 -0.9714 -0.0263
vn -0.2270 -0.9657 -0.1262
vn -0.2479 -0.9629 -0.1065
vn -0.2336 -0.9721 0.0206
vn -0.2324 -0.9119 -0.3382
vn -0.2406 -0.9406 -0.2397
vn -0.2378 -0.9527 -0.1895
vn -0.2488 -0.8599 -0.4456
vn -0.2095 -0.8672 -0.4517
vn -0.2082 -0.7240 -0.6576
vn -0.1727 -0.7329 -0.6581
vn -0.2060 -0.8058 -0.5552
vn -0.1666 -0.6463 -0.7447
vn -0.1635 -0.5537 -0.8165
vn -0.1666 -0.6462 -0.7447
vn -0.0854 -0.3736 -0.9236
vn -0.1324 -0.4464 -0.8850
vn -0.1005 -0.3379 -0.9358
vn -0.1004 -0.3379 -0.9358
vn -0.0665 -0.2256 -0.9720
vn -0.0664 -0.2256 -0.9720
vn -0.0326 -0.1116 -0.9932
vn -0.0309 -0.1304 -0.9910
vn -0.0107 -0.0549 -0.9984
vn 0.0104 0.0402 -0.9991
vn 0.0014 0.0039 -1.0000
vn 0.0358 0.1195 -0.9922
vn 0.0457 0.1808 -0.9825
vn 0.0690 0.2328 -0.9701
vn 0.0635 0.2659 -0.9619
vn 0.0691 0.2328 -0.9701
vn 0.1019 0.3433 -0.9337
vn 0.1168 0.4863 -0.8659
vn 0.1327 0.4482 -0.8840
vn 0.1159 0.4812 -0.8689
vn 0.1623 0.5472 -0.8211
vn 0.1192 0.6626 -0.7394
vn 0.1677 0.6802 -0.7135
vn 0.1885 0.6376 -0.7470
vn 0.1628 0.6696 -0.7247
vn 0.2093 0.7188 -0.6629
vn 0.1881 0.7826 -0.5934
vn 0.2092 0.7188 -0.6629
vn 0.2472 0.8500 -0.4651
vn 0.3081 0.9028 0.3002
vn 0.3726 0.9199 0.1223
vn 0.3902 0.9207 0.0023
vn 0.3648 0.9002 0.2377
vn 0.3648 0.9002 0.2378
vn 0.3095 0.8852 0.3472
vn 0.3515 0.8669 0.3535
vn 0.3329 0.8220 0.4621
vn 0.3329 0.8220 0.4620
vn 0.2388 0.8591 0.4526
vn 0.2783 0.8071 0.5206
vn 0.2631 0.7580 0.5968
vn 0.2504 0.7150 0.6527
vn 0.3095 0.7639 0.5663
vn 0.3096 0.7639 0.5663
vn 0.2660 0.7603 0.5926
vn 0.2816 0.6960 0.6605
vn 0.2303 0.6623 0.7129
vn 0.2348 0.6638 0.7102
vn 0.1881 0.6408 0.7443
vn 0.2497 0.6165 0.7467
vn 0.2141 0.5299 0.8206
vn 0.2141 0.5298 0.8206
vn 0.1755 0.4336 0.8839
vn 0.1342 0.3330 0.9333
vn 0.0664 0.1907 0.9794
vn 0.0912 0.2255 0.9700
vn 0.0466 0.1168 0.9921
vn 0.0155 0.0491 0.9987
vn 0.0015 0.0043 1.0000
vn -0.0439 -0.1065 0.9933
vn -0.0589 -0.1722 0.9833
vn -0.0927 -0.2640 0.9600
vn -0.1412 -0.3986 0.9062
vn -0.0885 -0.2174 0.9721
vn -0.0884 -0.2174 0.9721
vn -0.0910 -0.2594 0.9615
vn -0.1321 -0.3276 0.9355
vn -0.1321 -0.3277 0.9355
vn -0.0884 -0.2175 0.9721
vn -0.1401 -0.4702 0.8714
vn -0.1566 -0.5819 0.7980
vn -0.1587 -0.4641 0.8715
vn -0.1729 -0.4287 0.8867
vn -0.1686 -0.4657 0.8688
vn -0.2147 -0.5205 0.8264
vn -0.1685 -0.4657 0.8688
vn -0.1728 -0.4287 0.8867
vn -0.2774 -0.6868 0.6718
vn -0.2490 -0.7037 0.6655
vn -0.2824 -0.7671 0.5760
vn -0.3227 -0.8139 0.4831
vn -0.2884 -0.8268 0.4829
vn -0.2824 -0.7672 0.5760
vn -0.3165 -0.8716 0.3744
vn -0.3593 -0.8998 0.2477
vn -0.3234 -0.9120 0.2524
vn -0.3404 -0.9310 0.1320
vn -0.3712 -0.9285 0.0142
vn -0.3276 -0.9447 0.0153
vn -0.3415 -0.9339 -0.1063
vn -0.3276 -0.9447 0.0152
vn -0.3606 -0.9061 -0.2211
vn -0.3210 -0.9192 -0.2280
vn -0.3414 -0.9339 -0.1063
vn -0.2892 -0.8225 -0.4897
vn -0.3145 -0.8733 -0.3721
vn -0.3063 -0.8834 -0.3546
vn -0.3182 -0.8836 -0.3436
vn -0.3364 -0.8289 -0.4469
vn -0.2892 -0.8393 -0.4603
vn -0.3182 -0.8836 -0.3435
vn -0.2885 -0.7763 -0.5604
vn -0.2892 -0.8393 -0.4604
vn -0.2784 -0.7000 -0.6577
vn -0.2376 -0.7184 -0.6538
vn -0.2294 -0.6295 -0.7424
vn -0.2377 -0.7184 -0.6537
vn -0.2784 -0.6999 -0.6577
vn -0.2172 -0.5357 -0.8160
vn -0.2293 -0.6295 -0.7424
vn -0.2033 -0.5735 -0.7936
vn -0.1439 -0.4073 -0.9019
vn -0.1329 -0.3261 -0.9359
vn -0.0911 -0.2605 -0.9612
vn -0.0795 -0.2277 -0.9705
vn -0.0665 -0.2256 -0.9719
vn -0.0883 -0.2177 -0.9720
vn -0.0431 -0.1072 -0.9933
vn -0.0400 -0.1140 -0.9927
vn -0.0182 -0.0483 -0.9987
vn 0.0003 0.0010 -1.0000
vn 0.0018 0.0040 -1.0000
vn -0.0431 -0.1073 -0.9933
vn 0.0112 0.0357 -0.9993
vn 0.0477 0.1159 -0.9921
vn 0.0972 0.2751 -0.9565
vn 0.1176 0.3373 -0.9340
vn 0.0917 0.2251 -0.9700
vn 0.0918 0.2251 -0.9700
vn 0.1356 0.3320 -0.9335
vn 0.1763 0.4331 -0.8839
vn 0.2156 0.5289 -0.8209
vn 0.2506 0.6160 -0.7468
vn 0.2828 0.6951 -0.6610
vn 0.2622 0.7494 -0.6079
vn 0.2615 0.7590 -0.5962
vn 0.2218 0.7926 -0.5680
vn 0.2905 0.8324 -0.4720
vn 0.3104 0.7633 -0.5666
vn 0.2776 0.7942 -0.5406
vn 0.3338 0.8211 -0.4629
vn 0.2906 0.8324 -0.4720
vn 0.3519 0.8665 -0.3540
vn 0.3338 0.8212 -0.4629
vn 0.3647 0.8999 -0.2392
vn 0.2634 0.9513 -0.1600
vn 0.3067 0.9508 -0.0445
vn 0.4183 0.9003 0.1205
vn 0.4182 0.9003 0.1203
vn 0.4146 0.8939 0.1703
vn 0.4614 0.8787 0.1222
vn 0.4520 0.8596 0.2384
vn 0.4614 0.8787 0.1223
vn 0.3939 0.8479 0.3548
vn 0.4352 0.8279 0.3538
vn 0.4353 0.8279 0.3538
vn 0.4123 0.7848 0.4627
vn 0.3575 0.7720 0.5256
vn 0.3469 0.7464 0.5679
vn 0.3833 0.7295 0.5665
vn 0.3488 0.6645 0.6609
vn 0.2942 0.6364 0.7131
vn 0.2795 0.6016 0.7483
vn 0.2497 0.6166 0.7467
vn 0.3092 0.5888 0.7468
vn 0.2652 0.5057 0.8209
vn 0.2173 0.4140 0.8840
vn 0.2174 0.4140 0.8840
vn 0.1663 0.3177 0.9335
vn 0.1663 0.3176 0.9335
vn 0.0911 0.2255 0.9700
vn 0.1172 0.2482 0.9616
vn 0.1129 0.2152 0.9700
vn 0.0578 0.1112 0.9921
vn 0.0809 0.1718 0.9818
vn 0.0522 0.1116 0.9924
vn 0.0002 0.0005 1.0000
vn 0.0018 0.0040 1.0000
vn 0.0018 0.0039 1.0000
vn -0.0542 -0.1034 0.9932
vn -0.0838 -0.1852 0.9791
vn -0.1502 -0.3187 0.9359
vn -0.1117 -0.2123 0.9708
vn -0.1696 -0.3239 0.9308
vn -0.1886 -0.3936 0.8998
vn -0.1502 -0.3188 0.9359
vn -0.2113 -0.4630 0.8608
vn -0.2240 -0.4510 0.8640
vn -0.2222 -0.4206 0.8796
vn -0.1831 -0.3973 0.8993
vn -0.2817 -0.5210 0.8057
vn -0.2325 -0.4981 0.8354
vn -0.3378 -0.6548 0.6762
vn -0.3089 -0.6672 0.6778
vn -0.2794 -0.5922 0.7558
vn -0.3533 -0.7332 0.5810
vn -0.3378 -0.6547 0.6762
vn -0.4239 -0.7799 0.4605
vn -0.3678 -0.7940 0.4841
vn -0.3960 -0.8412 0.3681
vn -0.4480 -0.8598 0.2448
vn -0.4056 -0.8791 0.2505
vn -0.4301 -0.8931 0.1317
vn -0.4480 -0.8599 0.2448
vn -0.4610 -0.8873 0.0143
vn -0.4214 -0.9067 0.0158
vn -0.4318 -0.8957 -0.1063
vn -0.4459 -0.8679 -0.2189
vn -0.4123 -0.8852 -0.2156
vn -0.3673 -0.7886 -0.4932
vn -0.3970 -0.8392 -0.3718
vn -0.3852 -0.8460 -0.3686
vn -0.4026 -0.8496 -0.3407
vn -0.4161 -0.7908 -0.4489
vn -0.3705 -0.8035 -0.4660
vn -0.3633 -0.7430 -0.5621
vn -0.4160 -0.7908 -0.4489
vn -0.3461 -0.6691 -0.6577
vn -0.3073 -0.6914 -0.6538
vn -0.2903 -0.6038 -0.7424
vn -0.3461 -0.6690 -0.6577
vn -0.2690 -0.5117 -0.8160
vn -0.2586 -0.5507 -0.7936
vn -0.2172 -0.5358 -0.8160
vn -0.1644 -0.3114 -0.9359
vn -0.1329 -0.3262 -0.9359
vn -0.1010 -0.2174 -0.9708
vn -0.1093 -0.2079 -0.9720
vn -0.1644 -0.3115 -0.9359
vn -0.0535 -0.1025 -0.9933
vn 0.0022 0.0037 -1.0000
vn 0.0588 0.1106 -0.9921
vn 0.0793 0.1726 -0.9818
vn 0.0588 0.1105 -0.9921
vn 0.1240 0.2642 -0.9565
vn 0.1135 0.2150 -0.9700
vn 0.1677 0.3170 -0.9335
vn 0.1765 0.3813 -0.9075
vn 0.2181 0.4136 -0.8839
vn 0.2667 0.5050 -0.8209
vn 0.2799 0.6024 -0.7475
vn 0.2963 0.6358 -0.7127
vn 0.3101 0.5883 -0.7468
vn 0.3502 0.6638 -0.6608
vn 0.3472 0.7471 -0.5668
vn 0.3842 0.7290 -0.5665
vn 0.4133 0.7843 -0.4626
vn 0.3547 0.7634 -0.5398
vn 0.3894 0.8375 -0.3833
vn 0.4081 0.8821 -0.2351
vn 0.4357 0.8277 -0.3537
vn 0.3861 0.8317 -0.3991
vn 0.4520 0.8595 -0.2386
vn 0.4001 0.8582 -0.3217
vn 0.3677 0.9220 -0.1215
vn 0.4520 0.8595 -0.2385
vn 0.4787 0.8780 0.0033
vn 0.5047 0.8549 0.1200
vn 0.5046 0.8549 0.1204
vn 0.5458 0.8289 0.1222
vn 0.5458 0.8290 0.1223
vn 0.5346 0.8108 0.2384
vn 0.5027 0.8511 0.1517
vn 0.4666 0.7893 0.3992
vn 0.5148 0.7810 0.3537
vn 0.5147 0.7810 0.3537
vn 0.4877 0.7404 0.4626
vn 0.4534 0.6881 0.5665
vn 0.4877 0.7403 0.4626
vn 0.4126 0.6269 0.6608
vn 0.4127 0.6269 0.6608
vn 0.3093 0.5888 0.7468
vn 0.4045 0.6839 0.6073
vn 0.3658 0.5554 0.7468
vn 0.3138 0.4772 0.8209
vn 0.3248 0.5505 0.7691
vn 0.2174 0.4140 0.8839
vn 0.2530 0.4270 0.8682
vn 0.2571 0.3906 0.8839
vn 0.1969 0.2998 0.9335
vn 0.1336 0.2031 0.9700
vn 0.0685 0.1049 0.9921
vn 0.0685 0.1050 0.9921
vn -0.0623 -0.1047 0.9925
vn 0.0022 0.0037 1.0000
vn -0.0641 -0.0976 0.9932
vn -0.0973 -0.1617 0.9820
vn -0.0642 -0.0975 0.9932
vn -0.1305 -0.2206 0.9666
vn -0.1321 -0.2003 0.9708
vn -0.0642 -0.0976 0.9932
vn -0.2009 -0.3058 0.9307
vn -0.2244 -0.3735 0.9001
vn -0.2479 -0.4125 0.8766
vn -0.2712 -0.4537 0.8489
vn -0.2624 -0.3958 0.8801
vn -0.3294 -0.4906 0.8067
vn -0.2714 -0.4690 0.8404
vn -0.2624 -0.3958 0.8800
vn -0.3908 -0.6152 0.6847
vn -0.3594 -0.6106 0.7057
vn -0.3340 -0.5584 0.7593
vn -0.4062 -0.6835 0.6065
vn -0.4267 -0.7293 0.5348
vn -0.4669 -0.7399 0.4843
vn -0.5317 -0.8104 0.2460
vn -0.4935 -0.8332 0.2494
vn -0.5167 -0.8460 0.1313
vn -0.4936 -0.8332 0.2494
vn -0.5317 -0.8104 0.2461
vn -0.5462 -0.8375 0.0142
vn -0.5088 -0.8608 0.0157
vn -0.5074 -0.8547 -0.1099
vn -0.5181 -0.8487 -0.1064
vn -0.5293 -0.8197 -0.2189
vn -0.4976 -0.8402 -0.2156
vn -0.4432 -0.7485 -0.4932
vn -0.4667 -0.8039 -0.3686
vn -0.4844 -0.8058 -0.3407
vn -0.5293 -0.8197 -0.2190
vn -0.4920 -0.7460 -0.4488
vn -0.4479 -0.7631 -0.4659
vn -0.4348 -0.7036 -0.5621
vn -0.4479 -0.7631 -0.4660
vn -0.4920 -0.7460 -0.4489
vn -0.4104 -0.6317 -0.6577
vn -0.3740 -0.6578 -0.6538
vn -0.3484 -0.5722 -0.7424
vn -0.3181 -0.4827 -0.8160
vn -0.3485 -0.5722 -0.7424
vn -0.3117 -0.5225 -0.7936
vn -0.2960 -0.4989 -0.8146
vn -0.2403 -0.4072 -0.8811
vn -0.2403 -0.4072 -0.8812
vn -0.1944 -0.2937 -0.9359
vn -0.1943 -0.2937 -0.9359
vn -0.1405 -0.2376 -0.9612
vn -0.1645 -0.3114 -0.9359
vn -0.1226 -0.2077 -0.9705
vn -0.1293 -0.1961 -0.9720
vn -0.1049 -0.1737 -0.9792
vn -0.0634 -0.0968 -0.9933
vn -0.0168 -0.0298 -0.9994
vn -0.0001 -0.0004 -1.0000
vn 0.0025 0.0035 -1.0000
vn 0.0172 0.0326 -0.9993
vn 0.0695 0.1042 -0.9921
vn 0.1059 0.1778 -0.9784
vn 0.1224 0.2071 -0.9706
vn 0.1135 0.2149 -0.9700
vn 0.1341 0.2027 -0.9700
vn 0.1342 0.2027 -0.9700
vn 0.1981 0.2989 -0.9335
vn 0.2182 0.4136 -0.8839
vn 0.2579 0.3901 -0.8839
vn 0.1981 0.2990 -0.9335
vn 0.3152 0.4763 -0.8209
vn 0.3180 0.5389 -0.7801
vn 0.3102 0.5883 -0.7468
vn 0.3576 0.6035 -0.7127
vn 0.3666 0.5549 -0.7468
vn 0.3502 0.5932 -0.7249
vn 0.4139 0.6261 -0.6608
vn 0.4098 0.6927 -0.5934
vn 0.4542 0.6876 -0.5665
vn 0.4887 0.7397 -0.4626
vn 0.4134 0.7843 -0.4626
vn 0.5152 0.7807 -0.3537
vn 0.5346 0.8107 -0.2386
vn 0.4566 0.8814 -0.1210
vn 0.5345 0.8108 -0.2386
vn 0.5866 0.8010 0.1200
vn 0.5458 0.8290 0.1222
vn 0.5864 0.8010 0.1204
vn 0.5867 0.8006 0.1213
vn 0.6249 0.7711 0.1222
vn 0.6119 0.7541 0.2385
vn 0.5148 0.7809 0.3537
vn 0.5422 0.7394 0.3992
vn 0.5892 0.7264 0.3538
vn 0.5583 0.6886 0.4627
vn 0.5190 0.6401 0.5665
vn 0.4725 0.5832 0.6608
vn 0.4188 0.5167 0.7468
vn 0.4188 0.5166 0.7468
vn 0.3593 0.4439 0.8209
vn 0.3016 0.4131 0.8593
vn 0.3775 0.5158 0.7691
vn 0.2489 0.3385 0.9075
vn 0.2944 0.3633 0.8839
vn 0.3015 0.4130 0.8593
vn 0.2255 0.2789 0.9335
vn 0.1335 0.2031 0.9700
vn 0.1968 0.2998 0.9335
vn 0.2114 0.2880 0.9340
vn 0.0731 0.0992 0.9924
vn 0.1530 0.1889 0.9700
vn 0.1529 0.1889 0.9700
vn 0.0785 0.0977 0.9921
vn 0.0022 0.0038 1.0000
vn 0.0004 0.0005 1.0000
vn 0.0026 0.0035 1.0000
vn -0.0734 -0.0908 0.9932
vn -0.0735 -0.0907 0.9932
vn -0.1321 -0.2002 0.9708
vn -0.1515 -0.2066 0.9666
vn -0.1512 -0.1863 0.9708
vn -0.1512 -0.1862 0.9708
vn -0.0735 -0.0908 0.9932
vn -0.2301 -0.2845 0.9307
vn -0.2601 -0.3495 0.9001
vn -0.2874 -0.3861 0.8765
vn -0.3149 -0.4242 0.8490
vn -0.3001 -0.3680 0.8801
vn -0.3761 -0.4558 0.8067
vn -0.3294 -0.4907 0.8067
vn -0.4495 -0.5737 0.6847
vn -0.4182 -0.5722 0.7055
vn -0.3875 -0.5227 0.7593
vn -0.4716 -0.6402 0.6065
vn -0.5710 -0.7831 0.2463
vn -0.4965 -0.6838 0.5347
vn -0.5376 -0.6903 0.4843
vn -0.6091 -0.7540 0.2461
vn -0.5733 -0.7805 0.2495
vn -0.5830 -0.8013 0.1347
vn -0.5977 -0.7909 0.1313
vn -0.5733 -0.7804 0.2495
vn -0.6262 -0.7796 0.0144
vn -0.5912 -0.8064 0.0158
vn -0.5883 -0.8018 -0.1048
vn -0.5992 -0.7935 -0.1062
vn -0.5912 -0.8064 0.0159
vn -0.6076 -0.7635 -0.2189
vn -0.5780 -0.7870 -0.2156
vn -0.5149 -0.7012 -0.4932
vn -0.5437 -0.7540 -0.3686
vn -0.5615 -0.7541 -0.3407
vn -0.6075 -0.7635 -0.2189
vn -0.5632 -0.6938 -0.4489
vn -0.5210 -0.7152 -0.4659
vn -0.5021 -0.6573 -0.5621
vn -0.5210 -0.7152 -0.4660
vn -0.5632 -0.6938 -0.4488
vn -0.4707 -0.5881 -0.6577
vn -0.4370 -0.6177 -0.6538
vn -0.4031 -0.5351 -0.7424
vn -0.4706 -0.5881 -0.6577
vn -0.3642 -0.4490 -0.8160
vn -0.4032 -0.5351 -0.7424
vn -0.3617 -0.4892 -0.7936
vn -0.2792 -0.3816 -0.8811
vn -0.2792 -0.3816 -0.8812
vn -0.2224 -0.2731 -0.9359
vn -0.1293 -0.1962 -0.9720
vn -0.1083 -0.1508 -0.9826
vn -0.1724 -0.2343 -0.9568
vn -0.1480 -0.1824 -0.9720
vn -0.1215 -0.1625 -0.9792
vn -0.0726 -0.0901 -0.9933
vn -0.0315 -0.0410 -0.9987
vn -0.0726 -0.0900 -0.9933
vn 0.0336 0.0437 -0.9985
vn 0.0029 0.0033 -1.0000
vn 0.0795 0.0969 -0.9921
vn 0.0029 0.0032 -1.0000
vn 0.1535 0.1885 -0.9700
vn 0.2266 0.2779 -0.9335
vn 0.2266 0.2780 -0.9335
vn 0.2950 0.3627 -0.8839
vn 0.2951 0.3627 -0.8839
vn 0.2478 0.3392 -0.9075
vn 0.3605 0.4428 -0.8209
vn 0.3667 0.5549 -0.7468
vn 0.4196 0.5160 -0.7468
vn 0.4736 0.5822 -0.6608
vn 0.5198 0.6395 -0.5665
vn 0.5593 0.6879 -0.4626
vn 0.5593 0.6880 -0.4625
vn 0.5346 0.8108 -0.2386
vn 0.5897 0.7261 -0.3537
vn 0.6119 0.7541 -0.2386
vn 0.6417 0.7670 0.0032
vn 0.6628 0.7391 0.1203
vn 0.6249 0.7711 0.1223
vn 0.6625 0.7393 0.1204
vn 0.6979 0.7057 0.1223
vn 0.6979 0.7057 0.1222
vn 0.6691 0.7394 0.0744
vn 0.6833 0.6901 0.2385
vn 0.6317 0.7038 0.3251
vn 0.6123 0.6824 0.3994
vn 0.6122 0.6823 0.3994
vn 0.6580 0.6647 0.3538
vn 0.6235 0.6302 0.4627
vn 0.6123 0.6823 0.3994
vn 0.5913 0.6588 0.4650
vn 0.5796 0.5858 0.5665
vn 0.5277 0.5337 0.6608
vn 0.4679 0.5226 0.7127
vn 0.4603 0.5125 0.7249
vn 0.4677 0.4728 0.7468
vn 0.4677 0.4729 0.7468
vn 0.5276 0.5337 0.6608
vn 0.4014 0.4063 0.8209
vn 0.3594 0.4439 0.8209
vn 0.2811 0.3123 0.9075
vn 0.3288 0.3325 0.8839
vn 0.2519 0.2553 0.9335
vn 0.1708 0.1729 0.9700
vn 0.0877 0.0895 0.9921
vn 0.0878 0.0895 0.9921
vn 0.0359 0.0419 0.9985
vn 0.0029 0.0032 1.0000
vn -0.0820 -0.0831 0.9932
vn -0.2047 -0.2193 0.9540
vn -0.1688 -0.1704 0.9708
vn -0.1964 -0.2273 0.9538
vn -0.0821 -0.0831 0.9932
vn -0.2570 -0.2604 0.9307
vn -0.3241 -0.3559 0.8765
vn -0.3552 -0.3911 0.8491
vn -0.3350 -0.3366 0.8801
vn -0.4192 -0.4165 0.8067
vn -0.5039 -0.5266 0.6847
vn -0.4726 -0.5281 0.7055
vn -0.4371 -0.4820 0.7594
vn -0.5324 -0.5906 0.6065
vn -0.6455 -0.7230 0.2464
vn -0.5615 -0.6315 0.5347
vn -0.6030 -0.6339 0.4843
vn -0.6804 -0.6903 0.2461
vn -0.6475 -0.7201 0.2495
vn -0.6727 -0.7281 0.1313
vn -0.6474 -0.7201 0.2495
vn -0.7000 -0.7140 0.0144
vn -0.6678 -0.7442 0.0158
vn -0.6745 -0.7306 -0.1062
vn -0.6678 -0.7442 0.0159
vn -0.6799 -0.6999 -0.2190
vn -0.6528 -0.7262 -0.2157
vn -0.6745 -0.7305 -0.1063
vn -0.5815 -0.6470 -0.4932
vn -0.6247 -0.6867 -0.3718
vn -0.6154 -0.6967 -0.3686
vn -0.6331 -0.6950 -0.3407
vn -0.6288 -0.6349 -0.4488
vn -0.5890 -0.6603 -0.4659
vn -0.5644 -0.6046 -0.5621
vn -0.5890 -0.6603 -0.4660
vn -0.5264 -0.5389 -0.6577
vn -0.4958 -0.5716 -0.6538
vn -0.4540 -0.4927 -0.7424
vn -0.4067 -0.4109 -0.8160
vn -0.4081 -0.4512 -0.7936
vn -0.3307 -0.3665 -0.8697
vn -0.3285 -0.3305 -0.8848
vn -0.2482 -0.2499 -0.9359
vn -0.1653 -0.1670 -0.9720
vn -0.1653 -0.1669 -0.9720
vn -0.0811 -0.0825 -0.9933
vn -0.0811 -0.0824 -0.9933
vn 0.0032 0.0030 -1.0000
vn 0.0886 0.0886 -0.9921
vn 0.0032 0.0029 -1.0000
vn 0.1713 0.1725 -0.9700
vn 0.2529 0.2542 -0.9335
vn 0.2529 0.2543 -0.9335
vn 0.2801 0.3132 -0.9075
vn 0.2950 0.3628 -0.8839
vn 0.3294 0.3319 -0.8839
vn 0.3302 0.3698 -0.8685
vn 0.3301 0.3699 -0.8685
vn 0.4025 0.4051 -0.8209
vn 0.4024 0.4051 -0.8209
vn 0.3302 0.3699 -0.8685
vn 0.4435 0.4944 -0.7476
vn 0.4684 0.4721 -0.7468
vn 0.5287 0.5327 -0.6608
vn 0.5304 0.5915 -0.6073
vn 0.5803 0.5851 -0.5665
vn 0.5288 0.5327 -0.6608
vn 0.6244 0.6294 -0.4625
vn 0.6244 0.6295 -0.4625
vn 0.5919 0.6601 -0.4626
vn 0.6584 0.6644 -0.3537
vn 0.6833 0.6901 -0.2386
vn 0.6833 0.6901 -0.2385
vn 0.6682 0.7395 -0.0815
vn 0.7325 0.6700 0.1204
vn 0.6833 0.6901 0.2384
vn 0.6978 0.7057 0.1223
vn 0.7325 0.6700 0.1203
vn 0.7324 0.6699 0.1213
vn 0.7640 0.6335 0.1222
vn 0.7480 0.6194 0.2384
vn 0.7480 0.6194 0.2385
vn 0.6767 0.6186 0.3992
vn 0.7203 0.5966 0.3538
vn 0.6814 0.6235 0.3834
vn 0.6826 0.5657 0.4626
vn 0.6346 0.5258 0.5665
vn 0.5937 0.5434 0.5934
vn 0.5777 0.4791 0.6608
vn 0.6345 0.5258 0.5665
vn 0.5087 0.4647 0.7248
vn 0.4620 0.4219 0.7801
vn 0.5120 0.4244 0.7468
vn 0.5121 0.4244 0.7468
vn 0.4395 0.3648 0.8209
vn 0.3105 0.2831 0.9074
vn 0.3600 0.2985 0.8839
vn 0.3213 0.2947 0.9000
vn 0.2758 0.2293 0.9335
vn 0.2145 0.1978 0.9565
vn 0.2758 0.2292 0.9335
vn 0.2035 0.1848 0.9615
vn 0.1871 0.1552 0.9700
vn 0.1870 0.1552 0.9700
vn 0.0961 0.0804 0.9921
vn 0.0962 0.0804 0.9921
vn 0.0032 0.0029 1.0000
vn -0.0269 -0.0239 0.9994
vn -0.0898 -0.0745 0.9932
vn -0.1891 -0.1729 0.9666
vn -0.1848 -0.1529 0.9708
vn -0.2814 -0.2338 0.9307
vn -0.3576 -0.3222 0.8765
vn -0.3920 -0.3542 0.8490
vn -0.3665 -0.3019 0.8801
vn -0.3205 -0.2970 0.8995
vn -0.4583 -0.3731 0.8067
vn -0.4772 -0.4366 0.7627
vn -0.5534 -0.4743 0.6847
vn -0.5224 -0.4790 0.7055
vn -0.4825 -0.4365 0.7593
vn -0.5880 -0.5352 0.6065
vn -0.7136 -0.6558 0.2464
vn -0.6210 -0.5731 0.5347
vn -0.6626 -0.5714 0.4843
vn -0.7452 -0.6198 0.2461
vn -0.7153 -0.6528 0.2494
vn -0.7413 -0.6583 0.1313
vn -0.7670 -0.6415 0.0144
vn -0.7379 -0.6747 0.0158
vn -0.7433 -0.6605 -0.1063
vn -0.7456 -0.6294 -0.2189
vn -0.7212 -0.6583 -0.2156
vn -0.6425 -0.5865 -0.4932
vn -0.6894 -0.6218 -0.3718
vn -0.6811 -0.6326 -0.3686
vn -0.6986 -0.6292 -0.3407
vn -0.6884 -0.5698 -0.4488
vn -0.6512 -0.5990 -0.4659
vn -0.6213 -0.5460 -0.5621
vn -0.6512 -0.5990 -0.4660
vn -0.6884 -0.5698 -0.4489
vn -0.5769 -0.4844 -0.6577
vn -0.5498 -0.5199 -0.6538
vn -0.5003 -0.4456 -0.7424
vn -0.4452 -0.3688 -0.8160
vn -0.4623 -0.4228 -0.7794
vn -0.5004 -0.4456 -0.7424
vn -0.4506 -0.4087 -0.7936
vn -0.4067 -0.4109 -0.8159
vn -0.3744 -0.3442 -0.8610
vn -0.3595 -0.2965 -0.8848
vn -0.2717 -0.2242 -0.9359
vn -0.2716 -0.2242 -0.9359
vn -0.1778 -0.1627 -0.9705
vn -0.1809 -0.1498 -0.9720
vn -0.0889 -0.0741 -0.9933
vn -0.0889 -0.0740 -0.9933
vn 0.0008 0.0007 -1.0000
vn 0.0035 0.0026 -1.0000
vn -0.0888 -0.0740 -0.9933
vn 0.0969 0.0794 -0.9921
vn 0.1777 0.1625 -0.9706
vn 0.1875 0.1547 -0.9700
vn 0.2768 0.2281 -0.9335
vn 0.3096 0.2840 -0.9075
vn 0.3441 0.3147 -0.8846
vn 0.3780 0.3444 -0.8593
vn 0.3781 0.3444 -0.8593
vn 0.3606 0.2978 -0.8839
vn 0.3605 0.2978 -0.8839
vn 0.4405 0.3635 -0.8209
vn 0.4024 0.4052 -0.8209
vn 0.5127 0.4237 -0.7468
vn 0.5787 0.4779 -0.6608
vn 0.5942 0.5429 -0.5934
vn 0.6244 0.6294 -0.4626
vn 0.6352 0.5250 -0.5665
vn 0.6834 0.5648 -0.4626
vn 0.6351 0.5250 -0.5665
vn 0.7207 0.5963 -0.3537
vn 0.7480 0.6193 -0.2385
vn 0.7480 0.6194 -0.2385
vn 0.7015 0.6429 -0.3076
vn 0.7606 0.6379 -0.1211
vn 0.7273 0.6660 -0.1656
vn 0.7950 0.5946 0.1202
vn 0.7641 0.6335 0.1222
vn 0.7947 0.5949 0.1203
vn 0.7949 0.5945 0.1213
vn 0.8228 0.5550 0.1222
vn 0.8054 0.5426 0.2384
vn 0.7757 0.5227 0.3538
vn 0.7756 0.5227 0.3538
vn 0.7351 0.4956 0.4627
vn 0.7350 0.4956 0.4627
vn 0.6599 0.4932 0.5668
vn 0.6833 0.4606 0.5665
vn 0.6444 0.4822 0.5934
vn 0.6221 0.4198 0.6608
vn 0.5321 0.3977 0.7475
vn 0.5514 0.3719 0.7468
vn 0.4733 0.3197 0.8209
vn 0.4733 0.3196 0.8209
vn 0.3369 0.2510 0.9075
vn 0.3877 0.2615 0.8839
vn 0.3876 0.2615 0.8839
vn 0.2971 0.2009 0.9335
vn 0.3876 0.2616 0.8839
vn 0.1930 0.1442 0.9706
vn 0.2015 0.1360 0.9700
vn 0.2014 0.1360 0.9700
vn 0.1036 0.0705 0.9921
vn -0.0408 -0.0318 0.9987
vn 0.0035 0.0026 1.0000
vn 0.0435 0.0340 0.9985
vn -0.0967 -0.0653 0.9932
vn -0.1990 -0.1340 0.9708
vn -0.1989 -0.1340 0.9708
vn -0.3031 -0.2049 0.9307
vn -0.3876 -0.2854 0.8765
vn -0.4250 -0.3138 0.8490
vn -0.3945 -0.2643 0.8801
vn -0.3481 -0.2639 0.8995
vn -0.4928 -0.3261 0.8067
vn -0.5974 -0.4174 0.6847
vn -0.5670 -0.4251 0.7055
vn -0.5232 -0.3868 0.7593
vn -0.6379 -0.4746 0.6065
vn -0.7302 -0.5453 0.4115
vn -0.6745 -0.5090 0.5348
vn -0.7157 -0.5032 0.4843
vn -0.8027 -0.5433 0.2461
vn -0.7762 -0.5791 0.2495
vn -0.8021 -0.5971 0.0156
vn -0.8025 -0.5820 0.1313
vn -0.7762 -0.5791 0.2494
vn -0.8265 -0.5628 0.0143
vn -0.8008 -0.5987 0.0158
vn -0.8048 -0.5840 -0.1063
vn -0.8040 -0.5529 -0.2189
vn -0.7826 -0.5840 -0.2156
vn -0.6972 -0.5203 -0.4932
vn -0.7473 -0.5508 -0.3718
vn -0.7402 -0.5624 -0.3686
vn -0.7572 -0.5573 -0.3407
vn -0.7412 -0.4991 -0.4488
vn -0.7071 -0.5319 -0.4659
vn -0.6721 -0.4820 -0.5621
vn -0.7071 -0.5319 -0.4660
vn -0.7412 -0.4992 -0.4489
vn -0.6219 -0.4251 -0.6577
vn -0.5984 -0.4632 -0.6537
vn -0.5418 -0.3940 -0.7424
vn -0.5984 -0.4632 -0.6538
vn -0.4794 -0.3231 -0.8159
vn -0.5418 -0.3941 -0.7424
vn -0.4887 -0.3623 -0.7936
vn -0.3869 -0.2596 -0.8848
vn -0.2924 -0.1963 -0.9359
vn -0.3469 -0.2574 -0.9019
vn -0.1931 -0.1445 -0.9705
vn -0.1809 -0.1499 -0.9720
vn -0.1810 -0.1498 -0.9720
vn -0.1948 -0.1313 -0.9720
vn -0.1637 -0.1200 -0.9792
vn -0.1948 -0.1312 -0.9720
vn -0.0957 -0.0649 -0.9933
vn -0.0421 -0.0299 -0.9987
vn 0.0037 0.0023 -1.0000
vn 0.1043 0.0695 -0.9921
vn 0.2018 0.1355 -0.9700
vn 0.2979 0.1997 -0.9335
vn 0.3881 0.2608 -0.8839
vn 0.4742 0.3183 -0.8209
vn 0.5127 0.4236 -0.7468
vn 0.5321 0.3979 -0.7474
vn 0.5519 0.3710 -0.7468
vn 0.5008 0.3750 -0.7801
vn 0.5516 0.4128 -0.7249
vn 0.6229 0.4186 -0.6609
vn 0.6229 0.4185 -0.6609
vn 0.6838 0.4598 -0.5665
vn 0.7357 0.4947 -0.4626
vn 0.6736 0.5044 -0.5402
vn 0.7397 0.5530 -0.3836
vn 0.7342 0.5491 -0.3992
vn 0.7494 0.5604 -0.3527
vn 0.7760 0.5223 -0.3537
vn 0.8054 0.5426 -0.2385
vn 0.7890 0.5949 -0.1532
vn 0.7930 0.5983 -0.1149
vn 0.8498 0.5133 0.1204
vn 0.8228 0.5551 0.1222
vn 0.8521 0.5233 0.0047
vn 0.8559 0.5118 0.0743
vn 0.8054 0.5426 0.2385
vn 0.8498 0.5132 0.1203
vn 0.8735 0.4712 0.1223
vn 0.8462 0.5106 0.1522
vn 0.8735 0.4712 0.1222
vn 0.8550 0.4606 0.2384
vn 0.8006 0.4834 0.3542
vn 0.8004 0.4833 0.3546
vn 0.8143 0.4920 0.3080
vn 0.8234 0.4437 0.3538
vn 0.7905 0.4774 0.3836
vn 0.7803 0.4207 0.4627
vn 0.7277 0.4407 0.5255
vn 0.6833 0.4607 0.5665
vn 0.7254 0.3910 0.5665
vn 0.6605 0.3564 0.6608
vn 0.6605 0.3564 0.6609
vn 0.6222 0.4198 0.6608
vn 0.6001 0.3632 0.7127
vn 0.5688 0.3433 0.7474
vn 0.5854 0.3157 0.7468
vn 0.5025 0.2714 0.8209
vn 0.4373 0.2652 0.8593
vn 0.5024 0.2714 0.8209
vn 0.3600 0.2166 0.9075
vn 0.4115 0.2220 0.8839
vn 0.3154 0.1707 0.9335
vn 0.2139 0.1155 0.9700
vn 0.3155 0.1706 0.9335
vn 0.1100 0.0599 0.9921
vn 0.1101 0.0599 0.9921
vn 0.0466 0.0295 0.9985
vn 0.0037 0.0022 1.0000
vn 0.1101 0.0600 0.9921
vn -0.1027 -0.0555 0.9932
vn -0.2112 -0.1137 0.9708
vn -0.3219 -0.1740 0.9307
vn -0.2113 -0.1137 0.9708
vn -0.4139 -0.2458 0.8765
vn -0.4539 -0.2704 0.8490
vn -0.4187 -0.2241 0.8801
vn -0.3218 -0.1740 0.9307
vn -0.5226 -0.2759 0.8067
vn -0.4186 -0.2241 0.8801
vn -0.6357 -0.3565 0.6847
vn -0.6062 -0.3671 0.7055
vn -0.5588 -0.3334 0.7593
vn -0.6816 -0.4094 0.6065
vn -0.8006 -0.4834 0.3542
vn -0.7214 -0.4400 0.5347
vn -0.7618 -0.4302 0.4843
vn -0.8523 -0.4615 0.2461
vn -0.8295 -0.4997 0.2494
vn -0.8560 -0.5000 0.1313
vn -0.8523 -0.4615 0.2460
vn -0.8779 -0.4786 0.0143
vn -0.8560 -0.5168 0.0158
vn -0.8400 -0.5032 -0.2028
vn -0.8584 -0.5018 -0.1063
vn -0.8546 -0.4709 -0.2189
vn -0.8364 -0.5040 -0.2156
vn -0.8584 -0.5018 -0.1064
vn -0.7451 -0.4490 -0.4932
vn -0.7920 -0.4867 -0.3686
vn -0.8085 -0.4799 -0.3407
vn -0.8546 -0.4709 -0.2190
vn -0.7868 -0.4236 -0.4488
vn -0.7561 -0.4596 -0.4659
vn -0.7164 -0.4134 -0.5621
vn -0.7561 -0.4596 -0.4660
vn -0.7868 -0.4236 -0.4489
vn -0.6608 -0.3617 -0.6577
vn -0.6411 -0.4019 -0.6537
vn -0.7163 -0.4134 -0.5621
vn -0.5781 -0.3387 -0.7424
vn -0.6411 -0.4019 -0.6538
vn -0.5089 -0.2742 -0.8160
vn -0.5780 -0.3387 -0.7424
vn -0.5221 -0.3124 -0.7936
vn -0.4107 -0.2202 -0.8848
vn -0.3104 -0.1665 -0.9359
vn -0.3103 -0.1665 -0.9359
vn -0.2053 -0.1240 -0.9708
vn -0.2068 -0.1114 -0.9720
vn -0.1739 -0.1035 -0.9793
vn -0.1016 -0.0551 -0.9933
vn -0.1578 -0.0968 -0.9827
vn 0.0038 0.0023 -1.0000
vn 0.1053 0.0640 -0.9924
vn 0.0478 0.0275 -0.9985
vn 0.0011 0.0008 -1.0000
vn 0.0039 0.0019 -1.0000
vn 0.1106 0.0589 -0.9921
vn 0.1107 0.0589 -0.9921
vn 0.1776 0.1065 -0.9783
vn 0.2142 0.1149 -0.9700
vn 0.3162 0.1693 -0.9335
vn 0.3593 0.2178 -0.9075
vn 0.3882 0.2608 -0.8839
vn 0.3594 0.2177 -0.9074
vn 0.4120 0.2212 -0.8839
vn 0.4120 0.2213 -0.8839
vn 0.5033 0.2700 -0.8209
vn 0.5858 0.3148 -0.7468
vn 0.6612 0.3551 -0.6609
vn 0.6800 0.4108 -0.6074
vn 0.6838 0.4599 -0.5665
vn 0.6839 0.4598 -0.5665
vn 0.7589 0.4584 -0.4626
vn 0.7287 0.4394 -0.5252
vn 0.7051 0.4258 -0.5671
vn 0.7259 0.3902 -0.5665
vn 0.7206 0.4352 -0.5398
vn 0.7810 0.4197 -0.4625
vn 0.8011 0.4838 -0.3522
vn 0.8237 0.4433 -0.3537
vn 0.7810 0.4197 -0.4626
vn 0.8550 0.4605 -0.2386
vn 0.8439 0.5104 -0.1655
vn 0.8377 0.5462 0.0030
vn 0.8550 0.4605 -0.2385
vn 0.8550 0.5121 -0.0815
vn 0.8962 0.4271 0.1203
vn 0.9021 0.4250 0.0743
vn 0.8962 0.4269 0.1203
vn 0.9157 0.3828 0.1222
vn 0.8963 0.3741 0.2383
vn 0.8963 0.3740 0.2383
vn 0.8550 0.4605 0.2384
vn 0.8445 0.4022 0.3538
vn 0.8632 0.3603 0.3537
vn 0.8180 0.3418 0.4626
vn 0.8180 0.3417 0.4626
vn 0.7681 0.3664 0.5252
vn 0.7175 0.3413 0.6072
vn 0.7600 0.3619 0.5398
vn 0.7175 0.3414 0.6072
vn 0.7604 0.3176 0.5665
vn 0.6924 0.2896 0.6608
vn 0.6924 0.2895 0.6608
vn 0.6137 0.2564 0.7468
vn 0.6136 0.2564 0.7468
vn 0.6924 0.2895 0.6609
vn 0.5267 0.2204 0.8210
vn 0.5267 0.2205 0.8210
vn 0.4482 0.2120 0.8685
vn 0.5650 0.2685 0.7801
vn 0.4481 0.2120 0.8685
vn 0.4314 0.1804 0.8840
vn 0.3307 0.1387 0.9335
vn 0.3154 0.1706 0.9335
vn 0.1718 0.0809 0.9818
vn 0.2630 0.1265 0.9565
vn 0.2242 0.0939 0.9700
vn 0.1867 0.0896 0.9783
vn 0.1154 0.0488 0.9921
vn 0.0039 0.0019 1.0000
vn -0.1077 -0.0451 0.9932
vn -0.2214 -0.0923 0.9708
vn -0.3374 -0.1415 0.9307
vn -0.4361 -0.2038 0.8765
vn -0.4784 -0.2243 0.8490
vn -0.4387 -0.1818 0.8801
vn -0.3374 -0.1414 0.9307
vn -0.5472 -0.2231 0.8067
vn -0.4871 -0.2376 0.8404
vn -0.4387 -0.1817 0.8801
vn -0.6677 -0.2921 0.6847
vn -0.6394 -0.3056 0.7055
vn -0.5890 -0.2766 0.7593
vn -0.7187 -0.3402 0.6065
vn -0.6678 -0.2921 0.6847
vn -0.8231 -0.3915 0.4115
vn -0.7613 -0.3668 0.5347
vn -0.8005 -0.3530 0.4843
vn -0.8937 -0.3752 0.2461
vn -0.8747 -0.4155 0.2494
vn -0.9012 -0.4131 0.1313
vn -0.9209 -0.3897 0.0142
vn -0.9028 -0.4299 0.0157
vn -0.9011 -0.4132 0.1313
vn -0.8982 -0.4255 -0.1099
vn -0.9037 -0.4147 -0.1064
vn -0.9028 -0.4298 0.0157
vn -0.9208 -0.3897 0.0142
vn -0.8969 -0.3843 -0.2190
vn -0.8820 -0.4190 -0.2156
vn -0.7857 -0.3734 -0.4932
vn -0.8408 -0.3934 -0.3718
vn -0.8361 -0.4062 -0.3686
vn -0.8518 -0.3979 -0.3407
vn -0.8968 -0.3843 -0.2190
vn -0.8247 -0.3440 -0.4489
vn -0.7977 -0.3828 -0.4659
vn -0.7536 -0.3408 -0.5621
vn -0.6932 -0.2948 -0.6577
vn -0.6776 -0.3368 -0.6538
vn -0.6086 -0.2800 -0.7424
vn -0.5335 -0.2227 -0.8160
vn -0.6086 -0.2801 -0.7424
vn -0.5503 -0.2594 -0.7936
vn -0.5089 -0.2742 -0.8159
vn -0.3253 -0.1351 -0.9359
vn -0.2492 -0.1187 -0.9611
vn -0.2177 -0.1038 -0.9705
vn -0.2168 -0.0905 -0.9720
vn -0.1065 -0.0449 -0.9933
vn 0.0040 0.0019 -1.0000
vn 0.0041 0.0015 -1.0000
vn 0.1159 0.0476 -0.9921
vn 0.1159 0.0477 -0.9921
vn 0.2174 0.1036 -0.9706
vn 0.2245 0.0932 -0.9700
vn 0.3313 0.1373 -0.9335
vn 0.3791 0.1813 -0.9074
vn 0.2245 0.0933 -0.9700
vn 0.3790 0.1812 -0.9075
vn 0.4621 0.2190 -0.8593
vn 0.4318 0.1796 -0.8839
vn 0.5274 0.2191 -0.8209
vn 0.6336 0.3009 -0.7128
vn 0.6140 0.2555 -0.7468
vn 0.6930 0.2881 -0.6608
vn 0.7438 0.3542 -0.5669
vn 0.7686 0.3654 -0.5252
vn 0.8003 0.3814 -0.4626
vn 0.7608 0.3167 -0.5665
vn 0.6930 0.2882 -0.6608
vn 0.8185 0.3407 -0.4625
vn 0.8185 0.3407 -0.4626
vn 0.7809 0.4197 -0.4626
vn 0.8237 0.4432 -0.3537
vn 0.8634 0.3599 -0.3537
vn 0.8553 0.4061 -0.3218
vn 0.8634 0.3598 -0.3537
vn 0.8962 0.3740 -0.2386
vn 0.8904 0.4285 -0.1533
vn 0.8950 0.4310 -0.1148
vn 0.8962 0.3740 -0.2385
vn 0.9022 0.4250 0.0743
vn 0.9340 0.3365 0.1204
vn 0.9157 0.3828 0.1223
vn 0.9340 0.3365 0.1203
vn 0.9490 0.2906 0.1222
vn 0.9288 0.2839 0.2383
vn 0.9288 0.2838 0.2383
vn 0.9490 0.2906 0.1223
vn 0.8952 0.3224 0.3076
vn 0.8181 0.3417 0.4626
vn 0.8898 0.3205 0.3248
vn 0.8945 0.2734 0.3537
vn 0.8945 0.2735 0.3537
vn 0.8478 0.2594 0.4626
vn 0.8005 0.2888 0.5252
vn 0.7752 0.2791 0.5668
vn 0.7476 0.2689 0.6072
vn 0.7880 0.2411 0.5665
vn 0.7176 0.2199 0.6608
vn 0.6597 0.2384 0.7128
vn 0.7176 0.2199 0.6609
vn 0.6248 0.2250 0.7476
vn 0.6359 0.1947 0.7468
vn 0.6011 0.2169 0.7692
vn 0.5459 0.1674 0.8210
vn 0.4669 0.1668 0.8685
vn 0.4314 0.1803 0.8840
vn 0.4470 0.1370 0.8840
vn 0.5459 0.1675 0.8210
vn 0.3428 0.1054 0.9335
vn 0.1790 0.0635 0.9818
vn 0.2242 0.0938 0.9700
vn 0.2324 0.0713 0.9700
vn 0.1197 0.0372 0.9921
vn 0.0006 0.0002 1.0000
vn 0.0041 0.0015 1.0000
vn -0.0341 -0.0117 0.9994
vn -0.1116 -0.0342 0.9932
vn -0.1910 -0.0705 0.9791
vn -0.2294 -0.0700 0.9708
vn -0.1116 -0.0343 0.9932
vn -0.3498 -0.1075 0.9307
vn -0.2806 -0.1071 0.9538
vn -0.2295 -0.0701 0.9708
vn -0.4100 -0.1508 0.8995
vn -0.4541 -0.1598 0.8765
vn -0.4982 -0.1760 0.8490
vn -0.4545 -0.1376 0.8801
vn -0.3497 -0.1075 0.9307
vn -0.5666 -0.1680 0.8067
vn -0.5472 -0.2230 0.8067
vn -0.6933 -0.2248 0.6847
vn -0.6665 -0.2410 0.7055
vn -0.6134 -0.2172 0.7593
vn -0.7487 -0.2677 0.6065
vn -0.8576 -0.3084 0.4115
vn -0.7937 -0.2899 0.5347
vn -0.8314 -0.2724 0.4843
vn -0.9263 -0.2853 0.2461
vn -0.9114 -0.3272 0.2494
vn -0.9375 -0.3223 0.1313
vn -0.9263 -0.2853 0.2460
vn -0.9548 -0.2969 0.0143
vn -0.9408 -0.3387 0.0157
vn -0.9224 -0.3285 -0.2029
vn -0.9358 -0.3366 -0.1049
vn -0.9402 -0.3235 -0.1063
vn -0.9408 -0.3387 0.0158
vn -0.9548 -0.2970 0.0143
vn -0.9304 -0.2940 -0.2190
vn -0.9190 -0.3300 -0.2157
vn -0.8187 -0.2941 -0.4932
vn -0.8756 -0.3086 -0.3718
vn -0.8721 -0.3218 -0.3686
vn -0.8869 -0.3119 -0.3407
vn -0.8546 -0.2610 -0.4489
vn -0.8316 -0.3023 -0.4659
vn -0.7836 -0.2648 -0.5621
vn -0.8316 -0.3023 -0.4660
vn -0.8547 -0.2610 -0.4488
vn -0.7189 -0.2250 -0.6577
vn -0.7076 -0.2683 -0.6537
vn -0.6333 -0.2187 -0.7424
vn -0.7075 -0.2683 -0.6538
vn -0.5528 -0.1690 -0.8160
vn -0.5732 -0.2038 -0.7936
vn -0.5335 -0.2227 -0.8159
vn -0.3252 -0.1351 -0.9359
vn -0.3370 -0.1024 -0.9359
vn -0.2737 -0.0980 -0.9568
vn -0.2256 -0.0812 -0.9708
vn -0.1738 -0.0639 -0.9827
vn -0.2246 -0.0687 -0.9720
vn -0.1104 -0.0341 -0.9933
vn -0.2246 -0.0686 -0.9720
vn 0.0042 0.0011 -1.0000
vn -0.1105 -0.0341 -0.9933
vn 0.1200 0.0360 -0.9921
vn 0.1201 0.0360 -0.9921
vn 0.2326 0.0707 -0.9700
vn 0.2326 0.0706 -0.9700
vn 0.3432 0.1040 -0.9335
vn 0.4318 0.1795 -0.8839
vn 0.4474 0.1361 -0.8839
vn 0.3951 0.1430 -0.9075
vn 0.5465 0.1660 -0.8209
vn 0.5274 0.2190 -0.8209
vn 0.7058 0.2545 -0.6611
vn 0.6362 0.1937 -0.7468
vn 0.7181 0.2184 -0.6608
vn 0.7883 0.2401 -0.5665
vn 0.7883 0.2402 -0.5665
vn 0.8481 0.2583 -0.4625
vn 0.8690 0.3127 -0.3834
vn 0.8947 0.2729 -0.3537
vn 0.8947 0.2730 -0.3537
vn 0.9287 0.2837 -0.2386
vn 0.9287 0.2838 -0.2385
vn 0.9287 0.2838 -0.2386
vn 0.9626 0.2429 0.1203
vn 0.9490 0.2907 0.1222
vn 0.9678 0.2516 0.0046
vn 0.9625 0.2432 0.1204
vn 0.9730 0.1956 0.1227
vn 0.9680 0.2397 0.0743
vn 0.9461 0.2837 0.1559
vn 0.9520 0.1918 0.2386
vn 0.9707 0.2161 0.1054
vn 0.9226 0.2326 0.3077
vn 0.9169 0.1839 0.3541
vn 0.8899 0.2709 0.3671
vn 0.8682 0.1772 0.4635
vn 0.9181 0.2027 0.3405
vn 0.7988 0.2013 0.5669
vn 0.8076 0.1622 0.5670
vn 0.7818 0.2451 0.5733
vn 0.7339 0.1524 0.6619
vn 0.8129 0.1759 0.5551
vn 0.7176 0.2198 0.6608
vn 0.6681 0.1681 0.7248
vn 0.6441 0.1623 0.7476
vn 0.5510 0.1387 0.8229
vn 0.6515 0.1310 0.7473
vn 0.6288 0.2074 0.7494
vn 0.5573 0.1187 0.8218
vn 0.6613 0.1374 0.7374
vn 0.4810 0.1200 0.8684
vn 0.4470 0.1369 0.8840
vn 0.4471 0.1369 0.8840
vn 0.4584 0.0922 0.8840
vn 0.3515 0.0711 0.9335
vn 0.4584 0.0922 0.8839
vn 0.2827 0.0724 0.9565
vn 0.2383 0.0480 0.9700
vn 0.2383 0.0481 0.9700
vn 0.1227 0.0252 0.9921
vn -0.1182 -0.0295 0.9925
vn 0.0042 0.0010 1.0000
vn 0.0042 0.0011 1.0000
vn -0.1144 -0.0231 0.9932
vn -0.2295 -0.0700 0.9708
vn -0.3720 -0.0934 0.9235
vn -0.2352 -0.0471 0.9708
vn -0.2899 -0.0789 0.9538
vn -0.3586 -0.0725 0.9307
vn -0.4233 -0.1034 0.9001
vn -0.4676 -0.1142 0.8765
vn -0.5131 -0.1260 0.8490
vn -0.4658 -0.0921 0.8801
vn -0.5804 -0.1113 0.8067
vn -0.7121 -0.1554 0.6847
vn -0.6870 -0.1742 0.7055
vn -0.6318 -0.1557 0.7593
vn -0.7715 -0.1925 0.6065
vn -0.9392 -0.2392 0.2464
vn -0.8185 -0.2102 0.5347
vn -0.8542 -0.1891 0.4843
vn -0.9504 -0.1911 0.2455
vn -0.9393 -0.2356 0.2494
vn -0.9650 -0.2270 0.1316
vn -0.9504 -0.1911 0.2454
vn -0.9793 -0.2017 0.0154
vn -0.9696 -0.2443 0.0158
vn -0.9504 -0.2360 -0.2028
vn -0.9643 -0.2410 -0.1097
vn -0.9675 -0.2292 -0.1063
vn -0.9548 -0.2008 -0.2189
vn -0.9471 -0.2378 -0.2156
vn -0.9675 -0.2293 -0.1063
vn -0.8437 -0.2119 -0.4932
vn -0.9017 -0.2207 -0.3718
vn -0.8996 -0.2342 -0.3686
vn -0.9134 -0.2229 -0.3407
vn -0.8762 -0.1755 -0.4488
vn -0.8573 -0.2188 -0.4659
vn -0.8059 -0.1862 -0.5621
vn -0.8573 -0.2188 -0.4660
vn -0.8762 -0.1755 -0.4489
vn -0.7376 -0.1530 -0.6577
vn -0.7305 -0.1972 -0.6538
vn -0.8058 -0.1862 -0.5621
vn -0.6518 -0.1552 -0.7424
vn -0.5668 -0.1137 -0.8160
vn -0.5905 -0.1463 -0.7936
vn -0.5529 -0.1690 -0.8159
vn -0.4459 -0.1353 -0.8848
vn -0.3455 -0.0686 -0.9359
vn -0.2337 -0.0590 -0.9705
vn -0.2303 -0.0462 -0.9720
vn -0.3454 -0.0686 -0.9359
vn -0.1133 -0.0231 -0.9933
vn -0.0330 -0.0091 -0.9994
vn 0.0044 0.0007 -1.0000
vn 0.1231 0.0240 -0.9921
vn 0.1231 0.0241 -0.9921
vn 0.0537 0.0123 -0.9985
vn 0.3433 0.1040 -0.9335
vn 0.3463 0.0876 -0.9340
vn 0.2386 0.0474 -0.9700
vn 0.3522 0.0696 -0.9333
vn 0.3522 0.0697 -0.9333
vn 0.4961 0.1240 -0.8593
vn 0.4588 0.0913 -0.8838
vn 0.4588 0.0914 -0.8838
vn 0.5604 0.1040 -0.8216
vn 0.4341 0.1273 -0.8919
vn 0.6804 0.1707 -0.7127
vn 0.7180 0.2184 -0.6608
vn 0.6442 0.1625 -0.7474
vn 0.6520 0.1299 -0.7470
vn 0.6535 0.2058 -0.7284
vn 0.7363 0.1405 -0.6619
vn 0.6680 0.1689 -0.7247
vn 0.6424 0.1441 -0.7527
vn 0.7806 0.1964 -0.5934
vn 0.8597 0.2169 -0.4625
vn 0.8080 0.1612 -0.5668
vn 0.8024 0.2436 -0.5448
vn 0.8698 0.1689 -0.4636
vn 0.7983 0.1811 -0.5745
vn 0.9172 0.1834 -0.3538
vn 0.9043 0.2708 -0.3299
vn 0.9526 0.1888 -0.2388
vn 0.9183 0.2305 -0.3217
vn 0.9078 0.2060 -0.3653
vn 0.9630 0.2425 -0.1177
vn 0.9721 0.2010 -0.1209
vn 0.9546 0.2814 -0.0975
vn 0.9848 0.1736 -0.0010
vn 0.9683 0.1992 -0.1506
vn 0.4558 0.0431 0.8891
vn 0.4823 0.0868 0.8717
vn 0.4152 0.0644 0.9074
vn 0.4414 0.0602 0.8953
vn 0.2691 0.0424 0.9622
vn 0.3471 0.1423 0.9270
vn 0.1874 0.0304 0.9818
vn 0.2250 0.0336 0.9738
vn 0.0337 0.0065 0.9994
vn 0.1234 0.1096 0.9863
vn -0.0516 -0.0051 0.9987
vn -0.0023 0.0037 1.0000
vn -0.2975 -0.0384 0.9540
vn -0.3813 -0.0507 0.9231
vn -0.2647 -0.0178 0.9642
vn -0.4314 -0.0612 0.9001
vn -0.4764 -0.0707 0.8764
vn -0.5230 -0.0748 0.8490
vn -0.4605 -0.0355 0.8870
vn -0.8672 -0.0986 -0.4881
vn -0.9037 -0.0998 -0.4163
vn -0.6021 -0.0874 -0.7936
vn -0.5668 -0.1137 -0.8159
vn -0.3527 -0.0592 -0.9339
vn -0.4832 -0.1117 -0.8683
vn -0.2304 -0.0462 -0.9720
vn -0.1832 -0.0292 -0.9826
vn -0.1833 -0.0292 -0.9826
vn -0.2304 -0.0461 -0.9720
vn -0.1189 -0.0243 -0.9926
vn -0.2655 -0.0816 -0.9606
vn -0.0356 -0.0091 -0.9993
vn -0.1781 0.1045 -0.9784
vn 0.0556 0.0037 -0.9984
vn -0.0021 -0.0039 -1.0000
vn 0.2032 0.0268 -0.9788
vn 0.0979 0.1099 -0.9891
vn 0.2916 0.0412 -0.9557
vn 0.2456 0.0269 -0.9690
vn 0.4301 0.0615 -0.9007
vn 0.3388 0.1456 -0.9295
vn 0.5090 0.0745 -0.8575
vn 0.4589 0.0914 -0.8838
vn 0.4775 0.0565 -0.8768
vn -0.9999 -0.0048 0.0134
vn -0.9966 -0.0029 -0.0826
vn -1.0000 0.0051 -0.0018
vn -0.9974 -0.0022 -0.0720
vn -0.9946 0.0002 0.1041
vn -0.9197 -0.0060 0.3925
vn -0.9558 0.0005 0.2939
vn -0.8798 -0.0037 0.4753
vn -0.5703 -0.0060 0.8214
vn -0.5216 -0.0109 0.8531
vn -0.3518 0.0148 0.9360
vn -0.3472 0.0058 0.9378
vn -0.2574 -0.0016 0.9663
vn -0.6718 -0.0018 0.7408
vn -0.6382 0.0008 0.7699
vn -0.6244 0.0025 0.7811
vn -0.6263 -0.0018 0.7796
vn -0.6496 0.0060 0.7603
vn -0.6232 -0.0045 0.7820
vn -0.9785 -0.0145 -0.2059
vn -0.9859 0.0007 -0.1672
vn -0.9977 -0.0594 -0.0329
vn -0.7362 0.0032 -0.6768
vn -0.7251 -0.0001 -0.6886
vn -0.7045 0.0099 -0.7096
vn -0.1971 0.0003 -0.9804
vn -0.2177 0.0040 -0.9760
vn -0.3674 -0.0020 -0.9300
vn 0.0594 0.0045 0.9982
vn 0.1210 0.0096 0.9926
vn -0.0105 -0.0024 0.9999
vn 0.8333 -0.0017 0.5528
vn 0.4888 0.0058 -0.8724
vn 0.5072 -0.0048 -0.8618
vn 0.2796 -0.0070 -0.9601
vn 0.0958 0.0040 -0.9954
vn 0.0628 0.0012 -0.9980
vn -0.2127 -0.9662 0.1457
vn -0.2284 -0.9407 0.2507
vn -0.4859 0.6334 -0.6023
vn -0.5747 0.0052 0.8183
vn -0.5825 0.0072 0.8128
vn -0.4123 0.0028 0.9110
vn -0.2369 0.0023 -0.9715
vn -0.1710 0.0042 -0.9853
vn -0.2025 -0.0063 -0.9793
vn -0.2424 -0.0033 -0.9702
vn -0.3294 -0.0089 -0.9442
vn -0.2158 -0.0051 -0.9764
vn -0.1269 0.0011 -0.9919
vn -0.1667 -0.0016 -0.9860
vn -0.1503 -0.0080 -0.9886
vn -0.2005 0.0018 -0.9797
vn -0.3045 0.0059 -0.9525
vn -0.4109 -0.0028 -0.9117
vn -0.6963 -0.0081 -0.7177
vn -0.6637 -0.0002 -0.7480
vn -0.5774 0.0060 -0.8165
vn -0.4892 -0.0093 -0.8721
vn -0.5406 -0.0079 -0.8412
vn -0.5122 0.0018 -0.8589
vn -0.8646 -0.0013 -0.5025
vn -0.8074 0.0034 -0.5901
vn -0.8953 0.0001 -0.4455
vn -0.7487 -0.0032 -0.6629
vn -0.7852 0.0002 -0.6192
vn -0.7584 -0.0589 -0.6491
vn -0.7388 0.0014 -0.6740
vn -0.6958 0.0164 -0.7180
vn -0.7026 0.0024 -0.7116
vn -0.6167 -0.0036 -0.7872
vn -0.7508 -0.0058 -0.6605
vn -0.9283 -0.0034 0.3718
vn -0.9696 -0.0071 0.2447
vn -0.9331 -0.0026 0.3596
vn -0.9898 -0.0014 0.1425
vn -0.9787 -0.0002 0.2052
vn -0.9965 0.0026 0.0839
vn -0.8422 -0.0061 0.5391
vn -0.8441 -0.0045 0.5361
vn -0.8195 -0.0051 0.5730
vn -0.8207 -0.0020 0.5714
vn -0.7959 -0.0037 0.6054
vn -0.8477 -0.0020 0.5304
vn -0.6193 0.0021 0.7851
vn -0.5607 -0.0081 0.8280
vn -0.6346 -0.0075 0.7728
vn -0.5805 -0.0025 0.8142
vn -0.5964 -0.0009 0.8027
vn -0.6156 -0.0024 0.7881
vn -0.7462 0.0019 0.6657
vn -0.7226 -0.0012 0.6913
vn -0.6518 -0.0007 0.7584
vn -0.6709 -0.0001 0.7415
vn -0.7125 0.0047 0.7016
vn -0.7692 -0.0006 0.6390
vn -0.6578 -0.0049 0.7532
vn -0.7213 -0.0061 0.6926
vn -0.7592 -0.0000 0.6509
vn -0.2314 0.0057 0.9728
vn -0.2735 -0.0012 0.9619
vn -0.1122 -0.0077 0.9937
vn -0.3180 0.0025 0.9481
vn -0.3529 -0.0024 0.9357
vn -0.2955 0.0005 0.9553
vn -0.3272 -0.0025 0.9449
vn -0.3256 -0.1318 0.9363
vn -0.3486 -0.0083 0.9373
vn -0.4918 -0.0024 0.8707
vn 0.0414 -0.0023 0.9991
vn 0.1323 0.0034 0.9912
vn 0.0115 -0.0072 0.9999
vn -0.3739 -0.0020 0.9274
vn -0.3998 -0.0039 0.9166
vn -0.3475 0.0066 0.9377
vn -0.3365 0.0040 0.9417
vn -0.3644 0.0034 0.9312
vn -0.3515 0.0038 0.9362
vn -0.1852 0.0037 0.9827
vn -0.0824 0.0039 0.9966
vn -0.6202 0.0022 0.7845
vn -0.6167 0.0012 0.7872
vn -0.8750 -0.0105 0.4839
vn -0.9320 -0.0020 0.3624
vn -0.8503 -0.0030 0.5263
vn -0.8481 0.0031 0.5299
vn -0.8708 -0.0019 0.4916
vn -0.8480 0.0046 0.5300
vn -0.8135 -0.0011 0.5815
vn -0.8449 -0.0014 0.5349
vn -0.7716 0.0087 0.6361
vn -0.9854 0.0040 -0.1704
vn -0.9964 0.0018 -0.0852
vn -0.9889 0.0087 -0.1483
vn -0.9910 0.0075 0.1333
vn -0.9974 0.0056 0.0720
vn -0.9731 -0.0001 0.2303
vn -0.9957 0.0033 0.0931
vn -0.9870 -0.0083 0.1607
vn -0.9194 0.0034 -0.3934
vn -0.9123 0.0022 -0.4096
vn -0.9248 -0.0023 -0.3805
vn -0.9113 0.0017 -0.4117
vn -0.8861 0.0004 -0.4635
vn -0.9467 0.0045 -0.3219
vn -0.9194 0.0035 -0.3934
vn -0.9519 -0.0033 -0.3063
vn -0.7760 0.0026 -0.6308
vn -0.7138 0.0024 -0.7003
vn -0.7425 0.0039 -0.6699
vn -0.7139 0.0024 -0.7003
vn -0.7278 0.0056 -0.6857
vn -0.7424 0.0043 -0.6699
vn -0.7245 0.0029 -0.6892
vn -0.7357 0.0031 -0.6773
vn -0.7360 0.0031 -0.6769
vn -0.7329 0.0030 -0.6803
vn -0.6761 0.0045 -0.7368
vn -0.7356 0.0010 -0.6774
vn -0.7330 0.0030 -0.6803
vn -0.7356 0.0011 -0.6774
vn -0.7791 0.0069 -0.6268
vn -0.7767 0.0023 -0.6298
vn -0.7085 0.0022 -0.7057
vn -0.7546 0.0016 -0.6562
vn -0.4829 0.0020 -0.8757
vn -0.4817 0.0019 -0.8763
vn -0.4864 -0.0024 -0.8737
vn -0.6071 -0.0023 -0.7947
vn -0.5474 0.0061 -0.8368
vn -0.6653 0.0045 -0.7466
vn -0.3124 0.0032 -0.9499
vn -0.4482 0.0063 -0.8939
vn -0.3658 0.0006 -0.9307
vn -0.2275 -0.0002 -0.9738
vn -0.1688 0.0069 -0.9856
vn -0.1952 -0.0018 -0.9808
vn 0.1394 0.0023 -0.9902
vn 0.0033 -0.0033 -1.0000
vn 0.1505 -0.0065 -0.9886
vn 0.1833 -0.0058 0.9830
vn 0.1622 0.0009 0.9868
vn 0.3058 -0.0035 0.9521
vn 0.5335 -0.0044 0.8458
vn 0.5802 0.0070 0.8144
vn 0.4329 -0.0072 0.9014
vn 0.9060 0.0013 -0.4233
vn 0.9158 -0.0000 -0.4017
vn 0.9192 0.0002 -0.3937
vn 0.4799 -0.0011 -0.8773
vn 0.1659 -0.0009 -0.9861
vn 0.3263 -0.0117 -0.9452
vn 0.1964 -0.0160 -0.9804
vn 0.1710 0.0004 -0.9853
vn 0.1185 0.0060 -0.9929
vn -0.1764 0.1890 -0.9660
vn -0.2477 0.2791 -0.9278
vn -0.5492 0.7003 -0.4560
vn -0.1354 0.0279 0.9904
vn -0.2265 -0.9462 -0.2313
vn -0.1875 -0.7510 -0.6331
vn -0.1946 -0.8057 -0.5594
vn -0.1919 -0.8660 -0.4617
vn -0.3517 -0.0008 -0.9361
vn -0.2576 -0.0541 -0.9647
vn -0.1584 -0.6678 0.7273
vn -0.1617 -0.6475 0.7447
vn -0.2011 -0.6304 0.7498
vn -0.1841 -0.7653 0.6168
vn -0.1936 -0.8106 0.5526
vn -0.1725 -0.7380 0.6524
vn -0.2363 -0.9685 -0.0784
vn -0.2335 -0.9649 -0.1204
vn -0.2271 -0.9657 -0.1262
vn -0.2377 -0.9527 -0.1895
vn -0.1841 -0.7775 -0.6014
vn -0.1578 -0.6471 -0.7459
vn -0.2010 -0.6304 0.7498
vn -0.2423 -0.7036 0.6679
vn -0.2219 -0.6241 0.7492
vn -0.2101 -0.5908 0.7790
vn -0.2542 -0.6094 0.7510
vn -0.2722 -0.7757 0.5693
vn -0.2824 -0.7672 0.5759
vn -0.3166 -0.8716 0.3744
vn -0.3077 -0.9427 0.1288
vn -0.3322 -0.9431 0.0116
vn -0.3305 -0.9353 0.1266
vn -0.3404 -0.9310 0.1321
vn -0.2647 -0.9364 -0.2302
vn -0.3124 -0.9435 -0.1102
vn -0.3220 -0.9212 -0.2185
vn -0.3221 -0.9212 -0.2184
vn -0.3414 -0.9339 -0.1062
vn -0.3085 -0.8817 -0.3571
vn -0.2922 -0.8342 -0.4676
vn -0.3084 -0.8817 -0.3571
vn -0.2495 -0.7894 -0.5609
vn -0.2716 -0.7772 -0.5676
vn -0.2450 -0.7127 -0.6573
vn -0.2725 -0.7778 -0.5663
vn -0.2079 -0.6356 -0.7435
vn -0.2185 -0.6295 -0.7456
vn -0.2269 -0.6442 -0.7304
vn -0.3677 -0.7940 0.4841
vn -0.3474 -0.7388 0.5774
vn -0.3271 -0.7068 0.6273
vn -0.3593 -0.8997 0.2477
vn -0.3682 -0.8512 0.3740
vn -0.4073 -0.8783 0.2504
vn -0.3927 -0.8396 0.3752
vn -0.3711 -0.9285 0.0142
vn -0.4000 -0.9068 0.1329
vn -0.4199 -0.9076 0.0048
vn -0.3607 -0.9061 -0.2211
vn -0.4000 -0.9098 -0.1109
vn -0.4092 -0.8807 -0.2387
vn -0.4319 -0.8957 -0.1063
vn -0.3942 -0.8479 -0.3544
vn -0.3740 -0.8020 -0.4657
vn -0.3285 -0.7597 -0.5612
vn -0.3470 -0.7466 -0.5676
vn -0.3147 -0.6848 -0.6573
vn -0.2698 -0.6118 -0.7435
vn -0.2795 -0.6049 -0.7456
vn -0.2893 -0.6188 -0.7304
vn -0.2586 -0.5507 -0.7937
vn -0.4500 -0.8196 0.3546
vn -0.4887 -0.8331 0.2591
vn -0.4891 -0.8616 0.1357
vn -0.5073 -0.8617 0.0047
vn -0.5168 -0.8460 0.1313
vn -0.4459 -0.8679 -0.2190
vn -0.4877 -0.8659 -0.1110
vn -0.4936 -0.8363 -0.2387
vn -0.4759 -0.8049 -0.3544
vn -0.4517 -0.7610 -0.4657
vn -0.4020 -0.7229 -0.5620
vn -0.4189 -0.7088 -0.5676
vn -0.3807 -0.6505 -0.6572
vn -0.3807 -0.6504 -0.6572
vn -0.3289 -0.5822 -0.7436
vn -0.3378 -0.5744 -0.7456
vn -0.3117 -0.5225 -0.7937
vn -0.3186 -0.5393 -0.7795
vn -0.3116 -0.5225 -0.7936
vn -0.3149 -0.4243 0.8490
vn -0.5272 -0.7676 0.3646
vn -0.5685 -0.7809 0.2590
vn -0.5537 -0.7517 0.3582
vn -0.5715 -0.8093 0.1359
vn -0.5898 -0.8075 0.0047
vn -0.5707 -0.8136 -0.1110
vn -0.5736 -0.7836 -0.2387
vn -0.5530 -0.7541 -0.3544
vn -0.5245 -0.7127 -0.4657
vn -0.5529 -0.7541 -0.3544
vn -0.4713 -0.6797 -0.5620
vn -0.4867 -0.6640 -0.5676
vn -0.4430 -0.6097 -0.6573
vn -0.3847 -0.5470 -0.7435
vn -0.3928 -0.5383 -0.7456
vn -0.3616 -0.4892 -0.7936
vn -0.4051 -0.5500 -0.7303
vn -0.4051 -0.5499 -0.7304
vn -0.4031 -0.5350 -0.7424
vn -0.3616 -0.4892 -0.7937
vn -0.3240 -0.3559 0.8766
vn -0.3984 -0.4376 0.8061
vn -0.6003 -0.7119 0.3646
vn -0.6427 -0.7210 0.2591
vn -0.6427 -0.7210 0.2590
vn -0.6112 -0.6678 0.4247
vn -0.6485 -0.7489 0.1359
vn -0.6666 -0.7454 0.0049
vn -0.6076 -0.7635 -0.2190
vn -0.6482 -0.7534 -0.1109
vn -0.6481 -0.7232 -0.2387
vn -0.6745 -0.7305 -0.1062
vn -0.6246 -0.6958 -0.3544
vn -0.5923 -0.6575 -0.4657
vn -0.6246 -0.6959 -0.3545
vn -0.5360 -0.6299 -0.5621
vn -0.5498 -0.6128 -0.5676
vn -0.5010 -0.5631 -0.6572
vn -0.4367 -0.5064 -0.7435
vn -0.4440 -0.4970 -0.7456
vn -0.4574 -0.5073 -0.7304
vn -0.4081 -0.4512 -0.7937
vn -0.6675 -0.6492 0.3646
vn -0.7107 -0.6541 0.2590
vn -0.7153 -0.6528 0.2495
vn -0.6741 -0.6043 0.4247
vn -0.6999 -0.7140 0.0144
vn -0.7192 -0.6814 0.1359
vn -0.7368 -0.6761 0.0049
vn -0.7193 -0.6858 -0.1109
vn -0.7163 -0.6558 -0.2387
vn -0.6902 -0.6309 -0.3544
vn -0.6542 -0.5959 -0.4657
vn -0.6902 -0.6309 -0.3545
vn -0.5955 -0.5740 -0.5621
vn -0.6076 -0.5556 -0.5676
vn -0.5540 -0.5110 -0.6572
vn -0.4845 -0.4609 -0.7435
vn -0.4908 -0.4508 -0.7456
vn -0.4622 -0.4228 -0.7795
vn -0.4251 -0.3138 0.8490
vn -0.7283 -0.5802 0.3646
vn -0.7717 -0.5808 0.2590
vn -0.7717 -0.5808 0.2591
vn -0.7302 -0.5454 0.4116
vn -0.7829 -0.6071 0.1359
vn -0.7999 -0.6001 0.0049
vn -0.7834 -0.6115 -0.1109
vn -0.7774 -0.5819 -0.2387
vn -0.7490 -0.5598 -0.3544
vn -0.7098 -0.5285 -0.4657
vn -0.6492 -0.5125 -0.5620
vn -0.6594 -0.4930 -0.5676
vn -0.6017 -0.4538 -0.6572
vn -0.5276 -0.4108 -0.7435
vn -0.5329 -0.4002 -0.7456
vn -0.5481 -0.4077 -0.7303
vn -0.7820 -0.5056 0.3646
vn -0.8252 -0.5019 0.2590
vn -0.8004 -0.4807 0.3582
vn -0.7796 -0.4602 0.4247
vn -0.8390 -0.5270 0.1359
vn -0.8552 -0.5183 0.0047
vn -0.8040 -0.5529 -0.2190
vn -0.8399 -0.5313 -0.1110
vn -0.8310 -0.5025 -0.2387
vn -0.8006 -0.4832 -0.3544
vn -0.7584 -0.4560 -0.4657
vn -0.7584 -0.4559 -0.4657
vn -0.6966 -0.4460 -0.5620
vn -0.7048 -0.4256 -0.5676
vn -0.6435 -0.3923 -0.6572
vn -0.7048 -0.4255 -0.5676
vn -0.5656 -0.3568 -0.7435
vn -0.5697 -0.3457 -0.7456
vn -0.5221 -0.3123 -0.7936
vn -0.8280 -0.4260 0.3646
vn -0.8707 -0.4181 0.2590
vn -0.8868 -0.4417 0.1359
vn -0.9021 -0.4315 0.0047
vn -0.8882 -0.4459 -0.1110
vn -0.8765 -0.4181 -0.2387
vn -0.8820 -0.4190 -0.2157
vn -0.8443 -0.4019 -0.3544
vn -0.7997 -0.3789 -0.4657
vn -0.7372 -0.3751 -0.5620
vn -0.7433 -0.3540 -0.5676
vn -0.6791 -0.3269 -0.6572
vn -0.5980 -0.2993 -0.7435
vn -0.6010 -0.2878 -0.7456
vn -0.5503 -0.2593 -0.7936
vn -0.5655 -0.2694 -0.7795
vn -0.8937 -0.3752 0.2460
vn -0.8660 -0.3423 0.3646
vn -0.9077 -0.3302 0.2590
vn -0.8792 -0.3142 0.3582
vn -0.8548 -0.2983 0.4247
vn -0.9261 -0.3521 0.1359
vn -0.9403 -0.3404 0.0047
vn -0.9278 -0.3561 -0.1110
vn -0.9134 -0.3296 -0.2387
vn -0.8798 -0.3166 -0.3544
vn -0.8332 -0.2982 -0.4657
vn -0.8798 -0.3167 -0.3544
vn -0.8911 -0.3190 -0.3228
vn -0.7705 -0.3006 -0.5620
vn -0.7746 -0.2790 -0.5676
vn -0.7080 -0.2584 -0.6572
vn -0.7109 -0.2359 -0.6625
vn -0.6246 -0.2389 -0.7435
vn -0.6265 -0.2271 -0.7456
vn -0.5732 -0.2038 -0.7937
vn -0.6432 -0.2299 -0.7303
vn -0.8955 -0.2552 0.3646
vn -0.9358 -0.2391 0.2590
vn -0.9056 -0.2289 0.3570
vn -0.8839 -0.2224 0.4115
vn -0.9563 -0.2590 0.1359
vn -0.9692 -0.2460 0.0048
vn -0.9584 -0.2629 -0.1109
vn -0.9415 -0.2379 -0.2387
vn -0.8546 -0.2610 -0.4488
vn -0.9068 -0.2284 -0.3544
vn -0.8585 -0.2146 -0.4657
vn -0.7964 -0.2232 -0.5620
vn -0.7983 -0.2012 -0.5676
vn -0.7300 -0.1873 -0.6572
vn -0.6451 -0.1761 -0.7435
vn -0.6458 -0.1643 -0.7456
vn -0.5905 -0.1463 -0.7937
vn -0.4702 -0.0536 0.8810
vn -0.5852 -0.0839 0.8065
vn -0.9162 -0.1658 0.3648
vn -0.9538 -0.1353 0.2684
vn -0.9366 -0.1365 0.3228
vn -0.9223 -0.1349 0.3621
vn -0.9770 -0.1634 0.1371
vn -0.9885 -0.1510 0.0014
vn -0.9794 -0.1679 -0.1125
vn -0.9604 -0.1439 -0.2387
vn -0.9249 -0.1379 -0.3544
vn -0.8755 -0.1290 -0.4656
vn -0.8146 -0.1435 -0.5620
vn -0.8143 -0.1215 -0.5676
vn -0.7449 -0.1144 -0.6572
vn -0.7434 -0.0918 -0.6625
vn -0.7450 -0.1144 -0.6572
vn -0.6593 -0.1117 -0.7435
vn -0.6589 -0.0998 -0.7456
vn -0.8334 0.0043 0.5526
vn -0.8204 0.0091 0.5717
vn -0.7086 0.0089 0.7055
vn -0.1759 0.0003 -0.9844
vn -0.2204 -0.0003 -0.9754
vn -0.1646 -0.0004 -0.9864
vn -0.1780 -0.0036 -0.9840
vn -0.2282 -0.0015 -0.9736
vn -0.1850 0.0030 -0.9827
vn -0.3648 -0.0016 -0.9311
vn -0.6438 -0.0035 -0.7652
vn -0.7124 -0.0018 -0.7018
vn -0.5589 0.0003 -0.8292
vn -0.4934 0.0006 -0.8698
vn -0.4969 -0.0068 -0.8678
vn -0.4986 -0.0042 -0.8668
vn -0.4766 0.0002 -0.8791
vn -0.3647 -0.0016 -0.9311
vn -0.4729 -0.0033 -0.8811
vn -0.9052 0.0001 -0.4249
vn -0.9169 0.0002 -0.3992
vn -0.9159 -0.0048 -0.4013
vn -0.9205 -0.0021 -0.3908
vn -0.9030 -0.0013 -0.4297
vn -0.9205 0.0001 -0.3907
vn -0.8302 0.0043 -0.5574
vn -0.9179 -0.0146 -0.3966
vn -0.8739 -0.0028 -0.4860
vn -0.7472 -0.0016 -0.6646
vn -0.8189 -0.0057 -0.5738
vn -0.7511 -0.0032 -0.6602
vn -0.7403 0.0012 -0.6723
vn -0.6712 0.0055 -0.7413
vn -0.7442 -0.0010 -0.6680
vn -0.7546 -0.0001 -0.6562
vn -0.7333 -0.0057 -0.6798
vn -0.7466 -0.0034 -0.6652
vn -0.7123 -0.0041 -0.7018
vn -0.7205 -0.0058 -0.6934
vn -0.7468 0.0014 -0.6650
vn -0.7506 0.0019 -0.6608
vn -0.9956 -0.0011 -0.0934
vn -0.9726 -0.0030 -0.2326
vn -0.9935 -0.0030 -0.1140
vn -0.9975 -0.0042 -0.0700
vn -0.9846 -0.0088 -0.1747
vn -0.9600 -0.0088 0.2800
vn -0.9738 -0.0000 0.2274
vn -0.9697 -0.0123 0.2440
vn -0.9697 -0.0124 0.2440
vn -0.9738 -0.0000 0.2275
vn -0.9696 -0.0011 0.2447
vn -0.9972 -0.0030 0.0741
vn -0.9740 -0.0095 0.2262
vn -0.9978 0.0050 -0.0660
vn -0.9965 -0.0035 0.0839
vn -0.6074 -0.0019 0.7944
vn -0.5349 -0.0044 0.8449
vn -0.5177 0.0045 0.8555
vn -0.6409 -0.0045 0.7676
vn -0.6029 -0.0029 0.7978
vn -0.6133 -0.0017 0.7899
vn -0.3786 0.0031 0.9255
vn -0.3175 -0.0021 0.9483
vn -0.3727 -0.0015 0.9279
vn -0.3273 -0.0025 0.9449
vn -0.4040 -0.0009 0.9148
vn -0.3851 -0.0087 0.9228
vn -0.4149 0.0019 0.9099
vn -0.3963 -0.0085 0.9181
vn -0.5536 -0.0037 0.8328
vn -0.5023 -0.0048 0.8647
vn 0.0187 -0.0000 0.9998
vn -0.0108 0.0061 0.9999
vn 0.0352 0.0010 0.9994
vn 0.0142 0.0028 0.9999
vn 0.0028 0.0039 1.0000
vn 0.0441 0.0010 0.9990
vn -0.3518 0.0041 0.9360
vn -0.3442 0.0036 0.9389
vn -0.3419 0.0037 0.9397
vn -0.2803 -0.0057 0.9599
vn -0.6240 0.0028 0.7814
vn -0.6754 -0.0048 0.7375
vn -0.6334 -0.0024 0.7739
vn -0.9601 0.0051 0.2794
vn -0.9094 -0.0020 0.4160
vn -0.9419 -0.0024 0.3360
vn -0.8570 -0.0056 0.5153
vn -0.8482 0.0025 0.5296
vn -0.8399 0.0012 0.5427
vn -0.8468 0.0035 0.5318
vn -0.8532 0.0043 0.5216
vn -0.8512 0.0052 0.5249
vn -0.8827 0.0029 0.4700
vn -0.8575 0.0057 0.5144
vn -0.8828 0.0031 0.4697
vn -0.9985 0.0062 -0.0542
vn -0.9968 0.0039 -0.0796
vn -0.9308 0.0089 0.3654
vn -0.9719 -0.0012 0.2356
vn -0.9701 0.0023 0.2427
vn -0.9174 0.0015 -0.3981
vn -0.8981 0.0020 -0.4397
vn -0.7902 -0.0006 -0.6128
vn -0.8315 -0.0001 -0.5556
vn -0.7632 -0.0003 -0.6461
vn -0.7978 0.0006 -0.6029
vn -0.7202 0.0043 -0.6937
vn -0.6942 0.0012 -0.7198
vn -0.3871 0.0030 -0.9220
vn -0.2848 0.0003 -0.9586
vn -0.4645 0.0038 -0.8855
vn -0.3229 0.0066 -0.9464
vn -0.4738 0.0009 -0.8807
vn -0.4645 0.0038 -0.8856
vn -0.4833 0.0043 -0.8754
vn -0.3970 -0.0011 -0.9178
vn -0.4833 0.0042 -0.8754
vn -0.4961 0.0024 -0.8683
vn -0.4711 0.0010 -0.8821
vn -0.4934 0.0023 -0.8698
vn -0.4449 0.0052 -0.8955
vn -0.4948 0.0025 -0.8690
vn -0.4034 0.0007 -0.9150
vn -0.4822 -0.0013 -0.8761
vn -0.4862 0.0025 -0.8738
vn -0.2460 0.0001 -0.9693
vn -0.4038 0.0036 -0.9148
vn -0.2334 0.0008 -0.9724
vn -0.1686 -0.0021 -0.9857
vn -0.2252 0.0031 -0.9743
vn -0.1835 -0.0034 -0.9830
vn -0.1754 0.0046 -0.9845
vn -0.0293 -0.0074 -0.9995
vn -0.1346 -0.0002 -0.9909
vn 0.0742 0.0042 -0.9972
vn -0.1553 0.0009 -0.9879
vn 0.0382 0.0001 -0.9993
vn -0.0688 -0.0084 -0.9976
vn 0.2052 -0.0033 0.9787
vn 0.0430 -0.0011 0.9991
vn 0.1112 -0.0027 0.9938
vn 0.0083 -0.0044 1.0000
vn 0.1616 -0.0106 0.9868
vn 0.1033 0.0018 0.9947
vn 0.3247 -0.0000 0.9458
vn 0.3149 0.0035 0.9491
vn 0.5342 -0.0002 0.8453
vn 0.5888 0.0045 0.8083
vn 0.8206 0.0015 0.5714
vn 0.8000 -0.0086 0.6000
vn 0.8372 -0.0000 0.5470
vn 0.9089 0.0046 0.4170
vn 0.8509 0.0013 0.5253
vn 0.8717 -0.0130 0.4900
vn 0.9395 0.0050 0.3425
vn 0.8634 -0.0026 0.5046
vn 0.9295 0.0001 0.3687
vn 0.9570 -0.0002 0.2902
vn 0.9694 -0.0000 0.2455
vn 0.9642 -0.0067 0.2650
vn 0.9996 -0.0015 0.0295
vn 0.9976 -0.0023 -0.0692
vn 0.9176 -0.0014 -0.3974
vn 0.9412 -0.0084 -0.3378
vn 0.7873 0.0133 -0.6164
vn 0.7600 0.0042 -0.6500
vn 0.4767 0.0002 -0.8791
vn 0.4946 0.0060 -0.8691
vn 0.6132 0.0075 -0.7899
vn 0.1341 -0.0023 -0.9910
vn 0.1544 0.0011 -0.9880
vn 0.1026 -0.0009 -0.9947
vn -0.0976 -0.0027 -0.9952
vn 0.0349 -0.0018 -0.9994
vn 0.1085 -0.0069 -0.9941
vn -0.1402 -0.0080 -0.9901
vn -0.0389 -0.0020 0.9992
vn -0.0330 -0.0064 0.9994
vn -0.0445 -0.3425 0.9385
vn -0.1584 -0.6677 0.7273
vn -0.1841 -0.7652 0.6168
vn -0.2274 -0.9382 0.2608
vn -0.2336 -0.9649 -0.1204
vn -0.2323 -0.9119 -0.3382
vn -0.1841 -0.7774 -0.6014
vn -0.2143 -0.8686 -0.4468
vn -0.1617 -0.6873 -0.7082
vn -0.1497 -0.5762 -0.8035
vn -0.1448 -0.6210 -0.7703
vn -0.2204 -0.6273 0.7469
vn -0.2475 -0.7102 0.6590
vn -0.2691 -0.7759 0.5706
vn -0.2424 -0.7036 0.6679
vn -0.2843 -0.8085 0.5153
vn -0.3125 -0.9199 0.2370
vn -0.3209 -0.9350 0.1510
vn -0.3276 -0.9371 0.1204
vn -0.3248 -0.9215 0.2129
vn -0.3097 -0.8935 -0.3251
vn -0.3200 -0.9251 -0.2044
vn -0.3220 -0.9212 -0.2184
vn -0.2725 -0.7779 -0.5663
vn -0.2269 -0.6443 -0.7303
vn -0.3700 -0.7880 0.4921
vn -0.3379 -0.7398 0.5818
vn -0.3475 -0.7388 0.5774
vn -0.3089 -0.6672 0.6779
vn -0.4068 -0.8755 0.2607
vn -0.4199 -0.9076 0.0047
vn -0.4158 -0.8865 -0.2028
vn -0.3942 -0.8480 -0.3543
vn -0.3672 -0.7886 -0.4932
vn -0.3410 -0.7161 -0.6091
vn -0.2699 -0.6118 -0.7435
vn 0.4187 0.9004 -0.1177
vn -0.3288 -0.5568 0.7628
vn -0.4018 -0.6806 0.6127
vn -0.4361 -0.7167 0.5442
vn -0.5011 -0.8549 0.1347
vn -0.4887 -0.8331 0.2590
vn -0.5075 -0.8547 -0.1098
vn -0.5073 -0.8618 0.0047
vn -0.4976 -0.8402 -0.2157
vn -0.5012 -0.8412 -0.2029
vn -0.4020 -0.7228 -0.5621
vn -0.3490 -0.5873 -0.7303
vn -0.4099 -0.6790 -0.6091
vn -0.3289 -0.5822 -0.7435
vn -0.3807 -0.6504 -0.6573
vn -0.3973 -0.6350 -0.6625
vn -0.4685 -0.6381 0.6110
vn -0.4290 -0.5797 0.6927
vn -0.5424 -0.7248 0.4247
vn -0.5049 -0.6702 0.5439
vn -0.5733 -0.7805 0.2494
vn -0.5898 -0.8075 0.0048
vn -0.5246 -0.7127 -0.4657
vn 0.5873 0.8008 -0.1177
vn -0.5291 -0.5887 0.6111
vn -0.6356 -0.6969 -0.3321
vn -0.6246 -0.6959 -0.3544
vn -0.5889 -0.6603 -0.4660
vn -0.4367 -0.5064 -0.7436
vn -0.5009 -0.5631 -0.6573
vn -0.5142 -0.5447 -0.6625
vn -0.5223 -0.4790 0.7055
vn -0.5846 -0.5337 0.6110
vn -0.5344 -0.4843 0.6927
vn -0.7393 -0.6732 0.0156
vn -0.7368 -0.6761 0.0048
vn -0.7250 -0.6582 -0.2028
vn -0.7163 -0.6557 -0.2387
vn -0.6894 -0.6218 -0.3717
vn -0.5540 -0.5109 -0.6572
vn -0.5654 -0.4914 -0.6625
vn 0.7330 0.6699 -0.1177
vn -0.6344 -0.4735 0.6110
vn -0.6344 -0.4734 0.6111
vn -0.6786 -0.4936 0.5439
vn -0.7748 -0.5823 0.2463
vn -0.7915 -0.5962 0.1347
vn -0.8021 -0.5971 0.0155
vn -0.7973 -0.5935 -0.1097
vn -0.7490 -0.5598 -0.3543
vn -0.6111 -0.4332 -0.6625
vn 0.7964 0.6047 0.0045
vn -0.6780 -0.4086 0.6110
vn -0.6190 -0.3700 0.6927
vn -0.7796 -0.4603 0.4247
vn -0.8295 -0.4997 0.2495
vn -0.8284 -0.5030 0.2464
vn -0.8516 -0.5137 -0.1048
vn -0.7980 -0.4744 -0.3717
vn -0.8310 -0.5024 -0.2387
vn -0.6966 -0.4459 -0.5621
vn -0.6395 -0.3056 0.7055
vn -0.7150 -0.3398 0.6110
vn -0.6525 -0.3072 0.6927
vn -0.8212 -0.3811 0.4247
vn -0.8003 -0.3709 0.4711
vn -0.8856 -0.4179 -0.2029
vn -0.8409 -0.3934 -0.3717
vn -0.7371 -0.3751 -0.5620
vn -0.7977 -0.3828 -0.4660
vn 0.8967 0.4268 -0.1178
vn -0.7450 -0.2676 0.6110
vn -0.6796 -0.2413 0.6927
vn -0.7931 -0.2740 0.5439
vn -0.9414 -0.3368 0.0155
vn -0.7706 -0.3006 -0.5621
vn -0.6433 -0.2299 -0.7303
vn -0.6265 -0.2272 -0.7456
vn -0.7678 -0.1928 0.6110
vn -0.7001 -0.1731 0.6927
vn -0.8800 -0.2126 0.4247
vn -0.9056 -0.2289 0.3569
vn -0.9616 -0.2416 0.1303
vn -0.9693 -0.2460 0.0048
vn -0.9068 -0.2284 -0.3543
vn -0.7964 -0.2231 -0.5621
vn -0.7306 -0.1972 -0.6538
vn -0.6447 -0.0076 0.7644
vn -0.7104 -0.0902 0.6980
vn -0.6653 -0.0784 0.7425
vn -0.6709 -0.0310 0.7409
vn -0.7715 -0.0998 0.6284
vn -0.9268 -0.1446 0.3466
vn -0.9139 -0.1650 0.3709
vn -0.9906 -0.0373 -0.1317
vn -0.9829 -0.1455 -0.1125
vn -0.9891 -0.1472 0.0083
vn -0.9885 -0.1509 0.0014
vn -0.9485 -0.0578 -0.3115
vn -0.9399 -0.1260 -0.3173
vn -0.9337 -0.1068 -0.3418
vn -0.9244 -0.1149 -0.3637
vn -0.9191 -0.1464 -0.3658
vn -0.9253 -0.1558 -0.3457
vn -0.8448 -0.0460 -0.5331
vn -0.8755 -0.1290 -0.4657
vn -0.8168 -0.0028 -0.5770
vn -0.8146 -0.1436 -0.5620
vn -0.6593 -0.1116 -0.7435
vn -0.8000 0.0020 0.6000
vn -0.7688 0.0030 0.6395
vn -0.8293 -0.0001 0.5588
vn -0.7881 -0.0058 0.6156
vn -0.7784 0.0061 0.6278
vn -0.6963 -0.0031 0.7178
vn -0.7715 0.0087 0.6361
vn -0.7855 0.0047 0.6188
vn -0.6543 0.0010 0.7562
vn -0.1963 -0.0037 -0.9805
vn -0.2363 -0.0013 -0.9717
vn -0.1800 -0.0092 -0.9836
vn -0.1279 -0.0055 -0.9918
vn -0.1881 -0.0003 -0.9821
vn -0.1245 -0.0091 -0.9922
vn -0.0224 -0.0029 -0.9997
vn -0.1165 -0.0028 -0.9932
vn -0.1676 -0.0005 -0.9859
vn -0.1823 -0.0027 -0.9832
vn -0.1897 -0.0022 -0.9818
vn -0.1371 0.0012 -0.9906
vn -0.2276 -0.0074 -0.9737
vn -0.3213 -0.0029 -0.9470
vn -0.2020 -0.0038 -0.9794
vn -0.3918 -0.0009 -0.9200
vn -0.3133 0.0035 -0.9497
vn -0.6164 -0.0045 -0.7875
vn -0.5187 0.0031 -0.8550
vn -0.6361 0.0025 -0.7716
vn -0.5032 -0.0120 -0.8641
vn -0.5264 -0.0055 -0.8502
vn -0.4386 -0.0069 -0.8986
vn -0.9206 -0.0033 -0.3904
vn -0.8680 -0.0034 -0.4966
vn -0.8830 0.0028 -0.4694
vn -0.9298 -0.0156 -0.3677
vn -0.8983 -0.0031 -0.4394
vn -0.9024 0.0010 -0.4309
vn -0.9382 -0.0036 -0.3460
vn -0.7687 -0.0045 -0.6396
vn -0.7588 -0.0012 -0.6513
vn -0.7797 0.0064 -0.6261
vn -0.8245 -0.0003 -0.5659
vn -0.7879 -0.0005 -0.6158
vn -0.7716 -0.0047 -0.6360
vn -0.7440 -0.0087 -0.6681
vn -0.7766 -0.0157 -0.6299
vn -0.7535 -0.0028 -0.6575
vn -0.6963 -0.0080 -0.7177
vn -0.9827 0.0093 -0.1851
vn -0.9976 -0.0043 -0.0688
vn -0.9915 -0.0045 -0.1302
vn -0.9653 0.0019 0.2612
vn -0.9174 -0.0024 0.3979
vn -0.9143 0.0007 0.4050
vn -0.9996 -0.0059 -0.0279
vn -0.9974 -0.0051 -0.0723
vn -0.8147 0.0015 0.5799
vn -0.8004 -0.0018 0.5995
vn -0.8466 -0.0032 0.5323
vn -0.8147 0.0015 0.5798
vn -0.7171 0.0016 0.6969
vn -0.8128 -0.0047 0.5826
vn -0.7926 0.0012 0.6098
vn -0.8423 -0.0030 0.5390
vn -0.8154 -0.0016 0.5789
vn -0.8162 -0.0049 0.5778
vn -0.8702 -0.0035 0.4926
vn -0.8510 0.0020 0.5251
vn -0.8240 -0.0025 0.5666
vn -0.8128 -0.0047 0.5825
vn -0.7809 0.0005 0.6247
vn -0.9178 -0.0000 0.3969
vn -0.9646 0.0014 0.2639
vn -0.9689 -0.0057 0.2473
vn -0.5094 -0.0064 0.8605
vn -0.5395 0.0017 0.8420
vn -0.6003 0.0013 0.7998
vn -0.6192 -0.0070 0.7852
vn -0.5536 -0.0037 0.8327
vn -0.5829 0.0031 0.8125
vn -0.6425 -0.0065 0.7663
vn -0.5844 -0.0005 0.8114
vn -0.6149 -0.0028 0.7886
vn -0.6111 -0.0036 0.7916
vn -0.6190 0.0003 0.7854
vn -0.6873 -0.0009 0.7264
vn -0.6642 0.0018 0.7476
vn -0.7704 -0.0007 0.6375
vn -0.8162 -0.0049 0.5777
vn -0.2283 -0.0001 0.9736
vn -0.1443 -0.0093 0.9895
vn -0.2845 -0.0040 0.9587
vn -0.3828 0.0022 0.9238
vn -0.2903 0.0016 0.9569
vn -0.3994 0.0044 0.9168
vn -0.2826 -0.0013 0.9592
vn -0.3400 0.0011 0.9404
vn -0.3105 -0.0024 0.9506
vn -0.2955 0.0005 0.9554
vn -0.2866 -0.0018 0.9580
vn 0.0425 0.0042 0.9991
vn -0.0259 -0.0020 0.9997
vn 0.0014 0.0022 1.0000
vn 0.0481 0.0073 0.9988
vn -0.4018 -0.0066 0.9157
vn -0.3891 0.0007 0.9212
vn -0.3370 -0.0002 0.9415
vn -0.3404 0.0025 0.9403
vn -0.2374 -0.0003 0.9714
vn -0.3383 -0.0036 0.9410
vn -0.4019 0.0006 0.9157
vn -0.3974 0.0139 0.9175
vn -0.3176 0.0004 0.9482
vn -0.2039 0.0011 0.9790
vn -0.1343 0.0036 0.9909
vn -0.1024 0.0038 0.9947
vn -0.2136 -0.0023 0.9769
vn -0.1532 -0.0071 0.9882
vn -0.0331 0.0015 0.9995
vn -0.0007 0.0005 1.0000
vn 0.0425 0.0043 0.9991
vn -0.0872 -0.0075 0.9962
vn -0.0198 0.0071 0.9998
vn -0.0149 0.0066 0.9999
vn 0.0338 0.0005 0.9994
vn -0.6599 0.0045 0.7513
vn -0.7528 0.0031 0.6582
vn -0.7125 -0.0028 0.7017
vn -0.6238 0.0088 0.7815
vn -0.6178 0.0035 0.7863
vn -0.6334 -0.0024 0.7738
vn -0.6504 0.0065 0.7596
vn -0.6422 0.0056 0.7665
vn -0.9519 0.0032 0.3063
vn -0.9093 0.0034 0.4160
vn -0.9733 0.0055 0.2293
vn -0.8600 -0.0014 0.5103
vn -0.9321 -0.0003 0.3621
vn -0.8798 -0.0175 0.4749
vn -0.8694 0.0025 0.4941
vn -0.9093 0.0034 0.4161
vn -0.8601 0.0052 0.5101
vn -0.8533 0.0027 0.5214
vn -0.8775 -0.0002 0.4795
vn -0.9192 0.0080 0.3936
vn -0.8636 0.0029 0.5041
vn -0.8417 0.0027 0.5399
vn -0.8448 0.0032 0.5351
vn -0.8472 0.0008 0.5313
vn -0.8379 0.0100 0.5458
vn -0.9937 0.0011 -0.1117
vn -0.9867 -0.0037 -0.1625
vn -0.9976 0.0014 -0.0694
vn -0.9961 0.0052 -0.0885
vn -0.9900 0.0045 -0.1412
vn -0.9890 0.0127 0.1477
vn -0.9989 0.0009 0.0459
vn -0.9917 0.0077 0.1282
vn -0.9988 -0.0009 0.0499
vn -0.9864 -0.0045 0.1645
vn -0.9762 0.0077 0.2166
vn -0.9917 0.0078 0.1282
vn -0.9752 -0.0011 0.2214
vn -0.9782 0.0014 0.2075
vn -0.9770 0.0061 0.2133
vn -0.9724 0.0032 0.2334
vn -0.9869 0.0004 0.1610
vn -0.9750 -0.0035 0.2224
vn -0.8722 0.0013 -0.4891
vn -0.8169 0.0043 -0.5767
vn -0.7990 0.0013 -0.6013
vn -0.8933 -0.0005 -0.4496
vn -0.8169 0.0043 -0.5768
vn -0.8933 -0.0005 -0.4495
vn -0.8837 0.0045 -0.4679
vn -0.8946 0.0047 -0.4468
vn -0.9034 0.0084 -0.4288
vn -0.9175 -0.0044 -0.3978
vn -0.9496 -0.0033 -0.3133
vn -0.9248 -0.0023 -0.3806
vn -0.9623 0.0105 -0.2718
vn -0.9225 0.0027 -0.3860
vn -0.9576 0.0032 -0.2880
vn -0.9206 0.0040 -0.3906
vn -0.9576 0.0032 -0.2881
vn -0.9612 0.0047 -0.2759
vn -0.7759 0.0026 -0.6308
vn -0.7441 0.0009 -0.6680
vn -0.8182 -0.0005 -0.5750
vn -0.8559 0.0001 -0.5171
vn -0.7852 -0.0018 -0.6192
vn -0.6743 0.0009 -0.7385
vn -0.6860 0.0003 -0.7276
vn -0.7548 0.0065 -0.6559
vn -0.7439 0.0027 -0.6683
vn -0.7031 0.0025 -0.7111
vn -0.2976 0.0016 -0.9547
vn -0.4711 0.0009 -0.8821
vn -0.4253 0.0049 -0.9051
vn -0.3674 -0.0020 -0.9301
vn -0.4834 0.0054 -0.8754
vn -0.5427 0.0004 -0.8399
vn -0.6406 0.0049 -0.7678
vn -0.2744 0.0080 -0.9616
vn -0.3290 -0.0016 -0.9443
vn -0.2145 0.0084 -0.9767
vn -0.3053 0.0052 -0.9523
vn -0.2159 0.0081 -0.9764
vn -0.1720 -0.0012 -0.9851
vn -0.1799 0.0050 -0.9837
vn -0.1714 0.0026 -0.9852
vn -0.1827 0.0024 -0.9832
vn -0.1656 0.0055 -0.9862
vn -0.1287 -0.0056 -0.9917
vn -0.1836 0.0003 -0.9830
vn 0.0032 -0.0033 -1.0000
vn -0.1747 0.0029 -0.9846
vn -0.1431 -0.0001 -0.9897
vn 0.0811 -0.0040 -0.9967
vn 0.0328 0.0005 -0.9995
vn 0.1124 0.0063 -0.9936
vn -0.0172 -0.0105 -0.9998
vn 0.1094 -0.0100 -0.9939
vn 0.1263 0.0040 -0.9920
vn 0.0287 0.0033 -0.9996
vn -0.0594 -0.0027 -0.9982
vn 0.1059 -0.0129 0.9943
vn -0.0124 0.0019 0.9999
vn 0.2445 -0.0019 0.9697
vn 0.0825 -0.0037 0.9966
vn 0.0429 0.0059 0.9991
vn 0.1821 0.0020 0.9833
vn 0.1614 0.0007 0.9869
vn 0.0492 0.0079 0.9988
vn 0.2390 0.0040 0.9710
vn 0.2659 -0.0037 0.9640
vn 0.3299 0.0001 0.9440
vn 0.2983 -0.0087 0.9544
vn 0.3366 -0.0054 0.9416
vn 0.3386 0.0037 0.9409
vn 0.6905 0.0011 0.7233
vn 0.6512 0.0018 0.7589
vn 0.6530 0.0039 0.7574
vn 0.6406 -0.0093 0.7678
vn 0.8368 -0.0001 0.5476
vn 0.8619 0.0027 0.5070
vn 0.9714 0.0039 0.2376
vn 0.9764 0.0065 0.2158
vn 0.9793 -0.0021 0.2025
vn 0.9810 0.0060 0.1937
vn 0.9360 0.0036 0.3519
vn 0.9065 0.0049 0.4222
vn 0.9661 -0.0012 0.2581
vn 0.9940 0.0123 0.1088
vn 0.9892 -0.0011 0.1465
vn 0.9994 0.0039 0.0352
vn 0.9996 -0.0009 0.0279
vn 0.9952 -0.0014 -0.0979
vn 0.9908 -0.0059 -0.1350
vn 0.9975 -0.0024 -0.0706
vn 0.9978 0.0065 -0.0653
vn 0.9228 -0.0026 -0.3852
vn 0.9166 -0.0000 -0.3999
vn 0.9694 0.0001 -0.2453
vn 0.9515 0.0072 -0.3075
vn 0.9452 -0.0019 -0.3264
vn 0.9052 0.0012 -0.4249
vn 0.8787 0.0024 -0.4773
vn 0.7452 0.0003 -0.6668
vn 0.8475 0.0041 -0.5308
vn 0.8010 0.0077 -0.5986
vn 0.7916 -0.0030 -0.6111
vn 0.6352 0.0091 -0.7723
vn 0.5396 0.0127 -0.8418
vn 0.6924 0.0028 -0.7215
vn 0.4315 0.0085 -0.9021
vn 0.4003 -0.0031 -0.9164
vn 0.1337 -0.0117 -0.9910
vn 0.1338 -0.0000 -0.9910
vn 0.0745 0.0007 -0.9972
vn 0.0081 0.0027 -1.0000
vn 0.1503 0.0055 -0.9886
vn 0.1363 -0.0019 -0.9907
vn -0.0087 0.0070 -0.9999
vn -0.0247 -0.0029 -0.9997
vn -0.1518 0.0036 -0.9884
vn -0.1771 0.0006 -0.9842
vn -0.0255 0.0049 -0.9997
vn -0.1740 -0.0050 -0.9847
vn -0.1992 0.0065 -0.9799
vn 0.2013 0.8175 0.5397
vn -0.0782 0.0006 0.9969
vn -0.1414 -0.0122 0.9899
vn -0.2181 -0.0418 0.9750
vn -0.0903 -0.0869 0.9921
vn -0.0861 -0.2032 0.9753
vn -0.2178 -0.1876 0.9578
vn -0.5487 -0.4592 0.6986
vn -0.0468 -0.3474 -0.9365
vn -0.1057 -0.4690 -0.8768
vn -0.0856 -0.0054 -0.9963
vn 0.0173 -0.0480 -0.9987
vn -0.1561 -0.6450 0.7481
vn -0.2423 -0.7036 0.6680
vn -0.2553 -0.7815 0.5693
vn -0.2994 -0.8440 0.4451
vn -0.2450 -0.8440 0.4771
vn -0.2274 -0.9382 0.2607
vn -0.2808 -0.8892 0.3612
vn -0.2647 -0.9365 -0.2302
vn -0.2899 -0.8944 -0.3407
vn -0.2324 -0.9119 -0.3383
vn -0.1840 -0.7774 -0.6014
vn -0.2494 -0.7894 -0.5609
vn -0.2488 -0.8600 -0.4456
vn -0.1519 -0.4436 0.8833
vn -0.2219 -0.6240 0.7492
vn -0.3265 -0.7427 0.5846
vn -0.3641 -0.7966 0.4826
vn -0.3227 -0.8139 0.4830
vn -0.3165 -0.8716 0.3743
vn -0.3275 -0.9371 0.1204
vn -0.2922 -0.8342 -0.4677
vn -0.3146 -0.8733 -0.3720
vn -0.3943 -0.8480 -0.3543
vn -0.3673 -0.8637 -0.3452
vn -0.3285 -0.7597 -0.5611
vn -0.3365 -0.8289 -0.4469
vn -0.3147 -0.6848 -0.6572
vn -0.2886 -0.7763 -0.5604
vn -0.1665 -0.4805 -0.8610
vn -0.2172 -0.5358 -0.8159
vn -0.1643 -0.4652 -0.8698
vn -0.2112 -0.4630 0.8608
vn -0.3378 -0.6548 0.6761
vn -0.3642 -0.7966 0.4826
vn -0.3939 -0.7083 0.5858
vn -0.4340 -0.7353 0.5206
vn -0.3927 -0.8396 0.3753
vn -0.4073 -0.8783 0.2503
vn -0.3877 -0.8458 0.3666
vn -0.4232 -0.9059 0.0155
vn -0.4609 -0.8873 0.0143
vn -0.3705 -0.8035 -0.4659
vn -0.4480 -0.8254 -0.3436
vn -0.4020 -0.7229 -0.5621
vn -0.3116 -0.5225 -0.7937
vn -0.3769 -0.5468 0.7476
vn -0.3293 -0.4906 0.8067
vn -0.3341 -0.5584 0.7593
vn -0.4453 -0.6787 0.5840
vn -0.4778 -0.6628 0.5765
vn -0.5180 -0.8487 -0.1064
vn -0.5530 -0.7541 -0.3543
vn -0.5272 -0.7772 -0.3436
vn -0.4713 -0.6797 -0.5621
vn -0.4430 -0.6098 -0.6572
vn -0.3187 -0.5393 -0.7795
vn -0.3617 -0.4892 -0.7937
vn -0.3182 -0.4827 -0.8159
vn -0.2690 -0.5117 -0.8159
vn -0.3534 -0.4748 0.8061
vn -0.3874 -0.5228 0.7593
vn -0.4758 -0.6520 0.5903
vn -0.5101 -0.6315 0.5840
vn -0.4715 -0.6402 0.6065
vn -0.5409 -0.6125 0.5765
vn -0.5375 -0.6903 0.4843
vn -0.5100 -0.6315 0.5840
vn -0.5899 -0.8075 0.0047
vn -0.6486 -0.7489 0.1359
vn -0.5976 -0.7909 0.1313
vn -0.5817 -0.7877 -0.2029
vn -0.5993 -0.7935 -0.1062
vn -0.5148 -0.7012 -0.4933
vn -0.5539 -0.7450 -0.3718
vn -0.6013 -0.7214 -0.3436
vn -0.5360 -0.6299 -0.5620
vn -0.3181 -0.4827 -0.8159
vn -0.4371 -0.4820 0.7593
vn -0.5437 -0.5020 0.6726
vn -0.5377 -0.6019 0.5904
vn -0.5698 -0.5781 0.5840
vn -0.5986 -0.5561 0.5765
vn -0.6676 -0.6492 0.3646
vn -0.7192 -0.6813 0.1359
vn -0.6695 -0.6586 -0.3436
vn -0.6288 -0.6349 -0.4489
vn -0.5955 -0.5740 -0.5620
vn -0.5540 -0.5109 -0.6573
vn -0.5644 -0.6045 -0.5621
vn -0.4506 -0.4087 -0.7937
vn -0.4845 -0.4608 -0.7435
vn -0.4846 -0.4608 -0.7435
vn -0.3642 -0.4490 -0.8159
vn -0.6572 -0.5883 0.4711
vn -0.5945 -0.5460 0.5903
vn -0.6241 -0.5191 0.5840
vn -0.6505 -0.4944 0.5765
vn -0.7107 -0.6541 0.2591
vn -0.7412 -0.6583 0.1313
vn -0.7162 -0.6558 -0.2387
vn -0.7670 -0.6415 0.0143
vn -0.6424 -0.5865 -0.4932
vn -0.7312 -0.5894 -0.3435
vn -0.7456 -0.6294 -0.2190
vn -0.6017 -0.4538 -0.6573
vn -0.5769 -0.4843 -0.6577
vn -0.6492 -0.5125 -0.5621
vn -0.4452 -0.3688 -0.8159
vn -0.5584 -0.3597 0.7476
vn -0.5975 -0.4174 0.6847
vn -0.6454 -0.4847 0.5904
vn -0.6722 -0.4551 0.5840
vn -0.6961 -0.4279 0.5765
vn -0.7748 -0.5822 0.2464
vn -0.8021 -0.5970 0.0156
vn -0.8026 -0.5819 0.1313
vn -0.7863 -0.5836 -0.2029
vn -0.8048 -0.5839 -0.1063
vn -0.6971 -0.5203 -0.4932
vn -0.7857 -0.5144 -0.3436
vn -0.7412 -0.4992 -0.4488
vn -0.7585 -0.4559 -0.4657
vn -0.7412 -0.4991 -0.4489
vn -0.6435 -0.3923 -0.6573
vn -0.6966 -0.4460 -0.5621
vn -0.4794 -0.3231 -0.8160
vn -0.4065 -0.3056 -0.8610
vn -0.5911 -0.3028 0.7476
vn -0.7599 -0.4479 0.4711
vn -0.6901 -0.4187 0.5904
vn -0.7138 -0.3866 0.5840
vn -0.7349 -0.3571 0.5765
vn -0.8062 -0.4646 0.3664
vn -0.7585 -0.4560 -0.4657
vn -0.8326 -0.4344 -0.3436
vn -0.7371 -0.3751 -0.5621
vn -0.7997 -0.3790 -0.4657
vn -0.5089 -0.2743 -0.8159
vn -0.5503 -0.2593 -0.7937
vn -0.5090 -0.2743 -0.8159
vn -0.5089 -0.2743 -0.8160
vn -0.5362 -0.2505 0.8060
vn -0.5889 -0.2767 0.7593
vn -0.7280 -0.3486 0.5903
vn -0.7485 -0.3143 0.5840
vn -0.7666 -0.2829 0.5765
vn -0.7484 -0.3143 0.5840
vn -0.8432 -0.4022 0.3569
vn -0.8714 -0.3502 -0.3436
vn -0.8518 -0.3978 -0.3407
vn -0.7705 -0.3006 -0.5621
vn -0.7080 -0.2584 -0.6573
vn -0.7706 -0.3006 -0.5620
vn -0.4540 -0.1598 0.8765
vn -0.5665 -0.1680 0.8067
vn -0.5081 -0.1883 0.8404
vn -0.7588 -0.2751 0.5904
vn -0.7758 -0.2390 0.5840
vn -0.7487 -0.2676 0.6065
vn -0.7907 -0.2059 0.5765
vn -0.9358 -0.3349 -0.1099
vn -0.9548 -0.2970 0.0144
vn -0.8755 -0.3085 -0.3718
vn -0.9017 -0.2626 -0.3436
vn -0.7300 -0.1873 -0.6573
vn -0.7964 -0.2231 -0.5620
vn -0.5529 -0.1690 -0.8160
vn -0.7823 -0.1989 0.5903
vn -0.7956 -0.1613 0.5840
vn -0.7714 -0.1925 0.6065
vn -0.8072 -0.1270 0.5765
vn -0.8542 -0.1890 0.4843
vn -0.9358 -0.2391 0.2591
vn -0.9794 -0.1679 -0.1126
vn -0.9249 -0.1379 -0.3543
vn -0.9232 -0.1724 -0.3436
vn -0.9549 -0.2008 -0.2189
vn -0.8146 -0.1435 -0.5621
vn -0.8762 -0.1754 -0.4489
vn -0.6021 -0.0874 -0.7937
vn -0.5529 -0.1691 -0.8159
vn -0.8327 -0.1289 0.5384
vn -0.7987 -0.1240 0.5888
vn -0.8136 -0.0958 0.5734
vn -0.9366 -0.1365 0.3227
vn -0.9866 -0.1631 0.0069
vn -0.9545 -0.2231 0.1980
vn -0.9645 -0.1596 -0.2105
vn -0.9748 -0.2121 -0.0696
vn -0.8612 -0.1412 -0.4883
vn -0.9273 -0.0837 -0.3648
vn -0.5916 0.0047 0.8062
vn -0.5883 -0.0017 0.8087
vn -0.4837 0.0024 0.8752
vn -0.9169 -0.0016 -0.3992
vn -0.6052 -0.0006 0.7961
vn -0.6197 -0.0018 0.7848
vn -0.2647 0.0039 0.9643
vn -0.3405 0.0025 0.9403
vn -0.3398 0.0025 0.9405
vn -0.3556 0.0094 0.9346
vn -0.2594 -0.0006 0.9658
vn -0.5302 -0.0003 0.8479
vn -0.8579 0.0060 0.5138
vn -0.2583 -0.0035 -0.9661
vn -0.2241 -0.0062 -0.9746
vn -0.5082 -0.1884 0.8404
vn -0.5243 -0.1373 0.8404
vn -0.5325 -0.0022 0.8464
vn -0.4630 -0.0009 0.8864
vn -0.6238 0.0089 0.7815
vn -0.1774 -0.0036 -0.9841
vn -0.2761 -0.0022 -0.9611
vn -0.2123 0.0019 -0.9772
vn -0.2266 0.0011 -0.9740
vn -0.3201 -0.0011 -0.9474
vn -0.4387 -0.0069 -0.8986
vn -0.5197 -0.0002 -0.8544
vn -0.9300 0.0029 -0.3675
vn -0.9559 0.0030 -0.2938
vn -0.9234 -0.0018 -0.3838
vn -0.7525 0.0023 -0.6586
vn -0.7403 0.0011 -0.6723
vn -0.9235 0.0041 0.3836
vn -0.9667 -0.0025 0.2557
vn -0.9274 -0.0025 0.3741
vn -0.9973 -0.0030 0.0740
vn -0.9909 0.0037 0.1344
vn -0.8684 -0.0037 0.4958
vn -0.8510 0.0020 0.5252
vn -0.9179 -0.0000 0.3969
vn -0.7213 -0.0061 0.6925
vn -0.8139 -0.0022 0.5810
vn -0.7483 0.0018 0.6633
vn -0.7937 -0.0018 0.6083
vn -0.8294 -0.0011 0.5587
vn -0.0366 -0.0027 0.9993
vn 0.0034 0.0003 1.0000
vn -0.1302 0.0079 0.9915
vn -0.1509 -0.0045 0.9885
vn -0.3370 0.0034 0.9415
vn -0.3006 0.0022 0.9537
vn -0.3652 0.0045 0.9309
vn -0.2606 0.0026 0.9654
vn -0.2375 -0.0003 0.9714
vn -0.1097 -0.0009 0.9940
vn -0.1187 -0.0047 0.9929
vn -0.9209 0.0019 0.3898
vn -0.9089 0.0035 0.4170
vn -0.8640 0.0066 0.5035
vn -0.8480 0.0046 0.5299
vn -0.7958 -0.0021 0.6055
vn -0.9848 -0.0013 -0.1736
vn -0.9968 -0.0005 -0.0801
vn -0.9965 0.0037 -0.0836
vn -0.9966 0.0035 -0.0826
vn -0.9959 0.0030 -0.0902
vn -0.9963 0.0039 -0.0857
vn -1.0000 -0.0047 0.0027
vn -0.9771 -0.0001 0.2129
vn -0.9578 0.0021 0.2874
vn -0.9718 0.0007 0.2356
vn -0.9234 0.0049 -0.3839
vn -0.9289 0.0007 -0.3702
vn -0.9156 0.0034 -0.4021
vn -0.7524 0.0032 -0.6587
vn -0.7929 -0.0089 -0.6093
vn -0.4835 0.0024 -0.8753
vn -0.4062 0.0031 -0.9138
vn -0.4828 0.0001 -0.8757
vn 0.0564 0.0013 -0.9984
vn 0.1447 0.0013 -0.9895
vn 0.1502 0.0004 -0.9887
vn 0.0823 0.0001 -0.9966
vn 0.0057 -0.0044 1.0000
vn 0.1712 -0.0038 0.9852
vn 0.0148 0.0002 0.9999
vn 0.8627 -0.0092 0.5057
vn 0.8398 -0.0007 0.5429
vn 0.5051 -0.0028 -0.8631
vn 0.2554 0.0159 -0.9667
vn -0.0135 0.0012 -0.9999
vn -0.2371 -0.0052 -0.9715
vn -0.0998 -0.4199 -0.9021
vn -0.8417 -0.0019 0.5400
vn -0.7452 -0.0005 0.6669
vn -0.4064 0.0076 -0.9137
vn -0.4030 0.0018 -0.9152
vn -0.4929 -0.0010 -0.8701
vn -0.7500 -0.0018 -0.6615
vn -0.7443 0.0059 -0.6678
vn -0.7486 0.0008 -0.6631
vn -0.6164 -0.0045 -0.7874
vn -0.9944 -0.0018 0.1058
vn -0.9209 -0.0067 0.3897
vn -0.8828 -0.0048 0.4698
vn -0.9600 -0.0088 0.2799
vn -0.9957 -0.0117 0.0919
vn -0.9800 -0.0002 0.1989
vn -0.8375 -0.0027 0.5465
vn -0.8108 0.0031 0.5853
vn -0.8453 0.0006 0.5342
vn -0.6408 -0.0045 0.7677
vn -0.6274 -0.0012 0.7787
vn -0.6136 -0.0028 0.7896
vn -0.6540 -0.0021 0.7565
vn -0.5076 0.0023 0.8616
vn -0.4715 -0.0006 0.8819
vn -0.3645 0.0003 0.9312
vn -0.0034 0.0044 1.0000
vn 0.0342 0.0043 0.9994
vn -0.1017 -0.0026 0.9948
vn -0.0034 0.0043 1.0000
vn 0.0877 -0.0017 0.9961
vn -0.0241 0.0104 0.9997
vn 0.0117 -0.0026 0.9999
vn -0.0219 -0.0054 0.9997
vn -0.3153 -0.0020 0.9490
vn -0.3519 0.0041 0.9360
vn -0.6469 -0.0000 0.7625
vn -0.8882 0.0160 0.4592
vn -0.9626 0.0127 0.2706
vn -0.8448 0.0033 0.5351
vn -0.8418 -0.0047 0.5397
vn -0.8449 -0.0017 0.5349
vn -0.8579 0.0060 0.5137
vn -0.8637 0.0029 0.5041
vn -0.9941 0.0037 -0.1080
vn -0.9794 0.0029 -0.2020
vn -0.9884 0.0056 0.1519
vn -0.9810 -0.0031 0.1937
vn -1.0000 -0.0047 0.0028
vn -0.9988 0.0037 0.0489
vn -0.9734 0.0035 0.2290
vn -0.9183 0.0025 -0.3959
vn -0.9283 0.0032 -0.3718
vn -0.9111 0.0038 -0.4121
vn -0.9602 0.0023 -0.2792
vn -0.9652 0.0023 -0.2616
vn -0.9211 0.0024 -0.3892
vn -0.9895 0.0040 -0.1448
vn -0.9896 -0.0044 -0.1437
vn -0.9483 0.0009 -0.3174
vn -0.4960 0.0024 -0.8683
vn -0.4952 0.0010 -0.8688
vn -0.4853 0.0003 -0.8743
vn -0.4830 0.0030 -0.8756
vn -0.5292 -0.0014 -0.8485
vn -0.5890 0.0022 -0.8082
vn -0.6942 0.0011 -0.7198
vn -0.5889 0.0022 -0.8082
vn 0.0377 -0.0047 -0.9993
vn 0.0365 0.0024 0.9993
vn -0.0207 0.0022 0.9998
vn 0.0853 0.0024 0.9964
vn 0.3146 -0.0011 0.9492
vn 0.3160 -0.0029 0.9488
vn 0.4926 0.0019 0.8702
vn 0.6039 -0.0055 0.7970
vn 0.4921 0.0034 0.8706
vn 0.4601 -0.0134 0.8878
vn 0.6092 -0.0050 0.7930
vn 0.5951 -0.0001 0.8037
vn 0.8357 -0.0011 0.5492
vn 0.7512 0.0201 0.6598
vn 0.7325 0.0017 0.6808
vn 0.8875 -0.0015 0.4608
vn 0.8920 0.0028 0.4520
vn 0.9515 -0.0077 0.3075
vn 0.9922 -0.0097 0.1241
vn 0.9986 0.0016 0.0527
vn 0.9729 0.0032 0.2312
vn 0.9991 -0.0009 -0.0435
vn 0.9961 -0.0008 -0.0885
vn 0.9343 -0.0031 -0.3565
vn 0.9619 0.0081 -0.2733
vn 0.9045 -0.0025 -0.4265
vn 0.7114 -0.0065 -0.7028
vn 0.7015 0.0199 -0.7124
vn 0.4956 0.0054 -0.8685
vn 0.5592 0.0019 -0.8290
vn 0.2150 0.0029 -0.9766
vn -0.0172 0.0064 -0.9998
vn -0.0789 0.0035 -0.9969
vn -0.2650 -0.7006 -0.6625
vn -0.2796 -0.6048 -0.7456
vn -0.3240 -0.3559 0.8765
vn -0.4440 -0.4969 -0.7456
vn -0.4908 -0.4507 -0.7456
vn -0.4025 -0.3026 0.8639
vn -0.5329 -0.4001 -0.7456
vn -0.3464 -0.1645 0.9235
vn -0.6525 -0.3071 0.6928
vn -0.6724 -0.0832 -0.7355
vn -0.6758 0.0183 -0.7369
vn -0.7967 -0.0027 0.6044
vn -0.7043 -0.0027 0.7099
vn -0.8095 -0.0011 0.5871
vn -0.7117 0.0044 0.7025
vn -0.8129 -0.0006 0.5824
vn -0.6754 -0.0048 0.7374
vn -0.4552 0.0005 0.8904
vn -0.4377 0.0055 0.8991
vn -0.5580 0.0040 0.8299
vn -0.2020 -0.0039 -0.9794
vn -0.0155 -0.0018 -0.9999
vn -0.1710 0.0041 -0.9853
vn -0.2123 0.0018 -0.9772
vn -0.2038 -0.0006 -0.9790
vn -0.1931 -0.0044 -0.9812
vn -0.2116 0.0022 -0.9774
vn -0.4818 -0.0004 -0.8763
vn -0.6456 0.0009 -0.7637
vn -0.5636 0.0064 -0.8260
vn -0.5636 0.0064 -0.8261
vn -0.5188 -0.0046 -0.8549
vn -0.6044 -0.0042 -0.7967
vn -0.6145 -0.0030 -0.7889
vn -0.5077 -0.0049 -0.8615
vn -0.4819 -0.0004 -0.8762
vn -0.5201 -0.0041 -0.8541
vn -0.5153 -0.0054 -0.8570
vn -0.5114 -0.0067 -0.8593
vn -0.4499 -0.0007 -0.8931
vn -0.4461 -0.0020 -0.8950
vn -0.9309 -0.0084 -0.3651
vn -0.9676 -0.0172 -0.2521
vn -0.9708 -0.0022 -0.2399
vn -0.9415 -0.0011 -0.3369
vn -0.9559 0.0031 -0.2938
vn -0.9747 -0.0036 -0.2233
vn -0.9688 -0.0021 -0.2478
vn -0.8134 -0.0058 -0.5816
vn -0.7661 0.0004 -0.6427
vn -0.7485 0.0008 -0.6631
vn -0.7471 -0.0016 -0.6647
vn -0.9993 -0.0027 -0.0383
vn -0.9960 -0.0016 -0.0893
vn -0.9948 -0.0023 -0.1022
vn -0.9996 0.0015 -0.0295
vn -0.9986 -0.0003 -0.0529
vn -0.9877 0.0001 -0.1563
vn -0.9722 -0.0061 0.2342
vn -0.9337 -0.0062 0.3580
vn -0.9653 -0.0035 0.2610
vn -0.9745 -0.0015 0.2244
vn -0.9837 -0.0032 0.1799
vn -0.9994 0.0036 0.0356
vn -0.8672 -0.0001 0.4979
vn -0.8951 0.0019 0.4458
vn -0.5326 0.0012 0.8463
vn -0.6002 0.0013 0.7998
vn -0.5326 0.0012 0.8464
vn -0.6028 -0.0029 0.7979
vn -0.6444 0.0023 0.7647
vn -0.7248 0.0003 0.6889
vn -0.6409 -0.0046 0.7676
vn 0.1536 -0.0041 0.9881
vn -0.0689 0.0009 0.9976
vn -0.0752 -0.0009 0.9972
vn -0.1579 0.0027 0.9875
vn 0.0016 0.0022 1.0000
vn 0.0007 0.0061 1.0000
vn 0.0283 -0.0070 0.9996
vn 0.1643 -0.0014 0.9864
vn -0.0910 0.0087 0.9958
vn -0.2530 -0.0069 0.9674
vn -0.0954 -0.0028 0.9954
vn 0.0289 0.0102 0.9995
vn 0.0203 0.0028 0.9998
vn -0.0193 0.0318 0.9993
vn -0.4205 0.0100 0.9072
vn -0.4354 -0.0018 0.9002
vn -0.4821 -0.0077 0.8761
vn -0.5214 -0.0017 0.8533
vn -0.4724 -0.0022 0.8814
vn -0.3462 0.0025 0.9382
vn -0.2243 0.0043 0.9745
vn -0.1388 -0.0058 0.9903
vn -0.2340 -0.0018 0.9722
vn -0.1121 0.0008 0.9937
vn -0.2297 0.0051 0.9732
vn -0.0867 -0.0033 0.9962
vn -0.1738 -0.0035 0.9848
vn -0.0226 -0.0037 0.9997
vn -0.0721 0.0607 0.9955
vn -0.0867 -0.0066 0.9962
vn -0.2298 -0.0022 0.9732
vn -0.0587 0.0046 0.9983
vn -0.1234 0.0016 0.9924
vn -0.1753 0.0024 0.9845
vn -0.0198 0.0070 0.9998
vn -0.1187 -0.0048 0.9929
vn 0.0032 -0.0007 1.0000
vn -0.7089 0.0013 0.7053
vn -0.6401 0.0021 0.7683
vn -0.6504 0.0065 0.7595
vn -0.6415 0.0063 0.7671
vn -0.6353 0.0015 0.7723
vn -0.6427 0.0035 0.7661
vn -0.6178 0.0034 0.7863
vn -0.5086 0.0033 0.8610
vn -0.6235 0.0034 0.7818
vn -0.9246 0.0063 0.3809
vn -0.9728 0.0017 0.2317
vn -0.9506 -0.0024 0.3103
vn -0.9733 0.0055 0.2294
vn -0.8798 -0.0175 0.4750
vn -0.8533 0.0028 0.5214
vn -0.8449 -0.0016 0.5350
vn -0.8419 -0.0047 0.5397
vn -0.7472 0.0016 0.6646
vn -0.7532 0.0026 0.6578
vn -0.9856 0.0036 -0.1690
vn -0.9996 0.0002 -0.0300
vn -0.9832 -0.0025 -0.1823
vn -0.9922 0.0009 0.1249
vn -0.9976 -0.0090 0.0680
vn -0.9996 0.0002 -0.0299
vn -0.9811 -0.0031 0.1937
vn -0.9757 0.0053 0.2191
vn -0.9771 -0.0002 0.2129
vn -0.9888 0.0100 0.1488
vn -0.9997 0.0109 0.0217
vn -0.9520 0.0032 0.3062
vn -0.9813 0.0085 0.1924
vn -0.9665 0.0006 0.2566
vn -0.9169 0.0013 -0.3991
vn -0.9128 0.0052 -0.4084
vn -0.8831 0.0049 -0.4692
vn -0.9241 0.0040 -0.3821
vn -0.9172 0.0041 -0.3983
vn -0.9797 0.0015 -0.2005
vn -0.9467 0.0045 -0.3220
vn -0.9561 -0.0031 -0.2931
vn -0.9459 0.0005 -0.3245
vn -0.8220 0.0086 -0.5695
vn -0.7413 -0.0002 -0.6711
vn -0.6709 -0.0038 -0.7415
vn -0.6528 0.0009 -0.7575
vn -0.2801 -0.0019 -0.9600
vn -0.3530 -0.0019 -0.9356
vn -0.3797 -0.0026 -0.9251
vn -0.3103 0.0023 -0.9506
vn -0.4498 0.0056 -0.8931
vn -0.4302 0.0019 -0.9027
vn -0.4863 0.0025 -0.8738
vn -0.5044 0.0099 -0.8634
vn -0.5782 0.0029 -0.8159
vn -0.5845 0.0110 -0.8113
vn -0.4948 0.0026 -0.8690
vn -0.5708 0.0025 -0.8211
vn -0.6897 0.0007 -0.7241
vn -0.5648 -0.0008 -0.8252
vn -0.6708 -0.0042 -0.7416
vn -0.6071 -0.0023 -0.7946
vn -0.2066 0.0033 -0.9784
vn -0.2148 0.0066 -0.9766
vn -0.1747 0.0026 -0.9846
vn -0.1518 0.0035 -0.9884
vn -0.2149 0.0066 -0.9766
vn -0.2236 0.0035 -0.9747
vn -0.1493 -0.0003 -0.9888
vn 0.1083 -0.0035 -0.9941
vn -0.0965 0.0061 -0.9953
vn 0.1234 -0.0064 -0.9923
vn 0.1349 0.0077 -0.9908
vn -0.0480 0.0040 -0.9988
vn 0.1184 -0.0047 -0.9930
vn 0.1701 -0.0055 -0.9854
vn 0.2008 0.0116 -0.9796
vn 0.1790 -0.0358 -0.9832
vn 0.2125 -0.0006 0.9772
vn 0.0699 -0.0139 0.9975
vn 0.2529 -0.0012 0.9675
vn 0.1681 0.0003 0.9858
vn 0.0452 0.0011 0.9990
vn 0.1661 -0.0007 0.9861
vn 0.0335 0.0031 0.9994
vn 0.1893 -0.0013 0.9819
vn 0.3219 0.0004 0.9468
vn 0.2002 0.0107 0.9797
vn 0.2893 -0.0048 0.9572
vn 0.2922 -0.0041 0.9564
vn 0.3155 -0.0016 0.9489
vn 0.3117 -0.0061 0.9502
vn 0.3120 0.0077 0.9501
vn 0.3413 -0.0008 0.9399
vn 0.3220 0.0004 0.9468
vn 0.3487 -0.0126 0.9371
vn 0.4329 -0.0073 0.9014
vn 0.4426 0.0120 0.8966
vn 0.5829 0.0024 0.8126
vn 0.5039 0.0044 0.8637
vn 0.5225 0.0007 0.8526
vn 0.5187 0.0001 0.8550
vn 0.5409 -0.0028 0.8411
vn 0.5500 0.0084 0.8351
vn 0.5895 -0.0081 0.8078
vn 0.5530 -0.0045 0.8332
vn 0.5779 0.0023 0.8161
vn 0.6078 -0.0014 0.7941
vn 0.4630 -0.0041 0.8863
vn 0.7934 -0.0076 0.6086
vn 0.7649 -0.0026 0.6442
vn 0.6719 -0.0017 0.7406
vn 0.8293 -0.0042 0.5587
vn 0.8356 -0.0012 0.5494
vn 0.7321 0.0010 0.6812
vn 0.8343 0.0031 0.5513
vn 0.8612 -0.0055 0.5083
vn 0.8517 0.0103 0.5240
vn 0.9047 0.0071 0.4261
vn 0.9213 -0.0046 0.3889
vn 0.9637 0.0057 0.2669
vn 0.9577 0.0059 0.2876
vn 0.9638 -0.0035 0.2666
vn 0.9004 -0.0032 0.4351
vn 0.9214 -0.0032 -0.3887
vn 0.9223 -0.0014 -0.3866
vn 0.9104 -0.0001 -0.4136
vn 0.7306 -0.0030 -0.6828
vn 0.5775 0.0006 -0.8164
vn 0.5246 -0.0027 -0.8513
vn 0.6773 -0.0035 -0.7357
vn 0.6501 -0.0001 -0.7598
vn 0.4675 -0.0018 -0.8840
vn 0.2628 0.0022 -0.9649
vn 0.3168 0.0046 -0.9485
vn 0.1379 -0.0082 -0.9904
vn 0.1938 0.0087 -0.9810
vn 0.3001 0.0004 -0.9539
vn 0.0312 0.0006 -0.9995
vn 0.1480 0.0051 -0.9890
vn -0.1441 -0.7846 -0.6031
vn 0.1698 0.7098 -0.6837
vn 0.3137 0.9054 -0.2860
vn -0.3201 -0.5360 0.7812
vn -0.3201 -0.5361 0.7811
vn -0.3875 -0.5228 0.7593
vn -0.3714 -0.5019 0.7811
vn -0.3352 -0.3757 0.8640
vn -0.5018 -0.3716 0.7811
vn -0.5649 -0.2659 0.7811
vn -0.5884 -0.2089 0.7811
vn -0.6061 -0.1499 0.7811
vn -0.6994 -0.0021 0.7147
vn -0.6343 0.0048 0.7731
vn -0.5730 0.0065 0.8195
vn -0.9954 0.0035 -0.0957
vn -0.9641 -0.0000 -0.2654
vn -0.9756 -0.1441 -0.1653
vn -0.5292 0.0044 -0.8485
vn -0.4759 -0.0000 -0.8795
vn -0.4762 -0.0003 -0.8793
vn -0.4987 -0.0042 -0.8668
vn -0.4184 -0.0041 -0.9083
vn -0.4804 0.0019 -0.8770
vn -0.4880 -0.0002 -0.8729
vn -0.4860 0.0004 -0.8740
vn -0.3442 -0.0096 -0.9389
vn -0.9324 0.0014 -0.3614
vn -0.9203 -0.0025 -0.3911
vn -0.9546 0.0042 -0.2980
vn -0.9207 -0.0037 -0.3902
vn -0.9110 -0.0214 -0.4117
vn -0.9186 -0.0356 -0.3937
vn -0.8258 -0.0009 -0.5639
vn -0.8193 0.0014 -0.5734
vn -0.9052 -0.0000 -0.4249
vn -0.7957 0.0066 -0.6057
vn -0.7210 -0.0042 -0.6930
vn -0.7390 -0.0003 -0.6737
vn -0.6907 -0.0176 -0.7229
vn -0.7210 -0.0042 -0.6929
vn -0.7357 -0.0000 -0.6773
vn -0.9967 -0.0025 -0.0816
vn -0.9986 -0.0044 0.0527
vn -0.9966 -0.0028 -0.0826
vn -0.9965 -0.0025 -0.0835
vn -0.9681 0.0030 0.2504
vn -0.9672 -0.0024 0.2540
vn -0.9703 -0.0019 0.2420
vn -0.9697 -0.0015 0.2442
vn -0.9147 0.0053 0.4041
vn -0.9197 -0.0059 0.3925
vn -0.6165 -0.0025 0.7874
vn -0.5620 0.0009 0.8271
vn -0.5635 -0.0026 0.8261
vn -0.5724 -0.0014 0.8199
vn -0.4460 -0.0018 0.8950
vn -0.4328 -0.0011 0.9015
vn 0.0081 -0.0010 1.0000
vn 0.0066 -0.0051 1.0000
vn 0.1427 -0.0066 0.9897
vn -0.3399 0.0049 0.9405
vn -0.3473 0.0058 0.9378
vn -0.3823 0.0024 0.9240
vn -0.3328 0.0003 0.9430
vn -0.3949 0.0006 0.9187
vn -0.2104 0.0082 0.9776
vn -0.3399 0.0049 0.9404
vn -0.6190 0.0027 0.7854
vn -0.5989 0.0006 0.8008
vn -0.5642 0.0007 0.8256
vn -0.8615 0.0016 0.5077
vn -0.9869 -0.0076 -0.1609
vn -0.9247 0.0064 -0.3806
vn -0.9174 -0.0044 -0.3979
vn -0.8777 0.0079 -0.4792
vn -0.9496 -0.0013 -0.3133
vn -0.9161 0.0009 -0.4008
vn -0.9412 0.0033 -0.3379
vn -0.9475 0.0006 -0.3198
vn -0.4150 -0.0005 -0.9098
vn -0.4934 0.0022 -0.8698
vn -0.4903 0.0053 -0.8715
vn -0.4151 -0.0005 -0.9098
vn -0.4759 0.0013 -0.8795
vn -0.4795 0.0020 -0.8776
vn -0.4734 0.0041 -0.8809
vn -0.5802 0.0056 -0.8145
vn -0.5951 -0.0023 -0.8037
vn -0.2158 0.0074 -0.9764
vn -0.1742 -0.0029 -0.9847
vn 0.0339 0.0005 0.9994
vn 0.0986 -0.0046 0.9951
vn 0.1568 -0.0062 0.9876
vn 0.0768 -0.0018 0.9970
vn 0.3204 0.0012 0.9473
vn 0.3576 0.0098 0.9338
vn 0.9483 0.0033 -0.3174
vn 0.1556 0.0040 -0.9878
vn 0.0454 -0.0011 -0.9990
vn -0.0201 0.0074 -0.9998
vn 0.0669 -0.0003 -0.9978
vn 0.0337 0.0020 -0.9994
vn -0.1381 0.0014 -0.9904
vn 0.0150 -0.0062 -0.9999
vn -0.1341 -0.0045 -0.9910
vn 0.0859 -0.0034 -0.9963
vn -0.1298 0.0016 -0.9915
vn -0.2024 -0.0063 -0.9793
vn -0.1686 -0.0022 -0.9857
vn -0.1682 0.0002 -0.9858
vn -0.1676 0.0007 -0.9859
vn -0.1742 -0.0033 -0.9847
vn -0.1503 -0.0081 -0.9886
vn -0.0335 0.0157 -0.9993
vn -0.1687 0.0001 -0.9857
vn -0.1675 0.0007 -0.9859
vn -0.2371 0.0067 -0.9715
vn -0.2004 0.0018 -0.9797
vn -0.3071 -0.0011 -0.9517
vn -0.3214 -0.0029 -0.9469
vn -0.4352 -0.0023 -0.9003
vn -0.5808 -0.0016 -0.8141
vn -0.6226 -0.0008 -0.7825
vn -0.5009 -0.0099 -0.8654
vn -0.6218 -0.0057 -0.7832
vn -0.4781 -0.0018 -0.8783
vn -0.5238 -0.0161 -0.8517
vn -0.4746 -0.0007 -0.8802
vn -0.5186 0.0031 -0.8550
vn -0.5201 0.0009 -0.8541
vn -0.9324 0.0014 -0.3615
vn -0.9640 0.0006 -0.2659
vn -0.9234 -0.0019 -0.3837
vn -0.9250 -0.0054 -0.3799
vn -0.9347 0.0001 -0.3553
vn -0.9744 0.0046 -0.2246
vn -0.9610 0.0040 -0.2767
vn -0.9283 -0.0013 -0.3719
vn -0.9177 0.0070 -0.3973
vn -0.9502 0.0002 -0.3116
vn -0.9350 -0.0040 -0.3547
vn -0.9376 -0.0059 -0.3476
vn -0.9343 -0.0033 -0.3564
vn -0.9235 -0.0017 -0.3836
vn -0.8440 0.0027 -0.5364
vn -0.8349 -0.0063 -0.5503
vn -0.9128 -0.0071 -0.4083
vn -0.8303 0.0043 -0.5574
vn -0.7525 0.0023 -0.6585
vn -0.8155 -0.0007 -0.5787
vn -0.7716 -0.0047 -0.6361
vn -0.7257 0.0031 -0.6880
vn -0.8248 -0.0024 -0.5655
vn -0.7765 -0.0157 -0.6299
vn -0.9956 -0.0050 -0.0940
vn -0.9745 0.0013 -0.2244
vn -0.9964 -0.0027 -0.0844
vn -0.9964 -0.0027 -0.0843
vn -0.9978 0.0050 -0.0659
vn -0.9902 -0.0076 -0.1394
vn -0.9667 -0.0025 0.2558
vn -0.9691 -0.0002 0.2466
vn -0.9873 0.0027 0.1587
vn -0.9538 0.0031 0.3005
vn -0.9787 -0.0003 0.2052
vn -0.9748 0.0017 0.2232
vn -0.9679 -0.0017 0.2515
vn -0.9892 -0.0028 0.1468
vn -0.9988 -0.0012 0.0483
vn -0.9984 -0.0067 0.0563
vn -0.9850 0.0009 0.1725
vn -0.9928 0.0023 0.1199
vn -0.9995 -0.0021 -0.0300
vn -0.8319 0.0016 0.5550
vn -0.8789 -0.0038 0.4769
vn -0.8830 0.0016 0.4693
vn -0.8301 -0.0048 0.5576
vn -0.8851 -0.0002 0.4654
vn -0.8301 -0.0038 0.5577
vn -0.9113 -0.0066 0.4116
vn -0.6762 -0.5488 0.4915
vn -0.9469 -0.0081 0.3216
vn -0.9404 -0.0009 0.3402
vn -0.5536 -0.0038 0.8328
vn -0.5838 -0.0002 0.8119
vn -0.6150 -0.0030 0.7885
vn -0.5845 -0.0005 0.8114
vn -0.5724 -0.0014 0.8200
vn -0.6424 -0.0065 0.7663
vn -0.7214 -0.0061 0.6925
vn -0.7879 -0.0003 0.6158
vn -0.7565 -0.0024 0.6540
vn -0.7014 0.0043 0.7127
vn -0.3882 0.0008 0.9216
vn -0.3180 -0.0012 0.9481
vn -0.2332 -0.0038 0.9724
vn -0.3052 -0.0020 0.9523
vn -0.3411 -0.0026 0.9400
vn -0.2885 -0.0054 0.9575
vn -0.2921 0.0049 0.9564
vn -0.3297 -0.0011 0.9441
vn -0.3187 -0.0226 0.9476
vn -0.3239 -0.0035 0.9461
vn -0.3440 -0.0063 0.9389
vn -0.4328 -0.0010 0.9015
vn -0.3347 -0.0030 0.9423
vn -0.3503 -0.0016 0.9366
vn -0.3998 -0.0003 0.9166
vn -0.4659 -0.0030 0.8848
vn 0.0132 0.0042 0.9999
vn -0.0095 0.0029 1.0000
vn 0.1325 -0.0025 0.9912
vn 0.0903 0.0010 0.9959
vn -0.0229 0.0002 0.9997
vn -0.0833 0.0046 0.9965
vn 0.1009 0.0030 0.9949
vn -0.0054 -0.0073 1.0000
vn 0.0211 0.0003 0.9998
vn -0.0815 -0.0047 0.9967
vn 0.0125 0.0056 0.9999
vn -0.0096 -0.0034 0.9999
vn -0.0093 0.0032 1.0000
vn -0.1434 0.0037 0.9897
vn -0.0252 0.0006 0.9997
vn 0.0352 -0.0012 0.9994
vn 0.0350 0.0040 0.9994
vn 0.0453 0.0011 0.9990
vn -0.3316 -0.0016 0.9434
vn -0.3322 0.0030 0.9432
vn -0.3205 0.0043 0.9472
vn -0.2340 0.0034 0.9722
vn -0.3739 -0.0020 0.9275
vn -0.3411 0.0003 0.9400
vn -0.3978 0.0044 0.9175
vn -0.3205 0.0042 0.9472
vn 0.0033 -0.0007 1.0000
vn -0.1121 0.0009 0.9937
vn 0.0100 0.0004 0.9999
vn -0.6190 0.0026 0.7854
vn -0.5752 0.0084 0.8179
vn -0.6144 -0.0034 0.7890
vn -0.6007 -0.0001 0.7995
vn -0.6208 0.0084 0.7839
vn -0.5215 -0.0017 0.8533
vn -0.9573 0.0013 0.2891
vn -0.9701 0.0034 0.2427
vn -0.9050 -0.0035 0.4255
vn -0.9370 0.0039 0.3494
vn -0.9749 0.0048 0.2225
vn -0.9093 0.0035 0.4161
vn -0.9320 -0.0020 0.3623
vn -0.8612 0.0027 0.5083
vn -0.8587 0.0107 0.5124
vn -0.9937 0.0010 -0.1117
vn -0.9976 0.0014 -0.0695
vn -0.9997 0.0029 -0.0252
vn -0.9999 0.0005 -0.0101
vn -0.9988 0.0047 0.0497
vn -0.9984 0.0021 -0.0571
vn -0.9929 0.0050 0.1184
vn -0.9750 0.0059 0.2223
vn -0.9778 0.0083 0.2093
vn -0.9951 -0.0122 0.0981
vn -0.9702 0.0002 0.2425
vn -0.9848 0.0008 0.1737
vn -0.9718 -0.0012 0.2356
vn -0.9602 0.0051 0.2794
vn -0.9731 -0.0000 0.2303
vn -0.9684 0.0034 0.2492
vn -0.9752 0.0076 0.2213
vn -0.9838 0.0085 0.1791
vn -0.9174 -0.0044 -0.3978
vn -0.8692 -0.0016 -0.4945
vn -0.8887 0.0091 -0.4584
vn -0.9068 0.0013 -0.4216
vn -0.8147 0.0029 -0.5799
vn -0.9106 0.0010 -0.4134
vn -0.9172 0.0040 -0.3983
vn -0.9189 0.0089 -0.3945
vn -0.8861 0.0004 -0.4636
vn -0.9848 -0.0013 -0.1737
vn -0.9602 0.0003 -0.2792
vn -0.7457 0.0012 -0.6663
vn -0.4001 -0.0045 -0.9165
vn -0.4224 -0.0013 -0.9064
vn -0.4802 0.0042 -0.8772
vn -0.4258 -0.0042 -0.9048
vn -0.4989 0.0028 -0.8667
vn -0.4568 0.0046 -0.8896
vn -0.4670 0.0092 -0.8842
vn -0.5283 0.0009 -0.8490
vn -0.5479 -0.0072 -0.8365
vn -0.6710 -0.0038 -0.7415
vn -0.5842 0.0060 -0.8116
vn -0.5545 -0.0035 -0.8322
vn -0.6963 0.0038 -0.7177
vn -0.1723 0.0021 -0.9850
vn -0.0605 0.0009 -0.9982
vn -0.1678 0.0031 -0.9858
vn -0.1517 0.0035 -0.9884
vn -0.1342 -0.0045 -0.9910
vn -0.1622 -0.0024 -0.9868
vn -0.1481 -0.0074 -0.9890
vn -0.2143 -0.0021 -0.9768
vn -0.1481 -0.0075 -0.9890
vn 0.0176 -0.0011 -0.9998
vn -0.1457 -0.0166 -0.9892
vn 0.0208 -0.0078 -0.9998
vn 0.1331 0.0092 -0.9911
vn 0.1453 -0.0016 -0.9894
vn 0.1493 -0.0087 -0.9887
vn 0.1846 -0.0059 -0.9828
vn 0.1563 0.0024 -0.9877
vn 0.3121 -0.0063 -0.9500
vn 0.2567 0.0157 -0.9664
vn 0.1964 -0.0009 0.9805
vn 0.2426 0.0041 0.9701
vn -0.0042 -0.0098 0.9999
vn 0.3185 -0.0021 0.9479
vn 0.2044 -0.0012 0.9789
vn 0.5141 0.0030 0.8577
vn 0.3456 -0.0043 0.9384
vn 0.3047 -0.0028 0.9524
vn 0.3504 -0.0035 0.9366
vn 0.4162 -0.0126 0.9092
vn 0.6118 -0.0001 0.7910
vn 0.8282 0.0023 0.5604
vn 0.7424 -0.0087 0.6700
vn 0.8316 0.0056 0.5553
vn 0.7649 -0.0034 0.6442
vn 0.9255 -0.0010 0.3789
vn 0.9447 0.0011 0.3279
vn 0.8668 0.0097 0.4985
vn 0.9671 -0.0000 0.2544
vn 0.9677 -0.0024 0.2522
vn 0.9928 0.0067 -0.1200
vn 0.9633 -0.0028 -0.2684
vn 0.9768 -0.0000 -0.2140
vn 0.9954 -0.0022 -0.0962
vn 0.9205 0.0041 -0.3908
vn 0.9083 0.0005 -0.4183
vn 0.9122 -0.0035 -0.4098
vn 0.8154 -0.0014 -0.5789
vn 0.8657 0.0033 -0.5006
vn 0.9051 -0.0004 -0.4253
vn 0.7447 -0.0042 -0.6674
vn 0.8135 -0.0010 -0.5815
vn 0.7135 -0.0007 -0.7006
vn 0.5696 -0.0039 -0.8219
vn 0.7243 -0.0035 -0.6894
vn 0.6908 -0.0089 -0.7230
vn 0.5946 -0.0176 -0.8038
vn 0.4105 0.0004 -0.9118
vn 0.3038 -0.0066 -0.9527
vn 0.4557 -0.0064 -0.8901
vn 0.4670 0.0002 -0.8843
vn 0.4540 0.0087 -0.8910
vn 0.2830 0.0091 -0.9591
vn 0.4292 0.0006 -0.9032
vn 0.3956 0.0158 -0.9183
vn 0.1825 0.0002 -0.9832
vn 0.2339 0.0019 -0.9722
vn 0.2369 -0.0049 -0.9715
vn 0.2522 0.0045 -0.9677
vn 0.1980 -0.0003 -0.9802
vn 0.2610 0.0008 -0.9653
vn 0.1628 -0.0000 -0.9867
vn 0.1525 0.0013 -0.9883
vn 0.0751 -0.0045 -0.9972
vn -0.0229 0.0050 -0.9997
vn 0.1105 -0.0009 -0.9939
vn 0.1269 -0.0031 -0.9919
vn 0.1180 0.0097 -0.9930
vn -0.1743 0.0032 -0.9847
vn -0.0663 0.0042 -0.9978
vn -0.0094 0.0016 -1.0000
vn -0.0605 0.0010 -0.9982
vn -0.7309 -0.0008 0.6825
vn -0.8135 0.0019 0.5815
vn -0.6770 -0.0008 0.7360
vn -0.9726 -0.0030 -0.2325
vn -0.9657 0.0024 -0.2595
vn -0.9939 -0.0024 -0.1106
vn -0.9731 0.0004 -0.2306
vn -0.1085 0.0032 -0.9941
vn -0.1799 -0.0099 -0.9836
vn -0.1932 -0.0044 -0.9812
vn -0.1346 -0.0003 -0.9909
vn -0.2143 -0.0020 -0.9768
vn -0.2213 -0.0000 -0.9752
vn -0.1741 -0.0033 -0.9847
vn -0.2220 0.0016 -0.9751
vn -0.4030 0.0017 -0.9152
vn -0.4063 0.0076 -0.9137
vn -0.5855 0.0001 -0.8107
vn -0.5411 -0.0005 -0.8410
vn -0.6516 -0.0023 -0.7586
vn -0.5197 -0.0001 -0.8544
vn -0.6439 -0.0035 -0.7651
vn -0.6581 -0.0130 -0.7528
vn -0.5476 0.0041 -0.8367
vn -0.5482 -0.0168 -0.8362
vn -0.4860 0.0004 -0.8739
vn -0.5105 0.0096 -0.8599
vn -0.4921 -0.0115 -0.8705
vn -0.4760 -0.0000 -0.8795
vn -0.4621 -0.0152 -0.8867
vn -0.4955 -0.0053 -0.8686
vn -0.4292 -0.0109 -0.9031
vn -0.4292 -0.0110 -0.9031
vn -0.5030 -0.0034 -0.8643
vn -0.4519 -0.0000 -0.8920
vn -0.9658 0.0024 -0.2595
vn -0.9206 0.0064 -0.3905
vn -0.9251 -0.0050 -0.3796
vn -0.8724 -0.0036 -0.4887
vn -0.8740 -0.0028 -0.4860
vn -0.9071 -0.0081 -0.4208
vn -0.8772 -0.0041 -0.4802
vn -0.8341 -0.0008 -0.5517
vn -0.8724 -0.0035 -0.4887
vn -0.7907 -0.0077 -0.6121
vn -0.9219 -0.0084 -0.3874
vn -0.7441 -0.0010 -0.6680
vn -0.6333 -0.0102 -0.7738
vn -0.6907 -0.0177 -0.7229
vn -0.5788 0.0017 -0.8155
vn -0.6939 0.0033 -0.7201
vn -0.9990 -0.0060 -0.0451
vn -0.9972 -0.0033 -0.0749
vn -0.9954 -0.0028 -0.0959
vn -0.9960 -0.0017 -0.0893
vn -0.9828 0.0069 -0.1843
vn -0.9197 -0.0060 0.3926
vn -0.9656 -0.0065 0.2600
vn -0.9148 -0.0020 0.4038
vn -0.9276 0.0028 0.3736
vn -0.9754 -0.0036 0.2205
vn -0.9043 -0.0102 0.4267
vn -0.9644 -0.0030 0.2645
vn -0.9575 -0.0026 0.2884
vn -0.9696 -0.0012 0.2448
vn -0.9732 -0.0046 0.2300
vn -0.9740 -0.0094 0.2263
vn -0.9928 0.0023 0.1198
vn -0.9992 -0.0006 -0.0395
vn -0.9924 -0.0004 0.1230
vn -0.9965 -0.0035 0.0838
vn -0.9946 0.0002 0.1040
vn -0.9840 0.0092 0.1777
vn -0.9797 -0.0055 0.2003
vn -0.7808 0.0005 0.6247
vn -0.7693 0.0011 0.6389
vn -0.7905 0.0027 0.6124
vn -0.7164 -0.0076 0.6977
vn -0.7029 -0.0015 0.7113
vn -0.7141 -0.0017 0.7001
vn -0.7370 0.0009 0.6759
vn -0.7696 0.0047 0.6385
vn -0.8300 -0.0038 0.5577
vn -0.8083 -0.0113 0.5887
vn -0.8421 -0.0070 0.5392
vn -0.8374 -0.0028 0.5466
vn -0.9043 -0.0103 0.4268
vn -0.8536 0.0014 0.5209
vn -0.5016 0.0038 0.8651
vn -0.5801 -0.0076 0.8145
vn -0.5030 0.0063 0.8642
vn -0.5053 -0.0006 0.8630
vn -0.6015 -0.0067 0.7989
vn -0.4810 0.0275 0.8763
vn -0.4917 -0.0025 0.8707
vn -0.6664 0.0896 0.7401
vn -0.4362 -0.0004 0.8998
vn -0.5805 -0.0024 0.8142
vn -0.6598 -0.0030 0.7515
vn -0.5240 -0.0020 0.8517
vn -0.6102 -0.0026 0.7923
vn -0.6690 0.0061 0.7432
vn -0.6757 -0.0034 0.7372
vn -0.6102 -0.0026 0.7922
vn -0.6257 0.0014 0.7801
vn -0.6898 -0.0049 0.7240
vn -0.7153 0.0043 0.6988
vn -0.6898 -0.0050 0.7240
vn -0.7153 0.0044 0.6988
vn -0.2665 0.0005 0.9638
vn -0.2151 -0.0047 0.9766
vn -0.1122 -0.0057 0.9937
vn -0.1302 0.0080 0.9915
vn -0.2591 -0.0065 0.9658
vn -0.3851 -0.0087 0.9229
vn -0.3273 -0.0026 0.9449
vn -0.4334 -0.0011 0.9012
vn -0.3899 0.0028 0.9209
vn 0.1028 -0.0028 0.9947
vn -0.0033 0.0043 1.0000
vn 0.0227 0.0001 0.9997
vn 0.0302 0.0009 0.9995
vn 0.0187 0.0001 0.9998
vn -0.0075 -0.0009 1.0000
vn -0.3418 0.0037 0.9397
vn -0.2804 -0.0057 0.9599
vn -0.3999 -0.0039 0.9166
vn -0.2823 0.0087 0.9593
vn -0.2857 0.0677 0.9559
vn -0.1993 0.0039 0.9799
vn -0.3125 -0.0015 0.9499
vn -0.2770 0.0059 0.9608
vn -0.3380 0.0066 0.9411
vn -0.1993 0.0040 0.9799
vn -0.1556 0.0048 0.9878
vn -0.2770 0.0059 0.9609
vn -0.0697 -0.0073 0.9975
vn -0.1140 0.0007 0.9935
vn 0.0194 -0.0056 0.9998
vn -0.1158 -0.0058 0.9933
vn -0.6245 0.0005 0.7810
vn -0.6246 0.0094 0.7809
vn -0.6303 0.0013 0.7764
vn -0.5089 -0.0002 0.8609
vn -0.6224 0.0059 0.7826
vn -0.6337 0.0026 0.7736
vn -0.6418 0.0042 0.7668
vn -0.6061 -0.0032 0.7954
vn -0.9111 -0.0109 0.4119
vn -0.9729 0.0007 0.2312
vn -0.8826 0.0029 0.4700
vn -0.9652 0.0113 0.2614
vn -0.8570 -0.0055 0.5154
vn -0.8399 0.0012 0.5428
vn -0.8418 0.0027 0.5398
vn -0.8457 0.0034 0.5336
vn -0.8751 -0.0105 0.4839
vn -0.8480 0.0031 0.5299
vn -0.8717 0.0033 0.4901
vn -0.8377 0.0098 0.5460
vn -0.9941 0.0037 -0.1081
vn -0.9796 0.0110 -0.2007
vn -0.9796 0.0111 -0.2007
vn -0.9920 0.0053 -0.1259
vn -0.9925 0.0027 -0.1223
vn -0.9995 0.0005 0.0318
vn -0.9962 0.0019 0.0872
vn -0.9975 0.0033 -0.0711
vn -0.9910 0.0075 0.1334
vn -0.9112 -0.0109 0.4119
vn -0.9160 0.0018 -0.4013
vn -0.8644 0.0021 -0.5027
vn -0.9205 0.0040 -0.3906
vn -0.8932 -0.0005 -0.4496
vn -0.9162 0.0009 -0.4008
vn -0.9164 0.0024 -0.4002
vn -0.8887 0.0091 -0.4585
vn -0.9159 0.0019 -0.4014
vn -0.9158 0.0020 -0.4017
vn -0.9211 0.0023 -0.3893
vn -0.9593 0.0046 -0.2825
vn -0.9900 0.0045 -0.1411
vn -0.9183 0.0026 -0.3959
vn -0.7632 -0.0004 -0.6461
vn -0.8246 0.0001 -0.5657
vn -0.7351 0.0030 -0.6780
vn -0.7424 0.0039 -0.6699
vn -0.7233 0.0014 -0.6905
vn -0.6941 0.0012 -0.7198
vn -0.6577 0.0029 -0.7533
vn -0.6214 -0.0004 -0.7835
vn -0.3969 -0.0011 -0.9178
vn -0.5101 0.0008 -0.8601
vn -0.5744 0.0016 -0.8186
vn -0.4449 0.0052 -0.8956
vn -0.4252 0.0049 -0.9051
vn -0.5753 -0.0015 -0.8179
vn -0.5293 -0.0014 -0.8485
vn -0.5484 -0.0020 -0.8362
vn -0.5992 0.0016 -0.8006
vn -0.5947 0.0004 -0.8040
vn -0.5753 -0.0015 -0.8180
vn -0.2661 -0.0079 -0.9639
vn -0.2314 -0.0058 -0.9728
vn -0.1557 0.0004 -0.9878
vn -0.1714 0.0043 -0.9852
vn -0.2337 0.0037 -0.9723
vn -0.2230 0.0072 -0.9748
vn -0.0969 -0.0026 -0.9953
vn 0.2503 0.0006 -0.9682
vn 0.2302 0.0002 -0.9731
vn 0.1792 0.0051 0.9838
vn 0.0101 0.0004 0.9999
vn 0.1344 0.0011 0.9909
vn 0.3105 -0.0024 0.9506
vn 0.3691 0.0077 0.9294
vn 0.3255 -0.0001 0.9456
vn 0.4771 -0.0051 0.8788
vn 0.4034 -0.0000 0.9150
vn 0.8424 0.0024 0.5388
vn 0.8401 -0.0024 0.5424
vn 0.9336 0.0096 0.3581
vn 0.8740 0.0056 0.4858
vn 0.8539 0.0046 0.5205
vn 0.9850 -0.0034 -0.1725
vn 0.9870 -0.0000 -0.1608
vn 0.9695 0.0048 -0.2450
vn 0.9587 0.0078 -0.2842
vn 0.9327 0.0069 -0.3606
vn 0.9307 -0.0014 -0.3659
vn 0.9325 0.0148 -0.3608
vn 0.9415 -0.0022 -0.3371
vn 0.8441 0.0008 -0.5362
vn 0.8475 0.0041 -0.5309
vn 0.8755 -0.0027 -0.4831
vn 0.8833 0.0007 -0.4688
vn 0.8488 -0.0006 -0.5286
vn 0.8439 -0.0034 -0.5365
vn 0.7478 -0.0003 -0.6640
vn 0.8155 0.0021 -0.5788
vn 0.7696 -0.0008 -0.6385
vn 0.7461 0.0047 -0.6658
vn 0.7437 -0.0025 -0.6685
vn 0.6713 0.0026 -0.7411
vn 0.6771 0.0018 -0.7358
vn 0.4339 -0.0014 -0.9009
vn 0.4319 -0.0047 -0.9019
vn 0.4860 -0.0026 -0.8740
vn 0.4613 0.0032 -0.8872
vn 0.3184 0.0013 -0.9479
vn 0.2983 0.0021 -0.9545
vn 0.3760 -0.0113 -0.9265
vn 0.1836 0.0049 -0.9830
vn 0.2436 -0.0025 -0.9699
vn 0.2872 0.0096 -0.9578
vn 0.2080 0.0134 -0.9780
vn 0.1313 0.0040 -0.9913
vn 0.0731 -0.0024 -0.9973
vn -0.0108 0.0062 -0.9999
vn -0.1609 -0.6624 -0.7316
vn -0.2724 -0.7778 -0.5664
vn -0.3960 -0.8412 0.3682
vn -0.4267 -0.7294 0.5347
vn -0.5883 -0.8018 -0.1047
vn -0.5148 -0.7012 -0.4932
vn -0.4190 -0.4629 0.7811
vn -0.6746 -0.7305 -0.1063
vn -0.3707 -0.3408 0.8639
vn -0.7302 -0.5454 0.4115
vn -0.4304 -0.2615 0.8640
vn -0.6827 -0.4036 -0.6091
vn -0.5650 -0.2660 0.7811
vn -0.4733 -0.1719 0.8640
vn -0.7486 -0.2617 -0.6091
vn -0.4880 -0.1244 0.8640
vn -0.7845 -0.1141 -0.6095
vn -0.7227 0.0052 0.6912
vn -0.7128 0.0052 0.7014
vn -0.7117 0.0044 0.7024
vn -0.6718 -0.0018 0.7407
vn -0.8135 -0.0011 0.5816
vn -0.9960 -0.0017 -0.0892
vn -0.9586 -0.0063 -0.2848
vn -0.9877 0.0001 -0.1564
vn -0.1346 -0.0024 -0.9909
vn -0.2181 -0.0002 -0.9759
vn -0.2116 -0.0028 -0.9774
vn -0.0777 0.0106 -0.9969
vn -0.1345 -0.0024 -0.9909
vn -0.1641 -0.0006 -0.9864
vn -0.1977 -0.0048 -0.9803
vn -0.1678 0.0050 -0.9858
vn -0.0167 0.0003 -0.9999
vn -0.0225 -0.0029 -0.9997
vn -0.3109 -0.0033 -0.9505
vn -0.1958 -0.0035 -0.9806
vn -0.1819 -0.0029 -0.9833
vn -0.1815 0.0007 -0.9834
vn -0.1800 -0.0099 -0.9836
vn -0.1652 -0.0005 -0.9863
vn -0.1643 0.0001 -0.9864
vn -0.2716 0.0066 -0.9624
vn -0.1653 -0.0004 -0.9863
vn -0.3922 0.0009 -0.9199
vn -0.3294 -0.0089 -0.9441
vn -0.2850 -0.0034 -0.9585
vn -0.2368 0.0023 -0.9715
vn -0.3597 0.0023 -0.9331
vn -0.3108 -0.0033 -0.9505
vn -0.3132 0.0035 -0.9497
vn -0.5214 -0.0058 -0.8533
vn -0.5779 -0.0018 -0.8161
vn -0.4998 0.0022 -0.8661
vn -0.5031 -0.0034 -0.8643
vn -0.4842 -0.0026 -0.8749
vn -0.3532 -0.0151 -0.9354
vn -0.4762 0.0049 -0.8793
vn -0.4819 -0.0004 -0.8763
vn -0.6339 -0.0075 -0.7734
vn -0.5046 -0.0068 -0.8633
vn -0.5138 -0.0015 -0.8579
vn -0.4558 0.0021 -0.8901
vn -0.4312 -0.0013 -0.9022
vn -0.4351 -0.0023 -0.9004
vn -0.5078 -0.0049 -0.8615
vn -0.9186 0.0038 -0.3951
vn -0.9447 -0.0093 -0.3279
vn -0.9827 0.0093 -0.1852
vn -0.9613 0.0217 -0.2748
vn -0.9722 -0.0042 -0.2343
vn -0.9898 -0.0029 -0.1423
vn -0.9700 -0.0429 -0.2392
vn -0.9498 0.0059 -0.3129
vn -0.9508 -0.0053 -0.3097
vn -0.9789 -0.0006 -0.2041
vn -0.9829 -0.0030 -0.1841
vn -0.9586 -0.0063 -0.2847
vn -0.9144 -0.0061 -0.4048
vn -0.9287 -0.0001 -0.3707
vn -0.9195 -0.0068 -0.3930
vn -0.8549 -0.0046 -0.5188
vn -0.8465 -0.0044 -0.5324
vn -0.8435 0.0025 -0.5371
vn -0.8324 -0.0037 -0.5541
vn -0.8251 -0.0021 -0.5649
vn -0.7687 -0.0044 -0.6396
vn -0.8440 0.0027 -0.5363
vn -0.9040 -0.0020 -0.4276
vn -0.7947 0.0054 -0.6070
vn -0.7524 0.0012 -0.6587
vn -0.8829 0.0028 -0.4695
vn -0.8549 -0.0045 -0.5188
vn -0.7525 0.0012 -0.6586
vn -0.7332 0.0014 -0.6800
vn -0.7556 -0.0064 -0.6550
vn -0.7362 0.0001 -0.6768
vn -0.7509 -0.0033 -0.6605
vn -0.7633 -0.0031 -0.6460
vn -0.7158 -0.0016 -0.6983
vn -0.7044 -0.0002 -0.7098
vn -0.7745 -0.0034 -0.6326
vn -0.7701 -0.0029 -0.6379
vn -0.8464 -0.0044 -0.5325
vn -0.7333 -0.0057 -0.6799
vn -0.5973 -0.0008 -0.8020
vn -0.7630 -0.0053 -0.6464
vn -0.7702 -0.0029 -0.6379
vn -0.9988 0.0014 -0.0495
vn -0.9926 0.0050 0.1210
vn -0.9996 0.0015 -0.0296
vn -0.9926 0.0050 0.1211
vn -0.9999 -0.0045 0.0096
vn -0.9997 -0.0018 -0.0237
vn -0.9956 -0.0009 0.0938
vn -0.9982 -0.0023 -0.0593
vn -0.9829 -0.0029 -0.1842
vn -0.9962 -0.0097 -0.0869
vn -0.9920 -0.0057 -0.1259
vn -0.9771 -0.0021 0.2126
vn -0.9866 -0.0075 0.1632
vn -0.9638 0.0027 0.2664
vn -0.9748 -0.0100 0.2230
vn -0.9470 0.0012 0.3213
vn -0.9469 -0.0081 0.3215
vn -0.9405 -0.0064 0.3398
vn -0.9699 -0.0009 0.2435
vn -0.9844 -0.0055 0.1756
vn -0.9688 -0.0008 0.2477
vn -0.9694 -0.0012 0.2455
vn -0.9892 -0.0027 0.1469
vn -0.9962 -0.0038 0.0875
vn -0.9994 0.0044 0.0336
vn -0.8615 0.0002 0.5077
vn -0.8240 -0.0025 0.5667
vn -0.8209 -0.0025 0.5710
vn -0.8700 -0.0013 0.4931
vn -0.8372 -0.0029 0.5469
vn -0.8052 0.0057 0.5930
vn -0.7377 0.0051 0.6751
vn -0.8510 0.0158 0.5249
vn -0.9197 -0.0059 0.3926
vn -0.8411 -0.0011 0.5409
vn -0.8416 -0.0038 0.5400
vn -0.9114 -0.0066 0.4116
vn -0.8705 -0.0016 0.4921
vn -0.9031 0.0017 0.4294
vn -0.9538 0.0031 0.3004
vn -0.9683 -0.0046 0.2499
vn -0.8615 0.0002 0.5078
vn -0.9142 -0.0029 0.4052
vn -0.4639 -0.0022 0.8859
vn -0.5274 -0.0001 0.8496
vn -0.6440 -0.0029 0.7650
vn -0.5951 0.0050 0.8036
vn -0.5450 0.0001 0.8384
vn -0.6132 -0.0017 0.7899
vn -0.5396 0.0017 0.8419
vn -0.6165 0.0060 0.7873
vn -0.6471 -0.0053 0.7624
vn -0.7125 0.0047 0.7017
vn -0.6111 -0.0036 0.7915
vn -0.6155 -0.0017 0.7881
vn -0.5755 -0.0059 0.8178
vn -0.7140 -0.0017 0.7001
vn -0.6163 -0.0036 0.7875
vn -0.7302 -0.0069 0.6832
vn -0.6642 0.0017 0.7476
vn -0.6194 0.0021 0.7851
vn -0.7014 0.0042 0.7127
vn -0.3075 0.0006 0.9515
vn -0.1953 -0.0039 0.9807
vn -0.2839 -0.0014 0.9588
vn -0.1621 0.0046 0.9868
vn -0.1509 -0.0044 0.9885
vn -0.2564 -0.0026 0.9666
vn -0.2462 -0.0000 0.9692
vn -0.3225 -0.0028 0.9466
vn -0.3083 -0.0027 0.9513
vn -0.2956 0.0017 0.9553
vn -0.3888 -0.0074 0.9213
vn -0.4148 0.0019 0.9099
vn -0.3311 -0.0043 0.9436
vn -0.4107 -0.0001 0.9118
vn -0.3411 -0.0027 0.9400
vn -0.4362 -0.0004 0.8999
vn -0.3298 -0.0011 0.9441
vn -0.4061 -0.0020 0.9138
vn -0.5093 -0.0064 0.8605
vn -0.5167 0.0049 0.8561
vn -0.5015 0.0038 0.8651
vn -0.4178 0.0003 0.9085
vn -0.1207 0.0008 0.9927
vn -0.0106 -0.0025 0.9999
vn -0.0886 0.0010 0.9961
vn 0.0593 0.0044 0.9982
vn 0.0431 -0.0019 0.9991
vn 0.1537 -0.0012 0.9881
vn 0.1162 0.0015 0.9932
vn 0.0748 0.0017 0.9972
vn -0.0150 0.0065 0.9999
vn 0.1617 -0.0106 0.9868
vn 0.1032 0.0018 0.9947
vn 0.1665 0.0001 0.9860
vn -0.0118 0.0004 0.9999
vn -0.0878 -0.0059 0.9961
vn -0.0834 0.0043 0.9965
vn -0.0053 -0.0073 1.0000
vn -0.0349 0.0082 0.9994
vn -0.1098 -0.0000 0.9940
vn -0.0094 0.0032 1.0000
vn 0.0644 -0.0051 0.9979
vn -0.0041 -0.0098 0.9999
vn 0.0159 -0.0103 0.9998
vn 0.1227 -0.0044 0.9924
vn 0.0825 -0.0038 0.9966
vn 0.1730 0.0072 0.9849
vn 0.0824 -0.0037 0.9966
vn -0.1964 0.0064 0.9805
vn -0.0953 -0.0028 0.9954
vn -0.1680 0.0042 0.9858
vn -0.1885 -0.0019 0.9821
vn -0.0603 -0.0077 0.9982
vn -0.0878 -0.0060 0.9961
vn -0.0076 -0.0009 1.0000
vn -0.1505 0.0025 0.9886
vn -0.4378 -0.0009 0.8991
vn -0.3336 0.0052 0.9427
vn -0.4940 0.0098 0.8694
vn -0.4128 -0.0231 0.9105
vn -0.3497 0.0002 0.9369
vn -0.3653 -0.0013 0.9309
vn -0.4238 0.0008 0.9058
vn -0.3583 -0.0020 0.9336
vn -0.3489 0.0011 0.9371
vn -0.3974 0.0138 0.9175
vn -0.4685 -0.0035 0.8835
vn -0.2657 0.0126 0.9640
vn -0.3578 0.0064 0.9338
vn -0.3517 0.0148 0.9360
vn -0.2704 0.0064 0.9627
vn -0.2426 0.0013 0.9701
vn -0.3489 -0.0003 0.9372
vn -0.2347 -0.0018 0.9721
vn -0.1533 -0.0071 0.9882
vn -0.1754 0.0024 0.9845
vn -0.1234 0.0017 0.9924
vn -0.2296 -0.0041 0.9733
vn -0.2341 -0.0018 0.9722
vn -0.2425 0.0013 0.9701
vn -0.2703 0.0064 0.9627
vn -0.1591 0.0078 0.9872
vn -0.2137 -0.0023 0.9769
vn -0.1674 0.0008 0.9859
vn -0.2657 0.0127 0.9640
vn -0.1307 0.0017 0.9914
vn -0.0191 0.0004 0.9998
vn 0.0287 -0.0002 0.9996
vn -0.6770 -0.0008 0.7359
vn -0.6348 0.0038 0.7727
vn -0.5826 0.0072 0.8128
vn -0.5747 0.0051 0.8183
vn -0.6519 0.0009 0.7583
vn -0.6566 0.0041 0.7542
vn -0.6342 0.0049 0.7731
vn -0.6275 0.0025 0.7786
vn -0.6599 0.0044 0.7513
vn -0.6387 -0.0014 0.7695
vn -0.6191 0.0065 0.7853
vn -0.4889 0.0022 0.8724
vn -0.4862 -0.0033 0.8739
vn -0.6038 0.0011 0.7971
vn -0.5694 -0.0070 0.8221
vn -0.7054 0.0096 0.7088
vn -0.6461 0.0084 0.7632
vn -0.5519 0.0014 0.8339
vn -0.4443 0.0011 0.8959
vn -0.9154 0.0030 0.4025
vn -0.9451 0.0051 0.3268
vn -0.9530 0.0026 0.3029
vn -0.9747 0.0112 0.2231
vn -0.9001 0.0058 0.4356
vn -0.9058 0.0045 0.4237
vn -0.8465 -0.0099 0.5323
vn -0.9253 0.0219 0.3785
vn -0.8704 -0.0040 0.4923
vn -0.8512 0.0053 0.5249
vn -0.8600 -0.0014 0.5102
vn -0.8776 -0.0002 0.4795
vn -0.8437 0.0065 0.5367
vn -0.8799 0.0098 0.4750
vn -0.8755 -0.0108 0.4830
vn -0.9220 -0.0080 0.3870
vn -0.8619 0.0011 0.5070
vn -0.7856 0.0047 0.6188
vn -0.8531 0.0043 0.5217
vn -0.8129 -0.0006 0.5825
vn -0.8379 0.0100 0.5457
vn -0.8135 0.0018 0.5815
vn -0.7309 -0.0008 0.6824
vn -0.8468 0.0035 0.5319
vn -0.7979 0.0018 0.6028
vn -0.8293 -0.0000 0.5588
vn -0.9839 -0.0029 -0.1786
vn -0.9643 0.0037 -0.2648
vn -0.9922 0.0029 -0.1247
vn -0.9934 0.0060 -0.1147
vn -0.9997 0.0128 0.0186
vn -0.9925 0.0027 -0.1224
vn -0.9850 -0.0060 -0.1725
vn -0.9896 -0.0044 -0.1436
vn -0.9977 0.0020 -0.0673
vn -0.9998 -0.0000 -0.0182
vn -0.9977 0.0029 -0.0683
vn -1.0000 0.0013 -0.0056
vn -0.9984 0.0021 -0.0572
vn -0.6112 0.7872 0.0828
vn -0.9937 0.0075 0.1119
vn -0.9799 0.0016 0.1994
vn -0.9690 -0.0028 0.2469
vn -0.9718 0.0007 0.2357
vn -0.9935 -0.0031 0.1135
vn -0.9848 0.0007 0.1738
vn -0.9694 -0.0000 0.2455
vn -0.9870 0.0004 0.1610
vn -0.9951 -0.0123 0.0981
vn -0.9998 -0.0026 -0.0220
vn -0.9999 0.0017 0.0114
vn -0.9850 0.0028 0.1723
vn -0.9808 0.0074 0.1948
vn -0.9862 -0.0081 0.1652
vn -0.9762 0.0076 0.2166
vn -0.9922 0.0009 0.1248
vn -0.9749 0.0048 0.2226
vn -0.8750 0.0005 -0.4841
vn -0.8750 0.0005 -0.4840
vn -0.8471 -0.0008 -0.5314
vn -0.9105 0.0010 -0.4134
vn -0.8517 -0.0034 -0.5240
vn -0.8017 0.0050 -0.5977
vn -0.8517 -0.0034 -0.5239
vn -0.8948 0.0008 -0.4465
vn -0.9128 0.0052 -0.4085
vn -0.8838 0.0045 -0.4679
vn -0.8531 0.0026 -0.5217
vn -0.9323 0.0052 -0.3617
vn -0.9247 0.0065 -0.3806
vn -0.9279 0.0050 -0.3727
vn -0.9329 0.0028 -0.3601
vn -0.9191 0.0002 -0.3940
vn -0.9241 0.0040 -0.3820
vn -0.9856 0.0036 -0.1689
vn -0.8143 -0.0022 -0.5805
vn -0.7501 0.0005 -0.6613
vn -0.7407 0.0026 -0.6719
vn -0.8182 -0.0006 -0.5750
vn -0.7820 0.0029 -0.6233
vn -0.7148 0.0032 -0.6993
vn -0.6579 0.0005 -0.7531
vn -0.7704 0.0042 -0.6376
vn -0.7212 0.0030 -0.6927
vn -0.8115 0.0016 -0.5844
vn -0.7312 0.0034 -0.6821
vn -0.7506 0.0004 -0.6608
vn -0.8247 0.0033 -0.5655
vn -0.7703 0.0042 -0.6376
vn -0.8340 0.0074 -0.5518
vn -0.7900 -0.0045 -0.6131
vn -0.2172 -0.0003 -0.9761
vn -0.3842 -0.0014 -0.9232
vn -0.3959 0.0032 -0.9183
vn -0.3085 0.0037 -0.9512
vn -0.3530 -0.0018 -0.9356
vn -0.4396 0.0007 -0.8982
vn -0.4801 0.0042 -0.8772
vn -0.3230 0.0009 -0.9464
vn -0.3053 0.0052 -0.9522
vn -0.4844 0.0026 -0.8749
vn -0.3870 0.0011 -0.9221
vn -0.4927 0.0002 -0.8702
vn -0.4928 0.0002 -0.8702
vn -0.5100 0.0008 -0.8602
vn -0.4539 0.0010 -0.8911
vn -0.5102 0.0045 -0.8601
vn -0.4769 0.0007 -0.8789
vn -0.5501 0.0012 -0.8351
vn -0.5687 0.0022 -0.8226
vn -0.5284 0.0009 -0.8490
vn -0.6455 0.0031 -0.7637
vn -0.5073 0.0056 -0.8617
vn -0.5859 0.0027 -0.8104
vn -0.4770 0.0007 -0.8789
vn -0.5947 0.0005 -0.8040
vn -0.5707 0.0026 -0.8211
vn -0.6846 0.0016 -0.7289
vn -0.2552 -0.0063 -0.9669
vn -0.3229 0.0009 -0.9464
vn -0.2711 -0.0011 -0.9625
vn -0.4259 -0.0042 -0.9048
vn -0.2578 0.0060 -0.9662
vn -0.1826 0.0024 -0.9832
vn -0.2847 0.0003 -0.9586
vn -0.1648 0.0005 -0.9863
vn -0.1650 0.0009 -0.9863
vn -0.2712 -0.0011 -0.9625
vn -0.2552 -0.0064 -0.9669
vn -0.1461 0.0040 -0.9893
vn 0.0634 -0.0048 -0.9980
vn -0.1529 0.0086 -0.9882
vn -0.1298 0.0017 -0.9915
vn 0.0144 0.0089 -0.9999
vn -0.1748 0.0029 -0.9846
vn 0.0266 -0.0155 -0.9995
vn -0.0371 -0.0037 -0.9993
vn 0.1095 -0.0100 -0.9939
vn 0.0628 0.0011 -0.9980
vn -0.0289 -0.0078 -0.9996
vn 0.1992 0.0025 -0.9800
vn 0.2256 -0.0083 -0.9742
vn 0.1632 -0.0003 -0.9866
vn 0.1730 0.0073 0.9849
vn 0.1413 -0.0025 0.9900
vn 0.2151 0.0082 0.9766
vn 0.0555 0.0040 0.9984
vn 0.2160 0.0025 0.9764
vn 0.1535 -0.0041 0.9881
vn 0.2187 -0.0000 0.9758
vn 0.1982 0.0009 0.9802
vn 0.2365 -0.0070 0.9716
vn 0.3440 0.0026 0.9390
vn 0.2376 -0.0060 0.9714
vn 0.2445 -0.0019 0.9696
vn 0.3292 0.0012 0.9443
vn 0.3122 0.0015 0.9500
vn 0.1934 -0.0053 0.9811
vn 0.1661 -0.0006 0.9861
vn 0.1590 -0.0013 0.9873
vn 0.2835 -0.0031 0.9590
vn 0.3144 0.0017 0.9493
vn 0.3298 0.0001 0.9440
vn 0.3061 0.0097 0.9520
vn 0.2648 -0.0005 0.9643
vn 0.2617 0.0033 0.9651
vn 0.2385 -0.0011 0.9711
vn 0.4970 0.0020 0.8678
vn 0.3215 -0.0008 0.9469
vn 0.2929 0.0019 0.9561
vn 0.3298 0.0023 0.9440
vn 0.3236 0.0058 0.9462
vn 0.6816 -0.0043 0.7317
vn 0.6288 0.0051 0.7776
vn 0.7133 0.0121 0.7008
vn 0.7691 0.0073 0.6391
vn 0.6359 0.0088 0.7717
vn 0.8027 0.0097 0.5963
vn 0.7184 0.0189 0.6953
vn 0.8268 0.0039 0.5625
vn 0.7748 -0.0051 0.6322
vn 0.7898 0.0043 0.6134
vn 0.8292 -0.0015 0.5589
vn 0.7117 0.0074 0.7024
vn 0.8093 -0.0001 0.5874
vn 0.8052 -0.0021 0.5930
vn 0.8963 0.0010 0.4434
vn 0.9148 -0.0134 0.4037
vn 0.8547 -0.0063 0.5190
vn 0.8851 0.0202 0.4649
vn 0.8562 -0.0011 0.5167
vn 0.7748 0.0073 0.6322
vn 0.8492 -0.0076 0.5280
vn 0.9086 -0.0047 0.4176
vn 0.8864 -0.0022 0.4630
vn 0.9157 0.0055 0.4018
vn 0.9148 -0.0135 0.4037
vn 0.9077 0.0017 0.4197
vn 0.7868 -0.0010 0.6172
vn 0.9607 0.0010 0.2775
vn 0.9692 -0.0000 0.2461
vn 0.9678 0.0013 0.2518
vn 0.9801 0.0082 0.1981
vn 0.9945 -0.0135 0.1039
vn 0.9745 0.0061 0.2241
vn 0.9682 0.0032 0.2500
vn 0.9672 -0.0028 0.2539
vn 0.9999 -0.0005 -0.0113
vn 0.9994 0.0038 0.0352
vn 0.9991 -0.0036 0.0428
vn 0.9889 -0.0016 -0.1485
vn 0.9946 0.0033 -0.1037
vn 0.9602 0.0028 -0.2792
vn 0.9861 -0.0024 -0.1663
vn 0.9952 0.0018 -0.0979
vn 0.9950 0.0031 -0.0995
vn 0.9893 0.0026 -0.1461
vn 0.9936 0.0093 -0.1126
vn 0.9790 0.0085 -0.2036
vn 0.9694 0.0001 -0.2454
vn 0.9248 0.0045 -0.3804
vn 0.9423 0.0021 -0.3348
vn 0.9248 0.0045 -0.3803
vn 0.9013 -0.0003 -0.4333
vn 0.9064 -0.0016 -0.4224
vn 0.8638 0.0059 -0.5039
vn 0.9244 -0.0037 -0.3814
vn 0.8412 0.0014 -0.5407
vn 0.8486 0.0025 -0.5290
vn 0.8761 -0.0078 -0.4820
vn 0.8986 0.0122 -0.4385
vn 0.8676 0.0021 -0.4973
vn 0.7823 0.0017 -0.6230
vn 0.7707 -0.0071 -0.6372
vn 0.6482 0.0159 -0.7613
vn 0.7409 -0.0040 -0.6716
vn 0.7269 0.0032 -0.6867
vn 0.7477 -0.0003 -0.6640
vn 0.6685 0.0054 -0.7437
vn 0.5720 0.0011 -0.8203
vn 0.7081 -0.0075 -0.7061
vn 0.5845 0.0064 -0.8114
vn 0.6193 0.0046 -0.7852
vn 0.4777 -0.0004 -0.8785
vn 0.6324 0.0006 -0.7746
vn 0.5322 -0.0003 -0.8466
vn 0.4864 0.0077 -0.8737
vn 0.4726 0.0013 -0.8813
vn 0.6644 0.0030 -0.7474
vn 0.5376 -0.0031 -0.8432
vn 0.3947 -0.0097 -0.9188
vn 0.4105 0.0005 -0.9118
vn 0.4482 -0.0045 -0.8939
vn 0.4366 -0.0058 -0.8996
vn 0.4722 0.0019 -0.8815
vn 0.4181 0.0090 -0.9084
vn 0.3124 -0.0133 -0.9499
vn 0.2463 0.0077 -0.9692
vn 0.4425 0.0066 -0.8967
vn 0.2503 0.0007 -0.9682
vn 0.4254 0.0017 -0.9050
vn 0.3559 0.0074 -0.9345
vn 0.3059 -0.0003 -0.9521
vn 0.4657 -0.0035 -0.8849
vn 0.5076 0.0096 -0.8616
vn 0.3271 -0.0305 -0.9445
vn 0.3267 -0.0010 -0.9451
vn 0.1684 0.0010 -0.9857
vn 0.1696 0.0056 -0.9855
vn 0.3346 -0.0007 -0.9424
vn 0.1703 -0.0018 -0.9854
vn 0.2518 -0.0020 -0.9678
vn 0.2436 0.0036 -0.9699
vn 0.1872 0.0011 -0.9823
vn 0.2915 0.0080 -0.9565
vn 0.2565 -0.0197 -0.9663
vn 0.3864 0.0023 -0.9223
vn 0.1993 -0.0108 -0.9799
vn 0.1529 0.0044 -0.9882
vn 0.2882 -0.0056 -0.9576
vn 0.4008 0.0035 -0.9161
vn 0.4053 0.0007 -0.9142
vn 0.2516 0.0045 -0.9678
vn 0.3592 0.0067 -0.9332
vn 0.3573 -0.0046 -0.9340
vn 0.2117 0.0014 -0.9773
vn 0.1628 0.0006 -0.9867
vn 0.1370 0.0004 -0.9906
vn 0.2348 0.0005 -0.9720
vn 0.3486 0.0028 -0.9373
vn 0.1775 -0.0030 -0.9841
vn 0.1454 0.0015 -0.9894
vn 0.1774 -0.0030 -0.9841
vn 0.0745 0.0008 -0.9972
vn 0.1804 -0.0039 -0.9836
vn 0.0865 -0.0024 -0.9962
vn 0.1265 -0.0091 -0.9919
vn 0.0558 0.0113 -0.9984
vn -0.2047 -0.7143 0.6692
vn -0.2424 -0.7036 0.6680
vn -0.3082 -0.6623 0.6829
vn -0.4074 -0.8783 0.2504
vn -0.2185 -0.6295 -0.7457
vn -0.6485 -0.7490 0.1359
vn -0.6482 -0.7534 -0.1108
vn -0.7774 -0.5820 -0.2387
vn -0.8389 -0.5270 0.1359
vn -0.9563 -0.2591 0.1359
vn -0.9548 -0.2969 0.0144
vn -0.9017 -0.2625 -0.3436
vn -0.9770 -0.1634 0.1372
vn -0.6458 -0.1642 -0.7456
vn -0.6569 -0.0940 -0.7481
vn -0.5771 -0.0692 -0.8137
vn -0.0241 0.0103 0.9997
vn -0.3383 0.0032 0.9410
vn 0.4642 0.0031 -0.8857
vn -0.6957 -0.0031 -0.7184
vn -0.5031 -0.0034 -0.8642
vn -0.4999 0.0022 -0.8661
vn -0.9740 -0.0095 0.2263
vn -0.2461 -0.0000 0.9692
vn -0.1049 0.0095 0.9944
vn 0.3469 -0.0084 0.9379
vn 0.4744 -0.0125 0.8802
vn 0.5959 -0.0059 -0.8031
vn 0.1192 0.6627 -0.7393
vn 0.2507 0.9677 -0.0263
vn -0.1413 0.1400 0.9800
vn -0.9658 0.0024 -0.2594
vn -0.9572 0.0100 0.2892
vn -0.9394 0.0159 0.3423
vn -0.9776 0.0623 0.2009
vn -0.9644 -0.0029 0.2645
vn -0.9043 -0.0102 0.4268
vn -0.9697 -0.0015 0.2443
vn -0.9703 -0.0019 0.2421
vn -0.6757 -0.0035 0.7372
vn -0.1365 0.0039 0.9906
vn -0.9873 -0.0080 -0.1586
vn -0.9921 0.0046 -0.1256
vn -0.5117 -0.0038 -0.8592
vn 0.0390 -0.0006 0.9992
vn 0.7394 0.0030 0.6733
vn 0.7266 -0.0118 0.6870
vn 0.8337 -0.0025 0.5522
vn 0.9993 0.0221 0.0297
vn 0.9808 0.0099 0.1948
vn 0.9936 -0.0071 0.1130
vn 0.9912 0.0015 -0.1325
vn 0.9829 0.0106 -0.1838
vn 0.9733 0.0071 -0.2294
vn 0.9193 0.0082 -0.3934
vn 0.8798 0.0052 -0.4754
vn 0.8477 -0.0003 -0.5306
vn 0.7478 0.0095 -0.6639
vn 0.3499 -0.0576 -0.9350
vn -0.4374 0.0012 -0.8993
vn -0.3202 -0.0011 -0.9474
vn -0.3242 0.0003 -0.9460
vn -0.5774 0.0060 -0.8164
vn -0.4843 -0.0026 -0.8749
vn -0.4846 -0.0194 -0.8745
vn -0.3497 -0.0087 -0.9368
vn -0.4954 -0.0053 -0.8686
vn -0.7671 -0.0053 -0.6416
vn -0.7535 -0.0028 -0.6574
vn -0.9920 -0.0056 -0.1259
vn -0.9866 -0.0076 0.1632
vn -0.9771 -0.0021 0.2127
vn -0.9937 -0.0067 0.1122
vn -0.9142 -0.0029 0.4053
vn -0.8547 -0.0041 0.5191
vn -0.8195 -0.0032 0.5730
vn -0.8349 -0.0038 0.5504
vn -0.5991 -0.0045 0.8007
vn -0.6965 -0.0054 0.7175
vn -0.8195 -0.0031 0.5731
vn -0.3237 -0.0029 0.9462
vn -0.3280 -0.0233 0.9444
vn -0.3786 0.0031 0.9256
vn -0.1579 0.0027 0.9874
vn -0.1194 0.0042 0.9928
vn -0.0885 0.0010 0.9961
vn -0.9321 -0.0003 0.3622
vn -0.9782 0.0015 0.2075
vn -0.4397 0.0007 -0.8982
vn 0.5040 0.0044 0.8637
vn 0.5319 0.0097 0.8468
vn 0.5501 0.0084 0.8351
vn 0.5337 -0.0035 0.8456
vn 0.6166 0.0018 0.7873
vn 0.6080 0.0019 0.7939
vn 0.7469 -0.0047 0.6649
vn 0.7247 0.0051 0.6890
vn 0.6245 -0.0041 0.7810
vn 0.7807 0.0029 0.6249
vn 0.8293 0.0056 0.5588
vn 0.7186 -0.0036 0.6954
vn 0.8997 -0.0063 0.4365
vn 0.8918 0.0013 0.4524
vn 0.9071 -0.0184 0.4206
vn 0.9233 -0.0019 0.3841
vn 0.9710 0.0031 0.2389
vn 0.9764 -0.0007 0.2159
vn 0.9637 -0.0109 0.2667
vn 0.9992 -0.0036 0.0388
vn 0.9987 0.0099 0.0493
vn 0.9968 -0.0002 -0.0800
vn 0.9912 -0.0050 -0.1324
vn 0.9312 -0.0073 -0.3645
vn 0.9481 0.0019 -0.3180
vn 0.9014 0.0051 -0.4330
vn 0.7374 -0.0003 -0.6755
vn 0.8379 -0.0073 -0.5457
vn 0.7374 -0.0003 -0.6754
vn 0.7542 0.0054 -0.6567
vn 0.6369 0.0051 -0.7709
vn 0.7591 -0.0009 -0.6510
vn 0.7813 0.0014 -0.6241
vn 0.4788 0.0013 -0.8779
vn 0.6180 0.0126 -0.7860
vn 0.6022 -0.0032 -0.7984
vn 0.4339 -0.0014 -0.9010
vn 0.4366 -0.0057 -0.8996
vn 0.2796 -0.0071 -0.9601
vn 0.2623 -0.0025 -0.9650
vn 0.4425 0.0025 -0.8968
vn 0.4723 0.0007 -0.8814
vn 0.3120 -0.0063 -0.9500
vn 0.3724 -0.0004 -0.9281
vn -0.2240 -0.4510 0.8639
vn -0.3288 -0.5569 0.7628
vn -0.3293 -0.4907 0.8067
vn -0.3921 -0.3542 0.8490
vn -0.4582 -0.3731 0.8067
vn -0.4540 -0.2704 0.8490
vn -0.5520 0.0014 0.8339
vn -0.5579 0.0040 0.8299
vn -0.5702 -0.0060 0.8215
vn 0.0349 0.0040 0.9994
vn -0.3290 0.0041 0.9443
vn -0.3247 -0.0000 0.9458
vn -0.2243 0.0044 0.9745
vn -0.9561 -0.0019 0.2931
vn -0.9308 0.0088 0.3654
vn 0.3001 -0.0023 0.9539
vn 0.3197 0.0003 0.9475
vn 0.8250 0.0113 0.5650
vn 0.8447 -0.0060 0.5352
vn 0.8690 -0.0036 0.4948
vn 0.9996 0.0020 -0.0264
vn 0.9995 0.0084 0.0315
vn 0.9819 0.0074 -0.1893
vn 0.9896 0.0088 -0.1439
vn 0.9344 0.0180 -0.3557
vn 0.9247 -0.0050 -0.3806
vn 0.3529 -0.0138 -0.9356
vn -0.3441 -0.0096 -0.9389
vn -0.5104 0.0096 -0.8599
vn -0.9300 0.0029 -0.3676
vn -0.9074 -0.0127 -0.4201
vn -0.9135 -0.0039 -0.4067
vn -0.9348 0.0001 -0.3553
vn -0.9350 -0.0040 -0.3548
vn -0.8135 -0.0058 -0.5816
vn -0.9985 -0.0023 0.0552
vn -0.9973 -0.0002 -0.0738
vn -0.9714 -0.0025 0.2373
vn -0.8368 -0.0034 0.5476
vn -0.9638 0.0027 0.2665
vn -0.9269 0.0031 0.3754
vn -0.6155 -0.0024 0.7881
vn -0.3439 0.0046 0.9390
vn -0.3441 -0.0063 0.9389
vn -0.4063 -0.1322 0.9041
vn 0.0369 -0.0013 0.9993
vn 0.1837 0.0003 0.9830
vn -0.0790 -0.0020 0.9969
vn -0.2332 -0.0039 0.9724
vn -0.0484 -0.0096 0.9988
vn 0.0370 -0.0013 0.9993
vn -0.1139 0.0007 0.9935
vn -0.6470 -0.0000 0.7625
vn -0.9870 -0.0076 -0.1608
vn -0.9964 0.0025 -0.0849
vn -0.9988 0.0037 0.0488
vn -0.9519 0.0032 0.3062
vn -0.8872 0.0023 -0.4613
vn -0.8677 -0.0006 -0.4970
vn -0.4827 0.0003 -0.8758
vn -0.4952 -0.0043 -0.8688
vn -0.1770 -0.0124 -0.9841
vn 0.0143 0.0089 -0.9999
vn 0.0455 -0.0011 -0.9990
vn 0.5337 -0.0035 0.8457
vn 0.5042 0.0040 0.8636
vn 0.3830 0.0001 0.9237
vn 0.8062 -0.0048 0.5916
vn 0.8171 0.0032 0.5766
vn 0.7185 -0.0112 0.6955
vn 0.9981 -0.0052 -0.0618
vn 0.9986 0.0016 0.0528
vn 0.9750 0.0003 -0.2223
vn 0.9960 -0.0001 -0.0890
vn 0.9808 -0.0049 -0.1947
vn 0.9612 -0.0023 -0.2757
vn 0.9951 0.0031 -0.0984
vn 0.9259 -0.0066 -0.3778
vn 0.9809 -0.0049 -0.1947
vn 0.9083 0.0005 -0.4184
vn 0.8277 -0.0005 -0.5611
vn 0.8648 -0.0040 -0.5022
vn 0.8155 -0.0021 -0.5787
vn 0.9085 0.0026 -0.4179
vn 0.7547 -0.0067 -0.6560
vn 0.8648 -0.0040 -0.5021
vn 0.5351 0.0084 -0.8447
vn 0.2751 -0.0061 -0.9614
vn 0.4333 -0.0086 -0.9012
vn 0.3192 0.0123 -0.9476
vn -0.0783 0.0136 -0.9968
vn 0.0429 0.0060 0.9991
vn -0.3822 -0.5217 0.7627
vn -0.5685 -0.7808 0.2590
vn -0.4191 -0.4628 0.7811
vn -0.4397 -0.3961 0.8061
vn -0.4539 -0.2703 0.8490
vn -0.8439 -0.3994 0.3583
vn -0.6084 -0.2193 0.7627
vn -0.8955 -0.2553 0.3646
vn -0.5855 0.0001 -0.8106
vn -0.9234 -0.0019 -0.3838
vn -0.8998 -0.0044 -0.4362
vn -0.9800 -0.0002 0.1988
vn -0.9656 -0.0065 0.2601
vn -0.6135 -0.0028 0.7897
vn -0.6399 -0.0013 0.7684
vn -0.6164 -0.0025 0.7874
vn -0.7332 -0.0020 0.6801
vn -0.7693 0.0011 0.6388
vn -0.6691 0.0061 0.7432
vn 0.1540 0.0039 0.9881
vn -0.3325 0.0026 0.9431
vn -0.3712 0.0044 0.9285
vn -0.2880 -0.0086 0.9576
vn -0.1247 0.0049 0.9922
vn -0.6038 0.0011 0.7972
vn -0.8570 -0.0055 0.5153
vn -0.8293 -0.0001 0.5589
vn -0.8717 0.0033 0.4900
vn -0.9496 -0.0013 -0.3134
vn -0.9994 0.0050 -0.0333
vn -0.8982 0.0020 -0.4397
vn -0.9289 0.0007 -0.3703
vn -0.5128 0.0050 -0.8585
vn -0.5117 -0.0038 -0.8591
vn -0.7085 0.0022 -0.7058
vn -0.6743 0.0009 -0.7384
vn -0.0771 0.0022 -0.9970
vn 0.1013 0.0053 -0.9948
vn 0.4170 -0.0073 0.9089
vn 0.3386 -0.0028 0.9409
vn 0.3797 0.0020 0.9251
vn 0.6755 0.0069 0.7374
vn 0.6771 -0.0006 0.7359
vn 0.8377 0.0005 0.5461
vn 0.7615 0.0149 0.6480
vn 0.8356 -0.0012 0.5493
vn 0.9094 0.0041 0.4158
vn 0.8438 0.0045 0.5367
vn 0.8411 -0.0033 0.5408
vn 0.9740 0.0072 0.2266
vn 0.9941 0.0011 0.1088
vn 0.9977 0.0030 -0.0679
vn 0.9976 0.0001 0.0694
vn 0.9957 0.0069 -0.0919
vn 0.9952 -0.0011 -0.0979
vn 0.9797 -0.0072 -0.2003
vn 0.9715 -0.0186 -0.2364
vn 0.9904 -0.0081 -0.1383
vn 0.9835 0.0090 -0.1805
vn 0.9330 0.0019 -0.3600
vn 0.9256 -0.0021 -0.3786
vn 0.9582 0.0065 -0.2859
vn 0.7511 0.0040 -0.6602
vn 0.8640 -0.0032 -0.5035
vn 0.6769 -0.0055 -0.7361
vn 0.7426 0.0001 -0.6697
vn 0.5711 -0.0054 -0.8209
vn 0.5859 -0.0019 -0.8104
vn 0.5346 -0.0088 -0.8450
vn 0.5906 0.0121 -0.8069
vn 0.4788 -0.0014 -0.8779
vn 0.4797 0.0022 -0.8774
vn 0.4044 0.0114 -0.9145
vn 0.3618 0.0006 -0.9323
vn 0.2879 0.0006 -0.9577
vn 0.2882 -0.0055 -0.9576
vn -0.0400 -0.0017 -0.9992
vn 0.1467 0.0021 -0.9892
vn 0.0865 -0.0024 -0.9963
vn -0.0753 -0.4991 0.8632
vn -0.3125 -0.8873 0.3392
vn -0.2994 -0.8440 0.4450
vn -0.5538 -0.7517 0.3582
vn -0.5133 -0.7219 0.4641
vn -0.5820 -0.6677 0.4641
vn -0.6450 -0.6071 0.4641
vn -0.7017 -0.5405 0.4641
vn -0.7516 -0.4687 0.4642
vn -0.7941 -0.3923 0.4641
vn -0.8290 -0.3121 0.4641
vn -0.8557 -0.2289 0.4641
vn -0.8746 -0.1410 0.4638
vn -0.8202 0.0027 0.5721
vn -0.7880 -0.0058 0.6156
vn -0.7531 0.0026 0.6579
vn -0.5883 -0.0017 0.8086
vn -0.1676 -0.0004 -0.9859
vn -0.1653 -0.0005 -0.9862
vn -0.1824 -0.0027 -0.9832
vn -0.2593 0.0005 -0.9658
vn -0.2265 0.0011 -0.9740
vn -0.1816 0.0007 -0.9834
vn -0.1540 -0.0119 -0.9880
vn -0.1653 -0.0006 -0.9862
vn -0.1680 -0.0522 -0.9844
vn -0.7158 -0.0015 -0.6983
vn -0.5158 0.0001 -0.8567
vn -0.4500 -0.0007 -0.8930
vn -0.8989 -0.0001 -0.4381
vn -0.9348 -0.0048 -0.3550
vn -0.9383 -0.0036 -0.3459
vn -0.9449 -0.0056 -0.3273
vn -0.9508 -0.0052 -0.3097
vn -0.7702 -0.0029 -0.6378
vn -0.9992 -0.0007 -0.0395
vn -0.4848 -0.4085 0.7733
vn -0.5150 0.0147 0.8571
vn -0.5941 -0.0034 0.8044
vn -0.5942 -0.0034 0.8043
vn -0.6690 -0.0008 0.7432
vn -0.1884 -0.0019 0.9821
vn -0.2839 -0.0014 0.9589
vn -0.1963 0.0064 0.9805
vn -0.3129 -0.0028 0.9498
vn -0.2294 0.0015 0.9733
vn -0.2718 -0.0035 0.9623
vn -0.3565 -0.0010 0.9343
vn -0.4854 -0.0035 0.8743
vn -0.4459 -0.0022 0.8951
vn -0.4853 -0.0035 0.8743
vn -0.4458 -0.0022 0.8951
vn -0.5053 -0.0006 0.8629
vn -0.0150 0.0066 0.9999
vn -0.0094 0.0031 1.0000
vn -0.0389 -0.0021 0.9992
vn 0.0211 0.0002 0.9998
vn 0.0188 0.0009 0.9998
vn 0.1226 -0.0044 0.9924
vn -0.2293 0.0015 0.9733
vn 0.0377 0.0022 0.9993
vn -0.4378 0.0055 0.8991
vn -0.3807 0.0040 0.9247
vn -0.3399 0.0048 0.9405
vn -0.6770 -0.0009 0.7360
vn -0.9747 0.0113 0.2232
vn -0.9934 0.0059 -0.1147
vn -0.9839 -0.0029 -0.1785
vn -0.9964 0.0025 -0.0850
vn -0.9974 0.0037 0.0713
vn -0.9701 0.0002 0.2425
vn -0.9868 0.0024 0.1622
vn -0.9848 0.0008 0.1738
vn -0.9997 0.0128 0.0187
vn -0.9804 0.0037 0.1969
vn -0.6847 0.0016 -0.7289
vn -0.7212 0.0030 -0.6928
vn -0.7546 0.0016 -0.6561
vn -0.5573 -0.0733 -0.8271
vn -0.3876 -0.0169 -0.9217
vn -0.6407 0.0049 -0.7678
vn -0.2160 0.0081 -0.9764
vn -0.1652 0.0066 -0.9862
vn -0.2112 -0.0014 -0.9774
vn -0.1742 -0.0034 -0.9847
vn 0.0283 -0.0069 0.9996
vn 0.2391 0.0040 0.9710
vn 0.1920 0.0032 0.9814
vn 0.1702 0.0057 0.9854
vn 0.0904 0.0010 0.9959
vn 0.1385 0.0050 0.9904
vn 0.1084 0.0035 0.9941
vn 0.0903 0.0009 0.9959
vn 0.2053 -0.0033 0.9787
vn 0.2664 -0.0020 0.9639
vn 0.3230 -0.0009 0.9464
vn 0.4819 0.0046 0.8762
vn 0.4373 -0.0089 0.8993
vn 0.5895 -0.0081 0.8077
vn 0.4318 -0.0132 0.9019
vn 0.4892 0.0220 0.8719
vn 0.6077 -0.0015 0.7941
vn 0.6194 -0.0051 0.7851
vn 0.6353 -0.0031 0.7723
vn 0.8102 0.0121 0.5860
vn 0.8337 0.0022 0.5522
vn 0.9084 0.0073 0.4179
vn 0.8930 0.0172 0.4498
vn 0.7856 0.0755 0.6141
vn 0.9466 -0.0119 0.3223
vn 0.9151 -0.0094 0.4031
vn 0.8651 -0.0080 0.5015
vn 0.9545 0.0109 0.2981
vn 0.9515 -0.0077 0.3074
vn 0.8891 0.0135 0.4575
vn 0.9783 -0.0051 0.2070
vn 0.9987 0.0099 0.0492
vn 0.9775 0.0030 0.2110
vn 0.9967 0.0078 0.0804
vn 0.9645 -0.0050 -0.2641
vn 0.9960 0.0221 0.0863
vn 0.9964 -0.0096 0.0848
vn 0.9970 0.0005 -0.0770
vn 0.9914 -0.0152 -0.1303
vn 0.9617 -0.0001 -0.2741
vn 0.9932 -0.0038 -0.1163
vn 0.9939 -0.0032 -0.1101
vn 0.9820 -0.0161 -0.1880
vn 0.9419 0.0032 -0.3360
vn 0.9368 -0.1756 -0.3025
vn 0.9211 -0.0071 -0.3894
vn 0.9707 -0.0014 -0.2405
vn 0.9103 -0.1729 -0.3761
vn 0.8768 -0.0062 -0.4807
vn 0.8768 -0.0062 -0.4808
vn 0.9060 0.0014 -0.4233
vn 0.9757 0.0130 -0.2189
vn 0.9681 -0.0006 -0.2507
vn 0.9240 0.0065 -0.3824
vn 0.7973 0.0034 -0.6036
vn 0.7332 0.0007 -0.6800
vn 0.7057 0.0029 -0.7085
vn 0.7580 0.0270 -0.6517
vn 0.7245 0.0052 -0.6893
vn 0.4976 0.0041 -0.8674
vn 0.6494 -0.0036 -0.7605
vn 0.5396 0.0128 -0.8418
vn 0.6714 0.0026 -0.7411
vn 0.6325 0.0005 -0.7746
vn 0.5322 -0.0004 -0.8466
vn 0.5048 -0.0103 -0.8632
vn 0.4639 -0.0052 -0.8859
vn 0.5436 -0.0031 -0.8393
vn 0.4998 0.0042 -0.8662
vn 0.6345 0.0016 -0.7729
vn 0.4723 0.0019 -0.8815
vn 0.4253 0.0017 -0.9050
vn 0.3085 -0.0032 -0.9512
vn 0.4691 -0.0004 -0.8832
vn 0.4000 -0.0017 -0.9165
vn 0.4691 -0.0005 -0.8832
vn 0.1566 -0.0058 -0.9876
vn 0.2168 0.0021 -0.9762
vn 0.1503 0.0054 -0.9886
vn 0.1683 0.0010 -0.9857
vn 0.0806 -0.0156 -0.9966
vn 0.1264 -0.0091 -0.9919
vn -0.0842 -0.0017 -0.9965
vn 0.1349 0.0707 -0.9883
vn 0.0558 0.0112 -0.9984
vn -0.0247 -0.0028 -0.9997
vn -0.1991 0.0065 -0.9799
vn -0.3315 -0.0026 -0.9435
vn -0.2691 -0.7759 0.5705
vn -0.2552 -0.7815 0.5693
vn -0.3084 -0.8817 -0.3570
vn -0.3876 -0.8458 0.3666
vn -0.4103 -0.6938 0.5919
vn -0.3939 -0.7083 0.5857
vn -0.4760 -0.8049 -0.3544
vn -0.4161 -0.7909 -0.4488
vn -0.4481 -0.8254 -0.3436
vn -0.4161 -0.7908 -0.4488
vn -0.5530 -0.7540 -0.3544
vn -0.5273 -0.7772 -0.3436
vn -0.6075 -0.7635 -0.2190
vn -0.6745 -0.7306 -0.1063
vn -0.7017 -0.5405 0.4642
vn -0.7490 -0.5599 -0.3542
vn -0.7312 -0.5893 -0.3435
vn -0.7516 -0.4687 0.4641
vn -0.8027 -0.5433 0.2460
vn -0.8005 -0.4834 -0.3542
vn -0.9209 -0.3897 0.0143
vn -0.8969 -0.3843 -0.2189
vn -0.8798 -0.3165 -0.3546
vn -0.8248 -0.3440 -0.4488
vn -0.6664 -0.2410 0.7055
vn -0.8762 -0.1754 -0.4488
vn -0.7054 0.0096 0.7087
vn -0.5964 -0.0008 0.8027
vn -0.5075 0.0023 0.8616
vn -0.3557 0.0094 0.9346
vn -0.9980 0.0025 -0.0635
vn 0.3103 0.0036 0.9506
vn 0.7336 0.0062 0.6796
vn 0.8207 0.0015 0.5714
vn 0.6846 -0.0012 0.7289
vn 0.7713 -0.0013 0.6365
vn 0.8355 0.0010 0.5494
vn 0.9967 0.0002 -0.0812
vn 1.0000 -0.0060 0.0008
vn 0.9977 0.0030 -0.0678
vn 0.9836 0.0015 -0.1803
vn 0.9177 -0.0014 -0.3974
vn -0.3955 -0.0050 -0.9185
vn -0.5196 -0.0002 -0.8544
vn -0.9348 0.0083 -0.3552
vn -0.9269 0.0046 -0.3753
vn -0.9994 -0.0111 0.0323
vn -0.9955 0.0021 -0.0947
vn -0.9031 0.0016 0.4294
vn -0.8008 0.0009 0.5990
vn -0.7484 0.0018 0.6633
vn -0.3654 -0.0013 0.9309
vn -0.3400 0.0016 0.9404
vn -0.3518 0.0041 0.9361
vn -0.1097 -0.0008 0.9940
vn -0.8449 -0.0017 0.5350
vn -0.9258 0.0034 0.3781
vn 0.1481 -0.0033 -0.9890
vn 0.1414 0.0066 -0.9899
vn 0.2016 -0.0079 -0.9794
vn 0.7425 -0.0063 0.6698
vn 0.8099 0.0011 0.5866
vn 0.7426 -0.0063 0.6698
vn 0.6687 0.0053 0.7435
vn 0.8733 -0.0070 0.4871
vn 0.8474 0.0105 0.5309
vn 0.9990 -0.0100 -0.0435
vn 0.9954 -0.0064 0.0955
vn 0.9212 -0.0010 -0.3891
vn 0.9552 0.0016 -0.2959
vn 0.5545 0.0114 -0.8321
vn 0.5410 -0.0056 -0.8410
vn 0.2436 -0.0088 -0.9698
vn -0.6722 -0.0091 0.7403
vn -0.7959 -0.0021 0.6055
vn -0.7068 0.0024 0.7075
vn -0.7067 0.0024 0.7075
vn -0.7205 -0.0058 -0.6935
vn -0.5855 -0.0079 -0.8107
vn -0.5622 -0.0032 -0.8270
vn -0.7123 -0.0041 -0.7019
vn -0.7499 -0.0018 -0.6615
vn -0.6166 -0.0036 -0.7872
vn -0.9988 0.0014 -0.0494
vn -0.0412 -0.0081 0.9991
vn 0.0016 0.0023 1.0000
vn -0.9308 0.0089 0.3655
vn -0.9561 -0.0019 0.2932
vn -0.9771 -0.0002 0.2128
vn -0.9283 0.0032 -0.3717
vn -0.9111 0.0038 -0.4122
vn -0.8644 0.0021 -0.5028
vn -0.4815 0.0025 -0.8764
vn -0.5124 0.0092 -0.8587
vn -0.1719 -0.0012 -0.9851
vn 0.1792 0.0050 0.9838
vn 0.3202 -0.0024 0.9473
vn 0.3202 -0.0024 0.9474
vn 0.3205 0.0012 0.9473
vn 0.3321 0.0026 0.9432
vn 0.3806 0.0097 0.9247
vn 0.2001 0.0107 0.9797
vn 0.2929 0.0019 0.9562
vn 0.4475 0.0072 0.8943
vn 0.4840 0.0039 0.8751
vn 0.6055 0.0086 0.7958
vn 0.5008 0.0089 0.8655
vn 0.7082 0.0026 0.7060
vn 0.7289 -0.0122 0.6845
vn 0.7032 -0.0020 0.7110
vn 0.8716 -0.0130 0.4900
vn 0.9124 -0.0049 0.4092
vn 0.8852 0.0202 0.4649
vn 0.8375 -0.0000 0.5465
vn 0.9167 0.0005 0.3996
vn 0.9206 -0.0035 0.3904
vn 0.8404 -0.0009 0.5419
vn 0.7869 -0.0010 0.6171
vn 0.9102 -0.0055 0.4141
vn 0.9278 -0.0129 0.3728
vn 0.9678 0.0018 0.2517
vn 0.9333 -0.0067 0.3590
vn 0.9890 -0.0075 0.1474
vn 0.9963 -0.0014 0.0860
vn 0.9984 -0.0041 -0.0556
vn 0.9968 -0.0002 -0.0799
vn 0.9989 -0.0044 0.0464
vn 0.9885 0.0025 -0.1514
vn 0.8859 0.0026 -0.4639
vn 0.7367 -0.0001 -0.6762
vn 0.8383 -0.0020 -0.5453
vn 0.7686 -0.0041 -0.6397
vn 0.7152 0.0034 -0.6989
vn 0.6774 -0.0035 -0.7356
vn 0.4732 0.0001 -0.8809
vn 0.3723 -0.0004 -0.9281
vn 0.3121 -0.0062 -0.9500
vn 0.5337 -0.0002 -0.8457
vn 0.5439 -0.0027 -0.8391
vn 0.5687 -0.0030 -0.8225
vn 0.2368 -0.0004 -0.9716
vn 0.1632 -0.0002 -0.9866
vn 0.1183 -0.0047 -0.9930
vn 0.1084 -0.0069 -0.9941
vn -0.0387 0.0037 0.9992
vn -0.4138 -0.2458 0.8765
vn -0.4748 -0.0396 0.8792
vn -0.4757 -0.0620 0.8774
vn -0.4888 0.0022 0.8724
vn -0.3531 0.0028 0.9356
vn -0.6224 0.0060 0.7826
vn -0.5089 -0.0002 0.8608
vn -0.0964 0.0061 -0.9953
vn -0.5807 -0.0016 -0.8141
vn -0.4241 0.0609 -0.9036
vn -0.5115 0.0082 -0.8592
vn -0.5476 0.0040 -0.8367
vn -0.5407 -0.0079 -0.8412
vn -0.6456 0.0009 -0.7636
vn -0.5152 -0.0054 -0.8570
vn -0.9417 -0.0056 -0.3365
vn -0.8248 -0.0024 -0.5654
vn -0.7671 -0.0053 -0.6415
vn -0.9994 -0.0111 0.0322
vn -0.9915 -0.0045 -0.1303
vn -0.9962 -0.0039 0.0875
vn -0.9873 0.0027 0.1586
vn -0.5991 -0.0045 0.8006
vn -0.6015 -0.0067 0.7988
vn -0.3524 -0.0031 0.9359
vn -0.2150 -0.0047 0.9766
vn -0.1104 -0.0002 0.9939
vn -0.1872 0.0021 0.9823
vn -0.0814 -0.0047 0.9967
vn 0.0520 0.0130 0.9986
vn -0.4801 0.0175 0.8771
vn 0.0272 -0.0033 0.9996
vn -0.0835 0.0030 0.9965
vn -0.0835 0.0031 0.9965
vn -0.6427 0.0035 0.7662
vn -0.6043 0.0209 0.7965
vn -0.6019 0.1536 0.7837
vn -0.9975 0.0037 0.0713
vn -0.9194 0.0034 -0.3933
vn -0.9731 0.0016 -0.2304
vn -0.9934 0.0060 -0.1146
vn -0.5088 -0.0002 -0.8609
vn -0.5089 -0.0002 -0.8609
vn -0.6071 -0.0022 -0.7947
vn -0.6071 -0.0022 -0.7946
vn -0.2237 0.0035 -0.9747
vn 0.1838 0.0003 0.9830
vn 0.2163 -0.0049 0.9763
vn 0.1894 -0.0013 0.9819
vn 0.2499 0.0067 0.9683
vn 0.2499 0.0066 0.9683
vn 0.0514 -0.0014 0.9987
vn 0.1522 -0.0032 0.9883
vn 0.3219 -0.0007 0.9468
vn 0.2448 -0.0050 0.9696
vn 0.2905 0.0039 0.9569
vn 0.1433 0.0016 0.9897
vn 0.1348 0.0015 0.9909
vn 0.3570 0.0015 0.9341
vn 0.3323 0.0038 0.9432
vn 0.5015 0.0072 0.8651
vn 0.5856 0.0167 0.8104
vn 0.4259 -0.0018 0.9048
vn 0.4153 -0.0044 0.9097
vn 0.5559 0.0037 0.8313
vn 0.4951 -0.0025 0.8688
vn 0.5306 -0.0026 0.8476
vn 0.5421 0.0011 0.8403
vn 0.5395 0.0102 0.8419
vn 0.4067 0.0034 0.9135
vn 0.5113 -0.0031 0.8594
vn 0.5551 0.0038 0.8318
vn 0.5312 0.0020 0.8472
vn 0.6243 0.0055 0.7812
vn 0.5874 -0.0072 0.8093
vn 0.8151 -0.0008 0.5793
vn 0.8342 0.0031 0.5514
vn 0.7733 0.0047 0.6340
vn 0.8492 -0.0076 0.5279
vn 0.7922 0.0082 0.6102
vn 0.8671 0.0039 0.4982
vn 0.9338 -0.0181 0.3574
vn 0.8585 0.0108 0.5128
vn 0.9044 -0.0189 0.4262
vn 0.8717 -0.0130 0.4899
vn 0.9539 -0.0046 0.3001
vn 0.9428 0.0016 0.3333
vn 0.9530 -0.0079 0.3030
vn 0.9802 -0.0022 0.1980
vn 0.9639 0.0001 0.2662
vn 0.9665 0.0017 0.2566
vn 0.9692 0.0001 0.2464
vn 0.9511 0.0038 0.3088
vn 0.9459 0.0109 0.3243
vn 0.9547 -0.0070 0.2974
vn 0.8776 -0.0094 0.4794
vn 0.9004 -0.0032 0.4350
vn 0.9335 0.0043 0.3587
vn 0.9666 -0.0025 0.2564
vn 0.9581 0.0002 0.2866
vn 0.9663 -0.0006 0.2575
vn 0.9867 0.0012 0.1625
vn 0.9997 -0.0122 -0.0211
vn 0.9943 0.0097 0.1061
vn 0.9829 -0.0048 0.1839
vn 0.9797 -0.0003 0.2007
vn 0.9994 0.0021 0.0357
vn 0.9988 0.0095 0.0470
vn 1.0000 -0.0033 -0.0085
vn 0.9940 -0.0106 -0.1089
vn 1.0000 0.0009 -0.0081
vn 0.9977 -0.0066 -0.0675
vn 0.9923 -0.0136 0.1234
vn 0.9981 -0.0083 -0.0615
vn 0.9974 -0.0010 -0.0714
vn 0.9949 0.0019 -0.1006
vn 0.9766 0.0006 -0.2149
vn 0.9246 -0.0038 -0.3810
vn 0.9491 -0.0013 -0.3149
vn 0.9885 0.0025 -0.1513
vn 0.9515 0.0072 -0.3076
vn 0.9311 -0.0030 -0.3647
vn 0.9533 0.0050 -0.3021
vn 0.9835 0.0030 -0.1808
vn 0.9147 0.0011 -0.4040
vn 0.9543 0.0166 -0.2983
vn 0.9696 0.0030 -0.2448
vn 0.9144 0.0005 -0.4048
vn 0.9432 0.0016 -0.3323
vn 0.9104 -0.0000 -0.4136
vn 0.9031 -0.0058 -0.4294
vn 0.9104 -0.0001 -0.4137
vn 0.8228 0.0038 -0.5683
vn 0.7493 -0.0075 -0.6622
vn 0.7737 -0.0097 -0.6335
vn 0.8859 0.0025 -0.4639
vn 0.8010 0.0078 -0.5986
vn 0.7823 0.0017 -0.6229
vn 0.7803 -0.0073 -0.6254
vn 0.8151 -0.0033 -0.5793
vn 0.8751 0.0027 -0.4840
vn 0.7533 0.0034 -0.6577
vn 0.7500 -0.0071 -0.6614
vn 0.6915 0.0008 -0.7223
vn 0.5104 0.0061 -0.8599
vn 0.6686 0.0097 -0.7436
vn 0.4026 0.0050 -0.9154
vn 0.4596 -0.0042 -0.8881
vn 0.4778 -0.0004 -0.8785
vn 0.4952 -0.0004 -0.8688
vn 0.2145 -0.0148 -0.9766
vn 0.1968 0.0022 -0.9804
vn 0.1666 0.0001 -0.9860
vn 0.1617 0.0395 -0.9860
vn -0.5228 -0.4426 -0.7286
vn -0.7979 0.0018 0.6029
vn -0.7528 0.0032 0.6582
vn -0.6460 0.0084 0.7632
vn -0.6342 0.0048 0.7731
vn -0.4378 0.0056 0.8991
vn -0.4098 -0.0100 0.9121
vn -0.7442 -0.0009 -0.6680
vn -0.4860 0.0003 -0.8740
vn -0.3442 -0.0095 -0.9389
vn -0.8259 -0.0009 -0.5639
vn -0.9641 0.0001 -0.2654
vn -0.9714 -0.0026 0.2373
vn -0.9575 -0.0026 0.2885
vn -0.8934 -0.0248 0.4486
vn -0.8572 -0.0008 0.5151
vn -0.5019 0.0038 0.8649
vn -0.4638 -0.0022 0.8859
vn -0.6157 -0.0028 0.7880
vn -0.6171 -0.0024 0.7868
vn -0.5806 -0.0025 0.8142
vn -0.6172 -0.0024 0.7868
vn -0.6153 0.0013 0.7883
vn -0.6068 -0.0022 0.7948
vn -0.6864 0.0002 0.7272
vn -0.4106 -0.0001 0.9118
vn 0.0452 0.0010 0.9990
vn 0.0194 0.0002 0.9998
vn -0.3175 0.0004 0.9482
vn -0.6247 0.0094 0.7808
vn -1.0000 -0.0053 0.0051
vn -0.9709 0.0005 0.2397
vn -0.9671 0.0642 0.2461
vn -0.7350 0.0030 -0.6781
vn -0.7088 -0.0003 -0.7054
vn -0.6209 0.0073 -0.7838
vn -0.7177 0.0042 -0.6964
vn -0.1408 -0.0042 -0.9900
vn 0.2911 -0.0027 0.9567
vn 0.3060 0.0031 0.9520
vn 0.3310 -0.0019 0.9436
vn 0.4002 0.0034 0.9164
vn 0.3641 -0.0006 0.9314
vn 0.3671 0.0026 0.9302
vn 0.4128 -0.0020 0.9108
vn 0.7494 0.0074 0.6621
vn 0.7520 0.0017 0.6591
vn 0.8324 -0.0025 0.5542
vn 0.9978 -0.0021 -0.0666
vn 0.9984 -0.0041 -0.0557
vn 0.9993 0.0081 -0.0367
vn 0.9994 -0.0009 -0.0350
vn 0.9198 -0.0069 -0.3924
vn 0.9488 -0.0075 -0.3159
vn 0.7317 0.0021 -0.6817
vn 0.7129 0.0015 -0.7013
vn 0.5541 -0.0076 -0.8324
vn 0.5409 0.0058 -0.8411
vn 0.5351 0.0084 -0.8448
vn 0.6563 -0.0010 -0.7545
vn 0.0669 -0.0004 -0.9978
vn -0.0425 0.0086 -0.9991
vn -0.1088 0.0036 -0.9941
vn -0.5752 0.0084 0.8180
vn -0.9929 0.0040 -0.1189
vn -0.3186 -0.0002 -0.9479
vn -0.1819 -0.0030 -0.9833
vn -0.3214 -0.0029 -0.9470
vn -0.4352 -0.0023 -0.9004
vn -0.3596 0.0023 -0.9331
vn -0.5200 0.0008 -0.8541
vn -0.4745 -0.0007 -0.8802
vn -0.3919 -0.0009 -0.9200
vn -0.9348 0.0083 -0.3551
vn -0.9502 0.0003 -0.3116
vn -0.9039 -0.0020 -0.4276
vn -0.7470 -0.0036 -0.6648
vn -0.9829 -0.0029 -0.1841
vn -0.9841 0.0092 0.1776
vn -0.9710 -0.0020 0.2393
vn -0.9983 -0.0009 -0.0576
vn -0.6157 -0.0028 0.7879
vn -0.6164 -0.0037 0.7874
vn -0.5890 -0.4923 0.6409
vn -0.8195 -0.0032 0.5731
vn -0.4848 -0.4084 0.7734
vn -0.2315 0.0057 0.9728
vn -0.2355 -0.0063 0.9719
vn -0.3298 -0.0010 0.9441
vn -0.3348 -0.0030 0.9423
vn -0.4390 -0.0001 0.8985
vn -0.5829 0.0032 0.8125
vn -0.4391 -0.0001 0.8985
vn -0.5030 0.0063 0.8643
vn 0.0954 0.0002 0.9954
vn -0.1505 0.0026 0.9886
vn -0.1722 -0.0055 0.9851
vn -0.0483 -0.0096 0.9988
vn 0.0204 0.0028 0.9998
vn 0.0195 0.0002 0.9998
vn -0.1711 0.0018 0.9853
vn -0.1952 -0.0039 0.9807
vn -0.3271 0.0056 0.9450
vn -0.2697 -0.0008 0.9629
vn -0.1248 0.0049 0.9922
vn -0.0094 0.0029 1.0000
vn -0.0575 0.0005 0.9983
vn -0.7503 -0.0186 0.6608
vn -0.5549 -0.1144 0.8240
vn -0.6246 0.0094 0.7808
vn -0.5989 0.0006 0.8009
vn -0.5841 0.0036 0.8117
vn -0.8587 0.0107 0.5123
vn -0.8755 -0.0109 0.4830
vn -0.9929 0.0050 0.1185
vn -0.8872 0.0022 -0.4614
vn -0.8248 0.0033 -0.5655
vn -0.8750 0.0006 -0.4841
vn -0.9593 0.0046 -0.2824
vn -0.9468 0.0045 -0.3219
vn -0.9506 0.0033 -0.3103
vn -0.9497 -0.0033 -0.3133
vn -0.9941 0.0026 -0.1081
vn -0.8633 0.0084 -0.5046
vn -0.7569 0.0002 -0.6535
vn -0.7569 0.0002 -0.6536
vn -0.7245 0.0029 -0.6893
vn -0.6897 0.0007 -0.7240
vn -0.7329 0.0029 -0.6803
vn -0.4903 0.0053 -0.8716
vn -0.6529 0.0009 -0.7575
vn -0.3657 0.0006 -0.9307
vn -0.2113 -0.0014 -0.9774
vn -0.1646 0.0007 -0.9864
vn -0.2275 -0.0003 -0.9738
vn -0.1481 -0.0074 -0.9889
vn -0.1165 -0.0029 -0.9932
vn 0.0777 -0.0023 -0.9970
vn -0.1495 0.0087 -0.9887
vn -0.0973 -0.0204 -0.9950
vn 0.1555 0.0040 -0.9878
vn 0.0207 -0.0078 -0.9998
vn 0.1573 -0.0023 -0.9875
vn 0.0216 -0.0116 0.9997
vn 0.1943 -0.0042 0.9809
vn 0.0432 -0.0019 0.9991
vn 0.2894 0.0098 0.9571
vn 0.2287 0.0039 0.9735
vn 0.1613 0.0007 0.9869
vn 0.3382 -0.0017 0.9411
vn 0.3463 0.0064 0.9381
vn 0.3261 0.0007 0.9453
vn 0.3058 -0.0049 0.9521
vn 0.3719 -0.0069 0.9282
vn 0.3322 0.0038 0.9432
vn 0.3251 -0.0002 0.9457
vn 0.3262 0.0008 0.9453
vn 0.5828 -0.0049 0.8126
vn 0.4868 0.0009 0.8735
vn 0.5551 0.0037 0.8318
vn 0.3981 -0.0004 0.9174
vn 0.6005 -0.0017 0.7996
vn 0.5660 -0.0088 0.8244
vn 0.5312 -0.0050 0.8472
vn 0.6305 -0.0045 0.7762
vn 0.7614 0.0150 0.6481
vn 0.6648 0.0004 0.7471
vn 0.6234 0.0029 0.7819
vn 0.6165 0.0018 0.7873
vn 0.6170 -0.0012 0.7869
vn 0.6450 -0.0015 0.7642
vn 0.6184 0.0003 0.7858
vn 0.6428 -0.0085 0.7660
vn 0.7424 0.0054 0.6699
vn 0.8316 0.0056 0.5554
vn 0.8074 0.0072 0.5900
vn 0.8195 -0.0066 0.5730
vn 0.7266 -0.0119 0.6870
vn 0.6939 0.0007 0.7201
vn 0.8447 0.0020 0.5353
vn 0.9255 -0.0010 0.3788
vn 0.7424 -0.0087 0.6699
vn 0.7857 -0.0017 0.6186
vn 0.8660 -0.0088 0.5000
vn 0.9076 0.0033 0.4198
vn 0.9095 0.0086 0.4156
vn 0.8835 0.0032 0.4685
vn 0.9102 -0.0055 0.4142
vn 0.9599 0.0044 0.2804
vn 0.9433 -0.0134 0.3316
vn 0.9686 0.0003 0.2488
vn 0.9727 -0.0042 0.2322
vn 0.9610 0.0046 0.2765
vn 0.9765 0.0023 0.2153
vn 0.9740 -0.0014 0.2266
vn 0.9900 0.0010 0.1413
vn 0.9886 -0.0130 0.1499
vn 0.9916 0.0033 0.1297
vn 0.9795 -0.0023 0.2014
vn 0.9781 0.0018 0.2081
vn 0.9985 -0.0011 0.0548
vn 0.9990 -0.0075 -0.0449
vn 0.9952 0.0047 0.0976
vn 0.9893 -0.0136 0.1452
vn 0.9999 0.0102 0.0122
vn 0.9989 -0.0044 0.0465
vn 0.9979 0.0036 -0.0654
vn 0.9932 -0.0049 0.1163
vn 1.0000 0.0028 0.0075
vn 0.9843 0.0069 0.1765
vn 0.9993 0.0047 -0.0362
vn 0.9985 -0.0072 -0.0550
vn 0.9960 0.0014 -0.0891
vn 0.9916 0.0051 -0.1296
vn 0.9667 -0.0053 -0.2559
vn 0.9829 0.0105 -0.1838
vn 0.9234 0.0071 -0.3838
vn 0.9421 -0.0058 -0.3353
vn 0.9659 -0.0022 -0.2588
vn 0.8534 0.0007 -0.5212
vn 0.9206 -0.0071 -0.3903
vn 0.9309 0.0023 -0.3653
vn 0.9010 0.0025 -0.4339
vn 0.8872 -0.0077 -0.4613
vn 0.9050 -0.0004 -0.4253
vn 0.8062 -0.0112 -0.5916
vn 0.8477 -0.0003 -0.5305
vn 0.7565 0.0036 -0.6540
vn 0.7431 0.0005 -0.6692
vn 0.8236 -0.0024 -0.5671
vn 0.7368 -0.0001 -0.6762
vn 0.8609 0.0039 -0.5087
vn 0.6465 0.0071 -0.7629
vn 0.6916 0.0008 -0.7223
vn 0.6036 0.0021 -0.7973
vn 0.7317 0.0021 -0.6816
vn 0.7300 0.0024 -0.6835
vn 0.7291 -0.0047 -0.6843
vn 0.7617 -0.0016 -0.6480
vn 0.6248 -0.0055 -0.7808
vn 0.6219 0.0053 -0.7831
vn 0.6409 -0.0024 -0.7677
vn 0.4871 -0.0002 -0.8734
vn 0.4849 0.0012 -0.8746
vn 0.6410 0.0014 -0.7675
vn 0.6684 -0.0031 -0.7438
vn 0.5540 -0.0076 -0.8325
vn 0.3593 0.0067 -0.9332
vn 0.3093 0.0074 -0.9510
vn 0.4674 -0.0018 -0.8840
vn 0.2996 0.0039 -0.9541
vn 0.3639 -0.0004 -0.9315
vn 0.3846 -0.0053 -0.9231
vn 0.2436 -0.0087 -0.9698
vn 0.3690 -0.0033 -0.9294
vn 0.2339 0.0019 -0.9723
vn 0.1598 -0.0007 -0.9871
vn 0.2086 -0.0032 -0.9780
vn 0.1524 0.0013 -0.9883
vn 0.1467 0.0022 -0.9892
vn 0.0425 -0.0044 -0.9991
vn -0.0783 0.0137 -0.9968
vn -0.1364 0.0142 -0.9906
vn -0.4820 -0.0077 0.8761
vn -0.9546 0.0041 -0.2980
vn -0.1641 -0.0005 -0.9864
vn -0.1881 -0.0003 -0.9822
vn -0.3498 -0.0087 -0.9368
vn -0.5009 -0.0098 -0.8654
vn -0.5292 0.0043 -0.8485
vn -0.6438 -0.0035 -0.7651
vn -0.4763 -0.0002 -0.8793
vn -0.4767 0.0001 -0.8791
vn -0.4161 0.0044 -0.9093
vn -0.4162 0.0044 -0.9093
vn -0.3045 0.0060 -0.9525
vn -0.4293 -0.0109 -0.9031
vn -0.9179 -0.0146 -0.3965
vn -0.7545 -0.0001 -0.6562
vn -0.7362 -0.0001 -0.6768
vn -0.7360 -0.0000 -0.6769
vn -0.7356 0.0004 -0.6775
vn -0.7466 -0.0034 -0.6653
vn -0.6957 -0.0031 -0.7183
vn -0.9829 0.0069 -0.1843
vn -0.9754 -0.0035 0.2205
vn -0.9672 -0.0024 0.2541
vn -0.9710 -0.0020 0.2392
vn -0.9707 -0.0024 0.2404
vn -0.9741 -0.0061 0.2258
vn -0.9992 -0.0006 -0.0394
vn -0.9993 -0.0027 -0.0382
vn -0.8368 -0.0035 0.5476
vn -0.5951 0.0050 0.8037
vn -0.6035 -0.0047 0.7973
vn -0.5996 -0.0088 0.8002
vn -0.5348 -0.0044 0.8449
vn -0.6101 -0.0026 0.7923
vn -0.6198 -0.0018 0.7848
vn -0.6156 -0.0024 0.7880
vn -0.7925 0.0012 0.6098
vn -0.1722 -0.0055 0.9850
vn -0.3175 -0.0022 0.9483
vn -0.3175 -0.0021 0.9482
vn -0.3883 0.0008 0.9216
vn 0.1241 -0.0016 0.9923
vn -0.0902 -0.0058 0.9959
vn -0.0823 0.0039 0.9966
vn 0.0125 0.0057 0.9999
vn 0.1621 0.0009 0.9868
vn 0.0453 0.0010 0.9990
vn -0.2881 -0.0086 0.9576
vn -0.3579 0.0064 0.9338
vn -0.3125 -0.0014 0.9499
vn -0.6366 0.0008 0.7712
vn -0.7903 -0.0006 -0.6128
vn -0.7350 0.0030 -0.6780
vn -0.7234 0.0014 -0.6905
vn -0.2478 0.2791 -0.9278
vn -0.5127 0.0050 -0.8585
vn -0.4831 0.0030 -0.8756
vn -0.5946 0.0005 -0.8040
vn -0.6407 0.0048 -0.7678
vn -0.6941 0.0011 -0.7198
vn -0.6807 0.0031 -0.7326
vn -0.3958 0.0032 -0.9183
vn 0.1481 -0.0032 -0.9890
vn -0.0372 -0.0037 -0.9993
vn 0.0713 0.0092 -0.9974
vn -0.1084 0.0032 -0.9941
vn 0.1163 0.0116 0.9931
vn 0.3001 -0.0022 0.9539
vn 0.2523 0.0073 0.9676
vn 0.3120 0.0018 0.9501
vn 0.3106 -0.0024 0.9505
vn 0.2907 -0.0033 0.9568
vn 0.4895 0.0093 0.8719
vn 0.4571 -0.0068 0.8894
vn 0.3387 -0.0028 0.9409
vn 0.2917 0.0064 0.9565
vn 0.3428 0.0005 0.9394
vn 0.4003 0.0018 0.9164
vn 0.5942 0.0058 0.8043
vn 0.6438 -0.0038 0.7652
vn 0.5936 -0.0084 0.8047
vn 0.6489 0.0064 0.7609
vn 0.7725 -0.0058 0.6350
vn 0.6373 0.0126 0.7705
vn 0.7004 -0.0104 0.7136
vn 0.6983 -0.0014 0.7158
vn 0.6171 -0.0026 0.7869
vn 0.7276 0.0128 0.6859
vn 0.6183 0.0016 0.7859
vn 0.8377 -0.0006 0.5461
vn 0.8170 0.0032 0.5766
vn 0.9175 -0.0021 0.3977
vn 0.8378 0.0005 0.5460
vn 0.8214 -0.0102 0.5703
vn 0.8367 -0.0002 0.5477
vn 0.8464 0.0020 0.5325
vn 0.8878 0.0102 0.4602
vn 0.8928 0.0126 0.4503
vn 0.8408 0.0041 0.5413
vn 0.8633 -0.0026 0.5046
vn 0.8178 -0.0080 0.5755
vn 0.6921 -0.0241 0.7214
vn 0.9692 0.0001 0.2463
vn 0.9359 0.0070 0.3522
vn 0.9475 -0.0075 0.3197
vn 0.9601 0.0040 0.2796
vn 0.9843 -0.0037 0.1767
vn 0.9742 -0.0097 0.2254
vn 0.9984 0.0075 0.0557
vn 0.9724 0.0052 0.2332
vn 0.9785 -0.0003 0.2064
vn 0.9998 0.0035 0.0216
vn 0.9873 -0.0069 0.1586
vn 0.9963 -0.0091 0.0860
vn 0.9979 0.0046 -0.0651
vn 1.0000 -0.0060 0.0007
vn 0.9967 0.0002 -0.0813
vn 0.9930 0.0096 0.1181
vn 0.9999 0.0094 0.0095
vn 0.9970 -0.0003 -0.0779
vn 0.9995 -0.0049 -0.0297
vn 0.9984 -0.0024 -0.0569
vn 0.9993 0.0088 -0.0374
vn 0.9966 0.0003 -0.0829
vn 0.9866 0.0032 -0.1634
vn 0.9730 -0.0045 -0.2308
vn 0.9720 0.0074 -0.2349
vn 0.9790 0.0085 -0.2037
vn 0.9159 0.0002 -0.4013
vn 0.9696 0.0006 -0.2448
vn 0.9419 0.0043 -0.3360
vn 0.8988 0.0025 -0.4384
vn 0.9160 0.0002 -0.4013
vn 0.9532 0.0050 -0.3022
vn 0.8929 -0.0001 -0.4504
vn 0.8896 0.0042 -0.4567
vn 0.8458 -0.0051 -0.5335
vn 0.9173 -0.0014 -0.3981
vn 0.8441 -0.0010 -0.5361
vn 0.7375 -0.0003 -0.6754
vn 0.7833 0.0046 -0.6217
vn 0.7406 -0.0006 -0.6720
vn 0.7494 -0.0008 -0.6621
vn 0.7628 -0.0045 -0.6467
vn 0.6100 -0.0029 -0.7924
vn 0.7335 -0.0019 -0.6797
vn 0.7302 -0.0004 -0.6833
vn 0.6753 0.0019 -0.7376
vn 0.7456 -0.0008 -0.6664
vn 0.7423 0.0014 -0.6700
vn 0.6210 -0.0041 -0.7838
vn 0.4765 0.0002 -0.8792
vn 0.4426 0.0066 -0.8967
vn 0.4717 0.0001 -0.8818
vn 0.5161 0.0032 -0.8565
vn 0.5408 0.0012 -0.8411
vn 0.4691 -0.0005 -0.8831
vn 0.4442 0.0050 -0.8959
vn 0.4510 -0.0013 -0.8925
vn 0.3000 0.0004 -0.9539
vn 0.4388 -0.0033 -0.8986
vn 0.3418 -0.0069 -0.9397
vn 0.4294 -0.0090 -0.9031
vn 0.2367 -0.0003 -0.9716
vn 0.1566 -0.0059 -0.9876
vn -0.0663 0.0041 -0.9978
vn -0.0107 0.0062 -0.9999
vn -0.6717 -0.0018 0.7408
vn -0.6382 0.0009 0.7699
vn -0.6496 0.0060 0.7602
vn -0.6519 0.0008 0.7583
vn -0.9829 -0.0030 -0.1842
vn -0.1677 0.0050 -0.9858
vn -0.1686 -0.0023 -0.9857
vn -0.4460 -0.0020 -0.8950
vn -0.2158 -0.0052 -0.9764
vn -0.4381 -0.3616 -0.8230
vn -0.5200 0.0009 -0.8541
vn -0.4373 0.0012 -0.8993
vn -0.9898 -0.0029 -0.1424
vn -0.9727 -0.0041 -0.2320
vn -0.8739 0.0013 -0.4861
vn -0.9296 -0.0051 -0.3686
vn -0.9208 -0.0005 -0.3900
vn -0.9144 -0.0061 -0.4049
vn -0.9274 -0.0091 -0.3740
vn -0.8251 -0.0020 -0.5649
vn -0.8135 -0.0057 -0.5816
vn -0.7524 0.0012 -0.6586
vn -0.7331 0.0014 -0.6801
vn -0.7687 -0.0045 -0.6395
vn -0.7159 -0.0015 -0.6982
vn -0.4781 -0.4101 -0.7766
vn -0.9973 -0.0002 -0.0739
vn -0.9676 -0.0172 -0.2520
vn -0.7671 -0.6415 0.0024
vn -0.9700 -0.0429 -0.2391
vn -0.9962 -0.0097 -0.0870
vn -0.6761 -0.5489 0.4915
vn -0.7273 -0.6013 0.3309
vn -0.9309 -0.0007 0.3652
vn -0.7273 -0.6012 0.3310
vn -0.9469 -0.0082 0.3215
vn -0.9988 -0.0011 0.0483
vn -0.9404 -0.0008 0.3402
vn -0.9741 -0.0060 0.2258
vn -0.9773 -0.0075 0.2117
vn -0.9719 -0.1318 0.1952
vn -0.9994 -0.0110 0.0323
vn -0.8209 -0.0025 0.5711
vn -0.8693 -0.0023 0.4944
vn -0.8411 -0.0010 0.5409
vn -0.8477 -0.0343 0.5294
vn -0.8344 -0.0863 0.5444
vn -0.8693 -0.0023 0.4943
vn -0.3569 -0.3056 0.8827
vn -0.6156 -0.0017 0.7881
vn -0.6409 -0.0045 0.7677
vn -0.1679 0.0042 0.9858
vn -0.1711 0.0018 0.9852
vn -0.1620 0.0046 0.9868
vn -0.3224 -0.0028 0.9466
vn -0.5396 0.0017 0.8420
vn -0.3524 -0.0031 0.9358
vn -0.2987 -0.2556 0.9195
vn 0.1326 -0.0025 0.9912
vn -0.0118 0.0005 0.9999
vn 0.0217 -0.0116 0.9997
vn 0.1413 -0.0024 0.9900
vn -0.0329 -0.0064 0.9994
vn -0.1722 -0.0054 0.9851
vn -0.3382 -0.0036 0.9411
vn -0.4238 0.0008 0.9057
vn -0.3823 0.0024 0.9241
vn -0.4099 -0.0100 0.9121
vn -0.4378 0.0014 0.8991
vn -0.3380 0.0065 0.9411
vn -0.3006 0.0022 0.9538
vn -0.1592 0.0078 0.9872
vn -0.2703 0.0065 0.9627
vn -0.1024 0.0037 0.9947
vn -0.6348 0.0038 0.7726
vn -0.6239 0.0088 0.7815
vn -0.7128 0.0052 0.7013
vn -0.4861 -0.0033 0.8739
vn -0.6349 0.0038 0.7726
vn -0.3072 0.3620 0.8801
vn -0.6343 0.0049 0.7731
vn -0.5694 -0.0070 0.8220
vn -0.6460 0.0084 0.7633
vn -0.5915 0.0047 0.8063
vn -0.5618 0.7364 0.3770
vn -0.9451 0.0051 0.3267
vn -0.9665 0.0005 0.2566
vn -0.9001 0.0058 0.4357
vn -0.8776 -0.0001 0.4795
vn -0.9752 0.0076 0.2212
vn -0.8512 0.0053 0.5248
vn -0.8636 0.0030 0.5041
vn -0.9049 -0.0035 0.4255
vn -0.9922 0.0030 -0.1247
vn -0.6078 0.7828 -0.1331
vn -0.9889 0.0087 -0.1482
vn -0.9998 -0.0026 -0.0221
vn -0.9965 0.0042 -0.0834
vn -0.9918 0.0913 -0.0899
vn -1.0000 0.0012 -0.0056
vn -0.9922 0.0029 -0.1246
vn -0.6079 0.7828 -0.1331
vn -0.9862 -0.0081 0.1651
vn -0.9976 -0.0090 0.0681
vn -0.9864 -0.0046 0.1645
vn -0.6112 0.7872 0.0829
vn -0.9750 -0.0035 0.2223
vn -0.5618 0.7363 0.3770
vn -0.8947 0.0047 -0.4467
vn -0.9329 0.0028 -0.3602
vn -0.9147 -0.0015 -0.4041
vn -0.9867 -0.0037 -0.1626
vn -0.8142 -0.0022 -0.5805
vn -0.8182 -0.0006 -0.5749
vn -0.7293 -0.0003 -0.6842
vn -0.7819 0.0029 -0.6233
vn -0.8751 0.0006 -0.4840
vn -0.7791 0.0069 -0.6269
vn -0.7828 -0.0055 -0.6223
vn -0.7149 0.0032 -0.6993
vn -0.7414 -0.0002 -0.6711
vn -0.6652 0.0046 -0.7466
vn -0.8339 0.0074 -0.5518
vn -0.8751 0.0005 -0.4840
vn -0.3842 -0.0014 -0.9233
vn -0.2289 -0.0071 -0.9734
vn -0.3088 0.1016 -0.9457
vn -0.2096 0.2342 -0.9493
vn -0.5100 0.0008 -0.8601
vn -0.4538 0.0010 -0.8911
vn -0.4817 0.0052 -0.8763
vn -0.4794 0.0020 -0.8776
vn -0.4766 0.0052 -0.8791
vn -0.4794 0.0021 -0.8776
vn -0.3187 0.3679 -0.8735
vn -0.5474 0.0062 -0.8368
vn -0.1641 0.0008 -0.9864
vn -0.1652 0.0009 -0.9863
vn -0.0841 -0.0017 -0.9965
vn -0.1650 0.0004 -0.9863
vn -0.1825 -0.0074 -0.9832
vn -0.1432 -0.0001 -0.9897
vn -0.1279 -0.0056 -0.9918
vn 0.0369 -0.0014 0.9993
vn 0.1348 0.0014 0.9909
vn 0.1432 0.0016 0.9897
vn 0.1934 -0.0054 0.9811
vn 0.2164 -0.0049 0.9763
vn 0.0118 -0.0026 0.9999
vn 0.2159 0.0025 0.9764
vn 0.0288 -0.0002 0.9996
vn 0.0593 0.0045 0.9982
vn 0.2482 0.0078 0.9687
vn 0.2238 0.0055 0.9746
vn 0.2326 -0.0025 0.9726
vn 0.2699 0.0078 0.9629
vn 0.1326 -0.0026 0.9912
vn 0.1009 0.0029 0.9949
vn 0.2385 -0.0011 0.9712
vn 0.0878 -0.0017 0.9961
vn 0.2130 -0.0029 0.9770
vn 0.2321 -0.0022 0.9727
vn 0.2617 0.0033 0.9652
vn 0.2288 0.0044 0.9735
vn 0.1943 -0.0043 0.9809
vn 0.2483 0.0078 0.9687
vn 0.1793 0.0051 0.9838
vn 0.3524 -0.0029 0.9358
vn 0.3796 -0.0003 0.9252
vn 0.4738 0.0020 0.8806
vn 0.4179 0.0095 0.9085
vn 0.4633 -0.0030 0.8862
vn 0.4496 0.0149 0.8931
vn 0.4264 0.0095 0.9045
vn 0.3700 0.0069 0.9290
vn 0.3361 0.0043 0.9418
vn 0.3252 -0.0000 0.9456
vn 0.3858 0.0012 0.9226
vn 0.3251 -0.0000 0.9457
vn 0.4047 -0.0099 0.9144
vn 0.4465 0.0050 0.8948
vn 0.3437 0.0107 0.9390
vn 0.5198 -0.0094 0.8542
vn 0.5256 0.0032 0.8508
vn 0.5259 0.0053 0.8506
vn 0.5828 -0.0048 0.8126
vn 0.5256 0.0032 0.8507
vn 0.3641 -0.0006 0.9313
vn 0.3833 0.0032 0.9236
vn 0.6036 -0.0031 0.7973
vn 0.4896 0.0093 0.8719
vn 0.6079 0.0019 0.7940
vn 0.3853 0.0005 0.9228
vn 0.5821 0.0046 0.8131
vn 0.5335 -0.0045 0.8458
vn 0.6357 -0.0107 0.7718
vn 0.7712 -0.0013 0.6365
vn 0.7803 -0.0154 0.6252
vn 0.6556 -0.0162 0.7549
vn 0.6171 -0.0012 0.7869
vn 0.6497 -0.0079 0.7602
vn 0.7934 -0.0056 0.6087
vn 0.6697 0.0019 0.7427
vn 0.6940 -0.0018 0.7200
vn 0.7641 -0.0052 0.6451
vn 0.7423 -0.0087 0.6700
vn 0.8027 -0.0045 0.5964
vn 0.7899 0.0107 0.6131
vn 0.7761 -0.0090 0.6305
vn 0.7663 0.0022 0.6424
vn 0.7707 -0.0136 0.6371
vn 0.8343 0.0031 0.5514
vn 0.7303 -0.0188 0.6829
vn 0.8377 -0.0006 0.5462
vn 0.9067 0.0095 0.4217
vn 0.9097 0.0010 0.4153
vn 0.9120 -0.0030 0.4102
vn 0.9583 0.0018 0.2859
vn 0.8733 -0.0071 0.4871
vn 0.9180 -0.0026 0.3965
vn 0.8916 0.0037 0.4529
vn 0.9530 -0.0078 0.3030
vn 0.9578 0.0086 0.2873
vn 0.9666 0.0051 0.2563
vn 0.9077 0.0017 0.4196
vn 0.9693 -0.0000 0.2461
vn 0.9955 -0.0099 0.0947
vn 0.9644 0.0039 0.2643
vn 0.9677 -0.0038 0.2520
vn 0.9693 0.0001 0.2460
vn 0.9959 0.0018 0.0902
vn 0.9975 0.0006 0.0711
vn 0.9807 0.0039 0.1955
vn 0.9710 0.0015 0.2390
vn 0.9703 0.0016 0.2420
vn 0.9974 -0.0026 0.0725
vn 0.9823 -0.0070 0.1871
vn 0.9945 -0.0136 0.1039
vn 0.9954 0.0053 0.0952
vn 0.9941 0.0011 0.1089
vn 0.9996 -0.0016 -0.0274
vn 1.0000 0.0076 0.0028
vn 0.9994 0.0021 0.0356
vn 0.9978 0.0038 0.0666
vn 0.9950 -0.0036 0.1002
vn 0.9973 -0.0061 -0.0730
vn 0.9951 0.0003 -0.0986
vn 0.9950 0.0124 -0.0992
vn 0.9944 0.0104 -0.1055
vn 0.9969 -0.0014 -0.0782
vn 0.9920 0.0019 -0.1263
vn 0.9790 -0.0012 -0.2039
vn 0.9978 0.0066 -0.0653
vn 0.9970 0.0013 -0.0772
vn 0.9962 -0.0000 -0.0872
vn 0.9817 0.0033 -0.1902
vn 0.9765 -0.0054 -0.2155
vn 0.9636 0.0024 -0.2674
vn 0.9662 0.0062 -0.2576
vn 0.9432 0.0017 -0.3323
vn 0.9563 -0.0084 -0.2924
vn 0.9963 -0.0009 -0.0856
vn 0.9967 -0.0001 -0.0814
vn 0.9437 -0.0045 -0.3306
vn 0.9212 -0.0011 -0.3891
vn 0.9438 -0.0045 -0.3306
vn 0.9741 -0.0044 -0.2263
vn 0.9865 0.0001 -0.1639
vn 0.9211 -0.0071 -0.3893
vn 0.9172 -0.0016 -0.3984
vn 0.8758 -0.0019 -0.4827
vn 0.8796 -0.0011 -0.4757
vn 0.9368 0.0562 -0.3453
vn 0.8838 0.0001 -0.4679
vn 0.9129 0.0022 -0.4083
vn 0.8489 -0.0006 -0.5286
vn 0.8442 -0.0010 -0.5361
vn 0.8677 -0.0042 -0.4970
vn 0.8079 0.0066 -0.5892
vn 0.7713 -0.0139 -0.6363
vn 0.8632 -0.0174 -0.5045
vn 0.8357 0.0179 -0.5489
vn 0.9148 0.0011 -0.4040
vn 0.8994 0.0046 -0.4371
vn 0.7813 0.0014 -0.6242
vn 0.8660 -0.0059 -0.4999
vn 0.8633 -0.0174 -0.5045
vn 0.8929 -0.0001 -0.4503
vn 0.7768 0.0032 -0.6298
vn 0.7424 0.0014 -0.6700
vn 0.7094 -0.0007 -0.7048
vn 0.7746 0.0029 -0.6325
vn 0.8837 0.0001 -0.4680
vn 0.7905 0.0014 -0.6125
vn 0.7751 -0.0103 -0.6318
vn 0.7224 0.0029 -0.6915
vn 0.7431 -0.0016 -0.6691
vn 0.7270 -0.0057 -0.6866
vn 0.7270 0.0032 -0.6867
vn 0.6653 -0.0025 -0.7465
vn 0.6835 -0.0080 -0.7299
vn 0.6009 -0.0004 -0.7993
vn 0.5725 -0.0041 -0.8199
vn 0.6458 -0.0094 -0.7635
vn 0.7162 -0.0025 -0.6979
vn 0.7160 -0.0063 -0.6981
vn 0.7311 -0.0020 -0.6823
vn 0.5229 -0.0101 -0.8524
vn 0.4895 0.0026 -0.8720
vn 0.6408 -0.0024 -0.7677
vn 0.4943 -0.0076 -0.8692
vn 0.6544 -0.0023 -0.7561
vn 0.5637 -0.0017 -0.8260
vn 0.5546 0.0114 -0.8321
vn 0.5440 0.0010 -0.8391
vn 0.5740 0.0040 -0.8188
vn 0.5409 0.0012 -0.8411
vn 0.5346 -0.0088 -0.8451
vn 0.6768 -0.0055 -0.7361
vn 0.4434 -0.0910 -0.8917
vn 0.5246 -0.0095 -0.8513
vn 0.4658 -0.0035 -0.8849
vn 0.4009 0.0035 -0.9161
vn 0.4760 -0.0000 -0.8795
vn 0.3312 -0.0392 -0.9427
vn 0.1743 0.0005 -0.9847
vn 0.4208 -0.0059 -0.9071
vn 0.1713 0.0064 -0.9852
vn 0.3288 0.0251 -0.9441
vn 0.3024 0.0046 -0.9532
vn 0.1732 -0.0032 -0.9849
vn 0.3618 0.0006 -0.9322
vn 0.2990 -0.0023 -0.9542
vn 0.2566 -0.0197 -0.9663
vn 0.2060 0.0118 -0.9785
vn 0.3529 -0.0137 -0.9356
vn 0.3866 -0.0084 -0.9222
vn 0.2302 0.0002 -0.9732
vn 0.2515 0.0045 -0.9678
vn 0.2996 0.0039 -0.9540
vn 0.2169 0.0021 -0.9762
vn 0.0958 0.0039 -0.9954
vn 0.1170 0.0016 -0.9931
vn 0.1627 0.0006 -0.9867
vn 0.0312 0.0005 -0.9995
vn 0.1627 0.0007 -0.9867
vn 0.1288 0.0003 -0.9917
vn 0.1289 0.0003 -0.9917
vn 0.1057 -0.0022 -0.9944
vn -0.0572 -0.4029 -0.9135
vn -0.0349 0.0081 0.9994
vn 0.6314 0.0052 0.7755
vn 0.8374 -0.0000 0.5467
vn 0.9975 0.0105 0.0702
vn 1.0000 0.0035 0.0080
vn -0.3528 -0.0024 0.9357
vn 0.3216 -0.0002 0.9469
vn 0.3463 0.0063 0.9381
vn 0.6552 0.0039 0.7555
vn 0.6636 0.0023 0.7481
vn 0.8213 -0.0102 0.5703
vn 0.9679 -0.0028 0.2513
vn 0.4980 0.0035 -0.8672
vn 0.3436 0.0361 -0.9384
vn 0.2916 0.0080 -0.9565
vn 0.3184 -0.0021 0.9479
vn 0.5103 0.0061 -0.8599
vn -0.7766 -0.0157 -0.6298
vn -0.2297 -0.0022 0.9732
vn -0.6709 -0.0042 -0.7416
vn -0.6455 0.0031 -0.7638
vn 0.3119 0.0077 0.9501
vn 0.5042 0.0041 0.8636
vn 0.5336 -0.0045 0.8458
vn 0.3632 -0.0066 0.9317
vn 0.6312 0.0074 0.7756
vn 0.3898 -0.0052 -0.9209
vn 0.2519 -0.0020 -0.9678
vn -0.7454 -0.6170 -0.2522
vn -0.2637 -0.5628 0.7834
vn 0.7565 0.0003 0.6540
vn 0.6816 -0.0042 0.7318
vn 0.8029 -0.0108 0.5960
vn 0.9999 0.0095 0.0095
vn 0.9835 0.0090 -0.1806
vn 0.9836 0.0016 -0.1804
vn 0.9836 0.0016 -0.1803
vn 0.5515 0.0026 -0.8341
vn -0.2880 -0.6198 0.7301
vn -0.6901 -0.4187 0.5903
vn -0.7588 -0.2751 0.5903
vn -0.8339 -0.1223 0.5383
vn -0.8213 -0.0967 0.5622
vn -0.9181 -0.0004 -0.3963
vn -0.9133 0.0054 -0.4073
vn -0.7332 0.0014 -0.6801
vn -0.0149 0.0065 0.9999
vn -0.6366 0.0009 0.7712
vn -0.9130 0.0704 -0.4018
vn -0.9167 0.0013 -0.3997
vn -0.9412 0.0031 -0.3379
vn 0.6763 -0.0095 0.7366
vn 0.6842 0.0112 0.7292
vn 0.7999 -0.0086 0.6000
vn 0.8210 -0.0064 0.5709
vn 0.9322 0.0126 0.3617
vn 0.8619 0.0026 0.5070
vn 0.8651 -0.0080 0.5016
vn 0.9568 0.0004 0.2909
vn 0.9735 -0.0111 0.2286
vn 0.9963 -0.0090 0.0860
vn 0.9993 0.0046 -0.0363
vn 0.9974 -0.0010 -0.0715
vn 0.9993 0.0046 -0.0362
vn 0.9850 0.0052 0.1726
vn 0.9964 0.0010 -0.0844
vn 0.8382 -0.0020 -0.5453
vn 0.9142 0.0018 -0.4052
vn 0.8155 0.0004 -0.5787
vn 0.8796 -0.0011 -0.4756
vn 0.4864 0.0078 -0.8737
vn -0.5892 -0.8005 -0.1098
vn -0.7774 -0.5819 -0.2386
vn -0.8703 0.0018 0.4926
vn 0.8398 -0.0007 0.5428
vn 0.8276 0.0086 -0.5613
vn 0.5193 -0.0032 0.8546
vn 0.5007 0.0089 0.8656
vn 0.7324 0.0018 0.6808
vn 0.8588 -0.0003 0.5123
vn 0.9645 -0.0050 -0.2642
vn 0.8211 -0.0016 -0.5708
vn 0.8168 0.0025 -0.5769
vn -0.5594 0.0027 0.8289
vn -0.8439 0.0024 -0.5364
vn 0.3145 0.0016 0.9493
vn 0.3079 0.0069 0.9514
vn 0.3488 -0.0126 0.9371
vn 0.3506 0.0006 0.9365
vn 0.5119 0.0045 0.8591
vn 0.5118 0.0045 0.8591
vn 0.6243 0.0056 0.7811
vn 0.6719 -0.0018 0.7406
vn 0.6966 -0.0032 0.7174
vn 0.7186 -0.0037 0.6954
vn 0.6513 0.0006 0.7588
vn 0.8634 -0.0049 0.5045
vn 0.9047 0.0071 0.4260
vn 0.9578 0.0086 0.2874
vn 0.9766 0.0069 0.2149
vn 0.9334 0.0043 0.3587
vn 0.9916 -0.0081 0.1287
vn 0.9995 0.0125 0.0292
vn 0.9419 0.0044 -0.3360
vn 0.4665 -0.0009 -0.8845
vn 0.4230 -0.0142 -0.9060
vn 0.3092 0.0074 -0.9510
vn -0.5841 0.0036 0.8116
vn -0.6908 -0.0177 -0.7229
vn 0.3415 0.0007 0.9399
vn 0.3641 -0.0005 0.9313
vn 0.5540 -0.0076 -0.8324
vn -0.9850 0.0008 0.1725
vn -0.8678 -0.0006 -0.4970
vn 0.2558 -0.0059 0.9667
vn 0.1701 0.0057 0.9854
vn 0.2530 -0.0012 0.9675
vn 0.6184 0.0003 0.7859
vn 0.4003 0.0019 0.9164
vn 0.5119 0.0045 0.8590
vn 0.5299 0.0030 0.8480
vn 0.6312 0.0075 0.7756
vn 0.6967 -0.0032 0.7174
vn 0.9740 -0.0015 0.2266
vn 0.9693 -0.0000 0.2460
vn 0.9981 -0.0052 -0.0617
vn 0.9997 0.0020 -0.0264
vn 0.9860 -0.0020 0.1667
vn 0.9915 0.0033 0.1297
vn 0.9946 0.0033 -0.1038
vn 1.0000 0.0021 -0.0077
vn 0.9954 -0.0022 -0.0963
vn 0.9633 -0.0028 -0.2685
vn 0.9789 -0.0063 -0.2042
vn 0.9256 -0.0021 -0.3785
vn 0.9057 -0.0024 -0.4240
vn 0.7711 -0.0019 -0.6367
vn 0.8798 0.0051 -0.4754
vn 0.6411 0.0014 -0.7675
vn 0.6445 -0.0064 -0.7646
vn 0.5612 0.0049 -0.8276
vn 0.3914 -0.0001 -0.9202
vn -0.9972 -0.0033 -0.0750
vn -0.8206 -0.0020 0.5714
vn -0.2592 -0.0065 0.9658
vn -0.4015 0.0042 0.9159
vn -0.8756 -0.0109 0.4830
vn 0.5119 0.0044 0.8590
vn 0.5244 -0.0070 0.8514
vn 0.6171 -0.0027 0.7869
vn 0.8974 0.0051 0.4412
vn 0.9692 0.0001 0.2461
vn 0.9152 -0.0009 0.4030
vn 0.9795 0.0122 0.2009
vn 0.9873 -0.0070 0.1586
vn 1.0000 0.0076 0.0029
vn 1.0000 0.0031 -0.0035
vn 0.9978 0.0036 -0.0654
vn 0.9903 -0.0081 -0.1384
vn 0.9552 0.0016 -0.2960
vn 0.9581 0.0043 -0.2865
vn 0.8756 -0.0027 -0.4831
vn 0.8042 0.0014 -0.5943
vn 0.7406 -0.0006 -0.6719
vn 0.8442 -0.0009 -0.5361
vn 0.7302 -0.0004 -0.6832
vn 0.6659 0.0073 -0.7460
vn 0.6324 0.0005 -0.7746
vn 0.5999 -0.0069 -0.8001
vn 0.4764 0.0002 -0.8792
vn -0.1609 -0.6625 -0.7316
vn -0.9288 -0.0001 -0.3707
vn -0.7361 0.0001 -0.6768
vn -0.8890 -0.0047 0.4579
vn -0.0886 0.0011 0.9961
vn 0.3046 -0.0002 0.9525
vn 0.3215 -0.0003 0.9469
vn 0.3216 -0.0003 0.9469
vn 0.2647 -0.0005 0.9643
vn 0.3364 -0.0024 0.9417
vn 0.3299 0.0023 0.9440
vn 0.3567 -0.0239 0.9339
vn 0.3568 -0.0015 0.9342
vn 0.6358 -0.0107 0.7718
vn 0.6287 0.0051 0.7776
vn 0.7748 -0.0050 0.6322
vn 0.6496 -0.0079 0.7602
vn 0.6636 0.0023 0.7480
vn 0.6756 0.0065 0.7373
vn 0.6641 0.0044 0.7477
vn 0.7184 0.0189 0.6954
vn 0.6640 0.0045 0.7477
vn 0.6755 0.0069 0.7373
vn 0.8047 0.0291 0.5930
vn 0.7743 -0.0864 0.6269
vn 0.8858 0.0085 0.4639
vn 0.8596 -0.0167 0.5106
vn 0.9008 -0.0487 0.4315
vn 0.8588 -0.0004 0.5123
vn 0.9639 -0.0000 0.2662
vn 0.9877 -0.0063 0.1565
vn 0.9955 0.0054 0.0951
vn 0.9970 0.0013 -0.0773
vn 0.9734 -0.0110 0.2286
vn 0.9990 -0.0100 -0.0436
vn 0.9714 0.0039 0.2375
vn 0.9978 0.0038 0.0665
vn 0.9940 0.0034 -0.1093
vn 0.9861 -0.0023 -0.1663
vn 0.9962 -0.0000 -0.0873
vn 0.9820 -0.0161 -0.1879
vn 0.9971 -0.0019 -0.0756
vn 0.9661 -0.0024 -0.2580
vn 0.9661 -0.0024 -0.2581
vn 0.9053 -0.0000 -0.4249
vn 0.8465 -0.0053 -0.5324
vn 0.8681 -0.0018 -0.4963
vn 0.7973 0.0035 -0.6036
vn 0.6364 0.0036 -0.7714
vn 0.6472 -0.0095 -0.7622
vn 0.5516 0.0026 -0.8341
vn 0.5012 -0.0067 -0.8653
vn 0.3559 0.0075 -0.9345
vn 0.4657 -0.0036 -0.8849
vn 0.3724 -0.0003 -0.9281
vn 0.2009 0.0117 -0.9795
vn 0.4247 0.0049 -0.9053
vn 0.3701 0.0069 0.9290
vn 0.9165 -0.0000 -0.3999
vn 0.6039 -0.0054 0.7970
vn 0.8447 0.0020 0.5352
vn 0.8073 0.0072 0.5900
vn 0.9893 -0.0136 0.1451
vn 0.9890 -0.0075 0.1475
vn 0.9935 -0.0086 0.1136
vn 0.9912 0.0014 -0.1325
vn 0.9491 -0.0062 -0.3150
vn 0.3264 -0.0117 0.9452
vn 0.1982 -0.0044 0.9802
vn 0.2922 -0.0041 0.9563
vn 0.2895 0.0098 0.9571
vn 0.4464 0.0050 0.8948
vn 0.6126 -0.0024 0.7904
vn 0.6092 -0.0792 0.7891
vn 0.5300 0.0030 0.8480
vn 0.6006 -0.0017 0.7996
vn 0.8647 -0.0656 0.4979
vn 0.7776 -0.0185 0.6285
vn 0.6348 -0.0026 0.7726
vn 0.8293 -0.0043 0.5588
vn 0.9581 0.0002 0.2865
vn 0.8997 -0.0064 0.4365
vn 0.9549 -0.0021 0.2969
vn 0.9228 0.0077 0.3851
vn 0.9637 -0.0109 0.2666
vn 0.9964 0.0011 -0.0845
vn 0.8339 0.0205 -0.5516
vn 0.7878 0.0105 -0.6158
vn 0.7014 0.0199 -0.7124
vn 0.5613 0.0049 -0.8276
vn 0.4208 -0.0058 -0.9071
vn 0.8374 -0.0000 0.5465
vn 0.4669 0.0002 -0.8843
vn -0.4238 0.0144 -0.9057
vn -0.4622 -0.0152 -0.8867
vn -0.3415 0.1016 -0.9344
vn 0.0352 -0.0011 0.9994
vn -0.9369 0.0039 0.3494
vn 0.7068 0.0085 0.7074
vn 0.7185 -0.0112 0.6954
vn 0.9900 -0.0039 0.1408
vn 0.9902 -0.0042 -0.1395
vn 0.9205 0.0042 -0.3908
vn 0.8737 0.0046 -0.4865
vn 0.8737 0.0045 -0.4865
vn 0.7617 -0.0016 -0.6479
vn 0.5246 -0.0026 -0.8513
vn 0.3690 -0.0032 -0.9294
vn -0.9191 0.0002 -0.3941
vn 0.3633 -0.0066 0.9317
vn 0.4909 -0.0031 0.8712
vn 0.7615 0.0150 0.6480
vn 0.8974 0.0051 0.4411
vn 0.9715 -0.0187 -0.2364
vn 0.9628 -0.0109 -0.2700
vn 0.6769 -0.0056 -0.7361
vn -0.9348 -0.0048 -0.3551
vn -0.6418 0.0042 0.7669
vn 0.2764 -0.0068 0.9610
vn 0.2765 -0.0068 0.9610
vn 0.4185 0.0021 0.9082
vn 0.3569 0.0015 0.9341
vn 0.5244 -0.0070 0.8515
vn 0.3859 0.0012 0.9226
vn 0.3385 0.0037 0.9409
vn 0.4970 0.0020 0.8677
vn 0.4744 -0.0124 0.8802
vn 0.4264 0.0096 0.9045
vn 0.5259 0.0053 0.8505
vn 0.4373 -0.0090 0.8993
vn 0.5529 0.0685 0.8304
vn 0.6957 0.0117 0.7182
vn 0.6905 0.0012 0.7233
vn 0.6696 0.0019 0.7427
vn 0.7348 -0.0016 0.6783
vn 0.8372 0.0001 0.5469
vn 0.9180 -0.0027 0.3965
vn 0.8474 0.0105 0.5308
vn 0.9480 -0.0015 0.3183
vn 0.9311 0.0941 0.3525
vn 0.9798 0.0132 0.1993
vn 0.9950 -0.0035 0.1002
vn 0.9775 0.0030 0.2111
vn 0.9679 -0.0028 0.2514
vn 0.9745 0.0061 0.2242
vn 0.9995 0.0125 0.0293
vn 0.9952 -0.0015 -0.0979
vn 0.9659 -0.0021 -0.2588
vn 0.9825 0.0030 0.1861
vn 0.9965 0.0003 -0.0830
vn 0.9543 0.0167 -0.2982
vn 0.9893 0.0026 -0.1462
vn 0.9232 -0.0019 -0.3843
vn 0.9774 -0.0017 -0.2115
vn 0.9707 -0.0013 -0.2405
vn 0.9172 -0.0015 -0.3984
vn 0.8787 0.0024 -0.4774
vn 0.8761 -0.0078 -0.4821
vn 0.8661 -0.0059 -0.4999
vn 0.7977 0.0052 -0.6031
vn 0.8590 -0.0032 -0.5120
vn 0.7630 -0.0040 -0.6464
vn 0.7357 0.0001 -0.6773
vn 0.7905 0.0015 -0.6125
vn 0.7263 -0.0841 -0.6822
vn 0.8590 -0.0033 -0.5120
vn 0.8135 -0.0252 -0.5810
vn 0.8471 -0.0089 -0.5313
vn 0.7409 -0.0005 -0.6716
vn 0.7595 0.0025 -0.6505
vn 0.6713 0.0026 -0.7412
vn 0.4860 -0.0025 -0.8740
vn 0.6325 0.0006 -0.7746
vn 0.4984 0.0006 -0.8669
vn 0.6363 0.0036 -0.7714
vn 0.4998 0.0042 -0.8661
vn 0.3893 -0.0073 -0.9211
vn 0.8366 -0.0002 0.5478
vn 0.9979 0.0046 -0.0652
vn 0.9636 0.0023 -0.2674
vn 0.7511 0.0039 -0.6602
vn 0.7784 -0.0064 -0.6278
vn 0.8640 -0.0032 -0.5034
vn 0.7134 -0.0060 -0.7007
vn 0.7783 -0.0064 -0.6278
vn -0.9274 -0.0091 -0.3739
vn 0.5016 0.0072 0.8651
vn 0.3382 -0.0016 0.9411
vn 0.3311 -0.0019 0.9436
vn 0.4910 -0.0031 0.8712
vn 0.7436 0.0016 0.6686
vn 0.8734 -0.0071 0.4870
vn 0.9244 -0.0037 -0.3813
vn 0.3745 0.0009 -0.9272
vn 0.2435 0.0036 -0.9699
vn 0.4248 0.0049 -0.9053
vn -0.5215 -0.0058 -0.8533
vn -0.9320 -0.0021 0.3624
vn 0.8930 0.0171 0.4497
vn 0.9328 -0.0032 0.3603
vn 0.9605 -0.0042 0.2781
vn 0.9399 0.0066 0.3412
vn 0.9663 -0.0006 0.2576
vn 0.9399 0.0067 0.3413
vn 0.9997 0.0020 -0.0263
vn 0.9483 0.0033 -0.3175
vn 0.9223 -0.0014 -0.3865
vn 0.9064 -0.0016 -0.4223
vn 0.9158 0.0002 -0.4017
vn 0.9211 -0.0069 -0.3894
vn 0.9131 -0.0135 -0.4076
vn 0.7716 0.0066 -0.6361
vn 0.4732 0.0001 -0.8810
vn -0.1775 -0.0036 -0.9841
vn 0.3144 0.0016 0.9493
vn 0.3507 0.0006 0.9365
vn 0.5531 -0.0006 0.8331
vn 0.6349 -0.0026 0.7726
vn 0.5550 0.0038 0.8318
vn 0.6559 0.0084 0.7548
vn 0.7511 0.0201 0.6598
vn 0.6253 -0.0039 0.7803
vn 0.6253 -0.0039 0.7804
vn 0.7160 -0.0062 0.6980
vn 0.8930 0.0171 0.4498
vn 0.9511 0.0038 0.3089
vn 0.9228 0.0077 0.3852
vn 0.8612 -0.0055 0.5082
vn 0.8585 0.0108 0.5127
vn 0.9579 0.0053 0.2871
vn 0.9539 -0.0046 0.3002
vn 0.9519 -0.0129 0.3062
vn 0.8930 0.0173 0.4498
vn 0.9522 -0.0918 0.2912
vn 0.9692 -0.0000 0.2464
vn 0.9943 0.0097 0.1060
vn 0.9825 0.0030 0.1860
vn 0.9999 -0.0042 -0.0158
vn 0.9977 -0.0066 -0.0674
vn 0.9981 -0.0083 -0.0616
vn 0.9144 0.0005 -0.4049
vn 0.7833 0.0054 -0.6217
vn 0.7713 -0.0138 -0.6363
vn 0.8348 -0.0065 -0.5506
vn 0.6915 0.0009 -0.7223
vn 0.6464 0.0071 -0.7629
vn 0.4425 0.0026 -0.8968
vn -0.5595 0.0027 0.8288
vn -0.5642 0.0007 0.8257
vn 0.3253 -0.0003 0.9456
vn -0.8702 0.0018 0.4926
vn -0.5496 -0.4600 0.6973
vn -0.4014 0.0042 0.9159
vn 0.0482 0.0073 0.9988
vn -0.0902 -0.0059 0.9959
vn 0.2188 -0.0000 0.9758
vn 0.5821 0.0045 0.8131
vn 0.6165 0.0017 0.7873
vn 0.6234 0.0028 0.7819
vn 0.7289 -0.0121 0.6845
vn 0.7031 -0.0020 0.7110
vn 0.7614 0.0149 0.6481
vn 0.6648 0.0003 0.7470
vn 0.7521 0.0017 0.6591
vn 0.6647 0.0004 0.7471
vn 0.7425 0.0054 0.6699
vn 0.7494 0.0074 0.6620
vn 0.7068 0.0085 0.7073
vn 0.7320 0.0010 0.6813
vn 0.9710 0.0031 0.2390
vn 0.9666 0.0051 0.2564
vn 0.9952 0.0047 0.0975
vn 0.9985 -0.0072 -0.0549
vn 0.9978 0.0036 -0.0655
vn 1.0000 0.0031 -0.0036
vn 0.9932 -0.0049 0.1162
vn 0.9781 0.0019 0.2081
vn 0.9795 -0.0023 0.2013
vn 0.9993 0.0221 0.0296
vn 0.9993 0.0047 -0.0363
vn 0.9612 -0.0024 -0.2757
vn 0.9667 -0.0054 -0.2559
vn 0.9508 -0.0085 -0.3097
vn 0.9628 -0.0110 -0.2700
vn 0.9789 -0.0064 -0.2042
vn 0.9056 -0.0024 -0.4240
vn 0.8534 0.0007 -0.5213
vn 0.8135 -0.0010 -0.5816
vn 0.8872 -0.0077 -0.4612
vn 0.7447 -0.0042 -0.6673
vn 0.7542 0.0054 -0.6566
vn 0.8816 0.0070 -0.4719
vn 0.4871 -0.0002 -0.8733
vn 0.5946 -0.0175 -0.8038
vn 0.4943 -0.0076 -0.8693
vn 0.3039 -0.0066 -0.9527
vn 0.3358 -0.0060 -0.9419
vn 0.0374 -0.0155 -0.9992
vn -0.1412 0.0018 -0.9900
vn -0.2005 0.0036 0.9797
vn -0.8099 -0.0438 0.5849
vn -0.8512 0.0031 0.5248
vn -0.9283 0.0031 -0.3717
vn 0.4021 -0.0004 0.9156
vn 0.3691 0.0176 0.9292
vn 0.4002 0.0035 0.9164
vn 0.5319 0.0097 0.8467
vn 0.3253 -0.0000 0.9456
vn 0.3980 -0.0004 0.9174
vn 0.5781 -0.0021 0.8160
vn 0.6183 0.0016 0.7860
vn 0.6489 0.0064 0.7608
vn 0.6373 0.0126 0.7706
vn 0.8356 0.0010 0.5494
vn 0.7335 0.0062 0.6796
vn 0.7160 -0.0062 0.6981
vn 0.8425 0.0024 0.5388
vn 0.9151 -0.0094 0.4030
vn 0.9669 0.0029 0.2550
vn 0.9742 -0.0097 0.2255
vn 0.9785 -0.0003 0.2065
vn 0.9990 0.0004 -0.0443
vn 0.9904 -0.0081 -0.1384
vn 0.9966 0.0002 -0.0828
vn 0.9817 0.0034 -0.1902
vn 0.9307 -0.0014 -0.3658
vn 0.9307 -0.0013 -0.3658
vn 0.9159 0.0001 -0.4014
vn 0.9696 0.0006 -0.2449
vn 0.9128 0.0022 -0.4083
vn 0.8896 0.0042 -0.4566
vn 0.8276 0.0086 -0.5612
vn 0.7437 -0.0025 -0.6686
vn 0.7832 0.0046 -0.6217
vn 0.6860 -0.0037 -0.7276
vn 0.6771 0.0018 -0.7359
vn 0.6753 0.0019 -0.7375
vn 0.5411 -0.0056 -0.8410
vn 0.6860 -0.0038 -0.7276
vn 0.7180 0.0111 -0.6960
vn 0.6211 -0.0041 -0.7838
vn 0.6211 -0.0041 -0.7837
vn 0.4766 0.0002 -0.8791
vn 0.3023 0.0046 -0.9532
vn -0.9159 0.0031 -0.4014
vn -0.9180 -0.0016 -0.3965
vn -0.8998 -0.0044 -0.4363
vn -0.7015 0.0042 0.7127
vn -0.3946 -0.0000 0.9189
vn -0.5981 -0.0007 0.8014
vn -0.5149 0.1499 0.8441
vn -0.8756 -0.0108 0.4830
vn 0.0955 0.0002 0.9954
vn 0.2375 -0.0060 0.9714
vn 0.1665 -0.0000 0.9860
vn 0.1083 0.0035 0.9941
vn 0.2616 0.0033 0.9652
vn 0.1981 0.0009 0.9802
vn 0.3121 0.0018 0.9501
vn 0.3321 0.0026 0.9433
vn 0.3079 0.0070 0.9514
vn 0.3215 -0.0002 0.9469
vn 0.3296 -0.0014 0.9441
vn 0.2798 0.0188 0.9599
vn 0.3832 -0.0054 0.9236
vn 0.3796 -0.0003 0.9251
vn 0.3832 -0.0054 0.9237
vn 0.4318 -0.0133 0.9019
vn 0.4633 -0.0031 0.8862
vn 0.4495 0.0149 0.8931
vn 0.5802 0.0070 0.8145
vn 0.6002 -0.0027 0.7998
vn 0.4597 -0.0122 0.8880
vn 0.4003 0.0035 0.9164
vn 0.4178 0.0095 0.9085
vn 0.6940 -0.0017 0.7200
vn 0.6640 0.0044 0.7477
vn 0.6816 -0.0043 0.7318
vn 0.6078 -0.0015 0.7941
vn 0.8097 0.0015 0.5869
vn 0.7641 -0.0051 0.6451
vn 0.7275 0.0128 0.6859
vn 0.7707 -0.0136 0.6370
vn 0.9067 0.0095 0.4216
vn 0.8378 0.0005 0.5461
vn 0.8465 0.0020 0.5325
vn 0.8835 -0.0023 0.4684
vn 0.9361 0.0036 0.3518
vn 0.9336 0.0096 0.3582
vn 0.9669 0.0029 0.2551
vn 0.9867 0.0013 0.1625
vn 0.9959 0.0017 0.0902
vn 0.9801 0.0082 0.1982
vn 0.9712 -0.0008 0.2383
vn 0.9954 0.0053 0.0951
vn 0.9998 0.0035 0.0215
vn 0.9996 -0.0017 -0.0274
vn 0.9810 0.0060 0.1938
vn 0.9989 0.0095 0.0470
vn 0.9981 -0.0027 -0.0623
vn 0.9863 -0.1451 -0.0782
vn 0.9951 -0.0088 -0.0986
vn 0.9330 0.0020 -0.3600
vn 0.9951 -0.0089 -0.0986
vn 0.9661 -0.0025 -0.2581
vn 0.9964 0.0010 -0.0845
vn 0.9587 0.0077 -0.2842
vn 0.9695 0.0047 -0.2450
vn 0.9207 -0.0071 -0.3903
vn 0.9662 0.0062 -0.2575
vn 0.9967 -0.0001 -0.0813
vn 0.9532 0.0050 -0.3021
vn 0.9927 0.0067 -0.1200
vn 0.9865 0.0001 -0.1638
vn 0.9951 0.0003 -0.0985
vn 0.8817 0.0070 -0.4718
vn 0.9012 -0.0003 -0.4333
vn 0.8156 0.0004 -0.5787
vn 0.8838 0.0001 -0.4680
vn 0.8154 0.0021 -0.5788
vn 0.8845 -0.0000 -0.4666
vn 0.8079 0.0066 -0.5893
vn 0.9053 -0.0000 -0.4248
vn 0.8347 -0.0065 -0.5506
vn 0.7879 0.0105 -0.6158
vn 0.8357 0.0179 -0.5490
vn 0.7456 -0.0008 -0.6663
vn 0.7094 -0.0007 -0.7049
vn 0.7750 -0.0103 -0.6318
vn 0.7803 -0.0074 -0.6254
vn 0.6652 -0.0020 -0.7467
vn 0.6654 -0.0025 -0.7465
vn 0.7291 -0.0047 -0.6844
vn 0.7299 0.0025 -0.6835
vn 0.6192 0.0046 -0.7852
vn 0.8338 0.0205 -0.5516
vn 0.7224 0.0029 -0.6914
vn 0.5720 0.0011 -0.8202
vn 0.5228 -0.0101 -0.8524
vn 0.6352 0.0090 -0.7723
vn 0.6457 -0.0093 -0.7635
vn 0.5040 0.0089 -0.8636
vn 0.5041 0.0089 -0.8636
vn 0.5998 -0.0069 -0.8001
vn 0.6772 0.0018 -0.7358
vn 0.6753 0.0018 -0.7375
vn 0.6369 0.0051 -0.7710
vn 0.6768 -0.0056 -0.7361
vn 0.3947 -0.0097 -0.9187
vn 0.4105 0.0005 -0.9119
vn 0.5084 -0.0050 -0.8611
vn 0.2991 -0.0023 -0.9542
vn 0.4425 0.0025 -0.8967
vn 0.2627 0.0022 -0.9649
vn 0.1872 0.0012 -0.9823
vn 0.1805 -0.0039 -0.9836
vn 0.3638 -0.0004 -0.9315
vn 0.1659 -0.0008 -0.9861
vn 0.3866 -0.0085 -0.9222
vn 0.1729 0.0028 -0.9849
vn 0.2024 -0.0312 -0.9788
vn -0.7672 -0.6414 0.0024
vn 0.6306 0.0051 0.7761
vn 0.5865 -0.0037 -0.8100
vn -0.3322 -0.9431 0.0117
vn 0.9994 -0.0009 -0.0349
vn -0.3105 -0.9015 0.3016
vn -0.5715 -0.8092 0.1359
vn -0.5899 -0.8075 0.0048
vn -0.8983 -0.4255 -0.1099
vn -0.2192 -0.1881 0.9574
vn -0.5409 -0.6124 0.5765
vn -0.6961 -0.4278 0.5765
vn -0.7665 -0.2829 0.5765
vn -0.6225 0.0060 0.7826
vn 0.7325 0.0018 0.6808
vn -0.1958 -0.0034 -0.9806
vn 0.7628 -0.0045 -0.6466
vn -0.6337 0.0026 0.7735
vn -0.9147 -0.0015 -0.4040
vn 0.3252 -0.0000 0.9457
vn 0.9086 -0.0046 0.4176
vn 0.9966 0.0003 -0.0830
vn 0.9920 0.0018 -0.1263
vn 0.4685 0.0120 -0.8834
vn 0.1014 0.0053 -0.9948
vn -0.2553 -0.7815 0.5694
vn -0.6898 0.0007 -0.7240
vn 0.8465 0.0020 0.5324
vn -0.2697 -0.0008 0.9630
vn -0.1159 -0.0058 0.9932
vn -0.2112 -0.4629 0.8609
vn -0.6270 -0.0002 0.7790
vn -0.6122 -0.0071 0.7907
vn -0.5686 0.0022 -0.8226
vn 0.4067 0.0033 0.9135
vn -0.2113 -0.0013 -0.9774
vn -0.2240 -0.0062 -0.9746
vn 0.2624 -0.0025 -0.9650
vn 0.5408 0.0058 -0.8411
vn 0.4293 -0.0090 -0.9031
vn -0.8367 -0.0035 0.5476
vn -0.3489 0.0010 0.9371
vn 0.7153 0.0015 -0.6988
vn -0.9298 -0.0156 -0.3678
vn -0.9208 -0.0005 -0.3901
vn -0.3246 -0.0040 0.9459
vn -0.2922 0.0049 0.9564
vn -0.2006 0.0036 0.9797
vn -0.2957 0.0017 0.9553
vn -0.3052 0.0052 -0.9523
vn -0.1649 0.0005 -0.9863
vn 0.4674 -0.0259 0.8837
vn 0.2874 0.0323 0.9573
vn 0.3524 -0.0029 0.9359
vn 0.5113 -0.0032 0.8594
vn 0.6842 0.0113 0.7292
vn 0.9255 -0.0009 0.3789
vn 0.9790 -0.0011 -0.2039
vn 0.2349 0.0005 -0.9720
vn 0.6022 -0.0032 -0.7983
vn 0.6181 0.0126 -0.7860
vn 0.4293 0.0006 -0.9032
vn 0.9295 0.0002 0.3688
vn 0.9877 -0.0063 0.1564
vn 0.7999 -0.0087 0.6000
vn -0.9309 -0.0007 0.3653
vn 0.3692 0.0176 0.9292
vn 0.9783 -0.0051 0.2069
vn 0.9950 0.0031 -0.0996
vn 0.7020 -0.0008 -0.7122
vn -0.6444 0.0024 0.7647
vn -0.9850 -0.0060 -0.1726
vn 0.9428 0.0016 0.3332
vn 0.9955 0.0053 0.0951
vn 0.8677 -0.0043 -0.4970
vn 0.6269 -0.0676 0.7762
vn 0.6116 0.0006 0.7911
vn 0.6637 0.0023 0.7480
vn 0.9095 0.0086 0.4157
vn 0.8471 -0.0089 -0.5314
vn -0.5649 -0.0008 -0.8252
vn 0.5255 0.0032 0.8508
vn 0.9989 -0.0028 -0.0470
vn 0.9960 0.0222 0.0863
vn 0.9975 0.0077 -0.0698
vn 0.9774 -0.0017 -0.2116
vn 0.9330 0.0148 -0.3594
vn 0.9375 0.0351 -0.3461
vn 0.4905 0.0715 -0.8685
vn 0.6772 -0.0036 -0.7358
vn 0.6763 -0.0094 0.7366
vn 0.6113 -0.0147 -0.7912
vn 0.7490 0.0195 -0.6623
vn 0.7324 0.0017 0.6808
vn 0.6648 0.0004 0.7470
vn 1.0000 0.0035 0.0079
vn 0.9991 -0.0009 -0.0434
vn 0.9908 -0.0060 -0.1351
vn 0.8155 -0.0022 -0.5787
vn 0.8237 -0.0024 -0.5671
vn 0.3956 0.0157 -0.9183
vn -0.3051 -0.0020 0.9523
vn 0.5313 0.0020 0.8472
vn 0.7725 -0.0058 0.6349
vn 0.7512 0.0200 0.6598
vn 0.7303 -0.0189 0.6829
vn 0.8835 -0.0023 0.4683
vn 0.9995 0.0126 0.0292
vn 0.9295 0.0001 0.3688
vn 0.9094 0.0041 0.4159
vn 0.9692 0.0001 0.2462
vn 0.9710 0.0014 0.2390
vn 0.8277 -0.0004 -0.5611
vn 0.7976 0.0052 -0.6031
vn 0.8347 -0.0066 -0.5506
vn 0.7159 -0.0063 -0.6981
vn 0.6705 -0.0001 -0.7420
vn 0.4320 -0.0047 -0.9019
vn -0.3884 -0.8355 0.3888
vn -0.9684 -0.1364 0.2086
vn -0.9471 -0.1152 0.2996
vn -0.5292 -0.5888 0.6110
vn -0.6745 -0.5090 0.5347
vn -0.4816 0.0024 -0.8764
vn -0.4764 0.0001 -0.8793
vn -0.8367 -0.0034 0.5476
vn 0.1163 0.0015 0.9932
vn -0.1991 0.0065 -0.9800
vn -0.0593 -0.0027 -0.9982
vn -0.9111 -0.0109 0.4120
vn -0.7491 -0.5573 0.3583
vn -0.7942 -0.3923 0.4641
vn 0.1480 -0.0033 -0.9890
vn 0.1415 0.0066 -0.9899
vn -0.5595 0.0027 0.8289
vn -0.8772 0.0787 -0.4736
vn -0.9709 0.0187 -0.2389
vn -0.5088 -0.0002 0.8609
vn -0.2237 0.0036 -0.9747
vn -0.4763 -0.0003 -0.8793
vn -0.4762 0.0001 -0.8793
vn -0.5125 0.0092 -0.8587
vn -0.4835 0.0024 -0.8754
vn -0.8872 0.0022 -0.4613
vn -0.7406 0.0026 -0.6719
vn 0.8171 0.0032 0.5765
vn 0.9305 0.0107 -0.3661
vn 0.9488 -0.0075 -0.3158
vn 0.8425 0.0024 0.5387
vn -0.2475 -0.7102 0.6591
vn 0.9543 0.0166 -0.2982
vn 0.9244 0.0056 -0.3814
vn 0.9850 -0.0117 -0.1721
vn -0.5533 -0.0000 -0.8330
vn -0.6210 0.0073 -0.7838
vn -0.7319 0.0787 -0.6768
vn -0.6354 -0.6797 0.3664
vn -0.1697 0.0063 -0.9855
vn -0.3678 -0.6184 0.6945
vn -0.7156 -0.5032 0.4844
vn -0.6225 0.0059 0.7826
vn -0.9309 -0.0085 -0.3651
vn -0.9708 -0.0022 -0.2400
vn 0.4984 0.0005 -0.8669
vn -0.2718 -0.0036 0.9623
vn 0.1495 -0.0429 0.9878
vn 0.0550 -0.0225 0.9982
vn -0.4779 -0.6628 0.5765
vn -0.5945 -0.5460 0.5904
vn -0.6506 -0.4944 0.5765
vn -0.6667 -0.3213 0.6726
vn -0.7822 -0.1989 0.5903
vn -0.7907 -0.2060 0.5765
vn -0.7987 -0.1240 0.5887
vn -0.8251 -0.0021 -0.5650
vn -0.3978 0.0045 0.9175
vn 0.3292 -0.0358 0.9436
vn 0.9999 -0.0042 -0.0159
vn -0.5801 0.0056 -0.8145
vn -0.0694 0.0193 0.9974
vn -0.1640 -0.0954 0.9818
vn -0.4800 0.0175 0.8771
vn -0.3995 0.0044 0.9167
vn -0.3994 0.0044 0.9167
vn 0.2756 -0.0047 0.9613
vn 0.2455 0.0272 0.9690
vn 0.6117 -0.0001 0.7911
vn 1.0000 -0.0077 0.0022
vn 0.9860 -0.0599 0.1555
vn 0.9817 0.0034 -0.1903
vn 0.9960 0.0014 -0.0890
vn 0.8844 -0.0000 -0.4666
vn -0.3104 -0.9015 0.3016
vn -0.6454 -0.4847 0.5903
vn -0.7988 -0.1240 0.5887
vn -0.7278 0.0056 -0.6858
vn 0.9582 0.0018 0.2859
vn 0.9053 0.0012 -0.4249
vn -0.6210 -0.5730 0.5347
vn 0.1179 0.0097 -0.9930
vn -0.9114 -0.1233 0.3927
vn -0.9159 -0.0373 0.3996
vn -0.3210 -0.9193 -0.2279
vn -0.4017 -0.6806 0.6127
vn -0.5378 -0.6019 0.5903
vn -0.6344 -0.4735 0.6111
vn -0.7150 -0.3397 0.6110
vn -0.9246 -0.0892 0.3702
vn -0.9277 -0.1309 0.3497
vn 0.1170 0.0017 -0.9931
vn -0.3126 -0.9199 0.2370
vn -0.3675 -0.0020 -0.9300
vn -0.1770 -0.0123 -0.9841
vn -0.9449 -0.0056 -0.3274
vn -0.1287 0.0115 0.9916
vn -0.1341 -0.0044 -0.9910
vn 0.8211 -0.0017 -0.5708
vn 0.2912 -0.0027 0.9567
vn -0.1780 -0.0037 -0.9840
vn 0.9927 0.0967 -0.0722
vn 0.9863 0.0061 0.1649
vn -0.0135 0.0011 -0.9999
vn -0.4103 -0.6937 0.5919
vn -0.5378 -0.6019 0.5904
vn -0.5945 -0.5459 0.5904
vn -0.7280 -0.3486 0.5904
vn -0.7823 -0.1990 0.5903
vn -0.2658 0.0126 0.9640
vn -0.7666 -0.6239 0.1518
vn -0.9223 -0.0290 -0.3855
vn -0.8730 -0.0024 -0.4877
vn 0.9500 0.2864 -0.1244
vn 0.9684 0.2056 -0.1409
vn -0.5091 -0.0086 -0.8607
vn -0.5382 -0.0421 -0.8417
vn -0.6582 -0.0947 -0.7468
vn -0.5722 -0.1103 -0.8127
vn 0.8448 0.2358 0.4804
vn 0.8677 0.1666 0.4683
vn -0.2343 0.0018 0.9722
vn -0.2519 -0.0409 0.9669
vn 0.6312 0.2095 -0.7468
vn 0.6421 0.1297 -0.7556
vn 0.9584 0.2419 0.1516
vn 0.9302 0.2556 0.2636
vn 0.9522 0.1834 0.2442
vn -0.4750 0.0052 -0.8800
vn -0.4824 -0.0005 -0.8759
vn -0.9375 0.0337 0.3463
vn -0.9369 -0.0281 0.3486
vn -0.9778 0.0623 0.2002
vn -0.9716 0.0009 0.2366
vn -0.0541 0.0284 -0.9981
vn -0.0844 0.0147 -0.9963
vn 0.9451 0.2539 -0.2059
vn 0.9557 0.1829 -0.2306
vn 0.9309 -0.0065 -0.3652
vn 0.9636 0.2643 0.0395
vn 0.9838 0.1791 0.0037
vn -0.7834 -0.1223 -0.6094
vn 0.5948 0.0022 0.8039
vn 0.4896 -0.0382 0.8711
vn 0.7369 0.1594 -0.6570
vn 0.7023 0.0649 -0.7090
vn 0.8634 -0.0049 0.5046
vn 0.8457 0.0469 0.5317
vn 0.8965 0.2762 0.3465
vn 0.9223 0.1890 0.3370
vn -0.0214 0.1137 -0.9933
vn -0.0230 0.0252 -0.9994
vn -0.3686 0.0210 0.9294
vn -0.3335 0.0094 0.9427
vn 0.8698 0.2351 -0.4339
vn 0.8749 0.1649 -0.4555
vn 0.7410 -0.0005 -0.6715
vn 0.7327 -0.0064 -0.6805
vn 0.8127 -0.0007 -0.5826
vn -0.1060 0.0783 0.9913
vn -0.0801 0.1084 0.9909
vn 0.4878 0.0068 -0.8729
vn 0.5084 -0.0053 -0.8611
vn 0.8929 0.2749 -0.3565
vn 0.9095 0.1857 -0.3718
vn -0.8489 0.1528 0.5060
vn -0.8396 -0.0010 0.5431
vn -0.7427 -0.0090 -0.6696
vn -0.7100 0.0037 -0.7041
vn -0.9823 -0.1416 -0.1224
vn -0.9831 -0.1409 -0.1172
vn -0.0001 0.0043 1.0000
vn -0.0485 -0.0184 0.9987
vn 0.9987 0.0138 -0.0495
vn -0.4947 0.1457 -0.8567
vn -0.5188 0.0518 -0.8533
vn -0.0586 0.0570 0.9967
vn -0.0864 -0.0039 0.9963
vn -0.2420 0.0020 -0.9703
vn -0.2380 -0.0342 -0.9707
vn 0.7444 0.2034 -0.6360
vn 0.7446 0.1374 -0.6532
vn 0.6377 0.2130 0.7402
vn 0.6606 0.1366 0.7382
vn 0.1840 0.0343 -0.9823
vn 0.1602 0.0057 -0.9871
vn 0.9880 0.1377 -0.0702
vn 0.9885 0.0715 -0.1335
vn 0.7173 0.0761 0.6926
vn 0.7490 0.0553 0.6603
vn 0.4943 0.1601 -0.8544
vn 0.4087 0.1427 -0.9015
vn -0.7828 -0.0647 0.6189
vn -0.7726 -0.1183 0.6238
vn 0.0114 0.1103 0.9938
vn 0.0274 0.0171 0.9995
vn 0.8982 0.1453 -0.4149
vn 0.9090 0.0309 -0.4157
vn -0.1521 0.0529 -0.9869
vn -0.1901 0.0630 -0.9798
vn -0.1651 0.0009 -0.9863
vn 0.6755 0.0065 0.7373
vn 0.7056 0.0774 0.7044
vn 0.6337 0.0025 0.7735
vn 0.6201 0.0799 0.7805
vn 0.6287 0.0195 0.7774
vn -0.6405 0.0118 0.7678
vn -0.6334 0.0049 0.7738
vn -0.9692 -0.0030 0.2462
vn -0.9797 -0.0094 0.2003
vn -0.9851 0.0895 0.1468
vn -0.9997 0.0218 0.0145
vn -0.2975 -0.0099 -0.9547
vn -0.3157 -0.0493 -0.9476
vn 0.5749 0.1614 -0.8021
vn 0.5731 0.1013 -0.8132
vn 0.4903 0.0821 -0.8677
vn 0.5135 0.1669 -0.8417
vn 0.1451 0.0344 -0.9888
vn 0.1666 -0.0007 -0.9860
vn -0.1643 0.0011 -0.9864
vn -0.1472 -0.0014 -0.9891
vn -0.7356 0.0035 -0.6774
vn -0.7425 0.0317 -0.6691
vn -0.7427 0.1245 -0.6579
vn -0.7498 0.0236 -0.6613
vn 0.4416 0.0806 0.8936
vn 0.4179 0.0523 0.9070
vn -0.9925 0.0751 0.0969
vn -0.9998 -0.0092 0.0179
vn -0.9542 -0.1153 0.2761
vn -0.9640 -0.1661 0.2078
vn -0.1673 0.0017 -0.9859
vn -0.1486 -0.0062 -0.9889
vn -0.9163 0.0037 -0.4004
vn 0.9514 0.2870 0.1118
vn 0.9745 0.1989 0.1041
vn 0.9989 -0.0035 -0.0469
vn 0.0442 0.0501 0.9978
vn 0.0097 -0.0112 0.9999
vn 0.4505 0.1857 -0.8733
vn 0.4396 0.0918 -0.8935
vn 0.9718 0.0773 0.2228
vn -0.9068 0.0013 -0.4217
vn -0.8716 0.0139 -0.4900
vn -0.8662 -0.0148 -0.4995
vn -0.8195 0.1118 -0.5620
vn -0.7576 -0.0005 -0.6527
vn 0.0655 0.0381 0.9971
vn 0.0158 -0.0003 0.9999
vn 0.1722 0.0233 0.9848
vn 0.1731 -0.0175 0.9848
vn -0.9945 0.0880 -0.0573
vn -0.9965 0.0038 -0.0836
vn 0.9360 0.0265 0.3509
vn 0.9360 -0.0261 0.3511
vn 0.2271 0.0431 0.9729
vn 0.1904 0.0177 0.9815
vn 0.2365 0.1470 0.9605
vn 0.2627 0.0532 0.9634
vn -0.3204 -0.0059 0.9473
vn -0.4125 -0.0093 0.9109
vn -0.6278 -0.0253 0.7780
vn -0.6099 -0.0790 0.7885
vn -0.6396 -0.0956 0.7627
vn 0.5371 0.1630 0.8276
vn 0.5536 0.1032 0.8264
vn -0.6138 -0.0062 0.7894
vn -0.6061 0.0183 0.7952
vn -0.0972 0.0069 0.9952
vn -0.2505 0.0298 0.9677
vn 0.4389 0.1596 0.8842
vn 0.4933 0.2265 0.8398
vn 0.7852 0.2477 -0.5675
vn 0.7980 0.1621 -0.5804
vn 0.9610 0.1614 0.2247
vn 0.9771 0.0672 0.2017
vn -0.2788 0.1082 -0.9542
vn -0.2338 0.0306 -0.9718
vn 0.8763 0.1192 -0.4667
vn 0.9026 0.0122 -0.4304
vn 0.8324 0.0496 0.5520
vn 0.0182 0.0052 -0.9998
vn 0.0569 -0.0051 -0.9984
vn -0.9189 0.0692 -0.3883
vn -0.9166 0.0024 -0.3997
vn -0.4635 -0.0364 -0.8854
vn -0.4652 -0.0620 -0.8830
vn 0.7902 0.2506 0.5593
vn 0.8157 0.1678 0.5536
vn -0.9412 0.0033 -0.3380
vn -0.9515 0.0836 -0.2960
vn -0.9661 0.0470 -0.2540
vn -0.9412 0.0034 -0.3379
vn -0.9526 0.0338 -0.3023
vn -0.9296 0.0051 -0.3687
vn 0.2634 0.0447 -0.9636
vn 0.2935 0.0317 -0.9554
vn 0.3523 0.0697 -0.9333
vn 0.8682 0.1090 0.4840
vn 0.9071 0.0964 0.4097
vn 0.1664 -0.0008 -0.9860
vn -0.3936 0.0008 0.9193
vn -0.3913 -0.0633 0.9181
vn 0.7113 0.2046 0.6724
vn 0.7323 0.1394 0.6665
vn 0.3272 0.1530 0.9325
vn 0.4044 0.1629 0.8999
vn 0.3211 0.0045 0.9470
vn 0.3214 -0.0000 0.9469
vn 0.2228 0.1506 -0.9632
vn 0.2147 0.0594 -0.9749
vn -0.7477 0.0024 0.6640
vn -0.8166 0.1534 0.5565
vn -0.8401 0.0028 0.5424
vn -0.8366 -0.0088 0.5478
vn -0.8396 -0.0004 0.5432
vn -0.9703 -0.0050 0.2418
vn -0.0874 -0.0873 0.9923
vn -0.0732 -0.0085 0.9973
vn -0.8569 -0.1319 -0.4984
vn -0.9082 0.0129 -0.4184
vn -0.9968 -0.0127 -0.0783
vn -0.9958 -0.0134 -0.0905
vn 0.2009 0.0116 -0.9796
vn 0.3723 -0.0003 -0.9281
vn 0.1826 -0.1033 -0.9778
vn 0.2674 -0.0734 -0.9608
vn 0.0379 -0.0442 -0.9983
vn 0.0327 0.0241 -0.9992
vn -0.9166 0.0024 -0.3999
vn -0.9181 -0.0005 -0.3963
vn -0.9965 -0.0023 -0.0833
vn -0.9989 -0.0218 0.0413
vn 0.0778 -0.0023 -0.9970
vn -0.0975 -0.1044 -0.9897
vn -0.0305 -0.0595 -0.9978
vn -0.9147 -0.1293 -0.3828
vn -0.9022 0.0001 -0.4314
vn 0.9929 0.1151 0.0284
vn 0.9758 0.0202 -0.2179
vn 0.9979 0.0103 -0.0645
vn 0.9961 -0.0103 -0.0874
vn 0.9970 -0.0064 -0.0766
vn 0.8269 -0.0786 -0.5569
vn 0.8485 -0.0713 -0.5244
vn 0.4626 -0.0004 -0.8866
vn -0.9865 -0.1429 -0.0796
vn -0.9944 -0.0051 -0.1058
vn 0.9878 -0.1555 -0.0096
vn 0.9973 0.0034 -0.0732
vn -0.6864 0.0001 0.7272
vn -0.7548 -0.0292 0.6553
vn -0.7288 0.0206 0.6844
vn -0.6620 0.0844 -0.7447
vn -0.8355 0.0318 -0.5485
vn -0.8348 -0.0027 0.5505
vn -0.8052 0.0058 0.5930
vn -0.9114 -0.0411 0.4095
vn -0.9260 -0.0024 0.3775
vn -0.9669 -0.0197 0.2546
vn -0.9724 -0.0339 0.2310
vn 0.8624 0.0383 -0.5048
vn 0.7905 0.0150 -0.6123
vn 0.9677 0.0058 0.2522
vn -0.6134 -0.1024 0.7831
vn -0.6172 -0.0049 0.7868
vn -0.6387 -0.0910 0.7641
vn -0.6168 -0.0066 0.7871
vn 0.0368 -0.0242 0.9990
vn 0.1597 0.0077 0.9871
vn 0.7883 -0.0758 0.6106
vn 0.7975 -0.0034 0.6033
vn 0.4687 0.0121 0.8833
vn 0.4903 0.0406 0.8706
vn -0.4114 -0.1940 -0.8906
vn -0.3334 -0.2461 -0.9101
vn -0.2003 -0.0070 -0.9797
vn -0.2725 0.0216 -0.9619
vn 0.8372 0.0001 0.5470
vn 0.8464 -0.0238 0.5320
vn 0.8192 -0.0561 0.5707
vn 0.9156 -0.0152 -0.4017
vn 0.7501 -0.0810 -0.6563
vn 0.9211 -0.0072 -0.3893
vn 0.9389 0.0111 -0.3440
vn 0.9204 0.0071 -0.3910
vn -0.6147 -0.0043 0.7888
vn -0.6154 -0.0075 0.7882
vn -0.6563 -0.0555 -0.7525
vn -0.6710 0.0261 -0.7410
vn 0.9124 -0.1227 0.3905
vn 0.9592 0.0085 0.2826
vn 0.9690 -0.0753 0.2355
vn 0.9638 -0.0308 0.2649
vn -0.9967 -0.0024 -0.0816
vn -0.9968 -0.0025 -0.0793
vn -0.9990 0.0173 0.0416
vn 0.4814 -0.0969 -0.8711
vn 0.6424 -0.0254 -0.7659
vn 0.6013 0.0282 -0.7985
vn -0.1644 0.0003 -0.9864
vn -0.2606 -0.0489 -0.9642
vn -0.9768 -0.1338 0.1672
vn -0.9774 0.0037 0.2112
vn -0.9742 -0.0060 0.2258
vn -0.7361 -0.0000 -0.6769
vn -0.7355 0.0004 -0.6775
vn -0.7361 -0.0004 -0.6769
vn -0.0789 -0.0020 0.9969
vn 0.0103 -0.0673 0.9977
vn -0.0378 -0.0480 0.9981
vn 0.2842 -0.0929 0.9543
vn 0.2235 -0.0777 0.9716
vn 0.3117 -0.0335 0.9496
s 0
f 1290//1 2362//2 4225//3
f 4643//4 2367//5 4862//6
f 4648//7 3913//8 5594//7
f 42//9 1901//10 433//11
f 47//12 434//13 435//14
f 45//15 437//16 430//17
f 441//18 442//19 443//20
f 445//21 400//22 28//23
f 358//24 54//25 447//26
f 447//27 448//28 397//29
f 448//28 1893//30 361//31
f 453//32 1366//33 454//34
f 454//34 456//35 1367//36
f 61//37 461//38 464//39
f 463//40 2401//41 466//42
f 371//43 67//44 1900//45
f 1900//45 479//46 480//47
f 1381//48 492//49 6195//50
f 371//43 8//51 67//52
f 1395//53 521//54 1396//55
f 459//56 1397//57 1937//58
f 497//59 1941//60 1402//61
f 403//62 2409//63 34//64
f 557//65 49//66 438//67
f 442//19 1958//68 1411//69
f 1419//70 584//71 1420//72
f 539//73 1422//74 1981//75
f 601//76 1459//77 2016//78
f 667//79 1496//80 2051//81
f 731//82 1533//83 2086//84
f 795//85 1570//86 2121//87
f 859//88 1607//89 2156//90
f 923//91 1644//92 2191//93
f 987//94 1681//95 2226//96
f 1051//97 1718//98 2261//99
f 1115//100 1755//101 2296//102
f 1179//103 1792//104 2331//105
f 1239//106 1812//107 2349//108
f 367//109 3282//110 3283//111
f 4254//112 2410//113 2436//114
f 2445//115 1841//116 378//117
f 383//118 2453//119 5202//120
f 1309//121 1310//122 6126//123
f 5014//124 3275//125 4105//126
f 3312//127 2815//128 3386//129
f 4478//130 1854//131 3320//132
f 3749//133 4774//134 3323//135
f 2509//136 2506//137 6214//138
f 4972//139 5724//139 4974//140
f 430//17 37//141 40//142
f 2407//143 432//144 1891//145
f 435//146 434//13 38//147
f 47//12 435//14 432//144
f 435//146 38//147 41//148
f 45//15 430//17 2570//149
f 436//150 2570//151 1388//152
f 437//16 44//153 36//154
f 437//16 36//155 4120//156
f 438//67 3629//157 557//158
f 29//159 439//160 30//161
f 29//159 3629//157 439//160
f 35//162 3629//157 29//159
f 32//163 51//164 26//165
f 51//164 32//166 440//167
f 440//167 32//166 31//168
f 26//169 441//18 27//170
f 441//18 26//169 51//164
f 27//170 441//18 443//20
f 441//18 51//164 442//19
f 443//20 442//19 52//171
f 27//170 443//20 28//23
f 444//172 445//173 1892//174
f 52//171 1892//174 443//20
f 445//21 1920//175 400//176
f 28//23 443//20 1892//174
f 358//24 447//26 397//29
f 447//26 55//177 448//28
f 397//29 448//28 361//31
f 1893//30 448//28 450//178
f 1902//179 2//180 1893//30
f 1365//181 451//182 2571//183
f 452//184 1894//185 1895//186
f 1896//187 2571//183 1366//33
f 1897//188 2572//189 4090//190
f 1367//36 456//35 457//191
f 457//191 456//35 4090//190
f 58//192 457//191 390//193
f 59//194 384//195 22//196
f 59//194 22//196 2400//197
f 57//198 6193//199 453//200
f 460//201 1369//202 60//203
f 62//204 2401//205 462//206
f 14//207 463//40 15//208
f 461//38 13//209 464//210
f 16//211 464//39 13//212
f 61//37 464//210 465//213
f 2402//214 464//210 16//211
f 12//215 6003//216 2573//217
f 12//215 2573//217 2404//218
f 63//219 2406//220 469//221
f 468//222 9//223 2403//224
f 2403//225 9//223 3//226
f 2574//227 1370//228 2405//229
f 470//230 11//231 472//232
f 2405//233 472//232 2406//220
f 10//234 472//235 11//231
f 472//232 10//234 468//222
f 9//223 468//222 10//234
f 374//236 1371//237 475//238
f 474//239 1372//240 1373//241
f 5204//242 476//243 5205//244
f 3155//245 477//246 1899//247
f 1900//45 67//248 479//249
f 480//250 479//46 3351//251
f 1900//45 480//250 1375//252
f 480//47 46//253 2408//254
f 4//255 1375//256 1901//10
f 481//257 1891//145 2576//258
f 390//259 2//180 58//192
f 1902//260 482//261 1376//262
f 450//178 56//263 1903//264
f 1376//262 483//265 1904//266
f 483//265 1903//264 1905//267
f 1904//266 485//268 1377//269
f 1905//270 68//271 1906//272
f 1377//273 486//274 1907//275
f 486//274 1906//276 1908//277
f 1907//275 488//278 1378//279
f 1908//277 69//280 1909//281
f 458//282 1378//279 1910//283
f 489//284 1909//281 1379//285
f 491//286 1368//287 1910//288
f 17//289 1368//287 1911//290
f 1911//290 493//291 1382//292
f 5230//293 20//294 19//295
f 476//296 1383//297 1899//298
f 1383//297 495//299 1384//300
f 1384//300 496//301 1913//302
f 496//301 1912//303 1914//304
f 1913//302 498//305 1385//306
f 1914//307 71//308 1915//309
f 1385//306 499//310 1916//311
f 499//310 1915//309 1917//312
f 1916//311 501//313 1386//314
f 1917//312 72//315 1918//316
f 1386//317 502//318 1364//319
f 502//318 1918//316 1387//320
f 504//321 1387//320 1388//152
f 39//322 1364//323 1919//324
f 358//24 1//325 54//25
f 1920//175 3151//326 1389//327
f 444//328 53//329 1921//330
f 1389//327 505//331 1922//332
f 505//331 1921//330 1923//333
f 1922//332 507//334 1390//335
f 1923//333 73//336 1924//337
f 1390//335 508//338 1925//339
f 508//340 1924//337 1926//341
f 1925//342 510//343 1391//344
f 1926//341 74//345 1927//346
f 1391//344 511//347 1928//348
f 511//347 1927//346 1929//349
f 1928//348 513//350 1392//351
f 1929//349 75//352 1930//353
f 1392//354 514//355 1931//356
f 514//355 1930//353 1932//357
f 1931//356 516//358 1393//359
f 1932//360 76//361 1933//362
f 1393//363 517//364 1934//365
f 517//364 1933//362 1935//366
f 1934//367 519//368 1394//369
f 1935//366 77//370 1395//53
f 1394//369 520//371 6201//372
f 1937//58 522//373 2581//374
f 537//375 1400//376 1939//377
f 478//378 2594//379 1940//380
f 538//381 1939//377 1401//382
f 540//383 1401//382 1942//384
f 71//308 1402//61 1943//385
f 541//386 1942//384 1403//387
f 543//388 1403//387 1944//389
f 1943//385 544//390 1945//391
f 72//315 1945//391 1946//392
f 544//390 1944//393 1404//394
f 546//395 1404//394 1947//396
f 1946//397 547//398 1948//399
f 48//400 1948//401 1949//402
f 547//398 1947//396 1405//403
f 549//404 1405//403 1950//405
f 1949//406 550//407 1951//408
f 45//409 1951//408 1952//410
f 550//407 1950//411 1406//412
f 552//413 1406//412 1953//414
f 1952//410 553//415 1954//416
f 553//415 1953//414 1407//417
f 555//418 1407//417 1408//419
f 1954//420 3628//421 44//422
f 403//62 3628//421 2409//63
f 33//423 3628//421 403//62
f 2409//63 1955//424 557//425
f 34//426 557//427 35//428
f 1409//429 559//430 1957//431
f 51//164 1957//432 1958//68
f 559//430 1956//433 1410//434
f 561//435 1410//436 1959//437
f 52//171 1411//438 1960//439
f 562//440 1959//437 1412//441
f 564//442 1412//443 1961//444
f 1960//439 565//445 1962//446
f 53//329 1962//447 1963//448
f 565//445 1961//449 1413//450
f 567//451 1413//452 1964//453
f 1963//448 568//454 1965//455
f 73//456 1965//455 1966//457
f 568//454 1964//458 1414//459
f 570//460 1414//461 1967//462
f 1966//457 571//463 1968//464
f 74//345 1968//464 1969//465
f 571//463 1967//466 1415//467
f 573//468 1415//467 1970//469
f 1969//465 574//470 1971//471
f 75//352 1971//471 1972//472
f 574//470 1970//469 1416//473
f 576//474 1416//473 1973//475
f 1972//476 577//477 1974//478
f 76//479 1974//478 1975//480
f 577//477 1973//475 1417//481
f 579//482 1417//481 1976//483
f 1975//480 580//484 1977//485
f 77//370 1977//486 1978//487
f 580//484 1976//488 1418//489
f 582//490 1418//489 1419//491
f 1978//487 583//492 1979//493
f 586//494 2596//495 2597//496
f 599//497 1421//498 1980//499
f 600//500 1980//499 1423//501
f 602//502 1423//501 1982//503
f 1981//75 602//502 1424//504
f 1424//504 603//505 1983//506
f 603//505 1982//507 1425//508
f 605//509 1425//508 1984//510
f 1983//506 605//509 1426//511
f 1426//511 606//512 1985//513
f 606//512 1984//510 1427//514
f 608//515 1427//514 1986//516
f 1985//513 608//515 1428//517
f 1428//517 609//518 1987//519
f 609//518 1986//516 1429//520
f 611//521 1429//522 1988//523
f 1987//519 611//521 1430//524
f 1430//524 612//525 1989//526
f 612//527 1988//523 1431//528
f 614//529 1431//528 1990//530
f 1989//526 614//529 1432//531
f 1432//531 615//532 1991//533
f 615//534 1990//530 1433//535
f 617//536 1433//537 1992//538
f 1991//533 617//536 1434//539
f 1434//539 618//540 1993//541
f 49//66 1993//541 1994//542
f 618//543 1992//538 1435//544
f 620//545 1435//544 1995//546
f 1994//542 621//547 1996//548
f 621//549 1995//550 1436//551
f 623//552 1436//553 1997//554
f 1996//555 623//556 1437//557
f 1438//558 1997//554 625//559
f 558//560 1438//558 1956//433
f 1439//561 627//562 1999//563
f 627//562 1998//564 1440//565
f 629//566 1440//567 2000//568
f 1999//563 629//566 1441//569
f 1441//569 630//570 2001//571
f 630//570 2000//572 1442//573
f 632//574 1442//573 2002//575
f 2001//571 632//574 1443//576
f 1443//576 633//577 2003//578
f 633//577 2002//579 1444//580
f 635//581 1444//580 2004//582
f 2003//578 635//581 1445//583
f 1445//584 636//585 2005//586
f 636//585 2004//582 1446//587
f 638//588 1446//589 2006//590
f 2005//591 638//592 1447//593
f 1447//593 639//594 2007//595
f 639//596 2006//590 1448//597
f 641//598 1448//597 2008//599
f 2007//600 641//598 1449//601
f 1449//601 642//602 2009//603
f 642//602 2008//599 1450//604
f 644//605 1450//604 2010//606
f 2009//603 644//607 1451//608
f 1451//608 645//609 2011//610
f 645//609 2010//606 1452//611
f 647//612 1452//611 2012//613
f 2011//610 647//612 1453//614
f 1453//614 648//615 2013//616
f 648//615 2012//613 4121//617
f 2013//616 650//618 1454//619
f 587//620 1457//621 102//622
f 665//623 1458//624 2015//625
f 666//626 2015//625 1460//627
f 668//628 1460//627 2017//629
f 2016//630 668//631 1461//632
f 1461//632 669//633 2018//634
f 669//635 2017//629 1462//636
f 671//637 1462//636 2019//638
f 2018//634 671//637 1463//639
f 1463//639 672//640 2020//641
f 672//640 2019//642 1464//643
f 674//644 1464//645 2021//646
f 2020//641 674//647 1465//648
f 1465//648 675//649 2022//650
f 675//651 2021//646 1466//652
f 677//653 1466//652 2023//654
f 2022//650 677//653 1467//655
f 1467//655 678//656 2024//657
f 678//658 2023//654 1468//659
f 680//660 1468//661 2025//662
f 2024//657 680//663 1469//664
f 1469//664 681//665 2026//666
f 681//665 2025//662 1470//667
f 683//668 1470//667 2027//669
f 2026//670 683//668 1471//671
f 1471//672 684//673 2028//674
f 684//675 2027//669 1472//676
f 686//677 1472//676 2029//678
f 2028//674 686//677 1473//679
f 1473//679 687//680 2030//681
f 687//680 2029//678 1474//682
f 689//683 1474//684 2031//685
f 2030//681 689//683 1475//686
f 1475//686 690//687 2032//688
f 92//689 2032//688 626//690
f 1476//691 2031//685 691//692
f 626//693 1476//691 1998//564
f 1477//694 693//694 2034//695
f 693//694 2033//696 1478//697
f 695//698 1478//697 2035//699
f 2034//695 695//698 1479//700
f 1479//701 696//702 2036//703
f 696//704 2035//699 1480//705
f 698//706 1480//705 2037//707
f 2036//708 698//709 1481//710
f 1481//710 699//711 2038//712
f 699//713 2037//707 1482//714
f 701//715 1482//714 2039//716
f 2038//712 701//715 1483//717
f 1483//717 702//718 2040//719
f 702//718 2039//720 1484//721
f 704//722 1484//721 2041//723
f 2040//719 704//722 1485//724
f 1485//724 705//725 2042//726
f 705//725 2041//727 1486//728
f 707//729 1486//728 2043//730
f 2042//731 707//729 1487//732
f 1487//732 708//733 2044//734
f 708//733 2043//730 1488//735
f 710//736 1488//735 2045//737
f 2044//734 710//736 1489//738
f 1489//739 711//740 2046//741
f 711//742 2045//743 1490//744
f 713//745 1490//746 2047//747
f 2046//748 713//745 1491//749
f 1491//749 714//750 2048//751
f 714//750 2047//752 4122//753
f 2048//754 716//755 1492//756
f 2910//757 3813//758 2634//759
f 729//760 1495//761 2050//762
f 730//763 2050//764 1497//765
f 732//766 1497//767 2052//768
f 2051//81 732//766 1498//769
f 1498//769 733//770 2053//771
f 733//770 2052//768 1499//772
f 735//773 1499//772 2054//774
f 2053//771 735//773 1500//775
f 1500//775 736//776 2055//777
f 736//776 2054//774 1501//778
f 738//779 1501//778 2056//780
f 2055//777 738//779 1502//781
f 1502//781 739//782 2057//783
f 739//782 2056//784 1503//785
f 741//786 1503//785 2058//787
f 2057//783 741//786 1504//788
f 1504//789 742//790 2059//791
f 742//792 2058//787 1505//793
f 744//794 1505//795 2060//796
f 2059//791 744//794 1506//797
f 1506//797 745//798 2061//799
f 745//798 2060//796 1507//800
f 747//801 1507//800 2062//802
f 2061//803 747//804 1508//805
f 1508//805 748//806 2063//807
f 748//806 2062//802 1509//808
f 750//809 1509//808 2064//810
f 2063//807 750//809 1510//811
f 1510//811 751//812 2065//813
f 751//814 2064//810 1511//815
f 753//816 1511//815 2066//817
f 2065//818 753//816 1512//819
f 1512//820 754//821 2067//822
f 117//823 2067//824 692//825
f 1513//826 2066//817 755//827
f 692//825 1513//826 2033//696
f 1514//828 757//829 2069//830
f 757//829 2068//831 1515//832
f 759//833 1515//832 2070//834
f 2069//830 759//833 1516//835
f 1516//836 760//837 2071//838
f 760//837 2070//834 1517//839
f 762//840 1517//841 2072//842
f 2071//843 762//840 1518//844
f 1518//845 763//846 2073//847
f 763//846 2072//848 1519//849
f 765//850 1519//851 2074//852
f 2073//853 765//850 1520//854
f 1520//855 766//856 2075//857
f 766//856 2074//852 1521//858
f 768//859 1521//858 2076//860
f 2075//857 768//859 1522//861
f 1522//862 769//863 2077//864
f 769//863 2076//860 1523//865
f 771//866 1523//865 2078//867
f 2077//864 771//866 1524//868
f 1524//869 772//870 2079//871
f 772//872 2078//867 1525//873
f 774//874 1525//873 2080//875
f 2079//871 774//874 1526//876
f 1526//876 775//740 2081//877
f 775//740 2080//875 1527//878
f 777//879 1527//880 2082//881
f 2081//882 777//879 1528//883
f 1528//883 778//884 2083//885
f 778//884 2082//881 4123//886
f 2083//885 780//887 1529//888
f 2926//889 3814//890 2650//891
f 793//892 1532//893 2085//894
f 794//895 2085//894 1534//896
f 796//897 1534//898 2087//899
f 2086//84 796//897 1535//900
f 1535//901 797//902 2088//903
f 797//904 2087//905 1536//906
f 799//907 1536//906 2089//908
f 2088//903 799//907 1537//909
f 1537//909 800//910 2090//911
f 800//912 2089//908 1538//913
f 802//914 1538//913 2091//915
f 2090//911 802//914 1539//916
f 1539//916 803//917 2092//918
f 803//917 2091//919 1540//920
f 805//921 1540//922 2093//923
f 2092//918 805//921 1541//924
f 1541//924 806//925 2094//926
f 806//927 2093//923 1542//928
f 808//929 1542//928 2095//930
f 2094//931 808//929 1543//932
f 1543//932 809//933 2096//934
f 809//935 2095//936 1544//937
f 811//938 1544//937 2097//939
f 2096//934 811//938 1545//940
f 1545//941 812//942 2098//943
f 812//944 2097//939 1546//945
f 814//946 1546//945 2099//947
f 2098//948 814//949 1547//950
f 1547//950 815//951 2100//952
f 815//951 2099//947 1548//953
f 817//954 1548//953 2101//955
f 2100//952 817//956 1549//957
f 1549//957 818//958 2102//959
f 142//960 2102//961 756//962
f 1550//963 2101//955 819//964
f 756//962 1550//963 2068//831
f 1551//965 821//966 2104//967
f 821//968 2103//969 1552//970
f 823//971 1552//970 2105//972
f 2104//967 823//971 1553//973
f 1553//973 824//974 2106//975
f 824//976 2105//977 1554//978
f 826//979 1554//978 2107//980
f 2106//975 826//979 1555//981
f 1555//981 827//982 2108//983
f 827//982 2107//980 1556//984
f 829//985 1556//984 2109//986
f 2108//983 829//985 1557//987
f 1557//988 830//989 2110//990
f 830//991 2109//986 1558//992
f 832//993 1558//992 2111//994
f 2110//990 832//993 1559//995
f 1559//996 833//997 2112//998
f 833//999 2111//994 1560//1000
f 835//1001 1560//1000 2113//1002
f 2112//998 835//1001 1561//1003
f 1561//1003 836//1004 2114//1005
f 836//1006 2113//1007 1562//1008
f 838//1009 1562//1008 2115//1010
f 2114//1005 838//1009 1563//1011
f 1563//1011 839//1012 2116//1013
f 839//1012 2115//1010 1564//1014
f 841//1015 1564//1016 2117//1017
f 2116//1013 841//1015 1565//1018
f 1565//1018 842//1019 2118//1020
f 842//1019 2117//1017 4124//1021
f 2118//1020 844//1022 1566//1023
f 2942//1024 3815//1025 2666//1026
f 857//1027 1569//1028 2120//1029
f 858//1030 2120//1029 1571//1031
f 860//1032 1571//1031 2122//1033
f 2121//87 860//1032 1572//1034
f 1572//1035 861//1036 2123//1037
f 861//1038 2122//1033 1573//1039
f 863//1040 1573//1041 2124//1042
f 2123//1037 863//1043 1574//1044
f 1574//1045 864//1046 2125//1047
f 864//1046 2124//1042 1575//1048
f 866//1049 1575//1050 2126//1051
f 2125//1047 866//1049 1576//1052
f 1576//1052 867//1053 2127//1054
f 867//1055 2126//1056 1577//1057
f 869//1058 1577//1057 2128//1059
f 2127//1054 869//1058 1578//1060
f 1578//1061 870//1062 2129//1063
f 870//1062 2128//1059 1579//1064
f 872//1065 1579//1064 2130//1066
f 2129//1063 872//1065 1580//1067
f 1580//1067 873//1068 2131//1069
f 873//1068 2130//1066 1581//1070
f 875//1071 1581//1070 2132//1072
f 2131//1069 875//1071 1582//1073
f 1582//1073 876//1074 2133//1075
f 876//1076 2132//1072 1583//1077
f 878//1078 1583//1079 2134//1080
f 2133//1075 878//1078 1584//1081
f 1584//1081 879//1082 2135//1083
f 879//1082 2134//1080 1585//1084
f 881//1085 1585//1084 2136//1086
f 2135//1083 881//1087 1586//1088
f 1586//1088 882//1089 2137//1090
f 167//1091 2137//1090 820//1092
f 1587//1093 2136//1086 883//1094
f 820//1095 1587//1093 2103//969
f 1588//1096 885//1097 2139//1098
f 885//1097 2138//1099 1589//1100
f 887//1101 1589//1100 2140//1102
f 2139//1098 887//1101 1590//1103
f 1590//1103 888//1104 2141//1105
f 888//1104 2140//1102 1591//1106
f 890//1107 1591//1106 2142//1108
f 2141//1105 890//1109 1592//1110
f 1592//1110 891//1111 2143//1112
f 891//1113 2142//1114 1593//1115
f 893//1116 1593//1115 2144//1117
f 2143//1112 893//1118 1594//1119
f 1594//1119 894//1120 2145//1121
f 894//1122 2144//1117 1595//1123
f 896//1124 1595//1123 2146//1125
f 2145//1121 896//1124 1596//1126
f 1596//1127 897//1128 2147//1129
f 897//1128 2146//1130 1597//1131
f 899//1132 1597//1131 2148//1133
f 2147//1134 899//1132 1598//1135
f 1598//1135 900//1136 2149//1137
f 900//1138 2148//1133 1599//1139
f 902//1140 1599//1141 2150//1142
f 2149//1137 902//1140 1600//1143
f 1600//1143 903//1144 2151//1145
f 903//1144 2150//1146 1601//1147
f 905//1148 1601//1147 2152//1149
f 2151//1150 905//1151 1602//1152
f 1602//1152 906//1153 2153//1154
f 906//1153 2152//1149 4125//1155
f 2153//1156 908//1157 1603//1158
f 2958//1159 3816//1160 2682//1161
f 921//1162 1606//1163 2155//1164
f 922//1165 2155//1166 1608//1167
f 924//1168 1608//1169 2157//1170
f 2156//90 924//1168 1609//1171
f 1609//1172 925//1173 2158//1174
f 925//1173 2157//1175 1610//1176
f 927//1177 1610//1176 2159//1178
f 2158//1174 927//1177 1611//1179
f 1611//1179 928//1180 2160//1181
f 928//1180 2159//1178 1612//1182
f 930//1183 1612//1184 2161//1185
f 2160//1181 930//1183 1613//1186
f 1613//1186 931//1187 2162//1188
f 931//1187 2161//1185 1614//1189
f 933//1190 1614//1189 2163//1191
f 2162//1188 933//1192 1615//1193
f 1615//1193 934//1194 2164//1195
f 934//1194 2163//1191 1616//1196
f 936//1197 1616//1198 2165//1199
f 2164//1195 936//1197 1617//1200
f 1617//1200 937//1201 2166//1202
f 937//1203 2165//1199 1618//1204
f 939//1205 1618//1204 2167//1206
f 2166//1202 939//1207 1619//1208
f 1619//1208 940//1209 2168//1210
f 940//1211 2167//1212 1620//1213
f 942//1214 1620//1213 2169//1215
f 2168//1210 942//1214 1621//1216
f 1621//1217 943//1218 2170//1219
f 943//1218 2169//1220 1622//1221
f 945//1222 1622//1221 2171//1223
f 2170//1219 945//1222 1623//1224
f 1623//1225 946//1226 2172//1227
f 192//1228 2172//1227 884//1229
f 1624//1230 2171//1223 947//1231
f 884//1229 1624//1230 2138//1232
f 1625//1233 949//1234 2174//1235
f 949//1236 2173//1237 1626//1238
f 951//1239 1626//1238 2175//1240
f 2174//1235 951//1239 1627//1241
f 1627//1242 952//1243 2176//1244
f 952//1243 2175//1245 1628//1246
f 954//1247 1628//1246 2177//1248
f 2176//1249 954//1247 1629//1250
f 1629//1250 955//1251 2178//1252
f 955//1253 2177//1248 1630//1254
f 957//1255 1630//1254 2179//1256
f 2178//1257 957//1255 1631//1258
f 1631//1259 958//1260 2180//1261
f 958//1260 2179//1256 1632//1262
f 960//1263 1632//1262 2181//1264
f 2180//1261 960//1263 1633//1265
f 1633//1266 961//1267 2182//1268
f 961//1267 2181//1264 1634//1269
f 963//1270 1634//1269 2183//1271
f 2182//1268 963//1270 1635//1272
f 1635//1272 964//1273 2184//1274
f 964//1273 2183//1271 1636//1275
f 966//1276 1636//1275 2185//1277
f 2184//1274 966//1278 1637//1279
f 1637//1279 967//1280 2186//1281
f 967//1282 2185//1277 1638//1283
f 969//1284 1638//1285 2187//1286
f 2186//1287 969//1284 1639//1288
f 1639//1288 970//1289 2188//1290
f 970//1289 2187//1286 4126//1291
f 2188//1290 972//1292 1640//1293
f 2974//1294 3817//1295 2698//1296
f 985//1297 1643//1298 2190//1299
f 986//1300 2190//1299 1645//1301
f 988//1302 1645//1301 2192//1303
f 2191//93 988//1304 1646//1305
f 1646//1306 989//1307 2193//1308
f 989//1307 2192//1303 1647//1309
f 991//1310 1647//1309 2194//1311
f 2193//1312 991//1310 1648//1313
f 1648//1313 992//1314 2195//1315
f 992//1314 2194//1311 1649//1316
f 994//1317 1649//1318 2196//1319
f 2195//1315 994//1317 1650//1320
f 1650//1320 995//1321 2197//1322
f 995//1323 2196//1324 1651//1325
f 997//1326 1651//1327 2198//1328
f 2197//1322 997//1326 1652//1329
f 1652//1329 998//1330 2199//1331
f 998//1330 2198//1332 1653//1333
f 1000//1334 1653//1333 2200//1335
f 2199//1331 1000//1334 1654//1336
f 1654//1336 1001//1337 2201//1338
f 1001//1339 2200//1335 1655//1340
f 1003//1341 1655//1340 2202//1342
f 2201//1343 1003//1344 1656//1345
f 1656//1345 1004//1346 2203//1347
f 1004//1346 2202//1342 1657//1348
f 1006//1349 1657//1348 2204//1350
f 2203//1347 1006//1349 1658//1351
f 1658//1351 1007//1352 2205//1353
f 1007//1354 2204//1350 1659//1355
f 1009//1356 1659//1355 2206//1357
f 2205//1353 1009//1356 1660//1358
f 1660//1358 1010//1359 2207//1360
f 217//1361 2207//1360 948//1362
f 1661//1363 2206//1357 1011//1364
f 948//1362 1661//1363 2173//1237
f 1662//1365 1013//1366 2209//1367
f 1013//1368 2208//1369 1663//1370
f 1015//1371 1663//1370 2210//1372
f 2209//1367 1015//1371 1664//1373
f 1664//1373 1016//1374 2211//1375
f 1016//1376 2210//1377 1665//1378
f 1018//1379 1665//1378 2212//1380
f 2211//1381 1018//1379 1666//1382
f 1666//1382 1019//1383 2213//1384
f 1019//1383 2212//1380 1667//1385
f 1021//1386 1667//1385 2214//1387
f 2213//1384 1021//1386 1668//1388
f 1668//1388 1022//1389 2215//1390
f 1022//1391 2214//1387 1669//1392
f 1024//1393 1669//1392 2216//1394
f 2215//1390 1024//1393 1670//1395
f 1670//1396 1025//1397 2217//1398
f 1025//1399 2216//1400 1671//1401
f 1027//1402 1671//1401 2218//1403
f 2217//1398 1027//1402 1672//1404
f 1672//1404 1028//1405 2219//1406
f 1028//1405 2218//1403 1673//1407
f 1030//1408 1673//1407 2220//1409
f 2219//1406 1030//1408 1674//1410
f 1674//1411 1031//1412 2221//1413
f 1031//1412 2220//1414 1675//1415
f 1033//1416 1675//1417 2222//1418
f 2221//1413 1033//1416 1676//1419
f 1676//1419 1034//1420 2223//1421
f 1034//1420 2222//1422 4127//1423
f 2223//1421 1036//1424 1677//1425
f 2990//1426 3818//1427 2714//1428
f 1049//1429 1680//1430 2225//1431
f 1050//1432 2225//1431 1682//1433
f 1052//1434 1682//1433 2227//1435
f 2226//1436 1052//1437 1683//1438
f 1683//1438 1053//1439 2228//1440
f 1053//1439 2227//1435 1684//1441
f 1055//1442 1684//1443 2229//1444
f 2228//1440 1055//1442 1685//1445
f 1685//1445 1056//1446 2230//1447
f 1056//1446 2229//1444 1686//1448
f 1058//1449 1686//1448 2231//1450
f 2230//1447 1058//1449 1687//1451
f 1687//1451 1059//1452 2232//1453
f 1059//1452 2231//1450 1688//1454
f 1061//1455 1688//1454 2233//1456
f 2232//1457 1061//1455 1689//1458
f 1689//1458 1062//1459 2234//1460
f 1062//1461 2233//1462 1690//1463
f 1064//1464 1690//1463 2235//1465
f 2234//1466 1064//1464 1691//1467
f 1691//1467 1065//1468 2236//1469
f 1065//1468 2235//1465 1692//1470
f 1067//1471 1692//1470 2237//1472
f 2236//1469 1067//1471 1693//1473
f 1693//1473 1068//1474 2238//1475
f 1068//1476 2237//1477 1694//1478
f 1070//1479 1694//1478 2239//1480
f 2238//1475 1070//1479 1695//1481
f 1695//1481 1071//1482 2240//1483
f 1071//1484 2239//1485 1696//1486
f 1073//1487 1696//1488 2241//1489
f 2240//1483 1073//1487 1697//1490
f 1697//1490 1074//1491 2242//1492
f 242//1493 2242//1494 1012//1495
f 1698//1496 2241//1489 1075//1497
f 1012//1495 1698//1496 2208//1498
f 1699//1499 1077//1499 2244//1500
f 1077//1499 2243//1501 1700//1502
f 1079//1503 1700//1502 2245//1504
f 2244//1500 1079//1503 1701//1505
f 1701//1506 1080//1507 2246//1508
f 1080//1509 2245//1504 1702//1510
f 1082//1511 1702//1510 2247//1512
f 2246//1508 1082//1511 1703//1513
f 1703//1513 1083//1514 2248//1515
f 1083//1514 2247//1512 1704//1516
f 1085//1517 1704//1516 2249//1518
f 2248//1519 1085//1517 1705//1520
f 1705//1520 1086//1521 2250//1522
f 1086//1521 2249//1518 1706//1523
f 1088//1524 1706//1525 2251//1526
f 2250//1522 1088//1524 1707//1527
f 1707//1527 1089//1528 2252//1529
f 1089//1528 2251//1526 1708//1530
f 1091//1531 1708//1530 2253//1532
f 2252//1529 1091//1531 1709//1533
f 1709//1533 1092//1534 2254//1535
f 1092//1536 2253//1532 1710//1537
f 1094//1538 1710//1537 2255//1539
f 2254//1535 1094//1538 1711//1540
f 1711//1541 1095//1412 2256//1542
f 1095//1412 2255//1539 1712//1543
f 1097//1544 1712//1545 2257//1546
f 2256//1542 1097//1547 1713//1548
f 1713//1548 1098//1549 2258//1550
f 1098//1549 2257//1546 4128//1551
f 2258//1550 1100//1552 1714//1553
f 3006//1554 3819//1555 2730//1556
f 1113//1557 1717//1558 2260//1559
f 1114//1560 2260//1561 1719//1562
f 1116//1563 1719//1562 2262//1564
f 2261//99 1116//1565 1720//1566
f 1720//1567 1117//1568 2263//1569
f 1117//1570 2262//1564 1721//1571
f 1119//1572 1721//1571 2264//1573
f 2263//1569 1119//1572 1722//1574
f 1722//1574 1120//1575 2265//1576
f 1120//1575 2264//1577 1723//1578
f 1122//1579 1723//1580 2266//1581
f 2265//1576 1122//1579 1724//1582
f 1724//1582 1123//1583 2267//1584
f 1123//1583 2266//1585 1725//1586
f 1125//1587 1725//1586 2268//1588
f 2267//1589 1125//1587 1726//1590
f 1726//1590 1126//1591 2269//1592
f 1126//1591 2268//1588 1727//1593
f 1128//1594 1727//1595 2270//1596
f 2269//1592 1128//1594 1728//1597
f 1728//1597 1129//1598 2271//1599
f 1129//1598 2270//1596 1729//1600
f 1131//1601 1729//1600 2272//1602
f 2271//1599 1131//1601 1730//1603
f 1730//1603 1132//1604 2273//1605
f 1132//1606 2272//1602 1731//1607
f 1134//1608 1731//1607 2274//1609
f 2273//1605 1134//1608 1732//1610
f 1732//1611 1135//1612 2275//1613
f 1135//1614 2274//1609 1733//1615
f 1137//1616 1733//1615 2276//1617
f 2275//1613 1137//1616 1734//1618
f 1734//1618 1138//1619 2277//1620
f 267//1621 2277//1622 1076//1623
f 1735//1624 2276//1625 1139//1626
f 1076//1627 1735//1624 2243//1628
f 1736//1629 1141//1630 2279//1631
f 1141//1630 2278//1632 1737//1633
f 1143//1634 1737//1633 2280//1635
f 2279//1631 1143//1634 1738//1636
f 1738//1636 1144//1637 2281//1638
f 1144//1639 2280//1640 1739//1641
f 1146//1642 1739//1641 2282//1643
f 2281//1638 1146//1642 1740//1644
f 1740//1645 1147//1646 2283//1647
f 1147//1648 2282//1643 1741//1649
f 1149//1650 1741//1649 2284//1651
f 2283//1647 1149//1650 1742//1652
f 1742//1653 1150//1654 2285//1655
f 1150//1656 2284//1651 1743//1657
f 1152//1658 1743//1657 2286//1659
f 2285//1655 1152//1658 1744//1660
f 1744//1661 1153//1662 2287//1663
f 1153//1664 2286//1659 1745//1665
f 1155//1666 1745//1665 2288//1667
f 2287//1663 1155//1666 1746//1668
f 1746//1668 1156//1669 2289//1670
f 1156//1671 2288//1672 1747//1673
f 1158//1674 1747//1673 2290//1675
f 2289//1670 1158//1674 1748//1676
f 1748//1676 1159//1677 2291//1678
f 1159//1677 2290//1675 1749//1679
f 1161//1680 1749//1681 2292//1682
f 2291//1683 1161//1680 1750//1684
f 1750//1684 1162//1685 2293//1686
f 1162//1685 2292//1682 4129//1687
f 2293//1686 1164//1688 1751//1689
f 3022//1690 3820//1691 2746//1692
f 1177//1693 1754//1694 2295//1695
f 1178//1696 2295//1695 1756//1697
f 1180//1698 1756//1699 2297//1700
f 2296//102 1180//1698 1757//1701
f 1757//1701 1181//1702 2298//1703
f 1181//1702 2297//1704 1758//1705
f 1183//1706 1758//1705 2299//1707
f 2298//1703 1183//1706 1759//1708
f 1759//1708 1184//1709 2300//1710
f 1184//1709 2299//1707 1760//1711
f 1186//1712 1760//1711 2301//1713
f 2300//1710 1186//1712 1761//1714
f 1761//1714 1187//1715 2302//1716
f 1187//1715 2301//1713 1762//1717
f 1189//1718 1762//1719 2303//1720
f 2302//1716 1189//1718 1763//1721
f 1763//1721 1190//1722 2304//1723
f 1190//1722 2303//1720 1764//1724
f 1192//1725 1764//1726 2305//1727
f 2304//1723 1192//1725 1765//1728
f 1765//1728 1193//1729 2306//1730
f 1193//1731 2305//1727 1766//1732
f 1195//1733 1766//1734 2307//1735
f 2306//1730 1195//1733 1767//1736
f 1767//1737 1196//1738 2308//1739
f 1196//1738 2307//1740 1768//1741
f 1198//1742 1768//1741 2309//1743
f 2308//1739 1198//1742 1769//1744
f 1769//1744 1199//1745 2310//1746
f 1199//1747 2309//1743 1770//1748
f 1201//1749 1770//1750 2311//1751
f 2310//1752 1201//1749 1771//1753
f 1771//1753 1202//1754 2312//1755
f 292//1756 2312//1757 1140//1758
f 1772//1759 2311//1751 1203//1760
f 1140//1761 1772//1759 2278//1632
f 1773//1762 1205//1762 2314//1763
f 1205//1762 2313//1764 1774//1765
f 1206//1766 1774//1765 2315//1767
f 2314//1763 1206//1766 1775//1768
f 1775//1768 1207//1769 2316//1770
f 1207//1771 2315//1767 1776//1772
f 1208//1773 1776//1772 2317//1774
f 2316//1775 1208//1773 1777//1776
f 1777//1776 1209//1777 2318//1778
f 1209//1779 2317//1774 1778//1780
f 1210//1781 1778//1780 2319//1782
f 2318//1783 1210//1781 1779//1784
f 1779//1784 1211//1785 2320//1786
f 1211//1785 2319//1782 1780//1787
f 1212//1788 1780//1787 2321//1789
f 2320//1786 1212//1788 1781//1790
f 1781//1791 1213//1792 2322//1793
f 1213//1792 2321//1789 1782//1794
f 1215//1795 1782//1796 2323//1797
f 2322//1798 1215//1795 1783//1799
f 1783//1799 1216//1800 2324//1801
f 1216//1802 2323//1803 1784//1804
f 1218//1805 1784//1804 2325//1806
f 2324//1801 1218//1805 1785//1807
f 1785//1807 1219//1677 2326//1808
f 1219//1677 2325//1806 1786//1809
f 1221//1810 1786//1811 2327//1812
f 2326//1808 1221//1810 1787//1813
f 1787//1813 1222//1814 2328//1815
f 1222//1814 2327//1812 4130//1816
f 2328//1815 1224//1817 1788//1818
f 3038//1819 3821//1820 2762//1821
f 1237//1822 1791//1823 2330//1824
f 1238//1825 2330//1824 1793//1826
f 1240//1827 1793//1826 2332//1828
f 2331//1829 1240//1827 1794//1830
f 1794//1830 1241//1831 2333//1832
f 1241//1831 2332//1828 1795//1833
f 1243//1834 1795//1833 2334//1835
f 2333//1832 1243//1836 1796//1837
f 1796//1837 1244//1838 2335//1839
f 1244//1838 2334//1835 1797//1840
f 1246//1841 1797//1840 2336//1842
f 2335//1839 1246//1843 1798//1844
f 1798//1844 1247//1845 2337//1846
f 1247//1847 2336//1842 1799//1848
f 1249//1849 1799//1850 2338//1851
f 2337//1846 1249//1849 1800//1852
f 1800//1852 1250//1853 2339//1854
f 1250//1853 2338//1851 1801//1855
f 1252//1856 1801//1857 2340//1858
f 2339//1854 1252//1856 1802//1859
f 1802//1859 1253//1860 2341//1861
f 1253//1860 2340//1858 1803//1862
f 1254//1863 1803//1864 2342//1865
f 2341//1861 1254//1863 1804//1866
f 1804//1866 1255//1867 2343//1868
f 1255//1867 2342//1869 1805//1870
f 1256//1871 1805//1870 2344//1872
f 2343//1868 1256//1871 1806//1873
f 1806//1874 1257//1875 2345//1876
f 1257//1875 2344//1872 1807//1877
f 1258//1878 1807//1877 2346//1879
f 2345//1876 1258//1878 1808//1880
f 1808//1880 1259//1881 2347//1882
f 317//1883 2347//1882 1204//1884
f 1204//1885 1809//1886 2313//1764
f 6559//1887 6527//1888 1810//1889
f 3319//1890 4131//1891 3318//1892
f 3991//1893 2792//1894 364//1895
f 1282//1896 3374//1897 1283//1898
f 3727//1899 4761//1900 4261//1901
f 2814//1902 2813//1903 6120//1904
f 5015//1905 5884//1906 395//1907
f 3396//1908 2497//1909 3324//1910
f 3401//1911 413//1912 3875//1913
f 4305//139 5438//139 5642//1914
f 6268//1915 2517//1916 4501//1917
f 36//155 44//153 33//423
f 435//14 41//148 432//144
f 1365//181 3435//1918 451//182
f 1366//33 452//1919 454//34
f 454//34 1367//36 455//1920
f 1368//287 59//1921 1910//288
f 59//194 1368//287 384//195
f 2400//197 1896//187 453//200
f 60//1922 2402//214 460//201
f 1371//237 1372//240 474//239
f 474//239 1373//241 477//1923
f 1373//241 5205//244 477//1923
f 475//238 474//1924 477//1923
f 1375//256 480//1925 2408//254
f 481//257 2576//258 433//11
f 482//261 483//265 1376//262
f 483//1926 1905//270 485//1927
f 485//268 486//274 1377//273
f 486//274 1908//277 488//278
f 488//278 489//1928 1378//279
f 489//284 1379//285 2577//1929
f 2577//1929 1380//1930 1381//48
f 1380//1931 2577//1929 1379//285
f 1382//1932 493//291 494//1933
f 495//299 1383//1934 476//296
f 495//299 496//301 1384//300
f 496//301 1914//307 498//305
f 498//305 499//310 1385//306
f 499//1935 1917//312 501//313
f 501//313 502//318 1386//314
f 502//318 1387//320 504//1936
f 504//1936 1388//152 1919//324
f 3151//1937 505//331 1389//327
f 505//331 1923//333 507//334
f 507//334 508//338 1390//335
f 508//340 1926//341 510//343
f 510//343 511//347 1391//344
f 511//1938 1929//349 513//350
f 513//350 514//355 1392//1939
f 514//1940 1932//357 516//1941
f 516//1942 517//364 1393//363
f 517//1943 1935//366 519//368
f 519//1944 520//371 1394//369
f 520//371 1396//55 2862//1945
f 1396//55 520//371 1395//53
f 3352//1946 522//1947 2862//1948
f 1937//58 1397//1949 522//373
f 5200//1950 1398//1951 525//1952
f 2586//1953 2867//1954 2868//1955
f 529//1956 1938//1957 2867//1954
f 530//1958 6262//1959 2869//1960
f 2870//1961 2871//1962 2872//1963
f 2873//1964 2874//1965 2875//1966
f 478//378 65//1967 2594//1968
f 538//381 1401//382 540//1969
f 540//1969 541//1970 1941//60
f 1402//61 1941//60 541//386
f 541//386 1403//387 543//1971
f 543//1971 544//390 1943//1972
f 544//390 1404//1973 546//395
f 546//395 547//1974 1946//392
f 547//398 1405//403 549//404
f 549//404 550//1975 1949//402
f 550//407 1406//412 552//1976
f 552//1976 553//415 1952//410
f 553//415 1407//417 555//418
f 1955//1977 1408//419 556//1978
f 558//560 559//430 1409//429
f 559//430 1410//434 561//1979
f 561//1979 562//1980 1958//68
f 1411//1981 1958//68 562//1982
f 562//1982 1412//443 564//442
f 564//442 565//445 1960//439
f 565//445 1413//452 567//451
f 567//1983 568//454 1963//448
f 568//454 1414//459 570//1984
f 570//460 571//1985 1966//457
f 571//1986 1415//467 573//1987
f 573//468 574//470 1969//465
f 574//470 1416//1988 576//1989
f 576//1990 577//477 1972//1991
f 577//477 1417//481 579//1992
f 579//482 580//484 1975//480
f 580//484 1418//489 582//490
f 582//490 583//492 1978//1993
f 583//492 1420//72 585//1994
f 1420//72 583//492 1419//70
f 78//1995 3167//1996 2595//1997
f 2878//1998 2600//1999 2879//2000
f 2882//2001 2604//2002 2883//2003
f 2606//2004 4316//2005 2885//2006
f 3954//2007 597//2008 2609//2009
f 599//497 600//2010 1422//74
f 1981//75 1422//74 600//2010
f 600//500 1423//501 602//502
f 602//502 603//505 1424//504
f 603//505 1425//508 605//2011
f 605//509 606//512 1426//511
f 606//512 1427//514 608//2012
f 608//515 609//518 1428//2013
f 609//2014 1429//520 611//521
f 611//521 612//525 1430//524
f 612//525 1431//528 614//529
f 614//529 615//534 1432//531
f 615//534 1433//535 617//2015
f 617//536 618//543 1434//539
f 618//543 1435//544 620//545
f 620//545 621//2016 1994//542
f 621//2017 1436//2018 623//556
f 623//552 624//2019 1437//557
f 624//2020 1438//2021 558//560
f 1438//558 624//2020 1997//554
f 626//693 627//2022 1439//2023
f 627//2024 1440//2025 629//566
f 629//566 630//2026 1441//2027
f 630//2028 1442//573 632//574
f 632//574 633//2029 1443//576
f 633//2030 1444//580 635//581
f 635//581 636//2031 1445//583
f 636//2032 1446//589 638//592
f 638//592 639//594 1447//593
f 639//596 1448//2033 641//598
f 641//598 642//602 1449//601
f 642//602 1450//604 644//607
f 644//605 645//742 1451//608
f 645//742 1452//611 647//2034
f 647//612 648//615 1453//614
f 1456//2035 651//2036 1455//2037
f 3631//2038 2890//2039 3630//2040
f 102//2041 1457//621 2890//2039
f 2895//2042 6016//2043 2896//2044
f 2897//2045 6017//2046 2898//2047
f 2899//2048 2900//2049 2901//2050
f 2621//2051 4317//2052 2900//2049
f 3955//2053 663//2054 2624//2055
f 665//623 666//2056 1459//2057
f 2016//630 1459//77 666//2056
f 666//626 1460//2058 668//631
f 668//2059 669//2060 1461//632
f 669//2060 1462//636 671//637
f 671//637 672//640 1463//639
f 672//2061 1464//645 674//644
f 674//644 675//651 1465//648
f 675//2062 1466//652 677//653
f 677//653 678//656 1467//655
f 678//656 1468//661 680//2063
f 680//660 681//665 1469//664
f 681//2064 1470//667 683//2065
f 683//2065 684//675 1471//671
f 684//2066 1472//676 686//677
f 686//2067 687//680 1473//679
f 687//2068 1474//682 689//683
f 689//683 690//2069 1475//2070
f 2032//688 690//2069 626//693
f 1476//2071 690//687 2031//685
f 692//825 693//694 1477//694
f 693//694 1478//697 695//698
f 695//2072 696//704 1479//700
f 696//2073 1480//705 698//709
f 698//709 699//2074 1481//710
f 699//713 1482//714 701//715
f 701//715 702//718 1483//717
f 702//718 1484//721 704//722
f 704//2075 705//2076 1485//724
f 705//725 1486//728 707//729
f 707//729 708//733 1487//732
f 708//2077 1488//735 710//736
f 710//736 711//742 1489//738
f 711//742 1490//746 713//745
f 713//745 714//750 1491//749
f 714//750 4122//753 716//755
f 1494//2078 717//2079 1493//2080
f 3632//2081 2905//2082 2629//2083
f 127//2084 653//2085 3353//2086
f 2908//2087 6018//2088 2909//2089
f 2633//757 4406//2090 6018//2088
f 2911//2091 6019//2092 2912//2093
f 2913//2094 6020//2095 2914//2096
f 2915//2097 2916//2098 2917//2099
f 2637//2100 4319//2101 2916//2098
f 3956//2102 727//2103 2640//2104
f 729//2105 730//2106 1496//80
f 2051//81 1496//80 730//763
f 730//763 1497//767 732//766
f 732//766 733//2107 1498//769
f 733//770 1499//772 735//773
f 735//773 736//2108 1500//775
f 736//776 1501//778 738//779
f 738//779 739//2109 1502//781
f 739//2110 1503//785 741//786
f 741//786 742//2111 1504//789
f 742//2111 1505//795 744//2112
f 744//794 745//798 1506//2113
f 745//798 1507//800 747//804
f 747//2114 748//806 1508//805
f 748//806 1509//808 750//2115
f 750//809 751//2116 1510//811
f 751//2116 1511//815 753//816
f 753//816 754//2117 1512//820
f 2067//2118 754//2117 692//2119
f 1513//826 754//2117 2066//817
f 756//2120 757//829 1514//828
f 757//2121 1515//832 759//833
f 759//833 760//837 1516//836
f 760//837 1517//839 762//840
f 762//840 763//2122 1518//845
f 763//846 1519//849 765//850
f 765//850 766//2123 1520//855
f 766//2124 1521//858 768//859
f 768//2125 769//863 1522//861
f 769//2126 1523//865 771//866
f 771//866 772//870 1524//869
f 772//870 1525//873 774//874
f 774//2127 775//1012 1526//876
f 775//1012 1527//878 777//879
f 777//879 778//884 1528//883
f 778//2128 4123//886 780//887
f 1531//2129 781//2130 1530//2131
f 3633//2132 2921//2133 2645//2134
f 152//2135 719//2136 3354//2137
f 2924//2138 6021//2139 2925//2140
f 2649//2141 4407//2142 6021//2139
f 2927//2143 6022//2144 2928//2145
f 2929//2146 6023//2147 2930//2148
f 2931//2149 2932//2150 2933//2151
f 2653//2152 4321//2153 2932//2150
f 3957//2154 791//2155 2656//2156
f 793//892 794//895 1533//83
f 2086//84 1533//83 794//895
f 794//895 1534//896 796//897
f 796//897 797//902 1535//901
f 797//904 1536//906 799//907
f 799//907 800//912 1537//909
f 800//912 1538//913 802//914
f 802//914 803//917 1539//916
f 803//2157 1540//920 805//921
f 805//921 806//927 1541//924
f 806//2158 1542//928 808//2159
f 808//929 809//935 1543//932
f 809//935 1544//937 811//938
f 811//938 812//942 1545//941
f 812//942 1546//945 814//946
f 814//946 815//2160 1547//950
f 815//951 1548//953 817//954
f 817//954 818//958 1549//957
f 2102//961 818//958 756//962
f 1550//2161 818//958 2101//955
f 820//1092 821//966 1551//965
f 821//2162 1552//970 823//971
f 823//971 824//974 1553//973
f 824//2163 1554//978 826//979
f 826//979 827//982 1555//981
f 827//982 1556//984 829//985
f 829//2164 830//989 1557//987
f 830//989 1558//992 832//993
f 832//993 833//999 1559//995
f 833//999 1560//1000 835//1001
f 835//1001 836//1006 1561//1003
f 836//1006 1562//1008 838//1009
f 838//1009 839//1012 1563//1011
f 839//1012 1564//1014 841//1015
f 841//1015 842//1019 1565//2165
f 842//1019 4124//2166 844//1022
f 1568//2167 845//2168 1567//2169
f 3634//2170 2937//2171 2661//2172
f 177//2173 783//2174 3355//2175
f 2940//2176 6024//2177 2941//2178
f 2665//2179 4408//2180 6024//2177
f 2943//2181 6025//2182 2944//2183
f 2945//2184 6026//2185 2946//2186
f 2947//2187 2948//2188 2949//2189
f 2669//2190 4323//2191 2948//2188
f 3958//2192 855//2193 2672//2194
f 857//1027 858//1030 1570//2195
f 2121//87 1570//86 858//1030
f 858//2196 1571//1031 860//1032
f 860//1032 861//2197 1572//1035
f 861//1036 1573//1041 863//2198
f 863//1040 864//1046 1574//2199
f 864//1046 1575//1050 866//2200
f 866//1049 867//1053 1576//1052
f 867//1055 1577//1057 869//1058
f 869//2201 870//1062 1578//1061
f 870//1062 1579//1064 872//1065
f 872//1065 873//2202 1580//1067
f 873//2202 1581//2203 875//1071
f 875//1071 876//1074 1582//1073
f 876//2204 1583//2205 878//1078
f 878//1078 879//2206 1584//1081
f 879//1082 1585//1084 881//1087
f 881//1087 882//1089 1586//1088
f 2137//1090 882//1089 820//1092
f 1587//1093 882//2207 2136//1086
f 884//1229 885//2208 1588//2209
f 885//1097 1589//1100 887//1101
f 887//1101 888//1104 1590//2210
f 888//1104 1591//1106 890//1107
f 890//1109 891//1113 1592//1110
f 891//1111 1593//1115 893//1116
f 893//1116 894//1120 1594//1119
f 894//1120 1595//1123 896//1124
f 896//1124 897//1128 1596//2211
f 897//2212 1597//1131 899//2213
f 899//1132 900//2214 1598//1135
f 900//2214 1599//1139 902//1140
f 902//1140 903//1012 1600//1143
f 903//1012 1601//1147 905//1151
f 905//1148 906//1153 1602//1152
f 906//1153 4125//1155 908//1157
f 1605//2215 909//2216 1604//2217
f 3635//2218 2953//2219 2677//2220
f 202//2221 847//2222 3356//2223
f 2956//2224 6027//2225 2957//2226
f 2681//2227 4409//2228 6027//2225
f 2959//2229 6028//2230 2960//2231
f 2961//2232 6029//2233 2962//2234
f 2963//2235 2964//2236 2965//2237
f 2685//2238 4325//2239 2964//2236
f 3959//2240 919//2241 2688//2242
f 921//1162 922//2243 1607//89
f 2156//90 1607//89 922//1165
f 922//1165 1608//1169 924//1168
f 924//1168 925//2244 1609//2245
f 925//1173 1610//1176 927//1177
f 927//1177 928//1180 1611//1179
f 928//1180 1612//1182 930//1183
f 930//1183 931//1187 1613//1186
f 931//1187 1614//1189 933//1190
f 933//1190 934//1194 1615//1193
f 934//1194 1616//2246 936//2247
f 936//2248 937//1203 1617//1200
f 937//1201 1618//1204 939//1207
f 939//1207 940//1211 1619//1208
f 940//1209 1620//1213 942//2249
f 942//1214 943//1218 1621//1217
f 943//1218 1622//2250 945//1222
f 945//1222 946//2251 1623//1224
f 2172//1227 946//2251 884//1229
f 1624//1230 946//2251 2171//1223
f 948//1362 949//2252 1625//1233
f 949//2253 1626//1238 951//1239
f 951//1239 952//1243 1627//1242
f 952//1243 1628//1246 954//2254
f 954//1247 955//2255 1629//1250
f 955//1253 1630//1254 957//1255
f 957//1255 958//2256 1631//1259
f 958//1260 1632//1262 960//1263
f 960//2257 961//1267 1633//2258
f 961//1267 1634//1269 963//1270
f 963//1270 964//1273 1635//1272
f 964//1273 1636//1275 966//1276
f 966//1276 967//1280 1637//1279
f 967//1280 1638//1283 969//1284
f 969//1284 970//1289 1639//1288
f 970//1289 4126//1291 972//2259
f 1642//2260 973//2261 1641//2262
f 3636//2263 2969//2264 2693//2265
f 227//2266 911//2267 3357//2268
f 2972//2269 6030//2270 2973//2271
f 2697//2272 4410//2273 6030//2274
f 2975//2275 6031//2276 2976//2277
f 2977//2278 6032//2279 2978//2280
f 2979//2281 2980//2282 2981//2283
f 2701//2284 4327//2285 2980//2282
f 3960//2286 983//2287 2704//2288
f 985//2289 986//1300 1644//2290
f 2191//93 1644//92 986//1300
f 986//2291 1645//1301 988//2292
f 988//1302 989//2293 1646//1306
f 989//1307 1647//1309 991//1310
f 991//1310 992//1314 1648//1313
f 992//1314 1649//1316 994//1317
f 994//1317 995//1323 1650//1320
f 995//1323 1651//1325 997//1326
f 997//1326 998//2294 1652//1329
f 998//2295 1653//2296 1000//2297
f 1000//1334 1001//1339 1654//1336
f 1001//1337 1655//1340 1003//1344
f 1003//1344 1004//1346 1656//1345
f 1004//1346 1657//1348 1006//1349
f 1006//1349 1007//1352 1658//1351
f 1007//1352 1659//1355 1009//1356
f 1009//1356 1010//2298 1660//2299
f 2207//1360 1010//2298 948//1362
f 1661//1363 1010//2298 2206//1357
f 1012//1495 1013//1368 1662//1365
f 1013//1368 1663//1370 1015//1371
f 1015//2300 1016//2301 1664//1373
f 1016//1376 1665//1378 1018//1379
f 1018//2302 1019//2303 1666//1382
f 1019//1383 1667//1385 1021//1386
f 1021//1386 1022//1389 1668//1388
f 1022//1389 1669//1392 1024//1393
f 1024//1393 1025//1397 1670//1395
f 1025//1397 1671//1401 1027//1402
f 1027//1402 1028//1405 1672//1404
f 1028//1405 1673//1407 1030//1408
f 1030//1408 1031//2304 1674//1411
f 1031//2304 1675//1415 1033//2305
f 1033//2305 1034//1420 1676//1419
f 1034//1420 4127//1423 1036//2306
f 1679//2307 1037//2308 1678//2309
f 3637//2310 2985//2311 2709//2312
f 252//2313 975//2314 3358//2315
f 2988//2316 6033//2317 2989//2318
f 2713//2319 4411//2320 6033//2317
f 2991//2321 6034//2322 2992//2323
f 2993//2324 6035//2325 2994//2326
f 2995//2327 2996//2328 2997//2329
f 2717//2330 4329//2331 2996//2328
f 3961//2332 1047//2333 2720//2334
f 1049//2335 1050//2336 1681//95
f 2226//96 1681//95 1050//2336
f 1050//2336 1682//1433 1052//1437
f 1052//1437 1053//2337 1683//1438
f 1053//2337 1684//1441 1055//1442
f 1055//2338 1056//1446 1685//1445
f 1056//2339 1686//2340 1058//1449
f 1058//1449 1059//1452 1687//1451
f 1059//1452 1688//1454 1061//1455
f 1061//1455 1062//2341 1689//1458
f 1062//2341 1690//2342 1064//1464
f 1064//2343 1065//1468 1691//1467
f 1065//1468 1692//1470 1067//1471
f 1067//1471 1068//1474 1693//1473
f 1068//2344 1694//1478 1070//1479
f 1070//1479 1071//1484 1695//1481
f 1071//1484 1696//1486 1073//1487
f 1073//1487 1074//2345 1697//1490
f 2242//1494 1074//2345 1012//1495
f 1698//1496 1074//2345 2241//1489
f 1076//1627 1077//1499 1699//1499
f 1077//1499 1700//1502 1079//1503
f 1079//2346 1080//1509 1701//1506
f 1080//2347 1702//1510 1082//1511
f 1082//1511 1083//1514 1703//1513
f 1083//1514 1704//1516 1085//1517
f 1085//1517 1086//2348 1705//2349
f 1086//2348 1706//1523 1088//1524
f 1088//1524 1089//1528 1707//1527
f 1089//1528 1708//1530 1091//1531
f 1091//1531 1092//1534 1709//2350
f 1092//1534 1710//1537 1094//1538
f 1094//1538 1095//2351 1711//1540
f 1095//2351 1712//2352 1097//1544
f 1097//1544 1098//1549 1713//2353
f 1098//1549 4128//1551 1100//1552
f 1716//2354 1101//2355 1715//2356
f 3638//2357 3001//2358 2725//2359
f 277//2360 1039//2361 3359//2362
f 3004//2363 6036//2364 3005//2365
f 2729//2366 4412//2367 6036//2364
f 3007//2368 6037//2369 3008//2370
f 3009//2371 6038//2372 3010//2373
f 3011//2374 3012//2375 3013//2376
f 2733//2377 4331//2378 3012//2375
f 3962//2379 1111//2380 2736//2381
f 1113//1557 1114//2382 1718//98
f 2261//99 1718//98 1114//2382
f 1114//2382 1719//2383 1116//1565
f 1116//1563 1117//1568 1720//1567
f 1117//1570 1721//1571 1119//1572
f 1119//1572 1120//1575 1722//1574
f 1120//1575 1723//1578 1122//1579
f 1122//1579 1123//2384 1724//1582
f 1123//2385 1725//1586 1125//2386
f 1125//2386 1126//2387 1726//1590
f 1126//2387 1727//1595 1128//2388
f 1128//1594 1129//2389 1728//1597
f 1129//2389 1729//1600 1131//1601
f 1131//1601 1132//1606 1730//1603
f 1132//2390 1731//1607 1134//1608
f 1134//1608 1135//1612 1732//1611
f 1135//1612 1733//1615 1137//1616
f 1137//1616 1138//1619 1734//1618
f 2277//1622 1138//1619 1076//1623
f 1735//1624 1138//2391 2276//1617
f 1140//1758 1141//1630 1736//2392
f 1141//1630 1737//1633 1143//1634
f 1143//1634 1144//2393 1738//2394
f 1144//1637 1739//1641 1146//1642
f 1146//1642 1147//1648 1740//2395
f 1147//1648 1741//1649 1149//1650
f 1149//1650 1150//1656 1742//1653
f 1150//1656 1743//1657 1152//1658
f 1152//1658 1153//1664 1744//1661
f 1153//1664 1745//1665 1155//1666
f 1155//1666 1156//2396 1746//1668
f 1156//1671 1747//1673 1158//1674
f 1158//1674 1159//2351 1748//1676
f 1159//2351 1749//1681 1161//1680
f 1161//1680 1162//1685 1750//2397
f 1162//1685 4129//1687 1164//1688
f 1753//2398 1165//2399 1752//2400
f 3639//2401 3017//2402 2741//2403
f 302//2404 1103//2405 3360//2406
f 3020//2407 6039//2408 3021//2409
f 2745//2410 4413//2411 6039//2408
f 3023//2412 6040//2413 3024//2414
f 3025//2415 6041//2416 3026//2417
f 3027//2418 3028//2419 3029//2420
f 2749//2421 4333//2422 3028//2419
f 3963//2423 1175//2424 2752//2425
f 1177//1693 1178//1696 1755//2426
f 2296//102 1755//101 1178//1696
f 1178//1696 1756//1697 1180//1698
f 1180//2427 1181//2428 1757//1701
f 1181//2428 1758//1705 1183//1706
f 1183//1706 1184//1709 1759//1708
f 1184//2429 1760//1711 1186//1712
f 1186//1712 1187//1715 1761//1714
f 1187//2430 1762//1717 1189//2431
f 1189//2431 1190//1722 1763//1721
f 1190//1722 1764//1726 1192//2432
f 1192//1725 1193//1731 1765//1728
f 1193//2433 1766//1732 1195//1733
f 1195//1733 1196//2434 1767//1737
f 1196//1738 1768//1741 1198//2435
f 1198//1742 1199//1745 1769//1744
f 1199//1747 1770//1748 1201//1749
f 1201//1749 1202//1754 1771//1753
f 2312//1757 1202//1754 1140//1758
f 1772//1759 1202//1754 2311//1751
f 1204//1885 1205//1762 1773//1762
f 1205//1762 1774//1765 1206//1766
f 1206//1766 1207//1771 1775//1768
f 1207//1771 1776//1772 1208//1773
f 1208//1773 1209//1777 1777//2436
f 1209//1779 1778//1780 1210//2437
f 1210//2437 1211//2438 1779//2439
f 1211//2438 1780//1787 1212//2440
f 1212//2441 1213//1792 1781//1791
f 1213//1792 1782//2442 1215//1795
f 1215//1795 1216//1800 1783//2443
f 1216//1800 1784//1804 1218//1805
f 1218//1805 1219//2444 1785//1807
f 1219//1677 1786//1811 1221//1810
f 1221//1810 1222//1814 1787//1813
f 1222//1814 4130//1816 1224//1817
f 1790//2445 1225//2446 1789//2447
f 3640//2448 3033//2449 2757//2450
f 327//2451 1167//2452 3361//2453
f 3036//2454 6042//2455 3037//2456
f 2761//2457 4414//2458 6042//2455
f 3039//2459 6043//2460 3040//2461
f 3041//2462 6044//2463 3042//2464
f 3043//2465 3044//2466 3045//2467
f 2765//2468 4335//2469 3044//2466
f 3964//2470 1235//2471 2768//2472
f 1237//1822 1238//2473 1792//2474
f 2331//105 1792//104 1238//2473
f 1238//1825 1793//1826 1240//1827
f 1240//1827 1241//1831 1794//1830
f 1241//1831 1795//1833 1243//2475
f 1243//1834 1244//2476 1796//1837
f 1244//1838 1797//2477 1246//1843
f 1246//1841 1247//2478 1798//1844
f 1247//1845 1799//1850 1249//1849
f 1249//1849 1250//1853 1800//1852
f 1250//2479 1801//2480 1252//2481
f 1252//1856 1253//2482 1802//1859
f 1253//1860 1803//1862 1254//1863
f 1254//1863 1255//2483 1804//1866
f 1255//2484 1805//1870 1256//1871
f 1256//1871 1257//1875 1806//1874
f 1257//1875 1807//1877 1258//1878
f 1258//1878 1259//1881 1808//1880
f 2347//1882 1259//1881 1204//1884
f 1809//2485 1259//1881 2346//1879
f 6527//2486 6551//2487 1810//1889
f 6514//2488 3049//2489 6394//2490
f 347//2491 1227//2492 3362//2493
f 6409//2494 6045//2495 6360//2496
f 6373//2497 2775//2498 3050//2499 6417//2500
f 6478//2501 6046//2502 3051//2503 6496//2504
f 6543//2505 3052//2506 3053//2507 6544//2508
f 2776//2509 4336//2510 3052//2506
f 6555//2511 6508//2512 2778//2513
f 6576//2514 6375//2515 1812//107
f 6430//2516 6466//2517 1813//2518
f 4742//2519 4741//2520 2469//2521
f 3442//2522 3059//2523 3365//2524
f 3059//2525 2418//2526 2423//2527
f 4654//2528 3061//2529 3060//2530
f 3646//2531 4340//2532 3064//2533
f 4152//2534 5270//2535 3369//2536
f 4247//2537 4152//2534 3448//2538
f 4992//2539 2417//2540 4153//2541
f 4431//2542 3056//2543 3067//2544
f 6585//2545 1277//2546 3645//2547 6594//2548
f 373//2549 4993//2550 3828//2551
f 1830//2552 1829//2553 2428//2554
f 3071//2555 2427//2556 3072//2557
f 2795//2558 3461//2559 4698//2560
f 3994//2561 3465//2562 3466//2563
f 5496//2564 6004//2565 4443//2566
f 6696//2567 1298//2568 6700//2569
f 1299//2570 3846//2571 2807//2572
f 3724//2573 4005//2574 3090//2575
f 3097//2576 5275//2577 6005//2578
f 4009//2579 4170//2580 5211//2581
f 3489//2582 3486//2583 3487//2584
f 3096//2585 3094//2586 3480//2587
f 1894//185 2842//2588 1895//186
f 2478//2589 2477//2590 2824//2591
f 3106//2592 2486//2593 4925//2594
f 2485//2595 2486//2593 3106//2592
f 3515//2596 5118//2597 3509//2598
f 4776//2599 5342//2600 1328//2601
f 5122//2602 3510//2603 2498//2604
f 409//2605 5128//2606 4111//2607
f 410//2608 39//322 1865//2609
f 3118//2610 3117//2611 6263//2612
f 6215//2613 3120//2614 2517//1916
f 3098//2615 1895//186 2842//2588
f 4182//2616 4170//2580 3541//2617
f 5216//2618 1869//2619 5217//2620
f 4187//2621 4188//2622 5896//2623
f 3132//2624 5220//2625 6007//2626
f 2851//2627 6146//2628 3567//2629
f 5835//2628 5749//2630 3785//2628
f 3597//2631 5559//2632 5636//2633
f 5224//2634 4838//2635 5677//2636
f 3606//2637 3611//2638 5313//139
f 5440//2639 3678//2640 3801//2641
f 5227//2642 3147//2643 5229//2644
f 4210//2645 1363//2645 5198//2646
f 4984//2647 1890//2648 4211//2649
f 46//253 431//2650 2407//143
f 1891//145 432//144 41//148
f 45//409 2570//151 436//150
f 430//17 40//2651 2570//151
f 436//150 1388//152 48//400
f 53//2652 444//172 446//2653
f 446//2653 1892//174 52//171
f 1892//174 446//2653 444//2654
f 1920//175 1//325 400//22
f 361//2655 1893//30 2//180
f 448//28 55//177 450//178
f 449//2656 450//178 55//177
f 56//263 450//178 449//2656
f 1893//30 450//178 482//261
f 452//184 1366//33 451//182
f 394//2657 25//2658 2572//189
f 57//2659 453//32 454//34
f 453//32 1896//187 1366//33
f 1366//33 2571//183 451//182
f 454//34 452//184 1897//188
f 1895//186 1897//188 452//184
f 57//198 454//34 455//1920
f 454//34 1897//188 456//35
f 4090//190 456//35 1897//188
f 59//1921 2400//197 6193//199
f 21//2660 3153//2661 3085//2662
f 21//2663 23//2664 3153//2661
f 1369//202 6195//50 6199//2665
f 3159//2666 60//203 459//56
f 5230//293 460//201 20//2667
f 15//208 463//40 2573//217
f 374//2668 1832//2669 1371//237
f 1371//237 470//230 1370//228
f 473//2670 1370//228 2574//227
f 374//236 475//238 6//2671
f 474//239 475//238 1371//237
f 1371//237 1370//228 1372//240
f 1372//240 473//2670 3154//2672
f 6//2673 475//238 3155//245
f 476//243 1899//247 477//1923
f 478//378 1374//2674 3154//2675
f 477//1923 3155//245 475//238
f 1899//2676 8//51 3155//2677
f 3155//245 7//2678 6//2673
f 5//2679 3156//2680 1820//2681
f 1820//2681 1375//256 4//255
f 1375//256 2408//254 1901//10
f 2408//254 46//253 2407//143
f 1891//145 481//2682 2407//143
f 433//11 1901//10 481//257
f 1891//145 41//148 3157//2683
f 58//2684 2//180 1902//179
f 1893//30 482//261 1902//260
f 58//192 1376//262 457//191
f 1376//262 58//192 1902//179
f 482//2685 1903//264 483//1926
f 1903//264 482//261 450//178
f 457//191 1904//266 1367//36
f 1904//2686 457//191 1376//2687
f 485//268 1904//2686 483//1926
f 1903//264 484//2688 1905//267
f 484//2688 1903//264 56//263
f 68//271 1905//267 484//2688
f 1367//36 1377//269 455//1920
f 1377//269 1367//36 1904//2686
f 485//268 1906//276 486//274
f 1906//276 485//268 1905//267
f 455//1920 1907//2689 57//198
f 1907//275 455//1920 1377//273
f 488//278 1907//275 486//274
f 1906//276 487//2690 1908//277
f 487//2690 1906//276 68//271
f 69//280 1908//2691 487//2692
f 1378//279 458//2693 1907//275
f 488//278 1909//281 489//284
f 1909//281 488//278 1908//277
f 1378//279 489//1928 1910//288
f 1910//288 59//194 458//282
f 1909//281 490//2694 1379//285
f 490//2694 1909//281 69//280
f 70//2695 1380//2696 490//2697
f 384//195 1368//287 17//289
f 491//286 1910//288 2577//1929
f 1368//287 491//286 1911//290
f 493//291 1911//290 491//286
f 1380//1931 492//2698 1381//2699
f 492//2700 1380//1930 70//2701
f 6199//2665 6195//50 492//2702
f 493//291 6195//2703 494//1933
f 1369//202 494//1933 6195//2703
f 17//289 1911//290 18//2704
f 1382//1932 18//2704 1911//290
f 18//2704 1382//292 19//295
f 1369//202 460//201 5230//293
f 1382//2705 494//1933 5230//293
f 67//248 1899//298 1383//297
f 1899//298 67//248 8//2706
f 67//248 1384//300 479//249
f 1384//300 67//248 1383//297
f 495//299 1912//303 496//301
f 1912//303 495//299 5204//242
f 479//46 1913//302 3351//251
f 1913//302 479//249 1384//300
f 498//305 1913//302 496//301
f 1912//303 497//59 1914//304
f 497//59 1912//303 1898//2707
f 71//308 1914//307 497//59
f 1385//306 431//2708 3351//2709
f 498//305 1915//309 499//310
f 1915//309 498//305 1914//307
f 431//2650 1916//311 47//12
f 1916//311 431//2650 1385//306
f 501//313 1916//311 499//2710
f 1915//309 500//2711 1917//312
f 500//2711 1915//309 71//2712
f 72//315 1917//312 500//2711
f 47//12 1386//314 434//13
f 1386//2713 47//12 1916//311
f 501//313 1918//316 502//318
f 1918//316 501//313 1917//312
f 1364//319 434//13 1386//317
f 504//321 1364//323 502//318
f 1918//316 503//2714 1387//320
f 503//2714 1918//316 72//315
f 1387//320 48//400 1388//152
f 48//2715 1387//320 503//2714
f 1364//323 504//321 1919//324
f 410//2608 1364//323 39//322
f 39//322 1919//2716 412//2717
f 1919//324 1388//152 2570//151
f 412//2717 1919//324 2570//151
f 1920//175 54//25 1//325
f 445//21 3151//326 1920//175
f 54//25 1389//327 447//26
f 1389//327 54//25 1920//175
f 3151//326 1921//330 505//331
f 1921//330 3151//2718 444//2654
f 447//26 1922//332 55//177
f 1922//332 447//26 1389//327
f 507//2719 1922//332 505//331
f 1921//330 506//2720 1923//333
f 506//2720 1921//330 53//329
f 73//456 1923//333 506//2720
f 55//177 1390//335 449//2656
f 1390//335 55//177 1922//332
f 507//334 1924//337 508//338
f 1924//337 507//334 1923//333
f 449//2656 1925//2721 56//263
f 1925//339 449//2656 1390//335
f 510//343 1925//342 508//340
f 1924//2722 509//2723 1926//341
f 509//2724 1924//337 73//456
f 74//345 1926//341 509//2724
f 56//263 1391//344 484//2688
f 1391//344 56//263 1925//2721
f 510//343 1927//346 511//347
f 1927//346 510//343 1926//2725
f 484//2688 1928//348 68//271
f 1928//348 484//2688 1391//344
f 513//350 1928//348 511//1938
f 1927//346 512//2726 1929//349
f 512//2726 1927//2727 74//345
f 75//352 1929//349 512//2726
f 68//271 1392//354 487//2690
f 1392//2728 68//271 1928//2729
f 513//350 1930//353 514//355
f 1930//2730 513//350 1929//349
f 487//2731 1931//356 69//280
f 1931//356 487//2690 1392//354
f 516//1941 1931//356 514//1940
f 1930//353 515//2732 1932//357
f 515//2732 1930//353 75//352
f 76//361 1932//357 515//2732
f 69//280 1393//363 490//2697
f 1393//359 69//280 1931//356
f 516//1942 1933//362 517//364
f 1933//362 516//1941 1932//360
f 490//2694 1934//2733 70//2695
f 1934//367 490//2694 1393//363
f 519//1944 1934//365 517//1943
f 1933//362 518//2734 1935//366
f 518//2734 1933//362 76//361
f 77//370 1935//366 518//2734
f 1394//2735 70//2701 1934//2736
f 519//1944 1395//53 520//371
f 1395//53 519//368 1935//366
f 521//54 1395//53 77//370
f 6199//2737 1397//57 459//56
f 1397//57 6199//2737 1936//2738
f 459//56 1937//58 3159//2666
f 2863//2739 2581//374 2578//2740
f 3158//2741 524//2742 2580//2743
f 60//1922 3159//2666 465//213
f 465//213 5200//1950 61//37
f 2865//2744 525//2745 2864//2746
f 2582//2747 524//2742 3158//2741
f 3160//2748 527//2749 2582//2747
f 61//2750 1399//2751 462//206
f 1399//2752 61//37 5200//1950
f 2868//1955 2583//2753 2866//2753
f 2584//2754 527//2749 3160//2748
f 3161//2755 528//2756 2584//2754
f 2869//2757 1938//1957 529//1956
f 2587//2758 528//2756 3161//2755
f 3162//2759 530//1958 2587//2758
f 2404//218 2585//2760 467//2761
f 2590//2762 530//2763 3162//2759
f 2875//1966 2871//1962 2870//1961
f 2591//2764 531//2765 6324//2766
f 3164//2767 532//2768 2591//2764
f 3165//2769 534//2770 6203//2771
f 2593//2772 534//2770 3165//2769
f 3166//2773 1400//376 2593//2774
f 537//375 1939//377 538//381
f 478//378 1940//380 66//2775
f 1940//380 540//1969 1941//60
f 540//1969 1940//380 538//381
f 1939//377 539//2776 1401//382
f 1401//382 86//2777 1942//384
f 86//2778 1401//382 539//73
f 540//383 1942//384 541//1970
f 497//59 1402//61 71//2712
f 1402//61 543//1971 1943//385
f 543//1971 1402//61 541//386
f 1942//384 542//2779 1403//387
f 542//2780 1942//384 86//2778
f 1403//387 87//2781 1944//393
f 87//2781 1403//387 542//2780
f 71//2712 1943//385 500//2711
f 543//2782 1944//2783 544//390
f 500//2711 1945//2784 72//315
f 1945//391 500//2711 1943//385
f 1945//2784 546//395 1946//392
f 546//395 1945//391 544//390
f 1944//393 545//2785 1404//394
f 545//2785 1944//393 87//2781
f 1404//1973 88//2786 1947//2787
f 88//2786 1404//394 545//2785
f 72//315 1946//397 503//2714
f 546//395 1947//2787 547//1974
f 503//2714 1948//399 48//400
f 1948//399 503//2714 1946//397
f 1948//399 549//404 1949//406
f 549//404 1948//399 547//1974
f 1947//396 548//2788 1405//2789
f 548//2790 1947//2787 88//2786
f 1405//403 89//2791 1950//405
f 89//2791 1405//403 548//2788
f 48//2715 1949//402 436//150
f 549//404 1950//411 550//407
f 436//150 1951//2792 45//15
f 1951//408 436//150 1949//402
f 1951//2792 552//413 1952//410
f 552//1976 1951//2792 550//407
f 1950//405 551//2793 1406//2794
f 551//2793 1950//405 89//2791
f 1406//2794 90//2795 1953//414
f 90//2795 1406//2794 551//2793
f 45//15 1952//410 437//16
f 552//1976 1953//414 553//415
f 437//2796 1954//416 44//153
f 1954//416 437//16 1952//410
f 555//418 1954//2797 553//415
f 1953//414 554//2798 1407//2799
f 554//2798 1953//414 90//2795
f 1407//2799 91//2800 1408//419
f 91//2800 1407//2799 554//2798
f 1954//2797 555//418 3628//421
f 44//153 3628//2801 33//423
f 1408//419 2409//63 3628//2801
f 1955//1977 2409//63 1408//419
f 556//1978 1408//419 91//2802
f 49//2803 1955//1977 556//1978
f 1955//1977 49//2803 557//158
f 558//560 1956//433 559//430
f 440//167 1957//431 51//164
f 1957//432 440//167 1409//429
f 1957//432 561//1979 1958//2804
f 561//1979 1957//431 559//430
f 1956//433 560//2805 1410//434
f 560//2805 1956//433 92//2806
f 1410//434 93//2807 1959//437
f 93//2808 1410//434 560//2805
f 51//164 1958//68 442//19
f 561//1979 1959//437 562//2809
f 442//19 1411//1981 52//171
f 1411//1981 564//442 1960//439
f 564//442 1411//1981 562//1982
f 1959//437 563//2810 1412//441
f 563//2810 1959//437 93//2807
f 1412//443 94//2811 1961//444
f 94//2812 1412//443 563//2810
f 52//2813 1960//2814 446//2653
f 564//442 1961//444 565//445
f 446//2653 1962//446 53//2652
f 1962//2815 446//2653 1960//439
f 1962//447 567//2816 1963//448
f 567//451 1962//447 565//445
f 1961//444 566//2817 1413//452
f 566//2818 1961//444 94//2811
f 1413//2819 95//2820 1964//453
f 95//2820 1413//452 566//2817
f 53//329 1963//2821 506//2720
f 567//1983 1964//2822 568//454
f 506//2823 1965//455 73//456
f 1965//455 506//2823 1963//2821
f 1965//455 570//460 1966//457
f 570//1984 1965//455 568//454
f 1964//458 569//2824 1414//459
f 569//2824 1964//458 95//2820
f 1414//459 96//2825 1967//462
f 96//2826 1414//459 569//2824
f 73//336 1966//457 509//2724
f 570//1984 1967//466 571//463
f 509//2724 1968//464 74//345
f 1968//464 509//2724 1966//457
f 1968//464 573//468 1969//465
f 573//1987 1968//464 571//1986
f 1967//466 572//2827 1415//467
f 572//2827 1967//466 96//2825
f 1415//467 97//2828 1970//469
f 97//2828 1415//467 572//2827
f 74//345 1969//465 512//2726
f 573//468 1970//469 574//470
f 512//2726 1971//2829 75//352
f 1971//471 512//2726 1969//465
f 1971//471 576//474 1972//472
f 576//1989 1971//471 574//470
f 1970//469 575//2830 1416//1988
f 575//2830 1970//469 97//2828
f 1416//1988 98//2831 1973//475
f 98//2831 1416//1988 575//2830
f 75//352 1972//2832 515//2732
f 576//1989 1973//475 577//477
f 515//2732 1974//478 76//361
f 1974//478 515//2732 1972//476
f 1974//478 579//1992 1975//480
f 579//1992 1974//478 577//477
f 1973//475 578//2833 1417//481
f 578//2833 1973//475 98//2831
f 1417//481 99//2834 1976//483
f 99//2834 1417//481 578//2833
f 76//361 1975//480 518//2734
f 579//482 1976//2835 580//484
f 518//2734 1977//2836 77//370
f 1977//485 518//2734 1975//480
f 1977//485 582//490 1978//2837
f 582//490 1977//485 580//484
f 1976//488 581//2838 1418//489
f 581//2839 1976//488 99//2834
f 1418//2840 100//2841 1419//70
f 100//2842 1418//489 581//2843
f 77//370 1978//487 521//2844
f 582//490 1419//491 583//492
f 1396//55 521//54 2579//2845
f 1979//2846 521//54 1978//487
f 584//2847 1419//70 100//2841
f 1420//2848 101//2849 2596//495
f 101//2849 1420//2850 584//2851
f 3168//2852 588//2853 2597//496
f 2599//2854 588//2853 3168//2852
f 3169//2855 590//2856 2599//2857
f 2601//2858 590//2856 3169//2855
f 3170//2859 591//2860 2601//2858
f 2603//2861 591//2860 3170//2859
f 3171//2862 592//2863 2603//2861
f 2605//2864 592//2865 3171//2862
f 3172//2866 593//2867 2605//2868
f 2888//2869 2606//2870 2887//2871
f 2607//2872 593//2867 3172//2866
f 3173//2873 594//2874 2607//2875
f 2610//2876 594//2877 3173//2873
f 3174//2878 596//2879 2610//2876
f 2612//2880 596//2881 3174//2882
f 3175//2883 1421//498 2612//2884
f 2613//2885 1422//74 3166//2773
f 599//497 1980//499 600//2010
f 539//2776 1981//75 86//2777
f 602//502 1981//75 600//2010
f 1980//499 601//76 1423//2886
f 1423//501 109//2887 1982//503
f 109//2887 1423//2886 601//76
f 86//2778 1424//504 542//2779
f 1424//2888 86//2778 1981//75
f 602//502 1982//503 603//2889
f 542//2890 1983//506 87//2781
f 1983//506 542//2779 1424//504
f 605//2011 1983//506 603//505
f 1982//503 604//2891 1425//508
f 604//2891 1982//507 109//2887
f 1425//508 110//2892 1984//510
f 110//2892 1425//508 604//2891
f 87//2781 1426//511 545//2785
f 1426//511 87//2781 1983//506
f 605//2893 1984//2894 606//2895
f 545//2785 1985//513 88//2786
f 1985//513 545//2785 1426//511
f 608//515 1985//513 606//512
f 1984//510 607//2896 1427//514
f 607//2896 1984//510 110//2897
f 1427//2898 111//2899 1986//516
f 111//2899 1427//514 607//2896
f 88//2786 1428//517 548//2790
f 1428//517 88//2786 1985//513
f 608//515 1986//516 609//2014
f 548//2788 1987//2900 89//2791
f 1987//519 548//2790 1428//2013
f 611//2901 1987//519 609//2014
f 1986//516 610//2902 1429//520
f 610//2903 1986//516 111//2899
f 1429//520 112//2904 1988//523
f 112//2904 1429//520 610//2902
f 89//2791 1430//524 551//2793
f 1430//524 89//2791 1987//519
f 611//2901 1988//523 612//525
f 551//2793 1989//526 90//2795
f 1989//526 551//2793 1430//524
f 614//529 1989//526 612//525
f 1988//523 613//2905 1431//528
f 613//2905 1988//523 112//2904
f 1431//528 113//2906 1990//530
f 113//2906 1431//528 613//2905
f 90//2795 1432//531 554//2798
f 1432//531 90//2795 1989//526
f 614//529 1990//530 615//534
f 554//2798 1991//533 91//2802
f 1991//533 554//2798 1432//531
f 617//536 1991//533 615//534
f 1990//530 616//2907 1433//537
f 616//2907 1990//530 113//2906
f 1433//537 114//2908 1992//2909
f 114//2908 1433//537 616//2907
f 91//2802 1434//2910 556//1978
f 1434//2910 91//2802 1991//533
f 617//536 1992//2909 618//543
f 556//1978 1993//541 49//66
f 1993//541 556//2911 1434//539
f 1993//541 620//2912 1994//542
f 620//545 1993//541 618//540
f 1992//2909 619//2913 1435//2914
f 619//2913 1992//2909 114//2908
f 1435//544 115//2915 1995//550
f 115//2915 1435//544 619//2913
f 49//66 1994//542 438//67
f 620//2916 1995//550 621//547
f 438//67 1996//548 3629//157
f 1996//548 438//67 1994//542
f 623//552 1996//555 621//547
f 1995//550 622//2917 1436//2018
f 622//2917 1995//550 115//2918
f 1436//551 116//2919 1997//554
f 116//2919 1436//2018 622//2917
f 623//556 1997//554 624//2020
f 439//2920 1437//557 50//2921
f 558//560 1437//557 624//2020
f 625//559 1997//554 116//2919
f 1438//558 92//2806 1956//433
f 92//2806 1438//558 625//559
f 92//2806 1439//2922 560//2805
f 1439//561 92//2806 626//693
f 626//693 1998//564 627//2022
f 560//2805 1999//563 93//2807
f 1999//563 560//2805 1439//2923
f 629//566 1999//2924 627//2024
f 1998//564 628//2925 1440//2025
f 628//2925 1998//564 117//823
f 1440//2025 118//2926 2000//568
f 118//2926 1440//2025 628//2927
f 93//2807 1441//2027 563//2810
f 1441//2027 93//2807 1999//2924
f 629//566 2000//568 630//2026
f 563//2810 2001//571 94//2811
f 2001//571 563//2810 1441//569
f 632//574 2001//571 630//2928
f 2000//572 631//2929 1442//573
f 631//2930 2000//568 118//2926
f 1442//573 119//2931 2002//2932
f 119//2931 1442//573 631//2929
f 94//2812 1443//576 566//2817
f 1443//576 94//2811 2001//571
f 632//574 2002//579 633//2029
f 566//2818 2003//578 95//2820
f 2003//578 566//2817 1443//576
f 635//581 2003//578 633//2933
f 2002//579 634//2934 1444//580
f 634//2934 2002//579 119//2931
f 1444//580 120//2935 2004//2936
f 120//2935 1444//580 634//2934
f 95//2820 1445//584 569//2824
f 1445//583 95//2820 2003//578
f 635//581 2004//582 636//2937
f 569//2824 2005//586 96//2825
f 2005//586 569//2938 1445//583
f 638//592 2005//591 636//2937
f 2004//582 637//2939 1446//589
f 637//2939 2004//582 120//2935
f 1446//587 121//2940 2006//590
f 121//2940 1446//589 637//2939
f 96//2825 1447//593 572//2827
f 1447//593 96//2825 2005//586
f 638//592 2006//590 639//594
f 572//2827 2007//600 97//2828
f 2007//595 572//2827 1447//593
f 641//598 2007//595 639//596
f 2006//590 640//2941 1448//597
f 640//2942 2006//590 121//2940
f 1448//2033 122//2943 2008//599
f 122//2944 1448//597 640//2941
f 97//2828 1449//601 575//2945
f 1449//601 97//2828 2007//595
f 641//598 2008//599 642//602
f 575//2830 2009//603 98//2831
f 2009//603 575//2830 1449//2946
f 644//607 2009//603 642//602
f 2008//599 643//2947 1450//604
f 643//2947 2008//599 122//2944
f 1450//604 123//2948 2010//606
f 123//2948 1450//604 643//2947
f 98//2831 1451//608 578//2833
f 1451//608 98//2831 2009//2949
f 644//2950 2010//606 645//2951
f 578//2833 2011//610 99//2834
f 2011//610 578//2833 1451//608
f 647//612 2011//610 645//742
f 2010//606 646//2952 1452//611
f 646//2953 2010//606 123//2948
f 1452//611 124//2954 2012//613
f 124//2954 1452//611 646//2952
f 99//2834 1453//2955 581//2839
f 1453//2955 99//2834 2011//610
f 647//612 2012//613 648//615
f 581//2839 2013//616 100//2841
f 2013//616 581//2838 1453//614
f 650//618 2013//616 6196//2956
f 2012//613 649//2957 4121//617
f 649//2957 2012//613 124//2954
f 125//2958 4121//617 649//2957
f 100//2842 1454//2959 584//71
f 1454//619 100//2842 2013//616
f 650//618 6196//2960 651//2036
f 2014//2961 4213//2962 1454//619
f 652//2963 1455//2964 125//2958
f 126//2965 1456//2966 652//2963
f 101//2849 1457//621 587//620
f 1457//621 101//2849 4213//2962
f 3176//2967 654//2968 2614//2969
f 2616//2970 654//2968 3176//2971
f 3177//2972 656//2973 2616//2970
f 2618//2974 656//2973 3177//2972
f 3178//2975 657//2976 2618//2974
f 2898//2047 6016//2043 2895//2042
f 2619//2977 657//2976 3178//2978
f 3179//2979 658//2980 2619//2977
f 2901//2050 6017//2046 2897//2045
f 2620//2981 658//2980 3179//2979
f 3180//2982 659//2983 2620//2981
f 2903//2984 2621//2985 2902//2986
f 2622//2987 659//2983 3180//2982
f 3181//2988 660//2989 2622//2987
f 2625//2990 660//2989 3181//2991
f 3182//2992 662//2993 2625//2990
f 2627//2994 662//2993 3182//2995
f 3183//2996 1458//624 2627//2994
f 2628//2997 1459//77 3175//2998
f 665//623 2015//625 666//2056
f 601//76 2016//630 109//2887
f 668//2059 2016//78 666//626
f 2015//625 667//79 1460//2058
f 1460//2058 134//2999 2017//629
f 134//2999 1460//2058 667//79
f 109//2887 1461//632 604//2891
f 1461//632 109//3000 2016//630
f 668//2059 2017//629 669//3001
f 604//2891 2018//634 110//2897
f 2018//634 604//2891 1461//632
f 671//637 2018//634 669//2060
f 2017//629 670//3002 1462//636
f 670//3002 2017//629 134//3003
f 1462//636 135//3004 2019//638
f 135//3004 1462//636 670//3002
f 110//2897 1463//639 607//2896
f 1463//639 110//2897 2018//634
f 671//637 2019//642 672//640
f 607//2896 2020//641 111//2899
f 2020//641 607//2896 1463//639
f 674//644 2020//641 672//2061
f 2019//642 673//3005 1464//645
f 673//3005 2019//638 135//3004
f 1464//645 136//3006 2021//3007
f 136//3008 1464//645 673//3005
f 111//2899 1465//648 610//2902
f 1465//648 111//2899 2020//641
f 674//644 2021//646 675//651
f 610//2902 2022//3009 112//2904
f 2022//650 610//2902 1465//648
f 677//653 2022//650 675//651
f 2021//646 676//3010 1466//652
f 676//3010 2021//3007 136//3008
f 1466//652 137//3011 2023//3012
f 137//3011 1466//652 676//3010
f 112//2904 1467//655 613//2905
f 1467//655 112//2904 2022//650
f 677//653 2023//3012 678//656
f 613//2905 2024//657 113//2906
f 2024//657 613//2905 1467//655
f 680//660 2024//657 678//656
f 2023//654 679//3013 1468//661
f 679//3013 2023//654 137//3011
f 1468//661 138//3014 2025//662
f 138//3014 1468//661 679//3013
f 113//2906 1469//664 616//2907
f 1469//664 113//2906 2024//657
f 680//660 2025//662 681//3015
f 616//2907 2026//3016 114//2908
f 2026//666 616//2907 1469//664
f 683//668 2026//666 681//665
f 2025//662 682//3017 1470//667
f 682//3017 2025//662 138//3014
f 1470//667 139//3018 2027//669
f 139//3018 1470//667 682//3017
f 114//2908 1471//671 619//2913
f 1471//672 114//2908 2026//666
f 683//668 2027//669 684//675
f 619//2913 2028//674 115//2915
f 2028//674 619//2913 1471//672
f 686//677 2028//674 684//3019
f 2027//669 685//3020 1472//676
f 685//3020 2027//669 139//3018
f 1472//676 140//3021 2029//678
f 140//3021 1472//3022 685//3020
f 115//2915 1473//3023 622//2917
f 1473//679 115//2915 2028//674
f 686//2067 2029//678 687//680
f 622//2917 2030//681 116//2919
f 2030//681 622//2917 1473//679
f 689//3024 2030//681 687//680
f 2029//678 688//3025 1474//684
f 688//3025 2029//3026 140//3021
f 1474//684 141//3027 2031//685
f 141//3027 1474//3028 688//3025
f 116//2919 1475//686 625//559
f 1475//686 116//2919 2030//681
f 689//3024 2031//685 690//2069
f 625//559 2032//688 92//689
f 2032//688 625//3029 1475//2070
f 691//692 2031//685 141//3030
f 1476//2071 117//3031 1998//564
f 117//3031 1476//691 691//692
f 117//3031 1477//3032 628//2927
f 1477//694 117//3031 692//825
f 692//2119 2033//696 693//694
f 628//2927 2034//695 118//2926
f 2034//695 628//2925 1477//3033
f 695//2072 2034//695 693//694
f 2033//696 694//3034 1478//697
f 694//3035 2033//696 142//960
f 1478//697 143//3036 2035//699
f 143//3036 1478//3037 694//3035
f 118//2926 1479//701 631//2929
f 1479//700 118//2926 2034//695
f 695//2072 2035//699 696//704
f 631//2929 2036//708 119//2931
f 2036//708 631//2929 1479//700
f 698//709 2036//3038 696//704
f 2035//699 697//3039 1480//705
f 697//3040 2035//699 143//3036
f 1480//705 144//3041 2037//707
f 144//3041 1480//705 697//3039
f 119//2931 1481//710 634//2934
f 1481//710 119//2931 2036//708
f 698//706 2037//707 699//711
f 634//2934 2038//712 120//2935
f 2038//712 634//2934 1481//710
f 701//715 2038//712 699//713
f 2037//707 700//3042 1482//714
f 700//3042 2037//707 144//3043
f 1482//714 145//3044 2039//720
f 145//3045 1482//714 700//3042
f 120//2935 1483//717 637//3046
f 1483//717 120//2935 2038//3047
f 701//715 2039//720 702//718
f 637//2939 2040//719 121//2940
f 2040//719 637//2939 1483//717
f 704//722 2040//719 702//718
f 2039//720 703//3048 1484//721
f 703//3048 2039//720 145//3045
f 1484//721 146//3049 2041//727
f 146//3049 1484//3050 703//3048
f 121//2940 1485//724 640//3051
f 1485//724 121//2940 2040//719
f 704//722 2041//727 705//2076
f 640//2941 2042//731 122//2944
f 2042//726 640//2942 1485//3052
f 707//729 2042//726 705//725
f 2041//727 706//3053 1486//728
f 706//3053 2041//727 146//3049
f 1486//728 147//3054 2043//730
f 147//3054 1486//728 706//3053
f 122//2943 1487//732 643//2947
f 1487//732 122//2943 2042//726
f 707//729 2043//730 708//733
f 643//2947 2044//734 123//2948
f 2044//734 643//2947 1487//732
f 710//736 2044//734 708//733
f 2043//730 709//3055 1488//735
f 709//3055 2043//730 147//3054
f 1488//735 148//3056 2045//743
f 148//3057 1488//735 709//3055
f 123//2948 1489//738 646//2953
f 1489//738 123//2948 2044//734
f 710//736 2045//743 711//742
f 646//2952 2046//741 124//2954
f 2046//741 646//2952 1489//739
f 713//3058 2046//741 711//742
f 2045//743 712//3059 1490//744
f 712//3059 2045//743 148//3057
f 1490//744 149//3060 2047//3061
f 149//3062 1490//744 712//3059
f 124//2954 1491//749 649//2957
f 1491//749 124//2954 2046//741
f 713//745 2047//3061 714//750
f 649//2957 2048//754 125//2958
f 2048//751 649//2957 1491//749
f 716//755 2048//751 714//3063
f 2047//3061 715//3064 4122//753
f 715//3064 2047//3061 149//3065
f 150//3066 4122//753 715//3064
f 125//2958 1492//756 652//2963
f 1492//3067 125//2958 2048//754
f 716//755 1493//2080 717//2079
f 2049//3068 4214//3069 1492//3067
f 718//3070 1493//2080 150//3066
f 151//3071 1494//3072 718//3073
f 126//2965 3353//2086 653//2085
f 3184//3074 4318//3075 2630//3076
f 2632//3077 4318//3075 3184//3074
f 2912//2093 2633//757 2910//757
f 3813//758 2907//3078 3185//3079
f 3186//3080 721//3081 2634//759
f 2914//2096 6019//2092 2911//2091
f 2635//3082 721//3083 3186//3084
f 3187//3085 722//3086 2635//3082
f 2917//2099 6020//3087 2913//2094
f 2636//3088 722//3086 3187//3085
f 3188//3089 723//3090 2636//3088
f 2919//3091 2637//2100 2918//3092
f 2638//3093 723//3090 3188//3094
f 3189//3095 724//3096 2638//3093
f 2641//3097 724//3098 3189//3099
f 3190//3100 726//3101 2641//3097
f 2643//3102 726//3101 3190//3100
f 3191//3103 1495//761 2643//3104
f 2644//3105 1496//80 3183//2996
f 729//3106 2050//762 730//3107
f 667//79 2051//81 134//2999
f 732//766 2051//81 730//3108
f 2050//764 731//82 1497//767
f 1497//767 159//3109 2052//768
f 159//3110 1497//767 731//82
f 134//2999 1498//769 670//3002
f 1498//3111 134//3112 2051//81
f 732//766 2052//768 733//3113
f 670//3002 2053//771 135//3004
f 2053//771 670//3002 1498//769
f 735//773 2053//771 733//770
f 2052//768 734//3114 1499//3115
f 734//3114 2052//768 159//3110
f 1499//3115 160//3116 2054//774
f 160//3116 1499//772 734//3114
f 135//3004 1500//775 673//3005
f 1500//3117 135//3004 2053//771
f 735//773 2054//774 736//3118
f 673//3005 2055//777 136//3008
f 2055//777 673//3005 1500//775
f 738//779 2055//777 736//776
f 2054//774 737//3119 1501//778
f 737//3119 2054//774 160//3116
f 1501//3120 161//3121 2056//780
f 161//3121 1501//3120 737//3119
f 136//3006 1502//3122 676//3010
f 1502//781 136//3006 2055//777
f 738//779 2056//780 739//3123
f 676//3124 2057//783 137//3011
f 2057//783 676//3010 1502//3122
f 741//786 2057//783 739//2110
f 2056//784 740//3125 1503//785
f 740//3126 2056//780 161//3121
f 1503//785 162//3127 2058//787
f 162//3127 1503//785 740//3125
f 137//3011 1504//789 679//3128
f 1504//788 137//3011 2057//783
f 741//786 2058//787 742//792
f 679//3128 2059//791 138//3014
f 2059//791 679//3128 1504//789
f 744//794 2059//791 742//792
f 2058//787 743//3129 1505//795
f 743//3129 2058//787 162//3130
f 1505//795 163//3131 2060//3132
f 163//3131 1505//795 743//3129
f 138//3014 1506//797 682//3133
f 1506//797 138//3014 2059//791
f 744//794 2060//3132 745//798
f 682//3133 2061//799 139//3018
f 2061//3134 682//3133 1506//2113
f 747//801 2061//799 745//798
f 2060//796 746//3135 1507//3136
f 746//3135 2060//3132 163//3131
f 1507//800 164//3137 2062//802
f 164//3137 1507//800 746//3135
f 139//3018 1508//805 685//3020
f 1508//805 139//3018 2061//803
f 747//804 2062//802 748//806
f 685//3020 2063//807 140//3021
f 2063//807 685//3020 1508//3138
f 750//2115 2063//807 748//806
f 2062//802 749//3139 1509//808
f 749//3139 2062//802 164//3137
f 1509//808 165//3140 2064//810
f 165//3140 1509//808 749//3139
f 140//3141 1510//811 688//3025
f 1510//811 140//3141 2063//807
f 750//2115 2064//810 751//812
f 688//3025 2065//813 141//3027
f 2065//813 688//3025 1510//811
f 753//816 2065//813 751//2116
f 2064//810 752//3142 1511//815
f 752//3142 2064//810 165//3140
f 1511//815 166//3143 2066//817
f 166//3143 1511//815 752//3142
f 141//3027 1512//820 691//692
f 1512//820 141//3027 2065//813
f 753//816 2066//817 754//2117
f 691//3144 2067//824 117//823
f 2067//824 691//692 1512//820
f 755//827 2066//817 166//3145
f 1513//826 142//960 2033//696
f 142//960 1513//826 755//827
f 142//960 1514//3146 694//3147
f 1514//828 142//960 756//962
f 756//962 2068//831 757//829
f 694//3147 2069//830 143//3036
f 2069//830 694//3034 1514//3148
f 759//833 2069//830 757//3149
f 2068//831 758//3150 1515//832
f 758//3150 2068//831 167//1091
f 1515//832 168//3151 2070//834
f 168//3151 1515//832 758//3150
f 143//3036 1516//835 697//3040
f 1516//836 143//3036 2069//830
f 759//833 2070//834 760//837
f 697//3040 2071//843 144//3043
f 2071//838 697//3152 1516//836
f 762//840 2071//3153 760//837
f 2070//834 761//3154 1517//839
f 761//3154 2070//834 168//3151
f 1517//839 169//3155 2072//848
f 169//3155 1517//841 761//3154
f 144//3041 1518//844 700//3042
f 1518//844 144//3041 2071//838
f 762//840 2072//848 763//846
f 700//3042 2073//847 145//3045
f 2073//847 700//3042 1518//844
f 765//850 2073//847 763//846
f 2072//848 764//3156 1519//849
f 764//3156 2072//848 169//3155
f 1519//849 170//3157 2074//852
f 170//3157 1519//849 764//3156
f 145//3045 1520//854 703//3048
f 1520//855 145//3045 2073//853
f 765//850 2074//852 766//2123
f 703//3048 2075//857 146//3049
f 2075//857 703//3048 1520//855
f 768//859 2075//857 766//856
f 2074//852 767//3158 1521//858
f 767//3159 2074//852 170//3157
f 1521//858 171//3160 2076//3161
f 171//3160 1521//3162 767//3158
f 146//3049 1522//861 706//3053
f 1522//861 146//3049 2075//857
f 768//859 2076//3161 769//863
f 706//3053 2077//3163 147//3054
f 2077//864 706//3053 1522//861
f 771//866 2077//3163 769//863
f 2076//860 770//3164 1523//865
f 770//3164 2076//3165 171//3160
f 1523//865 172//3166 2078//867
f 172//3166 1523//865 770//3164
f 147//3054 1524//868 709//3167
f 1524//869 147//3168 2077//864
f 771//3169 2078//867 772//870
f 709//3055 2079//871 148//3057
f 2079//871 709//3055 1524//868
f 774//3170 2079//871 772//870
f 2078//867 773//3171 1525//873
f 773//3172 2078//867 172//3166
f 1525//873 173//3173 2080//875
f 173//3173 1525//873 773//3172
f 148//3056 1526//876 712//3059
f 1526//876 148//3056 2079//871
f 774//874 2080//875 775//740
f 712//3174 2081//877 149//3060
f 2081//877 712//3059 1526//876
f 777//879 2081//877 775//3175
f 2080//875 776//3176 1527//878
f 776//3176 2080//875 173//3173
f 1527//880 174//3177 2082//881
f 174//3178 1527//878 776//3176
f 149//3065 1528//883 715//3179
f 1528//883 149//3065 2081//877
f 777//879 2082//881 778//884
f 715//3064 2083//885 150//3066
f 2083//885 715//3179 1528//883
f 780//887 2083//885 778//3180
f 2082//881 779//3181 4123//886
f 779//3182 2082//881 174//3183
f 175//3184 4123//886 779//3181
f 150//3066 1529//888 718//3070
f 1529//3185 150//3066 2083//885
f 780//887 1530//2131 781//2130
f 2084//3186 4215//3187 1529//888
f 782//3188 1530//2131 175//3184
f 176//3189 1531//2129 782//3188
f 151//3190 3354//2137 719//2136
f 3192//3191 4320//3192 2646//3193
f 2648//3194 4320//3192 3192//3191
f 2928//3195 2649//2141 2926//889
f 3814//890 2923//3196 3193//3197
f 3194//3198 785//3199 2650//891
f 2930//2148 6022//3200 2927//2143
f 2651//3201 785//3202 3194//3198
f 3195//3203 786//3204 2651//3201
f 2933//2151 6023//2147 2929//3205
f 2652//3206 786//3207 3195//3203
f 3196//3208 787//3209 2652//3206
f 2935//3210 2653//2152 2934//3211
f 2654//3212 787//3209 3196//3213
f 3197//3214 788//3215 2654//3212
f 2657//3216 788//3217 3197//3218
f 3198//3219 790//3220 2657//3216
f 2659//3221 790//3220 3198//3222
f 3199//3223 1532//893 2659//3224
f 2660//3225 1533//83 3191//3103
f 793//892 2085//894 794//3226
f 731//82 2086//84 159//3109
f 796//897 2086//84 794//3227
f 2085//894 795//85 1534//898
f 1534//898 184//3228 2087//899
f 184//3228 1534//896 795//85
f 159//3110 1535//901 734//3114
f 1535//900 159//3109 2086//84
f 796//897 2087//899 797//902
f 734//3229 2088//903 160//3116
f 2088//3230 734//3114 1535//901
f 799//907 2088//3230 797//904
f 2087//3231 798//3232 1536//906
f 798//3232 2087//899 184//3228
f 1536//3233 185//3234 2089//3235
f 185//3236 1536//906 798//3232
f 160//3116 1537//909 737//3119
f 1537//909 160//3116 2088//903
f 799//907 2089//908 800//912
f 737//3119 2090//3237 161//3121
f 2090//911 737//3119 1537//909
f 802//914 2090//3237 800//912
f 2089//908 801//3238 1538//913
f 801//3238 2089//908 185//3236
f 1538//913 186//3239 2091//915
f 186//3239 1538//913 801//3240
f 161//3121 1539//916 740//3125
f 1539//916 161//3121 2090//3237
f 802//914 2091//919 803//917
f 740//3125 2092//918 162//3130
f 2092//918 740//3125 1539//916
f 805//921 2092//918 803//2157
f 2091//915 804//3241 1540//920
f 804//3241 2091//915 186//3239
f 1540//920 187//3242 2093//923
f 187//3243 1540//922 804//3241
f 162//3127 1541//924 743//3129
f 1541//924 162//3127 2092//918
f 805//921 2093//923 806//927
f 743//3129 2094//926 163//3131
f 2094//931 743//3129 1541//924
f 808//929 2094//926 806//925
f 2093//923 807//3244 1542//928
f 807//3245 2093//3246 187//3243
f 1542//928 188//3247 2095//930
f 188//3247 1542//928 807//3245
f 163//3131 1543//932 746//3248
f 1543//932 163//3131 2094//931
f 808//929 2095//936 809//935
f 746//3248 2096//934 164//3137
f 2096//934 746//3248 1543//932
f 811//938 2096//934 809//935
f 2095//930 810//3249 1544//937
f 810//3249 2095//930 188//3247
f 1544//937 189//3250 2097//939
f 189//3250 1544//937 810//3249
f 164//3137 1545//941 749//3139
f 1545//941 164//3137 2096//934
f 811//938 2097//939 812//942
f 749//3139 2098//943 165//3140
f 2098//943 749//3139 1545//941
f 814//946 2098//948 812//942
f 2097//939 813//3251 1546//945
f 813//3251 2097//939 189//3250
f 1546//945 190//3252 2099//947
f 190//3253 1546//945 813//3251
f 165//3140 1547//950 752//3142
f 1547//950 165//3140 2098//943
f 814//946 2099//947 815//951
f 752//3142 2100//952 166//3254
f 2100//952 752//3142 1547//950
f 817//954 2100//952 815//951
f 2099//947 816//3255 1548//953
f 816//3255 2099//947 190//3252
f 1548//953 191//3256 2101//955
f 191//3256 1548//953 816//3255
f 166//3143 1549//957 755//827
f 1549//957 166//3145 2100//952
f 817//954 2101//955 818//958
f 755//827 2102//961 142//960
f 2102//959 755//827 1549//957
f 819//964 2101//955 191//3256
f 1550//963 167//3257 2068//831
f 167//3257 1550//963 819//964
f 167//1091 1551//3258 758//3259
f 1551//965 167//3257 820//1092
f 820//1092 2103//969 821//2162
f 758//3150 2104//967 168//3151
f 2104//967 758//3150 1551//3260
f 823//971 2104//967 821//2162
f 2103//969 822//3261 1552//970
f 822//3262 2103//3263 192//1228
f 1552//970 193//3264 2105//977
f 193//3264 1552//970 822//3262
f 168//3151 1553//973 761//3154
f 1553//3265 168//3151 2104//967
f 823//971 2105//977 824//974
f 761//3154 2106//3266 169//3155
f 2106//975 761//3154 1553//973
f 826//979 2106//3267 824//974
f 2105//972 825//3268 1554//978
f 825//3268 2105//977 193//3264
f 1554//978 194//3269 2107//980
f 194//3269 1554//978 825//3268
f 169//3155 1555//981 764//3156
f 1555//981 169//3155 2106//3270
f 826//3271 2107//980 827//982
f 764//3156 2108//983 170//3157
f 2108//983 764//3156 1555//981
f 829//985 2108//983 827//982
f 2107//980 828//3272 1556//984
f 828//3272 2107//980 194//3269
f 1556//984 195//3273 2109//986
f 195//3273 1556//984 828//3272
f 170//3157 1557//988 767//3158
f 1557//988 170//3157 2108//983
f 829//985 2109//3274 830//989
f 767//3158 2110//990 171//3160
f 2110//990 767//3159 1557//3275
f 832//993 2110//990 830//991
f 2109//3274 831//3276 1558//992
f 831//3277 2109//986 195//3278
f 1558//992 196//3279 2111//994
f 196//3279 1558//992 831//3276
f 171//3160 1559//995 770//3164
f 1559//995 171//3280 2110//990
f 832//993 2111//994 833//999
f 770//3164 2112//3281 172//3166
f 2112//998 770//3164 1559//995
f 835//1001 2112//998 833//999
f 2111//994 834//3282 1560//1000
f 834//3282 2111//994 196//3279
f 1560//1000 197//3283 2113//1002
f 197//3283 1560//1000 834//3282
f 172//3166 1561//1003 773//3172
f 1561//1003 172//3166 2112//3281
f 835//1001 2113//1002 836//1006
f 773//3171 2114//1005 173//3173
f 2114//1005 773//3171 1561//1003
f 838//1009 2114//1005 836//1006
f 2113//1007 837//3284 1562//1008
f 837//3284 2113//1002 197//3283
f 1562//1008 198//3285 2115//1010
f 198//3286 1562//1008 837//3284
f 173//3173 1563//1011 776//3176
f 1563//1011 173//3173 2114//1005
f 838//1009 2115//3287 839//1012
f 776//3176 2116//1013 174//3178
f 2116//1013 776//3176 1563//1011
f 841//1015 2116//1013 839//1012
f 2115//1010 840//3288 1564//1014
f 840//3288 2115//1010 198//3286
f 1564//1016 199//3289 2117//1017
f 199//3289 1564//1014 840//3288
f 174//3183 1565//2165 779//3182
f 1565//1018 174//3183 2116//1013
f 841//1015 2117//1017 842//1019
f 779//3182 2118//1020 175//3184
f 2118//3290 779//3182 1565//1018
f 844//1022 2118//1020 842//1019
f 2117//1017 843//3291 4124//3292
f 843//3291 2117//1017 199//3293
f 200//3294 4124//2166 843//3291
f 175//3184 1566//1023 782//3188
f 1566//1023 175//3184 2118//3290
f 844//1022 1567//2169 845//2168
f 2119//3295 4216//3296 1566//1023
f 846//3297 1567//2169 200//3294
f 201//3298 1568//2167 846//3297
f 176//3189 3355//2175 783//2174
f 3200//3299 4322//3300 2662//3301
f 2664//3302 4322//3300 3200//3299
f 2944//3303 2665//2179 2942//1024
f 3815//1025 2939//3304 3201//3305
f 3202//3306 849//3307 2666//1026
f 2946//2186 6025//2182 2943//2181
f 2667//3308 849//3309 3202//3306
f 3203//3310 850//3311 2667//3308
f 2949//2189 6026//2185 2945//2184
f 2668//3312 850//3313 3203//3310
f 3204//3314 851//3315 2668//3316
f 2951//3317 2669//3318 2950//3319
f 2670//3320 851//3315 3204//3314
f 3205//3321 852//3322 2670//3320
f 2673//3323 852//3324 3205//3321
f 3206//3325 854//3326 2673//3323
f 2675//3327 854//3326 3206//3325
f 3207//3328 1569//1028 2675//3327
f 2676//3329 1570//3330 3199//3223
f 857//1027 2120//1029 858//1030
f 795//85 2121//87 184//3228
f 860//1032 2121//87 858//2196
f 2120//1029 859//3331 1571//1031
f 1571//1031 209//3332 2122//1033
f 209//3332 1571//1031 859//88
f 184//3228 1572//1035 798//3232
f 1572//1035 184//3228 2121//87
f 860//1032 2122//1033 861//2197
f 798//3232 2123//1037 185//3236
f 2123//1037 798//3232 1572//1035
f 863//2198 2123//1037 861//1036
f 2122//1033 862//3333 1573//1041
f 862//3334 2122//1033 209//3332
f 1573//1041 210//3335 2124//1042
f 210//3336 1573//1041 862//3334
f 185//3236 1574//1045 801//3238
f 1574//2199 185//3236 2123//1037
f 863//2198 2124//1042 864//1046
f 801//3238 2125//1047 186//3239
f 2125//1047 801//3238 1574//1045
f 866//1049 2125//1047 864//1046
f 2124//1042 865//3337 1575//1048
f 865//3337 2124//1042 210//3336
f 1575//1050 211//3338 2126//1056
f 211//3338 1575//1050 865//3339
f 186//3239 1576//1052 804//3241
f 1576//1052 186//3239 2125//1047
f 866//1049 2126//1056 867//1053
f 804//3241 2127//1054 187//3243
f 2127//1054 804//3241 1576//1052
f 869//2201 2127//1054 867//1055
f 2126//1056 868//3340 1577//1057
f 868//3340 2126//1051 211//3338
f 1577//1057 212//3341 2128//1059
f 212//3342 1577//1057 868//3340
f 187//3242 1578//1061 807//3244
f 1578//1061 187//3243 2127//1054
f 869//2201 2128//3343 870//1062
f 807//3245 2129//1063 188//3247
f 2129//1063 807//3344 1578//1061
f 872//1065 2129//1063 870//1062
f 2128//3343 871//3345 1579//3346
f 871//3345 2128//3343 212//3342
f 1579//3347 213//3348 2130//1066
f 213//3349 1579//3350 871//3345
f 188//3247 1580//1067 810//3249
f 1580//1067 188//3247 2129//1063
f 872//1065 2130//1066 873//2202
f 810//3249 2131//1069 189//3250
f 2131//1069 810//3249 1580//1067
f 875//1071 2131//1069 873//3351
f 2130//1066 874//3352 1581//1070
f 874//3352 2130//1066 213//3348
f 1581//1070 214//3353 2132//1072
f 214//3353 1581//1070 874//3352
f 189//3250 1582//1073 813//3251
f 1582//1073 189//3250 2131//1069
f 875//1071 2132//3354 876//1076
f 813//3251 2133//1075 190//3252
f 2133//1075 813//3251 1582//1073
f 878//1078 2133//1075 876//1076
f 2132//1072 877//3355 1583//2205
f 877//3355 2132//1072 214//3356
f 1583//1077 215//3357 2134//1080
f 215//3358 1583//2205 877//3355
f 190//3253 1584//1081 816//3255
f 1584//1081 190//3253 2133//1075
f 878//3359 2134//1080 879//1082
f 816//3255 2135//1083 191//3256
f 2135//1083 816//3255 1584//1081
f 881//1087 2135//1083 879//1082
f 2134//1080 880//3360 1585//1084
f 880//3360 2134//1080 215//3358
f 1585//1084 216//3361 2136//1086
f 216//3361 1585//1084 880//3360
f 191//3256 1586//1088 819//964
f 1586//1088 191//3256 2135//1083
f 881//1085 2136//1086 882//2207
f 819//964 2137//1090 167//3257
f 2137//1090 819//964 1586//1088
f 883//1094 2136//1086 216//3362
f 1587//1093 192//1228 2103//969
f 192//1228 1587//3363 883//1094
f 192//1228 1588//3364 822//3261
f 1588//1096 192//1228 884//1229
f 884//1229 2138//1099 885//1097
f 822//3261 2139//1098 193//3365
f 2139//1098 822//3366 1588//3367
f 887//1101 2139//1098 885//3368
f 2138//1099 886//3369 1589//1100
f 886//3369 2138//1099 217//1361
f 1589//1100 218//3370 2140//1102
f 218//3371 1589//1100 886//3369
f 193//3365 1590//2210 825//3268
f 1590//1103 193//3264 2139//1098
f 887//1101 2140//1102 888//1104
f 825//3268 2141//1105 194//3269
f 2141//3372 825//3268 1590//1103
f 890//1109 2141//1105 888//1104
f 2140//1102 889//3373 1591//1106
f 889//3373 2140//1102 218//3371
f 1591//3374 219//3375 2142//1114
f 219//3375 1591//1106 889//3373
f 194//3269 1592//1110 828//3272
f 1592//1110 194//3269 2141//1105
f 890//1109 2142//1114 891//1113
f 828//3272 2143//1112 195//3273
f 2143//1112 828//3272 1592//1110
f 893//1116 2143//1112 891//1113
f 2142//1114 892//3376 1593//1115
f 892//3376 2142//1114 219//3375
f 1593//3377 220//3378 2144//1117
f 220//3378 1593//1115 892//3379
f 195//3278 1594//3380 831//3276
f 1594//1119 195//3273 2143//1112
f 893//1118 2144//1117 894//1120
f 831//3276 2145//3381 196//3279
f 2145//1121 831//3276 1594//1119
f 896//1124 2145//1121 894//1120
f 2144//1117 895//3382 1595//1123
f 895//3383 2144//1117 220//3378
f 1595//1123 221//3384 2146//1125
f 221//3384 1595//1123 895//3382
f 196//3279 1596//1127 834//3282
f 1596//2211 196//3279 2145//3381
f 896//1124 2146//1130 897//1128
f 834//3282 2147//1129 197//3283
f 2147//1129 834//3282 1596//2211
f 899//2213 2147//3385 897//2212
f 2146//1125 898//3386 1597//3387
f 898//3386 2146//1130 221//3384
f 1597//1131 222//3388 2148//3389
f 222//3390 1597//3387 898//3386
f 197//3283 1598//3391 837//3284
f 1598//3391 197//3283 2147//1129
f 899//1132 2148//1133 900//2214
f 837//3284 2149//1137 198//3286
f 2149//1137 837//3284 1598//1135
f 902//1140 2149//1137 900//1138
f 2148//1133 901//3392 1599//1141
f 901//3393 2148//1133 222//3388
f 1599//1141 223//3394 2150//1142
f 223//3395 1599//1139 901//3392
f 198//3286 1600//1143 840//3288
f 1600//1143 198//3286 2149//1137
f 902//1140 2150//1142 903//1012
f 840//3288 2151//1145 199//3289
f 2151//1145 840//3288 1600//1143
f 905//1151 2151//1145 903//1012
f 2150//1142 904//3396 1601//1147
f 904//3396 2150//1146 223//3395
f 1601//3397 224//3398 2152//1149
f 224//3398 1601//1147 904//3396
f 199//3293 1602//1152 843//3291
f 1602//1152 199//3293 2151//1145
f 905//1148 2152//1149 906//1153
f 843//3291 2153//1154 200//3294
f 2153//1156 843//3291 1602//1152
f 908//1157 2153//1156 906//3399
f 2152//1149 907//3400 4125//1155
f 907//3400 2152//1149 224//3398
f 225//3401 4125//1155 907//3400
f 200//3294 1603//1158 846//3297
f 1603//1158 200//3294 2153//1156
f 908//1157 1604//2217 909//2216
f 2154//3402 4217//3403 1603//1158
f 910//3404 1604//3405 225//3401
f 226//3406 1605//2215 910//3404
f 201//3298 3356//3407 847//2222
f 3208//3408 4324//3409 2678//3410
f 2680//3411 4324//3409 3208//3408
f 2960//3412 2681//2227 2958//1159
f 3816//1160 2955//3413 3209//3414
f 3210//3415 913//3416 2682//1161
f 2962//2234 6028//2230 2959//2229
f 2683//3417 913//3416 3210//3415
f 3211//3418 914//3419 2683//3417
f 2965//2237 6029//2233 2961//2232
f 2684//3420 914//3419 3211//3418
f 3212//3421 915//3422 2684//3420
f 2967//3423 2685//3424 2966//3425
f 2686//3426 915//3422 3212//3421
f 3213//3427 916//3428 2686//3426
f 2689//3429 916//3430 3213//3431
f 3214//3432 918//3433 2689//3429
f 2691//3434 918//3433 3214//3432
f 3215//3435 1606//3436 2691//3437
f 2692//3438 1607//89 3207//3439
f 921//1162 2155//1164 922//1165
f 859//3331 2156//90 209//3332
f 924//1168 2156//90 922//1165
f 2155//3440 923//3441 1608//1169
f 1608//1169 234//3442 2157//1170
f 234//3443 1608//1167 923//91
f 209//3332 1609//1172 862//3333
f 1609//2245 209//3332 2156//90
f 924//1168 2157//1170 925//2244
f 862//3333 2158//1174 210//3336
f 2158//1174 862//3334 1609//1172
f 927//1177 2158//1174 925//3444
f 2157//1170 926//3445 1610//1176
f 926//3445 2157//1170 234//3443
f 1610//1176 235//3446 2159//1178
f 235//3447 1610//1176 926//3445
f 210//3336 1611//1179 865//3337
f 1611//1179 210//3336 2158//1174
f 927//1177 2159//1178 928//3448
f 865//3337 2160//1181 211//3338
f 2160//1181 865//3337 1611//1179
f 930//1183 2160//1181 928//1180
f 2159//1178 929//3449 1612//1182
f 929//3449 2159//1178 235//3450
f 1612//1184 236//3451 2161//1185
f 236//3451 1612//1184 929//3449
f 211//3338 1613//1186 868//3340
f 1613//1186 211//3338 2160//1181
f 930//1183 2161//1185 931//3452
f 868//3340 2162//1188 212//3342
f 2162//1188 868//3340 1613//1186
f 933//1192 2162//1188 931//3452
f 2161//1185 932//3453 1614//1189
f 932//3453 2161//1185 236//3451
f 1614//1189 237//3454 2163//1191
f 237//3454 1614//1189 932//3453
f 212//3342 1615//1193 871//3345
f 1615//1193 212//3342 2162//1188
f 933//1190 2163//3455 934//3456
f 871//3345 2164//3457 213//3348
f 2164//1195 871//3345 1615//1193
f 936//1197 2164//3458 934//1194
f 2163//3455 935//3459 1616//2246
f 935//3460 2163//3455 237//3454
f 1616//2246 238//3461 2165//1199
f 238//3461 1616//2246 935//3460
f 213//3349 1617//1200 874//3352
f 1617//1200 213//3462 2164//3457
f 936//2248 2165//1199 937//1203
f 874//3352 2166//1202 214//3353
f 2166//1202 874//3352 1617//1200
f 939//1207 2166//1202 937//1201
f 2165//1199 938//3463 1618//1204
f 938//3463 2165//1199 238//3461
f 1618//1204 239//3464 2167//1212
f 239//3464 1618//1204 938//3463
f 214//3356 1619//1208 877//3355
f 1619//3465 214//3353 2166//1202
f 939//1205 2167//1206 940//1211
f 877//3355 2168//1210 215//3466
f 2168//1210 877//3355 1619//1208
f 942//1214 2168//1210 940//1209
f 2167//1206 941//3467 1620//1213
f 941//3467 2167//1206 239//3464
f 1620//1213 240//3468 2169//1220
f 240//3468 1620//1213 941//3469
f 215//3357 1621//1216 880//3360
f 1621//1217 215//3357 2168//1210
f 942//1214 2169//1220 943//1218
f 880//3360 2170//1219 216//3361
f 2170//1219 880//3360 1621//1217
f 945//1222 2170//1219 943//1218
f 2169//1215 944//3470 1622//1221
f 944//3470 2169//1220 240//3468
f 1622//2250 241//3471 2171//1223
f 241//3472 1622//2250 944//3470
f 216//3361 1623//1224 883//1094
f 1623//1225 216//3361 2170//3473
f 945//1222 2171//1223 946//2251
f 883//1094 2172//1227 192//1228
f 2172//1227 883//1094 1623//1224
f 947//3474 2171//3475 241//3472
f 1624//1230 217//1361 2138//1232
f 217//1361 1624//1230 947//1231
f 217//1361 1625//3476 886//3369
f 1625//1233 217//1361 948//1362
f 948//1362 2173//1237 949//1236
f 886//3369 2174//1235 218//3370
f 2174//1235 886//3477 1625//3478
f 951//1239 2174//1235 949//3479
f 2173//1237 950//3480 1626//1238
f 950//3480 2173//1237 242//1493
f 1626//1238 243//3481 2175//1245
f 243//3481 1626//1238 950//3480
f 218//3370 1627//1242 889//3373
f 1627//1242 218//3370 2174//1235
f 951//1239 2175//1245 952//1243
f 889//3373 2176//1249 219//3375
f 2176//1244 889//3373 1627//1242
f 954//1247 2176//1244 952//1243
f 2175//1245 953//3482 1628//1246
f 953//3483 2175//1245 243//3481
f 1628//1246 244//3484 2177//1248
f 244//3485 1628//1246 953//3482
f 219//3375 1629//1250 892//3379
f 1629//1250 219//3375 2176//1249
f 954//1247 2177//1248 955//3486
f 892//3379 2178//1252 220//3378
f 2178//1252 892//3379 1629//1250
f 957//1255 2178//1252 955//1253
f 2177//1248 956//3487 1630//1254
f 956//3487 2177//1248 244//3485
f 1630//3488 245//3489 2179//1256
f 245//3489 1630//1254 956//3487
f 220//3378 1631//1259 895//3383
f 1631//1259 220//3378 2178//1252
f 957//1255 2179//1256 958//2256
f 895//3382 2180//1261 221//3384
f 2180//1261 895//3383 1631//1259
f 960//1263 2180//1261 958//3490
f 2179//1256 959//3491 1632//1262
f 959//3491 2179//1256 245//3489
f 1632//1262 246//3492 2181//1264
f 246//3493 1632//1262 959//3491
f 221//3384 1633//1266 898//3386
f 1633//2258 221//3384 2180//1261
f 960//1263 2181//1264 961//1267
f 898//3386 2182//3494 222//3390
f 2182//3494 898//3386 1633//2258
f 963//1270 2182//1268 961//1267
f 2181//1264 962//3495 1634//1269
f 962//3496 2181//1264 246//3492
f 1634//1269 247//3497 2183//1271
f 247//3497 1634//1269 962//3498
f 222//3390 1635//1272 901//3392
f 1635//1272 222//3388 2182//1268
f 963//1270 2183//1271 964//3499
f 901//3392 2184//1274 223//3395
f 2184//1274 901//3392 1635//1272
f 966//1278 2184//1274 964//1273
f 2183//1271 965//3500 1636//1275
f 965//3501 2183//1271 247//3497
f 1636//1275 248//3502 2185//1277
f 248//3502 1636//1275 965//3501
f 223//3395 1637//1279 904//3396
f 1637//1279 223//3395 2184//1274
f 966//1276 2185//1277 967//1280
f 904//3396 2186//3503 224//3398
f 2186//1281 904//3396 1637//1279
f 969//1284 2186//1281 967//1280
f 2185//1277 968//3504 1638//1283
f 968//3504 2185//3505 248//3502
f 1638//1285 249//3506 2187//1286
f 249//3506 1638//1283 968//3504
f 224//3398 1639//1288 907//3400
f 1639//1288 224//3398 2186//1287
f 969//1284 2187//1286 970//1289
f 907//3400 2188//1290 225//3401
f 2188//1290 907//3400 1639//1288
f 972//2259 2188//1290 970//1289
f 2187//1286 971//3507 4126//1291
f 971//3508 2187//1286 249//3506
f 250//3509 4126//1291 971//3507
f 225//3401 1640//1293 910//3404
f 1640//1293 225//3401 2188//1290
f 972//1292 1641//2262 973//2261
f 2189//3510 4218//3511 1640//1293
f 974//3512 1641//3513 250//3509
f 251//3514 1642//2260 974//3512
f 226//3406 3357//2268 911//2267
f 3216//3515 4326//3516 2694//3517
f 2696//3518 4326//3516 3216//3515
f 2976//2277 2697//2272 2974//1294
f 3817//3519 2971//3520 3217//3521
f 3218//3522 977//3523 2698//1296
f 2978//3524 6031//2276 2975//2275
f 2699//3525 977//3526 3218//3522
f 3219//3527 978//3528 2699//3525
f 2981//2283 6032//2279 2977//2278
f 2700//3529 978//3528 3219//3527
f 3220//3530 979//3531 2700//3529
f 2983//3532 2701//3533 2982//3534
f 2702//3535 979//3531 3220//3530
f 3221//3536 980//3537 2702//3535
f 2705//3538 980//3539 3221//3540
f 3222//3541 982//3542 2705//3538
f 2707//3543 982//3544 3222//3541
f 3223//3545 1643//1298 2707//3546
f 2708//3547 1644//92 3215//3435
f 985//2289 2190//1299 986//1300
f 923//91 2191//93 234//3443
f 988//2292 2191//93 986//1300
f 2190//1299 987//3548 1645//1301
f 1645//1301 259//3549 2192//1303
f 259//3549 1645//3550 987//94
f 234//3443 1646//1306 926//3445
f 1646//1305 234//3442 2191//93
f 988//1302 2192//1303 989//3551
f 926//3552 2193//1308 235//3447
f 2193//1308 926//3553 1646//1306
f 991//1310 2193//1308 989//1307
f 2192//1303 990//3554 1647//3555
f 990//3556 2192//1303 259//3549
f 1647//1309 260//3557 2194//1311
f 260//3557 1647//1309 990//3556
f 235//3447 1648//1313 929//3449
f 1648//1313 235//3447 2193//1308
f 991//1310 2194//3558 992//3448
f 929//3449 2195//1315 236//3451
f 2195//1315 929//3449 1648//1313
f 994//1317 2195//1315 992//1314
f 2194//1311 993//3559 1649//1316
f 993//3559 2194//1311 260//3557
f 1649//1316 261//3560 2196//1324
f 261//3560 1649//1316 993//3559
f 236//3451 1650//1320 932//3453
f 1650//1320 236//3451 2195//1315
f 994//1317 2196//1324 995//1321
f 932//3453 2197//1322 237//3454
f 2197//1322 932//3453 1650//1320
f 997//1326 2197//1322 995//1323
f 2196//1324 996//3561 1651//1327
f 996//3561 2196//1319 261//3560
f 1651//1327 262//3562 2198//1328
f 262//3562 1651//1327 996//3561
f 237//3454 1652//1329 935//3460
f 1652//1329 237//3454 2197//1322
f 997//1326 2198//1328 998//2295
f 935//3460 2199//1331 238//3461
f 2199//1331 935//3460 1652//1329
f 1000//1334 2199//1331 998//2295
f 2198//1328 999//3563 1653//1333
f 999//3563 2198//1332 262//3562
f 1653//2296 263//3564 2200//1335
f 263//3564 1653//2296 999//3563
f 238//3461 1654//1336 938//3565
f 1654//1336 238//3461 2199//1331
f 1000//1334 2200//1335 1001//1337
f 938//3565 2201//1338 239//3464
f 2201//1343 938//3565 1654//1336
f 1003//1344 2201//1338 1001//3566
f 2200//1335 1002//3567 1655//1340
f 1002//3567 2200//3568 263//3564
f 1655//3569 264//3570 2202//1342
f 264//3571 1655//1340 1002//3567
f 239//3464 1656//1345 941//3467
f 1656//1345 239//3464 2201//1338
f 1003//1341 2202//1342 1004//1346
f 941//3467 2203//1347 240//3468
f 2203//1347 941//3467 1656//1345
f 1006//1349 2203//1347 1004//1346
f 2202//1342 1005//3572 1657//1348
f 1005//3572 2202//1342 264//3571
f 1657//1348 265//3573 2204//1350
f 265//3573 1657//3574 1005//3572
f 240//3468 1658//1351 944//3470
f 1658//3575 240//3468 2203//1347
f 1006//1349 2204//3576 1007//3577
f 944//3470 2205//1353 241//3472
f 2205//1353 944//3470 1658//1351
f 1009//1356 2205//1353 1007//1352
f 2204//3576 1008//3578 1659//1355
f 1008//3578 2204//1350 265//3573
f 1659//1355 266//3579 2206//1357
f 266//3579 1659//1355 1008//3578
f 241//3471 1660//3580 947//1231
f 1660//1358 241//3471 2205//1353
f 1009//1356 2206//1357 1010//2298
f 947//1231 2207//1360 217//1361
f 2207//3581 947//1231 1660//1358
f 1011//1364 2206//1357 266//3579
f 1661//1363 242//1493 2173//1237
f 242//1493 1661//1363 1011//1364
f 242//1493 1662//3582 950//3583
f 1662//1365 242//1493 1012//1495
f 1012//3584 2208//3585 1013//1368
f 950//3583 2209//1367 243//3586
f 2209//1367 950//3583 1662//3587
f 1015//1371 2209//1367 1013//1368
f 2208//3585 1014//3588 1663//3589
f 1014//3590 2208//1369 267//1621
f 1663//1370 268//3591 2210//1377
f 268//3591 1663//1370 1014//3588
f 243//3586 1664//1373 953//3482
f 1664//1373 243//3586 2209//1367
f 1015//1371 2210//1377 1016//3592
f 953//3483 2211//1375 244//3485
f 2211//1375 953//3483 1664//1373
f 1018//1379 2211//1375 1016//3593
f 2210//3594 1017//3595 1665//3596
f 1017//3595 2210//1377 268//3591
f 1665//3596 269//3597 2212//3598
f 269//3597 1665//3596 1017//3595
f 244//3485 1666//1382 956//3487
f 1666//1382 244//3484 2211//1381
f 1018//2302 2212//1380 1019//1383
f 956//3487 2213//1384 245//3489
f 2213//1384 956//3599 1666//1382
f 1021//1386 2213//1384 1019//2303
f 2212//1380 1020//3600 1667//1385
f 1020//3600 2212//1380 269//3597
f 1667//1385 270//3601 2214//1387
f 270//3602 1667//1385 1020//3600
f 245//3489 1668//1388 959//3491
f 1668//1388 245//3603 2213//1384
f 1021//1386 2214//3604 1022//3605
f 959//3491 2215//1390 246//3493
f 2215//1390 959//3491 1668//1388
f 1024//1393 2215//1390 1022//1389
f 2214//3604 1023//3606 1669//1392
f 1023//3606 2214//1387 270//3601
f 1669//1392 271//3607 2216//3608
f 271//3609 1669//1392 1023//3606
f 246//3493 1670//1395 962//3495
f 1670//1395 246//3492 2215//1390
f 1024//1393 2216//3608 1025//1397
f 962//3496 2217//3610 247//3497
f 2217//1398 962//3498 1670//1395
f 1027//1402 2217//1398 1025//1397
f 2216//3608 1026//3611 1671//1401
f 1026//3611 2216//3608 271//3609
f 1671//1401 272//3612 2218//1403
f 272//3612 1671//1401 1026//3611
f 247//3497 1672//1404 965//3500
f 1672//1404 247//3497 2217//1398
f 1027//1402 2218//1403 1028//1405
f 965//3500 2219//1406 248//3502
f 2219//1406 965//3501 1672//1404
f 1030//1408 2219//1406 1028//1405
f 2218//1403 1029//3613 1673//1407
f 1029//3613 2218//1403 272//3614
f 1673//1407 273//3615 2220//1414
f 273//3616 1673//1407 1029//3613
f 248//3502 1674//1411 968//3504
f 1674//1411 248//3502 2219//1406
f 1030//1408 2220//3617 1031//2304
f 968//3504 2221//1413 249//3506
f 2221//1413 968//3504 1674//1411
f 1033//2305 2221//1413 1031//2304
f 2220//1414 1032//3618 1675//1415
f 1032//3618 2220//1414 273//3619
f 1675//1415 274//3620 2222//1418
f 274//3620 1675//1415 1032//3618
f 249//3506 1676//1419 971//3507
f 1676//1419 249//3506 2221//1413
f 1033//2305 2222//1422 1034//1420
f 971//3507 2223//1421 250//3509
f 2223//1421 971//3507 1676//1419
f 1036//1424 2223//1421 1034//1420
f 2222//1422 1035//3621 4127//1423
f 1035//3621 2222//1418 274//3620
f 275//3622 4127//1423 1035//3623
f 250//3509 1677//1425 974//3512
f 1677//1425 250//3509 2223//1421
f 1036//1424 1678//2309 1037//2308
f 2224//3624 4219//3625 1677//1425
f 1038//3626 1678//2309 275//3627
f 276//3628 1679//2307 1038//3629
f 251//3514 3358//2315 975//2314
f 3224//3630 4328//3631 2710//3632
f 2712//3633 4328//3631 3224//3630
f 2992//2323 2713//2319 2990//3634
f 3818//1427 2987//3635 3225//3636
f 3226//3637 1041//3638 2714//1428
f 2994//2326 6034//2322 2991//2321
f 2715//3639 1041//3638 3226//3640
f 3227//3641 1042//3642 2715//3639
f 2997//3643 6035//2325 2993//2324
f 2716//3644 1042//3642 3227//3641
f 3228//3645 1043//3646 2716//3647
f 2999//3648 2717//2330 2998//3649
f 2718//3650 1043//3646 3228//3651
f 3229//3652 1044//3653 2718//3650
f 2721//3654 1044//3655 3229//3656
f 3230//3657 1046//3658 2721//3659
f 2723//3660 1046//3661 3230//3657
f 3231//3662 1680//1430 2723//3663
f 2724//3664 1681//95 3223//3545
f 1049//2335 2225//1431 1050//1432
f 987//3548 2226//1436 259//3549
f 1052//1437 2226//96 1050//1432
f 2225//1431 1051//3665 1682//1433
f 1682//1433 284//3666 2227//1435
f 284//3667 1682//1433 1051//97
f 259//3549 1683//1438 990//3554
f 1683//1438 259//3549 2226//1436
f 1052//1437 2227//1435 1053//2337
f 990//3556 2228//1440 260//3557
f 2228//1440 990//3554 1683//1438
f 1055//1442 2228//1440 1053//3668
f 2227//1435 1054//3669 1684//3670
f 1054//3669 2227//1435 284//3667
f 1684//1441 285//3671 2229//1444
f 285//3671 1684//1441 1054//3669
f 260//3557 1685//1445 993//3559
f 1685//1445 260//3557 2228//3672
f 1055//2338 2229//1444 1056//1446
f 993//3673 2230//1447 261//3560
f 2230//1447 993//3559 1685//1445
f 1058//3674 2230//3675 1056//3676
f 2229//1444 1057//3677 1686//2340
f 1057//3677 2229//1444 285//3671
f 1686//2340 286//3678 2231//1450
f 286//3679 1686//2340 1057//3677
f 261//3560 1687//1451 996//3561
f 1687//3680 261//3560 2230//1447
f 1058//3674 2231//1450 1059//1452
f 996//3561 2232//1457 262//3562
f 2232//1453 996//3561 1687//1451
f 1061//1455 2232//1453 1059//1452
f 2231//1450 1060//3681 1688//1454
f 1060//3681 2231//1450 286//3678
f 1688//1454 287//3682 2233//3683
f 287//3682 1688//1454 1060//3681
f 262//3562 1689//1458 999//3684
f 1689//1458 262//3562 2232//1453
f 1061//1455 2233//3685 1062//1461
f 999//3684 2234//1466 263//3564
f 2234//1460 999//3684 1689//1458
f 1064//2343 2234//1466 1062//1461
f 2233//1462 1063//3686 1690//2342
f 1063//3687 2233//3685 287//3682
f 1690//1463 288//3688 2235//1465
f 288//3688 1690//1463 1063//3687
f 263//3564 1691//1467 1002//3567
f 1691//1467 263//3564 2234//1466
f 1064//2343 2235//1465 1065//1468
f 1002//3567 2236//1469 264//3571
f 2236//1469 1002//3567 1691//1467
f 1067//1471 2236//1469 1065//1468
f 2235//1465 1066//3689 1692//1470
f 1066//3689 2235//1465 288//3688
f 1692//1470 289//3690 2237//3691
f 289//3690 1692//1470 1066//3689
f 264//3571 1693//1473 1005//3692
f 1693//1473 264//3571 2236//1469
f 1067//1471 2237//1472 1068//2344
f 1005//3693 2238//1475 265//3573
f 2238//1475 1005//3692 1693//1473
f 1070//3694 2238//3695 1068//3696
f 2237//3691 1069//3697 1694//3698
f 1069//3697 2237//3691 289//3690
f 1694//1478 290//3699 2239//1480
f 290//3699 1694//1478 1069//3697
f 265//3573 1695//1481 1008//3578
f 1695//1481 265//3573 2238//1475
f 1070//1479 2239//1485 1071//1484
f 1008//3578 2240//1483 266//3579
f 2240//1483 1008//3578 1695//1481
f 1073//1487 2240//1483 1071//3700
f 2239//1485 1072//3701 1696//1486
f 1072//3701 2239//1480 290//3702
f 1696//1488 291//3703 2241//3704
f 291//3703 1696//1488 1072//3701
f 266//3579 1697//1490 1011//1364
f 1697//1490 266//3579 2240//1483
f 1073//1487 2241//3704 1074//2345
f 1011//1364 2242//1492 242//3705
f 2242//1494 1011//1364 1697//1490
f 1075//1497 2241//3704 291//3706
f 1698//1496 267//1621 2208//1369
f 267//1621 1698//3707 1075//1497
f 267//1621 1699//3708 1014//3588
f 1699//1499 267//1621 1076//1627
f 1076//1627 2243//3709 1077//1499
f 1014//3588 2244//1500 268//3591
f 2244//1500 1014//3590 1699//3710
f 1079//1503 2244//1500 1077//1499
f 2243//1501 1078//3711 1700//1502
f 1078//3711 2243//3709 292//1756
f 1700//1502 293//3712 2245//1504
f 293//3713 1700//1502 1078//3711
f 268//3714 1701//1505 1017//3595
f 1701//1505 268//3591 2244//1500
f 1079//1503 2245//1504 1080//3715
f 1017//3595 2246//1508 269//3597
f 2246//1508 1017//3595 1701//1505
f 1082//1511 2246//1508 1080//2347
f 2245//1504 1081//3716 1702//1510
f 1081//3716 2245//1504 293//3713
f 1702//1510 294//3717 2247//1512
f 294//3718 1702//1510 1081//3716
f 269//3597 1703//1513 1020//3600
f 1703//1513 269//3597 2246//1508
f 1082//1511 2247//3719 1083//1514
f 1020//3600 2248//1515 270//3602
f 2248//3720 1020//3600 1703//3721
f 1085//1517 2248//3722 1083//1514
f 2247//1512 1084//3723 1704//1516
f 1084//3723 2247//3719 294//3718
f 1704//1516 295//3724 2249//1518
f 295//3725 1704//1516 1084//3723
f 270//3602 1705//2349 1023//3606
f 1705//1520 270//3601 2248//1515
f 1085//1517 2249//1518 1086//2348
f 1023//3606 2250//1522 271//3609
f 2250//1522 1023//3606 1705//1520
f 1088//1524 2250//1522 1086//2348
f 2249//1518 1087//3726 1706//1525
f 1087//3727 2249//1518 295//3728
f 1706//1523 296//3729 2251//1526
f 296//3730 1706//1523 1087//3727
f 271//3609 1707//3731 1026//3611
f 1707//1527 271//3609 2250//3732
f 1088//1524 2251//1526 1089//1528
f 1026//3611 2252//1529 272//3612
f 2252//1529 1026//3611 1707//3733
f 1091//1531 2252//1529 1089//1528
f 2251//1526 1090//3734 1708//1530
f 1090//3734 2251//1526 296//3729
f 1708//1530 297//3735 2253//1532
f 297//3735 1708//1530 1090//3734
f 272//3736 1709//1533 1029//3613
f 1709//1533 272//3612 2252//1529
f 1091//1531 2253//1532 1092//1536
f 1029//3613 2254//1535 273//3616
f 2254//1535 1029//3613 1709//1533
f 1094//1538 2254//3737 1092//1536
f 2253//3738 1093//3739 1710//1537
f 1093//3739 2253//1532 297//3735
f 1710//3740 298//3741 2255//1539
f 298//3741 1710//1537 1093//3739
f 273//3616 1711//1540 1032//3618
f 1711//1540 273//3616 2254//1535
f 1094//1538 2255//1539 1095//2351
f 1032//3618 2256//1542 274//3620
f 2256//1542 1032//3618 1711//1541
f 1097//1544 2256//1542 1095//2351
f 2255//1539 1096//3742 1712//1543
f 1096//3742 2255//1539 298//3741
f 1712//1545 299//3743 2257//1546
f 299//3743 1712//1543 1096//3742
f 274//3620 1713//1548 1035//3621
f 1713//1548 274//3620 2256//1542
f 1097//1544 2257//1546 1098//1549
f 1035//3621 2258//1550 275//3627
f 2258//1550 1035//3621 1713//1548
f 1100//1552 2258//1550 1098//1549
f 2257//1546 1099//3744 4128//1551
f 1099//3744 2257//1546 299//3743
f 300//3745 4128//1551 1099//3744
f 275//3627 1714//1553 1038//3626
f 1714//1553 275//3627 2258//1550
f 1100//1552 1715//2356 1101//2355
f 2259//3746 4220//3747 1714//1553
f 1102//3748 1715//2356 300//3749
f 301//3750 1716//3751 1102//3752
f 276//3628 3359//2362 1039//2361
f 3232//3753 4330//3754 2726//3755
f 2728//3756 4330//3754 3232//3757
f 3008//2370 2729//2366 3006//1554
f 3819//3758 3003//3759 3233//3760
f 3234//3761 1105//3762 2730//1556
f 3010//2373 6037//2369 3007//2368
f 2731//3763 1105//3762 3234//3761
f 3235//3764 1106//3765 2731//3766
f 3013//2376 6038//3767 3009//2371
f 2732//3768 1106//3769 3235//3770
f 3236//3771 1107//3772 2732//3768
f 3015//3773 2733//3774 3014//3775
f 2734//3776 1107//3772 3236//3777
f 3237//3778 1108//3779 2734//3776
f 2737//3780 1108//3779 3237//3778
f 3238//3781 1110//3782 2737//3780
f 2739//3783 1110//3782 3238//3781
f 3239//3784 1717//1558 2739//3785
f 2740//3786 1718//98 3231//3787
f 1113//1557 2260//1559 1114//2382
f 1051//97 2261//99 284//3667
f 1116//1565 2261//99 1114//1560
f 2260//1559 1115//100 1719//1562
f 1719//1562 309//3788 2262//1564
f 309//3788 1719//1562 1115//100
f 284//3667 1720//3789 1054//3669
f 1720//1567 284//3666 2261//99
f 1116//1563 2262//1564 1117//3790
f 1054//3669 2263//1569 285//3671
f 2263//1569 1054//3669 1720//3789
f 1119//1572 2263//1569 1117//1568
f 2262//1564 1118//3791 1721//1571
f 1118//3791 2262//1564 309//3788
f 1721//1571 310//3792 2264//1573
f 310//3792 1721//1571 1118//3791
f 285//3671 1722//1574 1057//3677
f 1722//1574 285//3671 2263//1569
f 1119//1572 2264//1577 1120//1575
f 1057//3793 2265//1576 286//3679
f 2265//1576 1057//3677 1722//1574
f 1122//1579 2265//1576 1120//1575
f 2264//1577 1121//3794 1723//1578
f 1121//3794 2264//1577 310//3792
f 1723//1578 311//3795 2266//1585
f 311//3796 1723//1578 1121//3794
f 286//3678 1724//1582 1060//3681
f 1724//1582 286//3678 2265//1576
f 1122//1579 2266//1585 1123//2384
f 1060//3681 2267//1589 287//3682
f 2267//1584 1060//3681 1724//1582
f 1125//2386 2267//1584 1123//3797
f 2266//1585 1124//3798 1725//1586
f 1124//3798 2266//1581 311//3795
f 1725//1586 312//3799 2268//3800
f 312//3799 1725//1586 1124//3801
f 287//3682 1726//1590 1063//3686
f 1726//1590 287//3682 2267//1584
f 1125//1587 2268//3802 1126//1591
f 1063//3686 2269//1592 288//3688
f 2269//1592 1063//3687 1726//1590
f 1128//1594 2269//3803 1126//2387
f 2268//3802 1127//3804 1727//1595
f 1127//3804 2268//3802 312//3799
f 1727//1595 313//3805 2270//1596
f 313//3805 1727//1595 1127//3804
f 288//3688 1728//1597 1066//3689
f 1728//1597 288//3688 2269//1592
f 1128//1594 2270//1596 1129//1598
f 1066//3689 2271//1599 289//3690
f 2271//1599 1066//3689 1728//1597
f 1131//1601 2271//3806 1129//2389
f 2270//1596 1130//3807 1729//1600
f 1130//3807 2270//1596 313//3805
f 1729//1600 314//3808 2272//1602
f 314//3808 1729//1600 1130//3807
f 289//3690 1730//1603 1069//3697
f 1730//1603 289//3690 2271//1599
f 1131//1601 2272//1602 1132//3809
f 1069//3697 2273//3810 290//3702
f 2273//1605 1069//3697 1730//1603
f 1134//3811 2273//1605 1132//1606
f 2272//1602 1133//3812 1731//1607
f 1133//3812 2272//1602 314//3813
f 1731//1607 315//3814 2274//1609
f 315//3815 1731//1607 1133//3812
f 290//3816 1732//1610 1072//3817
f 1732//1610 290//3699 2273//1605
f 1134//1608 2274//1609 1135//1612
f 1072//3817 2275//1613 291//3706
f 2275//1613 1072//3817 1732//1611
f 1137//1616 2275//1613 1135//1612
f 2274//1609 1136//3818 1733//3819
f 1136//3820 2274//1609 315//3815
f 1733//1615 316//3821 2276//1617
f 316//3821 1733//1615 1136//3820
f 291//3703 1734//1618 1075//1497
f 1734//3822 291//3703 2275//1613
f 1137//1616 2276//1617 1138//1619
f 1075//1497 2277//3823 267//1621
f 2277//1622 1075//1497 1734//1618
f 1139//1626 2276//1617 316//3824
f 1735//1624 292//1756 2243//3825
f 292//1756 1735//1624 1139//1626
f 292//1756 1736//3826 1078//3711
f 1736//1630 292//1756 1140//1758
f 1140//1758 2278//1632 1141//1630
f 1078//3827 2279//1631 293//3713
f 2279//1631 1078//3711 1736//3828
f 1143//1634 2279//1631 1141//1630
f 2278//1632 1142//3829 1737//1633
f 1142//3829 2278//1632 317//1883
f 1737//1633 318//3830 2280//1640
f 318//3831 1737//1633 1142//3832
f 293//3713 1738//1636 1081//3716
f 1738//2394 293//3713 2279//1631
f 1143//1634 2280//3833 1144//2393
f 1081//3716 2281//1638 294//3834
f 2281//1638 1081//3716 1738//3835
f 1146//1642 2281//1638 1144//1639
f 2280//3833 1145//3836 1739//1641
f 1145//3837 2280//1640 318//3831
f 1739//1641 319//3838 2282//3839
f 319//3838 1739//1641 1145//3836
f 294//3834 1740//1645 1084//3723
f 1740//1644 294//3717 2281//1638
f 1146//1642 2282//3839 1147//3840
f 1084//3723 2283//3841 295//3728
f 2283//1647 1084//3723 1740//1645
f 1149//1650 2283//3841 1147//1646
f 2282//1643 1148//3842 1741//1649
f 1148//3842 2282//1643 319//3838
f 1741//1649 320//3843 2284//3844
f 320//3845 1741//1649 1148//3842
f 295//3725 1742//1652 1087//3727
f 1742//1652 295//3724 2283//1647
f 1149//1650 2284//1651 1150//1656
f 1087//3726 2285//1655 296//3730
f 2285//1655 1087//3726 1742//1652
f 1152//1658 2285//1655 1150//3846
f 2284//1651 1151//3847 1743//1657
f 1151//3847 2284//1651 320//3845
f 1743//3848 321//3849 2286//1659
f 321//3849 1743//1657 1151//3847
f 296//3730 1744//1660 1090//3734
f 1744//3850 296//3730 2285//1655
f 1152//1658 2286//1659 1153//1662
f 1090//3734 2287//1663 297//3735
f 2287//1663 1090//3851 1744//3850
f 1155//1666 2287//1663 1153//1664
f 2286//1659 1154//3852 1745//1665
f 1154//3852 2286//1659 321//3853
f 1745//1665 322//3854 2288//1672
f 322//3854 1745//1665 1154//3852
f 297//3735 1746//1668 1093//3739
f 1746//1668 297//3735 2287//1663
f 1155//1666 2288//1672 1156//1671
f 1093//3739 2289//1670 298//3741
f 2289//3855 1093//3856 1746//1668
f 1158//1674 2289//1670 1156//1669
f 2288//1672 1157//3857 1747//1673
f 1157//3857 2288//1667 322//3854
f 1747//1673 323//3858 2290//1675
f 323//3858 1747//1673 1157//3857
f 298//3741 1748//1676 1096//3742
f 1748//1676 298//3741 2289//1670
f 1158//1674 2290//1675 1159//2351
f 1096//3742 2291//1678 299//3743
f 2291//1678 1096//3742 1748//1676
f 1161//1680 2291//1678 1159//3859
f 2290//1675 1160//3860 1749//1679
f 1160//3860 2290//1675 323//3858
f 1749//3861 324//3862 2292//1682
f 324//3862 1749//1679 1160//3860
f 299//3743 1750//2397 1099//3744
f 1750//3863 299//3743 2291//1683
f 1161//1680 2292//1682 1162//1685
f 1099//3744 2293//1686 300//3749
f 2293//1686 1099//3744 1750//2397
f 1164//1688 2293//1686 1162//1685
f 2292//1682 1163//3864 4129//1687
f 1163//3864 2292//1682 324//3865
f 325//3866 4129//3867 1163//3868
f 300//3749 1751//1689 1102//3752
f 1751//1689 300//3745 2293//1686
f 1164//1688 1752//3869 1165//2399
f 2294//3870 4221//3871 1751//1689
f 1166//3872 1752//2400 325//3873
f 326//3874 1753//2398 1166//3872
f 301//3875 3360//2406 1103//2405
f 3240//3876 4332//3877 2742//3878
f 2744//3879 4332//3877 3240//3876
f 3024//2414 2745//2410 3022//1690
f 3820//3880 3019//3881 3241//3882
f 3242//3883 1169//3884 2746//1692
f 3026//2417 6040//2413 3023//2412
f 2747//3885 1169//3884 3242//3886
f 3243//3887 1170//3888 2747//3885
f 3029//3889 6041//2416 3025//3890
f 2748//3891 1170//3892 3243//3893
f 3244//3894 1171//3895 2748//3891
f 3031//3896 2749//3897 3030//3898
f 2750//3899 1171//3895 3244//3894
f 3245//3900 1172//3901 2750//3899
f 2753//3902 1172//3903 3245//3904
f 3246//3905 1174//3906 2753//3902
f 2755//3907 1174//3908 3246//3905
f 3247//3909 1754//1694 2755//3907
f 2756//3910 1755//2426 3239//3911
f 1177//1693 2295//1695 1178//1696
f 1115//100 2296//102 309//3912
f 1180//1698 2296//102 1178//1696
f 2295//1695 1179//103 1756//1697
f 1756//1697 334//3913 2297//1704
f 334//3913 1756//1697 1179//103
f 309//3788 1757//1701 1118//3791
f 1757//1701 309//3788 2296//102
f 1180//2427 2297//3914 1181//3915
f 1118//3791 2298//1703 310//3792
f 2298//1703 1118//3791 1757//1701
f 1183//1706 2298//3916 1181//2428
f 2297//1700 1182//3917 1758//1705
f 1182//3917 2297//1700 334//3913
f 1758//1705 335//3918 2299//1707
f 335//3918 1758//1705 1182//3919
f 310//3792 1759//1708 1121//3794
f 1759//1708 310//3792 2298//1703
f 1183//1706 2299//1707 1184//1709
f 1121//3794 2300//1710 311//3796
f 2300//1710 1121//3794 1759//1708
f 1186//1712 2300//1710 1184//2429
f 2299//1707 1185//3920 1760//1711
f 1185//3920 2299//1707 335//3921
f 1760//1711 336//3922 2301//1713
f 336//3923 1760//1711 1185//3920
f 311//3795 1761//1714 1124//3798
f 1761//1714 311//3795 2300//1710
f 1186//1712 2301//1713 1187//1715
f 1124//3798 2302//1716 312//3799
f 2302//1716 1124//3798 1761//1714
f 1189//1718 2302//1716 1187//2430
f 2301//1713 1188//3924 1762//1719
f 1188//3925 2301//1713 336//3922
f 1762//1719 337//3926 2303//1720
f 337//3926 1762//1719 1188//3924
f 312//3799 1763//1721 1127//3804
f 1763//1721 312//3799 2302//1716
f 1189//2431 2303//1720 1190//1722
f 1127//3927 2304//1723 313//3805
f 2304//1723 1127//3927 1763//1721
f 1192//1725 2304//1723 1190//1722
f 2303//1720 1191//3928 1764//1726
f 1191//3928 2303//3929 337//3926
f 1764//1726 338//3930 2305//1727
f 338//3930 1764//1726 1191//3928
f 313//3805 1765//1728 1130//3807
f 1765//1728 313//3931 2304//1723
f 1192//1725 2305//1727 1193//1731
f 1130//3807 2306//1730 314//3808
f 2306//1730 1130//3807 1765//1728
f 1195//3932 2306//1730 1193//1731
f 2305//1727 1194//3933 1766//1734
f 1194//3933 2305//1727 338//3930
f 1766//1732 339//3934 2307//1740
f 339//3934 1766//1734 1194//3933
f 314//3813 1767//1737 1133//3812
f 1767//1737 314//3808 2306//1730
f 1195//1733 2307//1740 1196//1738
f 1133//3812 2308//1739 315//3814
f 2308//1739 1133//3812 1767//1737
f 1198//1742 2308//1739 1196//1738
f 2307//1740 1197//3935 1768//1741
f 1197//3936 2307//1740 339//3934
f 1768//1741 340//3937 2309//1743
f 340//3937 1768//1741 1197//3935
f 315//3814 1769//1744 1136//3818
f 1769//3938 315//3814 2308//1739
f 1198//1742 2309//1743 1199//1745
f 1136//3818 2310//1746 316//3821
f 2310//1752 1136//3818 1769//1744
f 1201//1749 2310//1746 1199//1745
f 2309//1743 1200//3939 1770//1750
f 1200//3940 2309//1743 340//3937
f 1770//1748 341//3941 2311//1751
f 341//3942 1770//1750 1200//3940
f 316//3821 1771//1753 1139//1626
f 1771//1753 316//3824 2310//1752
f 1201//1749 2311//1751 1202//1754
f 1139//1626 2312//1757 292//1756
f 2312//1757 1139//1626 1771//1753
f 1203//1760 2311//1751 341//3943
f 1772//1759 317//1883 2278//1632
f 317//1883 1772//1759 1203//1760
f 317//1883 1773//3944 1142//3945
f 1773//1762 317//1883 1204//1885
f 1204//3946 2313//1764 1205//1762
f 1142//3829 2314//1763 318//3831
f 2314//1763 1142//3829 1773//3947
f 1206//1766 2314//1763 1205//1762
f 6412//3948 2313//3949 6528//3950
f 6549//3951 1774//1765 6414//3952
f 318//3831 1775//1768 1145//3836
f 1775//1768 318//3831 2314//1763
f 1206//1766 2315//3953 1207//1771
f 1145//3837 2316//1770 319//3838
f 2316//1770 1145//3837 1775//1768
f 1208//1773 2316//1770 1207//1769
f 6513//3954 2315//3953 6546//3955
f 6563//3956 1776//1772 6512//3957
f 319//3838 1777//1776 1148//3842
f 1777//1776 319//3838 2316//1770
f 1208//1773 2317//1774 1209//1777
f 1148//3842 2318//1778 320//3845
f 2318//1783 1148//3842 1777//2436
f 1210//2437 2318//1783 1209//3958
f 6378//3959 2317//1774 6572//3960
f 6363//3961 1778//1780 6374//3962
f 320//3963 1779//1784 1151//3847
f 1779//3964 320//3963 2318//1778
f 1210//2437 2319//1782 1211//3965
f 1151//3847 2320//1786 321//3853
f 2320//1786 1151//3847 1779//1784
f 1212//3966 2320//1786 1211//2438
f 6458//3967 2319//1782 6365//3968
f 6390//3969 1780//1787 6464//3970
f 321//3849 1781//1791 1154//3852
f 1781//3971 321//3853 2320//1786
f 1212//3966 2321//1789 1213//1792
f 1154//3972 2322//1793 322//3854
f 2322//1793 1154//3973 1781//1791
f 1215//1795 2322//1798 1213//1792
f 2321//1789 1214//3974 1782//2442
f 1782//1794 342//3975 2323//1803
f 342//3975 1782//2442 1214//3976
f 322//3854 1783//1799 1157//3857
f 1783//1799 322//3854 2322//1798
f 1215//1795 2323//3977 1216//1800
f 1157//3857 2324//1801 323//3858
f 2324//1801 1157//3857 1783//1799
f 1218//1805 2324//1801 1216//1800
f 2323//1803 1217//3978 1784//1804
f 1217//3979 2323//1803 342//3975
f 1784//1804 343//3980 2325//1806
f 343//3980 1784//1804 1217//3978
f 323//3858 1785//1807 1160//3860
f 1785//1807 323//3858 2324//1801
f 1218//1805 2325//1806 1219//1677
f 1160//3860 2326//1808 324//3862
f 2326//1808 1160//3860 1785//1807
f 1221//3981 2326//1808 1219//1677
f 2325//1806 1220//3982 1786//1809
f 1220//3983 2325//1806 343//3980
f 1786//1809 344//3984 2327//1812
f 344//3984 1786//1809 1220//3982
f 324//3865 1787//1813 1163//3868
f 1787//1813 324//3865 2326//1808
f 1221//1810 2327//1812 1222//1814
f 1163//3864 2328//1815 325//3873
f 2328//1815 1163//3985 1787//1813
f 1224//3986 2328//1815 1222//1814
f 2327//1812 1223//3987 4130//3988
f 1223//3987 2327//1812 344//3984
f 345//3989 4130//3988 1223//3987
f 325//3873 1788//1818 1166//3872
f 1788//3990 325//3873 2328//1815
f 1224//1817 1789//2447 1225//2446
f 2329//3991 4222//3992 1788//1818
f 1226//3993 1789//2447 345//3989
f 346//3994 1790//2445 1226//3993
f 326//3874 3361//2453 1167//2452
f 3248//3995 4334//3996 2758//3997
f 2760//3998 4334//3996 3248//3995
f 3040//3999 2761//2457 3038//1819
f 3821//1820 3035//4000 3249//4001
f 3250//4002 1229//4003 2762//1821
f 3042//2464 6043//2460 3039//2459
f 2763//4004 1229//4003 3250//4005
f 3251//4006 1230//4007 2763//4004
f 3045//4008 6044//4009 3041//2462
f 2764//4010 1230//4007 3251//4006
f 3252//4011 1231//4012 2764//4013
f 3047//4014 2765//4015 3046//4016
f 2766//4017 1231//4012 3252//4011
f 3253//4018 1232//4019 2766//4017
f 2769//4020 1232//4021 3253//4022
f 3254//4023 1234//4024 2769//4025
f 2771//4026 1234//4024 3254//4023
f 3255//4027 1791//1823 2771//4026
f 2772//4028 1792//2474 3247//4029
f 1237//1822 2330//1824 1238//1825
f 1179//4030 2331//105 334//3913
f 1240//1827 2331//105 1238//1825
f 2330//1824 1239//106 1793//1826
f 1793//1826 354//4031 2332//1828
f 354//4031 1793//1826 1239//106
f 334//3913 1794//1830 1182//3917
f 1794//1830 334//3913 2331//105
f 1240//1827 2332//1828 1241//1831
f 1182//3919 2333//1832 335//3918
f 2333//1832 1182//3917 1794//1830
f 1243//2475 2333//1832 1241//4032
f 2332//1828 1242//4033 1795//1833
f 1242//4033 2332//1828 354//4034
f 1795//1833 355//4035 2334//1835
f 355//4035 1795//1833 1242//4033
f 335//3921 1796//1837 1185//3920
f 1796//4036 335//3918 2333//1832
f 1243//2475 2334//1835 1244//1838
f 1185//3920 2335//1839 336//3923
f 2335//1839 1185//3920 1796//1837
f 1246//1843 2335//1839 1244//1838
f 2334//1835 1245//4037 1797//1840
f 1245//4037 2334//1835 355//4035
f 1797//1840 356//4038 2336//1842
f 356//4039 1797//1840 1245//4037
f 336//3923 1798//1844 1188//3924
f 1798//1844 336//3922 2335//4040
f 1246//1841 2336//1842 1247//1845
f 1188//3924 2337//1846 337//4041
f 2337//1846 1188//3924 1798//1844
f 1249//4042 2337//1846 1247//1845
f 2336//1842 1248//4043 1799//1850
f 1248//4043 2336//1842 356//4038
f 1799//1850 357//4044 2338//1851
f 357//4045 1799//1848 1248//4043
f 337//3926 1800//1852 1191//3928
f 1800//1852 337//3926 2337//1846
f 1249//1849 2338//1851 1250//1853
f 1191//3928 2339//4046 338//3930
f 2339//4046 1191//3928 1800//1852
f 1252//1856 2339//1854 1250//2479
f 2338//1851 1251//4047 1801//2480
f 1251//4048 2338//1851 357//4044
f 6429//4049 1801//2480 1251//4047 6426//4050
f 338//3930 1802//1859 1194//3933
f 1802//1859 338//3930 2339//4046
f 1252//1856 2340//1858 1253//1860
f 1194//3933 2341//4051 339//4052
f 2341//4051 1194//3933 1802//1859
f 1254//1863 2341//4051 1253//4053
f 6547//4054 2340//1858 6427//4055
f 6465//4056 1803//4057 6550//4058
f 339//3934 1804//1866 1197//3936
f 1804//1866 339//3934 2341//4051
f 1254//1863 2342//1865 1255//2484
f 1197//3935 2343//1868 340//3937
f 2343//1868 1197//3936 1804//4059
f 1256//4060 2343//1868 1255//2484
f 6386//4061 2342//1869 6459//4062
f 6502//4063 1805//1870 6391//4064
f 340//3937 1806//1874 1200//3939
f 1806//1874 340//3937 2343//1868
f 1256//1871 2344//1872 1257//1875
f 1200//3939 2345//1876 341//3943
f 2345//1876 1200//3939 1806//1874
f 1258//1878 2345//1876 1257//1875
f 6487//4065 2344//1872 6503//4066
f 6534//4067 1807//4068 6485//4069
f 341//3943 1808//1880 1203//1760
f 1808//1880 341//3943 2345//1876
f 1258//1878 2346//1879 1259//4070
f 1203//1760 2347//1882 317//1883
f 2347//1882 1203//1760 1808//1880
f 6569//4071 2346//1879 6535//4072
f 6526//4073 1809//1886 6570//4074
f 6387//4075 6562//4076 1214//3976
f 6558//4077 1214//3976 6562//4078
f 6421//4079 342//3975 6419//4080
f 6398//4081 1217//3978 6397//4082
f 6444//4083 343//3980 6441//4084
f 6477//4085 1220//3982 6499//4086
f 344//3984 1810//1889 1223//3987
f 1223//3987 2348//4087 345//3989
f 2348//4087 1223//3987 1810//1889
f 6366//4088 2348//4087 6548//4089
f 345//3989 1811//4090 1226//3993
f 1811//4090 345//3989 2348//4087
f 6393//4091 4223//4092 1811//4090 6574//4093
f 346//3994 3362//2493 1227//2492
f 6436//4094 2776//2509 6435//4095
f 2780//4096 1812//107 3255//4097
f 1239//106 2349//108 354//4034
f 6428//4098 2349//108 6379//4099
f 354//4034 1813//2518 1242//4033
f 1813//2518 354//4031 2349//108
f 1242//4100 2350//4101 355//4035
f 2350//4102 1242//4103 1813//2518
f 6536//4104 2350//4102 6460//4105
f 6567//4106 355//4035 2350//4102 6573//4107
f 6531//4108 1245//4037 6511//4109
f 6376//4110 356//4039 6380//4111
f 6370//4112 1248//4043 6357//4113
f 6406//4114 357//4044 6407//4115
f 6473//4116 1251//4117 6448//4118
f 3713//4119 3647//4120 2360//4121
f 3374//4122 1287//4123 2360//4121
f 4854//4124 4256//4125 3650//4126
f 3724//2573 6341//4127 4907//4128
f 1313//4129 4863//4130 4229//4131
f 3656//4132 3314//4133 3657//4134
f 2472//4135 3735//4136 2372//4137
f 6438//4138 4231//4139 6456//4140
f 2381//4141 6213//4142 2834//4143
f 3665//4144 414//4145 6330//4146
f 5106//4147 4790//4148 6069//4149
f 5206//2628 1345//2628 4293//4150
f 5391//4151 1357//139 4881//4152
f 3144//4153 4241//2645 4402//2645
f 433//11 43//4154 2399//4155
f 43//4154 433//11 2576//258
f 14//207 2401//41 463//4156
f 464//210 2402//214 465//213
f 2401//205 62//4157 466//42
f 468//222 2403//225 469//221
f 3//226 2404//218 2403//224
f 470//230 2405//233 1370//228
f 2405//233 470//230 472//235
f 468//222 2406//220 472//232
f 2408//254 2407//143 481//257
f 2409//63 557//65 34//4158
f 363//4159 4885//4160 6323//4161
f 2412//4162 3439//4163 4337//4164
f 4422//4165 5083//4166 6058//4167
f 3689//4168 3690//4169 3441//4170
f 4244//4171 1266//4172 6266//4173
f 5268//4174 3459//4175 3446//4176
f 3369//4177 5270//4178 3695//4179
f 4887//4180 1829//4181 4157//4182
f 1280//4183 2428//2554 3989//4184
f 6597//4185 6594//4186 3645//4187
f 3445//4188 2430//4189 3373//4190
f 4001//4191 3709//4192 1842//4193
f 2438//4194 3291//4195 3467//4196
f 4099//4197 2447//4198 4258//4199
f 4998//4200 4999//4201 2797//4202
f 2445//115 2797//4202 4999//4201
f 5498//4203 2363//4204 3082//4205
f 2364//4206 4100//4207 5005//4208
f 3297//4209 3475//4210 3718//4211
f 3474//4212 3298//4213 3299//4214
f 3296//4215 3295//4216 4902//4217
f 1297//4218 3478//4219 3720//4220
f 3721//4221 2452//4222 3478//4219
f 3846//2571 2806//4223 2807//4224
f 6684//4225 6632//4226 4227//4227
f 6110//4228 4113//4229 1303//4230
f 3483//4231 1848//4232 3730//4233
f 4663//4234 2465//4235 2464//4236
f 2814//1902 4264//4237 3491//4238
f 3737//4239 2469//2521 3738//4240
f 5018//4241 3391//4242 3741//4243
f 2479//4244 2821//4245 2480//4246
f 4360//4247 3865//4248 3967//4249
f 4930//4250 1852//4251 3745//4252
f 5384//4253 3394//4254 4267//4255
f 3749//4256 2489//4257 4774//134
f 5118//2597 3752//4258 3509//4259
f 1858//4260 3753//4261 6200//4262
f 2494//4263 3752//4264 3755//4265
f 4111//2607 408//4266 1331//4267
f 2833//4268 1331//4269 408//4266
f 2501//4270 3758//4271 3325//4272
f 2834//4143 2382//4273 2381//4274
f 2505//4275 3524//4276 3326//4277
f 2505//4278 3326//4279 3759//4280
f 4035//4281 3877//4282 2504//4283
f 3761//4284 4365//4285 3763//4286
f 2511//4287 6263//4288 4672//4289
f 4782//4290 5132//4291 4934//4292
f 3764//4293 3765//4294 6011//4295
f 4403//4296 2522//4297 1361//4298
f 4282//4299 4940//4300 5237//4301
f 5219//4302 2533//4303 5238//4304
f 4549//4305 4238//4306 5232//4307
f 3610//139 3609//4308 3430//139
f 4309//4309 4077//4310 6096//4311
f 5073//2645 428//4312 4740//4313
f 410//4314 38//147 434//13
f 2570//151 40//142 412//4315
f 3629//157 35//4316 557//158
f 1895//186 2572//4317 1897//188
f 2572//189 25//2658 4090//190
f 462//206 2401//41 461//38
f 466//42 2573//217 463//40
f 2403//225 467//2761 3953//4318
f 2404//218 2573//217 2585//2760
f 2406//220 468//222 469//221
f 64//4319 2574//227 471//4320
f 2405//233 471//4320 2574//227
f 471//4320 2406//4321 63//219
f 2406//220 471//4320 2405//233
f 473//2670 1372//240 1370//228
f 371//43 3156//2680 2575//4322
f 3156//4323 371//43 1900//45
f 1936//2738 6201//372 1397//57
f 524//2742 2578//4324 2580//4325
f 2580//2743 3352//1946 2579//2845
f 2580//2743 2579//2845 523//4326
f 1937//58 2581//374 1398//4327
f 527//2749 2864//2746 2582//2747
f 2864//4328 524//4329 2582//2747
f 5200//1950 525//1952 1399//2752
f 2583//2753 62//204 462//206
f 528//2756 2866//2753 2584//2754
f 2866//2753 2865//2744 527//2749
f 2588//4330 2585//2760 1938//1957
f 530//2763 2586//1953 2587//2758
f 2589//4331 3953//4318 467//4332
f 531//2765 6262//1959 6324//4333
f 469//221 2871//1962 63//219
f 532//2768 2870//1961 2591//2764
f 471//4320 2874//1965 64//4319
f 2592//4334 64//4319 2874//1965
f 1400//376 535//4335 2593//2774
f 535//4335 534//2770 2593//2772
f 2594//379 538//381 1940//380
f 523//4336 2595//1997 79//4337
f 588//2853 586//494 2597//496
f 586//494 585//1994 2596//495
f 2597//4338 2596//4339 587//4340
f 590//2856 2877//4341 2599//4342
f 591//2860 2878//1998 2601//4343
f 3162//2759 4314//4344 82//4345
f 592//2865 2880//4346 2603//4347
f 3163//4348 4315//4349 83//4350
f 2604//2002 83//4351 4315//4349
f 593//2867 2882//2001 2605//4352
f 3164//2767 4316//4353 84//4354
f 2606//2004 84//4354 4316//4355
f 594//2877 2887//2871 2607//2872
f 533//4356 2608//4357 85//4358
f 2609//2009 85//4358 2608//4357
f 596//2879 2889//4359 2610//2876
f 536//4360 2611//4361 2613//2885
f 1421//498 597//2008 2612//2880
f 597//4362 596//2879 2612//2880
f 2613//2885 599//497 1422//74
f 654//2968 3631//2038 2614//2969
f 656//4363 2892//4364 2616//2970
f 2892//4364 2891//4365 654//2968
f 3170//4366 4597//4367 104//4368
f 657//2976 2894//4369 2618//2974
f 3171//4370 4598//4371 105//4372
f 658//2980 2895//2042 2619//2977
f 3172//4373 4599//4374 106//4375
f 659//2983 2897//2045 2620//4376
f 3173//2873 4317//4377 107//4378
f 2621//2051 107//4378 4317//4377
f 660//2989 2902//2986 2622//2987
f 2902//2986 2899//2048 2622//2987
f 595//4379 2623//4380 108//4381
f 2624//2055 108//4381 2623//4380
f 662//2993 2904//4380 2625//2990
f 598//4382 2626//4383 2628//2997
f 1458//624 663//2054 2627//2994
f 663//4384 662//2993 2627//2994
f 2628//4385 665//623 1459//77
f 2049//3068 2629//2083 4214//3069
f 3178//2975 4601//4386 129//4387
f 2633//757 129//4387 4406//2090
f 721//3083 2910//757 2634//759
f 2910//757 2908//2087 3813//758
f 3179//2979 4602//4388 130//4389
f 722//3086 2911//2091 2635//4390
f 3180//4391 4603//4392 131//4393
f 723//3090 2913//2094 2636//3088
f 3181//2991 4319//4394 132//4395
f 2637//2100 132//4395 4319//4394
f 724//3096 2918//3092 2638//3093
f 2918//3092 2915//2097 2638//3093
f 661//4396 2639//4397 133//4398
f 2640//2104 133//4399 2639//4397
f 726//3101 2920//4397 2641//3097
f 664//4400 2642//4401 2644//4402
f 1495//4403 727//2103 2643//3102
f 727//2103 726//3101 2643//3102
f 2644//4404 729//760 1496//80
f 2084//3186 2645//2134 4215//4405
f 3186//3080 4605//4406 154//4407
f 2649//2141 154//4407 4407//4408
f 785//3199 2926//889 2650//891
f 2926//889 2924//2138 3814//890
f 3187//3085 4606//4409 155//4410
f 786//3204 2927//2143 2651//3201
f 3188//3094 4607//4411 156//4412
f 787//3209 2929//3205 2652//3206
f 3189//3099 4321//4413 157//4414
f 2653//2152 157//4414 4321//4415
f 788//3217 2934//3211 2654//3212
f 2934//3211 2931//2149 2654//3212
f 725//4416 2655//4417 158//4418
f 2656//2156 158//4418 2655//4417
f 790//3220 2936//4417 2657//3216
f 728//4419 2658//4420 2660//4421
f 1532//893 791//4422 2659//3221
f 791//4423 790//3220 2659//4424
f 2660//4425 793//892 1533//83
f 2119//4426 2661//4427 4216//3296
f 3194//3198 4609//4428 179//4429
f 2665//2179 179//4430 4408//2180
f 849//3307 2942//1024 2666//1026
f 2942//1024 2940//4431 3815//1025
f 3195//3203 4610//4432 180//4433
f 850//3311 2943//2181 2667//3308
f 3196//4434 4611//4435 181//4436
f 851//3315 2945//2184 2668//4437
f 3197//3214 4323//4438 182//4439
f 2669//3318 182//4439 4323//4440
f 852//3322 2950//3319 2670//3320
f 2950//3319 2947//2187 2670//3320
f 789//4441 2671//4442 183//4443
f 2672//2194 183//4443 2671//4442
f 854//3326 2952//4442 2673//3323
f 792//4444 2674//4445 2676//3329
f 1569//1028 855//2193 2675//3327
f 855//4446 854//3326 2675//3327
f 2676//4447 857//1027 1570//86
f 2154//3402 2677//2220 4217//3403
f 3202//3306 4613//4448 204//4449
f 2681//2227 204//4449 4409//2228
f 913//4450 2958//1159 2682//1161
f 2958//1159 2956//4451 3816//1160
f 3203//4452 4614//4453 205//4454
f 914//3419 2959//2229 2683//3417
f 3204//3314 4615//4455 206//4456
f 915//3422 2961//2232 2684//3420
f 3205//3321 4325//4457 207//4458
f 2685//3424 207//4458 4325//4459
f 916//3428 2966//3425 2686//3426
f 2966//3425 2963//2235 2686//3426
f 853//4460 2687//4461 208//4462
f 2688//2242 208//4462 2687//4461
f 918//3433 2968//4461 2689//3429
f 856//4463 2690//4464 2692//3438
f 1606//4465 919//2241 2691//3434
f 919//2241 918//3433 2691//3434
f 2692//3438 921//1162 1607//89
f 2189//3510 2693//2265 4218//4466
f 3210//3415 4617//4467 229//4468
f 2697//2272 229//4469 4410//2273
f 977//3523 2974//1294 2698//1296
f 2974//1294 2972//2269 3817//4470
f 3211//3418 4618//4471 230//4472
f 978//3528 2975//2275 2699//3525
f 3212//3421 4619//4473 231//4474
f 979//3531 2977//2278 2700//3529
f 3213//3431 4327//4475 232//4476
f 2701//3533 232//4476 4327//4475
f 980//3537 2982//3534 2702//3535
f 2982//3534 2979//2281 2702//3535
f 917//4477 2703//4478 233//4479
f 2704//2288 233//4479 2703//4478
f 982//3544 2984//4478 2705//3538
f 920//4480 2706//4481 2708//3547
f 1643//1298 983//2287 2707//3546
f 983//4482 982//3542 2707//3543
f 2708//3547 985//1297 1644//92
f 2224//3624 2709//2312 4219//3625
f 3218//3522 4621//4483 254//4484
f 2713//2319 254//4484 4411//4485
f 1041//3638 2990//3634 2714//1428
f 2990//3634 2988//4486 3818//1427
f 3219//3527 4622//4487 255//4488
f 1042//3642 2991//2321 2715//3639
f 3220//4489 4623//4490 256//4491
f 1043//3646 2993//2324 2716//3647
f 3221//3540 4329//4492 257//4493
f 2717//2330 257//4494 4329//4492
f 1044//3653 2998//3649 2718//3650
f 2998//3649 2995//2327 2718//3650
f 981//4495 2719//4496 258//4497
f 2720//2334 258//4497 2719//4496
f 1046//3661 3000//4498 2721//3654
f 984//4499 2722//4500 2724//4501
f 1680//1430 1047//2333 2723//3663
f 1047//2333 1046//3661 2723//3660
f 2724//3664 1049//2335 1681//95
f 2259//3746 2725//2359 4220//3747
f 3226//3637 4625//4502 279//4503
f 2729//2366 279//4503 4412//2367
f 1105//3762 3006//1554 2730//1556
f 3006//1554 3004//2363 3819//3758
f 3227//3641 4626//4504 280//4505
f 1106//3765 3007//2368 2731//3766
f 3228//3651 4627//4506 281//4507
f 1107//4508 3009//2371 2732//3768
f 3229//3656 4331//4509 282//4510
f 2733//2377 282//4510 4331//4509
f 1108//3779 3014//3775 2734//3776
f 3014//3775 3011//2374 2734//3776
f 1045//4511 2735//4512 283//4513
f 2736//2381 283//4513 2735//4512
f 1110//3782 3016//4512 2737//3780
f 1048//4514 2738//4515 2740//4516
f 1717//4517 1111//2380 2739//3785
f 1111//2380 1110//3782 2739//3785
f 2740//3786 1113//1557 1718//98
f 2294//3870 2741//2403 4221//3871
f 3234//4518 4629//4519 304//4520
f 2745//2410 304//4520 4413//4521
f 1169//3884 3022//1690 2746//1692
f 3022//1690 3020//4522 3820//1691
f 3235//3770 4630//4523 305//4524
f 1170//3892 3023//2412 2747//3885
f 3236//3771 4631//4525 306//4526
f 1171//3895 3025//3890 2748//3891
f 3237//3778 4333//4527 307//4528
f 2749//2421 307//4528 4333//4529
f 1172//3901 3030//3898 2750//3899
f 3030//3898 3027//4530 2750//3899
f 1109//4531 2751//4532 308//4533
f 2752//4534 308//4533 2751//4532
f 1174//3908 3032//4532 2753//3902
f 1112//4535 2754//4536 2756//4537
f 1754//1694 1175//2424 2755//3907
f 1175//4538 1174//3908 2755//3907
f 2756//3910 1177//1693 1755//2426
f 2329//3991 2757//2450 4222//3992
f 3242//3883 4633//4539 329//4540
f 2761//4541 329//4540 4414//2458
f 1229//4003 3038//1819 2762//1821
f 3038//1819 3036//2454 3821//4542
f 3243//3893 4634//4543 330//4544
f 1230//4007 3039//2459 2763//4004
f 3244//3894 4635//4545 331//4546
f 1231//4012 3041//2462 2764//4013
f 3245//4547 4335//4548 332//4549
f 2765//4015 332//4549 4335//4548
f 1232//4019 3046//4016 2766//4017
f 3046//4016 3043//2465 2766//4017
f 1173//4550 2767//4551 333//4552
f 2768//2472 333//4552 2767//4551
f 1234//4024 3048//4551 2769//4025
f 1176//4553 2770//4554 2772//4555
f 1791//1823 1235//2471 2771//4026
f 1235//2471 1234//4024 2771//4026
f 2772//4028 1237//1822 1792//104
f 6393//4556 6403//4557 4223//4092
f 3250//4002 4637//4558 349//4559
f 2774//4560 349//4559 4415//4561
f 3251//4006 4638//4562 350//4563
f 3252//4011 4639//4564 351//4565
f 3253//4018 4336//4566 352//4567
f 2776//2509 352//4567 4336//4566
f 1233//4568 2777//4569 353//4570
f 2778//4571 353//4572 2777//4569
f 1236//4573 2779//4574 2780//4096
f 2482//4575 3743//4576 3493//4577
f 5081//4578 4338//4579 4852//4580
f 3690//4169 3689//4168 3691//4581
f 366//4582 3277//4583 3367//4584
f 4339//4585 1279//4586 370//4587
f 2786//4588 370//4587 1268//4589
f 2355//4590 2354//4591 3646//2531
f 2786//4588 3367//4592 3064//4593
f 4853//4594 1272//4595 5443//4596
f 3370//4597 2790//4598 4250//4599
f 3286//4600 2425//4601 3371//4602
f 2357//4603 372//4604 1276//4605
f 3827//4606 1267//4607 3705//4608
f 3827//4606 1278//4609 3286//4600
f 3458//4610 2358//4611 4691//4612
f 2785//4613 2359//4614 373//4615
f 1283//1898 1281//4616 4850//4617
f 2433//4618 2432//4619 2781//4620
f 2794//4621 3832//4622 4134//4623
f 4134//4624 3832//4625 4994//4626
f 3293//4627 3832//4622 3292//4628
f 3707//4629 3713//4119 3835//4630
f 2799//4631 2809//4632 2798//4633
f 2801//4634 2800//4635 4757//4636
f 3089//4637 2365//4638 4006//4639
f 2807//4640 3847//4641 3848//4642
f 5011//4643 3303//4644 3472//4645
f 3850//4646 3472//4645 3303//4644
f 4662//4647 3387//4648 3539//4649
f 2462//4650 4354//4651 3726//4652
f 362//4653 3388//4654 4643//4
f 2367//4655 3388//4654 3310//4656
f 2816//4657 359//4658 1315//4659
f 2377//4660 3391//4242 5018//4241
f 2819//4661 4359//4662 5017//4663
f 2481//4664 3863//4665 4360//4247
f 1319//4666 2822//4667 2823//4668
f 2823//4668 2822//4667 399//4669
f 2478//2589 5019//4670 3866//4671
f 3659//4672 2487//4673 3394//4254
f 1318//4674 2378//4675 1327//4676
f 4776//2599 3324//4677 3111//4678
f 3757//4679 1330//4680 3758//4271
f 3397//4681 4363//4682 3398//4273
f 2384//4683 3398//4273 2383//4684
f 3760//4685 4275//4686 2835//4687
f 3664//4688 2506//137 2509//4689
f 2835//4690 3874//4691 3760//4685
f 411//4692 3760//4685 3874//4693
f 3328//4694 2507//4695 2510//4696
f 2835//4690 3400//4697 3522//4698
f 6074//4699 5250//4700 3876//4701
f 4779//4702 4932//4703 2838//4704
f 2838//4704 4179//4705 4779//4702
f 415//4706 6052//4707 3766//4708
f 3767//4709 3440//4710 3535//4711
f 2520//4712 3122//4713 4935//4714
f 4045//4715 4007//4716 5031//4717
f 3725//4718 5145//4719 4183//4720
f 5320//4721 5349//4721 3887//4722
f 3895//2623 5691//4723 5671//4724
f 3340//2628 4376//2628 5897//4725
f 3339//4726 3901//4727 3902//4727
f 422//4728 5258//4729 5257//2628
f 4721//2628 3904//4730 2393//2628
f 2540//4731 5259//4732 5242//4733
f 5625//4734 4381//4735 4380//4736
f 4385//7 4384//7 4298//4737
f 3917//7 3342//4738 3918//7
f 4390//4739 5566//4740 6080//4306
f 2554//2636 3426//2636 3272//4741
f 3934//2636 3345//4742 3935//2636
f 4398//4743 5264//4744 5265//4745
f 3946//4746 4403//4296 3945//2645
f 4404//2645 2398//2645 4674//4747
f 4739//2645 2524//4748 2398//2645
f 6205//4749 5075//4750 6287//4751
f 4//4752 1901//10 42//9
f 23//2664 388//4753 4313//4754
f 1901//10 2408//254 481//2682
f 2577//4755 1381//48 491//286
f 2862//1945 1396//55 3352//1946
f 2862//1948 522//1947 1397//57
f 3352//1946 2578//4756 522//373
f 1398//4757 2863//2739 525//2745
f 2864//4328 525//2745 2863//2739
f 2864//4328 2863//2739 524//2742
f 1399//2751 2865//2744 2583//2753
f 462//206 1399//2752 2583//2753
f 2866//2753 2583//2753 2865//2744
f 528//2756 2586//1953 2868//4758
f 2586//1953 529//1956 2867//1954
f 2868//1955 2867//1954 62//4157
f 466//42 2867//1954 1938//1957
f 2867//1954 466//42 62//204
f 530//2763 529//1956 2586//1953
f 2587//2758 2586//1953 528//2756
f 6262//1959 2589//4759 2869//1960
f 2588//4330 2869//2757 2589//4331
f 2872//1963 2589//4759 6262//1959
f 469//221 2403//224 3953//4318
f 2591//4760 2870//1961 531//2765
f 532//2768 2873//1964 2875//1966
f 2873//1964 2592//4761 2874//1965
f 2875//1966 2874//1965 63//219
f 471//4320 63//4762 2874//1965
f 6203//2771 2873//1964 532//2768
f 534//2770 535//4335 3436//4763
f 2592//4334 3436//4763 64//4319
f 537//375 538//381 2594//379
f 2594//379 65//4764 2876//4765
f 585//1994 586//494 3167//1996
f 2595//4766 3167//1996 586//494
f 523//4336 78//1995 2595//4766
f 588//2853 2877//4341 6355//4767
f 6355//4767 2598//4768 79//4769
f 2599//2854 2877//4341 588//2853
f 590//2856 2878//1998 2879//2000
f 2879//2000 2600//1999 6014//4770
f 591//2860 2880//4346 6325//4771
f 2881//4772 2602//4773 6015//4774
f 592//2865 2882//2001 2883//2003
f 2883//2003 2604//2002 82//4345
f 2604//2002 4315//4349 82//4345
f 593//2867 2884//4775 2886//4776
f 2886//4776 2885//2006 83//4777
f 2887//2871 2606//2004 2884//4775
f 2888//2869 2608//4357 84//4354
f 533//4356 84//4354 2608//4357
f 2610//2876 2889//4778 594//2877
f 596//2879 597//4779 3954//2007
f 536//4360 85//4358 2611//4361
f 2609//2009 2611//4361 85//4358
f 3630//2040 2890//2039 1457//621
f 654//2968 2891//4365 2890//2039
f 2892//4364 2893//4780 2615//4781
f 2616//2970 2892//4782 654//4783
f 657//2976 2895//2042 2896//2044
f 2896//4784 6016//2043 104//4368
f 658//2980 2897//2045 2898//2047
f 2898//2047 6017//2046 105//4785
f 659//2983 2899//2048 2901//4786
f 2899//2048 2621//2051 2900//2049
f 2901//2050 2900//2049 106//4375
f 2900//2049 4317//4787 106//4375
f 2902//2986 2621//2051 2899//2048
f 2622//2987 2899//2048 659//2983
f 2903//4788 2623//4380 107//4378
f 595//4379 107//4378 2623//4380
f 2625//2990 2904//4380 660//2989
f 662//2993 663//2054 3955//4789
f 598//4790 108//4381 2626//4383
f 2624//2055 2626//4383 108//4381
f 690//4791 1476//2071 626//693
f 2629//2083 2905//2082 3353//4792
f 4318//3075 2906//4793 2905//2082
f 2632//3077 2906//4793 4318//3075
f 2907//3078 2908//2087 2909//4794
f 2908//2087 2633//757 6018//2088
f 2910//757 2633//757 2908//2087
f 721//3081 2911//2091 2912//2093
f 2912//2093 6019//4795 129//4796
f 722//3086 2913//2094 2914//2096
f 2914//2096 6020//4797 130//4798
f 723//4799 2915//2097 2917//4800
f 2915//2097 2637//2100 2916//2098
f 2917//4800 2916//2098 131//4393
f 2916//2098 4319//4394 131//4393
f 2918//3092 2637//2100 2915//2097
f 2638//3093 2915//2097 723//3090
f 2919//3091 2639//4397 132//4395
f 661//4801 132//4395 2639//4397
f 2641//3097 2920//4397 724//3098
f 726//3101 727//4802 3956//4803
f 664//4804 133//4805 2642//4401
f 2640//4806 2642//4401 133//4399
f 754//2117 1513//826 692//2119
f 2645//2134 2921//2133 3354//2137
f 4320//3192 2922//4807 2921//4808
f 2648//3194 2922//4807 4320//3192
f 2923//3196 2924//4809 2925//4810
f 2924//4809 2649//2141 6021//2139
f 2926//889 2649//2141 2924//4809
f 785//4811 2927//2143 2928//3195
f 2928//2145 6022//3200 154//4407
f 786//3207 2929//3205 2930//2148
f 2930//2148 6023//2147 155//4812
f 787//3209 2931//2149 2933//2151
f 2931//2149 2653//2152 2932//2150
f 2933//2151 2932//2150 156//4412
f 2932//2150 4321//4413 156//4412
f 2934//3211 2653//2152 2931//2149
f 2654//3212 2931//2149 787//3209
f 2935//3210 2655//4417 157//4813
f 725//4416 157//4813 2655//4417
f 2657//3216 2936//4417 788//3217
f 790//3220 791//4422 3957//2154
f 728//4419 158//4418 2658//4420
f 2656//2156 2658//4420 158//4418
f 818//4814 1550//963 756//962
f 2661//2172 2937//2171 3355//2175
f 4322//3300 2938//4815 2937//2171
f 2664//3302 2938//4815 4322//3300
f 2939//3304 2940//4431 2941//2178
f 2940//4431 2665//2179 6024//2177
f 2942//1024 2665//2179 2940//4431
f 849//3307 2943//2181 2944//3303
f 2944//3303 6025//2182 179//4430
f 850//3313 2945//2184 2946//2186
f 2946//2186 6026//2185 180//4433
f 851//3315 2947//2187 2949//2189
f 2947//2187 2669//3318 2948//2188
f 2949//2189 2948//2188 181//4436
f 2948//4816 4323//4817 181//4436
f 2950//3319 2669//3318 2947//2187
f 2670//3320 2947//2187 851//3315
f 2951//3317 2671//4442 182//4439
f 789//4441 182//4439 2671//4442
f 2673//3323 2952//4442 852//4818
f 854//3326 855//2193 3958//2192
f 792//4819 183//4820 2674//4445
f 2672//4821 2674//4445 183//4443
f 882//1089 1587//1093 820//1095
f 2677//2220 2953//2219 3356//3407
f 4324//4822 2954//4823 2953//4824
f 2680//3411 2954//4823 4324//3409
f 2955//3413 2956//4451 2957//2226
f 2956//4451 2681//2227 6027//2225
f 2958//1159 2681//2227 2956//4451
f 913//3416 2959//2229 2960//3412
f 2960//2231 6028//2230 204//4449
f 914//3419 2961//2232 2962//2234
f 2962//4825 6029//2233 205//4826
f 915//3422 2963//2235 2965//4827
f 2963//2235 2685//2238 2964//2236
f 2965//4827 2964//2236 206//4828
f 2964//2236 4325//4457 206//4456
f 2966//3425 2685//4829 2963//2235
f 2686//3426 2963//2235 915//3422
f 2967//3423 2687//4461 207//4458
f 853//4460 207//4458 2687//4461
f 2689//3429 2968//4461 916//3428
f 918//3433 919//2241 3959//2240
f 856//4463 208//4830 2690//4464
f 2688//4831 2690//4464 208//4462
f 946//4832 1624//1230 884//1229
f 2693//2265 2969//2264 3357//2268
f 4326//3516 2970//4833 2969//2264
f 2696//3518 2970//4834 4326//3516
f 2971//3520 2972//2269 2973//4835
f 2972//2269 2697//2272 6030//2274
f 2974//1294 2697//2272 2972//2269
f 977//3526 2975//2275 2976//4836
f 2976//2277 6031//4837 229//4468
f 978//3528 2977//2278 2978//3524
f 2978//4838 6032//4839 230//4472
f 979//3531 2979//2281 2981//2283
f 2979//2281 2701//2284 2980//2282
f 2981//2283 2980//2282 231//4474
f 2980//2282 4327//4840 231//4474
f 2982//3534 2701//2284 2979//2281
f 2702//3535 2979//2281 979//3531
f 2983//3532 2703//4478 232//4476
f 917//4477 232//4476 2703//4478
f 2705//3538 2984//4478 980//3537
f 982//3544 983//2287 3960//2286
f 920//4480 233//4479 2706//4481
f 2704//4841 2706//4481 233//4479
f 1010//2298 1661//1363 948//4842
f 2709//2312 2985//2311 3358//2315
f 4328//3631 2986//4843 2985//4844
f 2712//3633 2986//4843 4328//3631
f 2987//3635 2988//4845 2989//2318
f 2988//4845 2713//2319 6033//2317
f 2990//3634 2713//2319 2988//4486
f 1041//4846 2991//2321 2992//4847
f 2992//2323 6034//2322 254//4484
f 1042//3642 2993//4848 2994//2326
f 2994//2326 6035//2325 255//4488
f 1043//3646 2995//2327 2997//3643
f 2995//2327 2717//4849 2996//2328
f 2997//3643 2996//2328 256//4850
f 2996//2328 4329//4492 256//4850
f 2998//3649 2717//2330 2995//2327
f 2718//3650 2995//2327 1043//3646
f 2999//3648 2719//4496 257//4493
f 981//4851 257//4494 2719//4496
f 2721//3654 3000//4496 1044//3655
f 1046//3661 1047//2333 3961//2332
f 984//4499 258//4497 2722//4500
f 2720//2334 2722//4500 258//4497
f 1074//2345 1698//1496 1012//1495
f 2725//2359 3001//2358 3359//2362
f 4330//4852 3002//4853 3001//4854
f 2728//3756 3002//4853 4330//3754
f 3003//3759 3004//4855 3005//2365
f 3004//2363 2729//2366 6036//4856
f 3006//1554 2729//2366 3004//4855
f 1105//3762 3007//2368 3008//2370
f 3008//2370 6037//2369 279//4503
f 1106//3765 3009//2371 3010//2373
f 3010//2373 6038//3767 280//4505
f 1107//4508 3011//2374 3013//4857
f 3011//2374 2733//2377 3012//2375
f 3013//4857 3012//2375 281//4507
f 3012//2375 4331//4509 281//4507
f 3014//3775 2733//4858 3011//2374
f 2734//3776 3011//2374 1107//3772
f 3015//3773 2735//4512 282//4510
f 1045//4859 282//4510 2735//4512
f 2737//3780 3016//4512 1108//4860
f 1110//3782 1111//2380 3962//2379
f 1048//4514 283//4513 2738//4515
f 2736//2381 2738//4515 283//4513
f 1138//4861 1735//1624 1076//1627
f 2741//2403 3017//2402 3360//2406
f 4332//3877 3018//4862 3017//4863
f 2744//3879 3018//4862 4332//3877
f 3019//3881 3020//4522 3021//4864
f 3020//4522 2745//2410 6039//2408
f 3022//1690 2745//2410 3020//4522
f 1169//3884 3023//2412 3024//2414
f 3024//2414 6040//2413 304//4520
f 1170//3892 3025//2415 3026//2417
f 3026//4865 6041//2416 305//4524
f 1171//3895 3027//4530 3029//3889
f 3027//4530 2749//2421 3028//2419
f 3029//3889 3028//2419 306//4526
f 3028//2419 4333//4529 306//4526
f 3030//3898 2749//2421 3027//4530
f 2750//3899 3027//4530 1171//3895
f 3031//3896 2751//4532 307//4528
f 1109//4866 307//4528 2751//4532
f 2753//3902 3032//4532 1172//3903
f 1174//3908 1175//4867 3963//2423
f 1112//4535 308//4533 2754//4868
f 2752//4534 2754//4536 308//4533
f 1202//1754 1772//1759 1140//1758
f 2757//2450 3033//2449 3361//2453
f 4334//3996 3034//4869 3033//4870
f 2760//3998 3034//4869 4334//3996
f 3035//4000 3036//4871 3037//2456
f 3036//4871 2761//2457 6042//2455
f 3038//1819 2761//4872 3036//4871
f 1229//4003 3039//4873 3040//2461
f 3040//2461 6043//2460 329//4540
f 1230//4007 3041//2462 3042//2464
f 3042//2464 6044//4009 330//4874
f 1231//4012 3043//2465 3045//4008
f 3043//2465 2765//4015 3044//2466
f 3045//2467 3044//2466 331//4546
f 3044//2466 4335//4875 331//4546
f 3046//4016 2765//2468 3043//2465
f 2766//4017 3043//2465 1231//4012
f 3047//4014 2767//4551 332//4549
f 1173//4876 332//4549 2767//4551
f 2769//4025 3048//4551 1232//4019
f 1234//4877 1235//2471 3964//2470
f 1176//4553 333//4552 2770//4554
f 2768//2472 2770//4554 333//4552
f 1259//1881 1809//1886 1204//3946
f 6394//4878 3049//4879 3362//2493 6395//4880
f 6514//4881 6532//4882 3049//2489
f 6545//4883 2774//4560 6554//4884
f 6361//2498 2775//2498 6373//2498
f 6578//4885 6496//4886 3051//4887
f 3051//2503 6046//2502 350//4888
f 6362//4889 6544//4890 3053//2507
f 6434//4891 2776//2509 3052//2506 6543//4892
f 3053//2507 3052//2506 351//4565
f 3052//2506 4336//4566 351//4565
f 6435//4893 2776//2509 6434//4894
f 6530//4895 2777//4569 352//4896 6479//4897
f 1233//4898 352//4567 2777//4569
f 1236//4899 353//4570 2779//4574
f 2778//2513 2779//4574 353//4570
f 3256//4900 4641//4901 3965//4902
f 2351//4903 2352//4904 4771//4905
f 3967//4906 3503//4907 6056//4908
f 3971//4909 1823//4910 3644//4911
f 3973//4912 4419//4913 3972//4914
f 3769//4915 3974//4916 4420//4917
f 3277//4583 366//4582 3823//4918
f 3970//4919 6224//4920 3444//4921
f 2412//4162 3058//4922 2784//4923
f 3971//4909 2520//4712 3365//2524
f 1823//4910 3978//4924 3976//4925
f 4747//4926 5269//4927 368//4928
f 4340//2532 370//4587 2786//4588
f 3282//110 367//109 3696//4929
f 4426//4930 8//51 4653//4931
f 5443//4596 1272//4595 4155//4932
f 3985//4933 5444//4934 3284//4935
f 4430//4936 3068//4937 5339//4938
f 4252//4939 4436//4940 3285//4941
f 3700//4942 3455//4943 1831//4944
f 2357//4603 1276//4605 1279//4586
f 2428//2554 1829//2553 3989//4184
f 3373//4190 2430//4189 4437//4945
f 6059//4946 2429//4947 5268//4948
f 3831//4949 3461//4950 375//4951
f 4345//4952 3840//4953 379//4954
f 4254//112 4997//4955 3708//4956
f 4447//4957 3996//4958 3469//4959
f 4447//4960 6068//4961 3996//4958
f 377//4962 3714//4963 3997//4964
f 1839//4965 4445//4966 1840//4967
f 3999//4968 3838//4969 377//4970
f 1841//116 2445//115 5006//4971
f 2445//115 378//117 2797//4202
f 4002//4972 6108//4973 5445//4974
f 2800//4635 5012//4975 3717//4976
f 380//4977 3473//4978 3472//4979
f 3378//4980 3474//4212 4899//4981
f 3652//4982 4897//4983 1294//4984
f 5497//4985 3718//4211 3475//4210
f 2803//4986 3382//4987 4446//4988
f 4445//4989 3475//4210 3297//4209
f 3084//4990 5608//4991 4758//4992
f 3088//4993 3476//4994 4003//4995
f 5007//4996 6261//4997 3844//4998
f 2806//4999 2453//5000 383//118
f 3409//5001 385//5002 3489//2582
f 1310//122 1309//5003 4463//5004
f 4465//5005 5826//5006 4916//5007
f 2368//5008 3857//5009 3259//5010
f 3093//5011 2370//5012 2371//5013
f 4472//5014 2371//5013 3094//2586
f 4471//5015 4017//5016 3856//5017
f 4470//5018 3480//5019 3094//2586
f 4017//5016 4471//5015 3305//5020
f 3409//5021 3489//5022 3304//5023
f 4019//5024 3096//2585 3667//5025
f 3480//2587 4470//5018 3097//2576
f 4020//5026 3641//5027 3099//5028
f 6288//5029 3497//5030 1315//5031
f 3496//5032 4885//4160 4770//5033
f 2473//5034 2475//5035 2490//5036
f 3502//5037 398//5038 4772//5039
f 3102//5040 2475//5041 2374//5042
f 3501//5043 3102//5040 3318//1892
f 4665//5044 3316//5045 4923//5046
f 2481//4664 4741//2520 3742//5047
f 4025//5048 2820//5049 4026//5050
f 3505//5051 2483//5052 3746//5053
f 2486//5054 2485//2595 3104//5055
f 4925//2594 3323//5056 3106//5057
f 1854//131 4029//5058 3747//5059
f 3108//5060 4023//5061 4029//5062
f 1856//5063 3107//5064 1326//5065
f 4484//5066 5273//5067 4022//5068
f 405//5069 4035//4281 3515//2596
f 5274//5070 2832//5071 4176//5072
f 5274//5073 4176//5074 5119//5075
f 1330//4680 3757//4679 5669//5076
f 2379//5077 3660//5078 3510//2603
f 2493//5079 1858//5080 3756//5081
f 3511//5082 401//5083 4362//5084
f 401//5085 3511//5082 2830//5086
f 408//5087 4111//5088 5274//5070
f 4178//5089 2491//5090 4034//5091
f 3403//5092 2833//4268 2384//4683
f 4672//4289 4036//5093 4037//5094
f 4489//5095 2504//4283 4491//5096
f 2514//5097 2507//5098 3327//5099
f 6074//4699 6330//5100 5250//4700
f 1861//5101 3118//2610 3525//5102
f 413//1912 3401//1911 5028//5103
f 38//147 410//2608 3119//5104
f 3662//5105 4873//5106 4272//5107
f 4501//1917 4498//5108 1337//5109
f 3880//5110 4041//5111 4367//5112
f 4500//5113 3627//5114 3529//5115
f 2522//5116 1264//5117 1819//5118
f 3405//5119 3883//5120 3973//4912
f 4785//5121 3331//5122 3946//4746
f 3947//5123 3273//2645 3333//5124
f 3332//5125 2524//4748 4043//5126
f 1894//185 4370//5127 2842//2588
f 4170//2580 5271//5128 3541//2617
f 4370//5127 3435//1918 2843//5129
f 4010//5130 3091//5131 4939//5132
f 4942//5133 4505//5134 4504//5135
f 3888//4721 5279//4721 3546//5136
f 3671//5137 3892//4721 3773//5138
f 5152//5139 4511//4721 4513//5140
f 4518//5141 4519//5142 5218//2623
f 5282//5143 1871//5144 5283//2623
f 3900//2628 3267//5145 1343//5146
f 4533//5147 4534//5148 4200//4735
f 5288//5149 1876//5150 5289//4735
f 4535//5151 5961//5152 5290//5153
f 5291//4735 4060//4735 5292//4735
f 5293//5154 6188//5155 5294//4735
f 3787//5156 2543//5157 4063//7
f 5374//5158 3583//7 6280//5159
f 5298//7 5299//5160 5541//5161
f 5976//5162 3343//5163 3919//5164
f 3790//5165 2547//5166 4067//4306
f 5376//5167 3591//4306 6166//5168
f 5303//4306 5304//4306 5554//4306
f 3344//5169 3345//4742 3926//5170
f 3794//5171 2552//5172 4072//2636
f 5175//5173 4567//5174 4565//5175
f 1357//139 5391//4151 3799//139
f 3142//5176 6055//5177 3428//139
f 2567//5178 4588//2645 4689//5179
f 4083//5180 4590//5181 3349//5182
f 4592//5183 4084//5184 3949//5185
f 4085//5186 6205//4749 2516//5187
f 4//4752 42//9 416//5188
f 38//147 3119//5104 5592//5189
f 3119//5104 1865//2609 4594//5190
f 444//2654 3151//326 445//5191
f 1895//186 3098//2615 2572//189
f 394//5192 2572//189 3098//2615
f 23//2664 3152//5193 3153//5194
f 1896//5195 3152//5193 2571//183
f 1896//187 2400//5196 3153//5194
f 3085//2662 3153//5194 22//5197
f 3152//5193 1896//187 3153//2661
f 20//2667 460//201 5593//5198
f 1372//240 3154//2672 1373//241
f 65//1967 3154//2672 473//2670
f 66//2775 1898//5199 1374//2674
f 478//5200 3154//2672 65//4764
f 1373//241 3154//2672 1374//2674
f 7//2678 3155//245 8//51
f 1375//256 3156//2680 1900//45
f 3156//2680 1375//252 1820//2681
f 3157//2683 41//148 3150//5201
f 1891//145 3157//2683 2576//258
f 458//282 57//198 1907//275
f 480//250 3351//2709 46//5202
f 46//253 3351//251 431//2650
f 1385//306 3351//2709 1913//302
f 1396//55 2579//2845 3352//1946
f 1369//202 459//56 60//1922
f 524//2742 2863//2739 2578//4324
f 2863//2739 1398//4327 2581//374
f 2578//4324 2581//374 522//5203
f 523//4326 2579//2845 78//1995
f 79//5204 3158//2741 523//4336
f 2580//4325 523//4336 3158//2741
f 1398//4327 3159//2666 1937//58
f 527//2749 2865//2744 2864//4328
f 2865//2744 1399//2752 525//2745
f 3158//2741 526//5205 2582//2747
f 80//5206 3160//2748 526//5205
f 2582//2747 526//5205 3160//5207
f 528//2756 2868//5208 2866//2753
f 2868//1955 62//204 2583//2753
f 3160//2748 4595//5209 2584//2754
f 466//42 1938//1957 2585//2760
f 2585//2760 2573//217 466//42
f 530//1958 2869//1960 529//1956
f 2869//2757 2588//4330 1938//1957
f 3161//2755 4314//4344 2587//2758
f 2585//2760 2588//4330 467//4332
f 3162//2759 4315//4349 2590//2762
f 532//2768 2875//1966 2870//1961
f 2875//1966 63//219 2871//1962
f 3163//5210 4596//5211 2591//5212
f 534//2770 2592//5213 2873//1964
f 533//5214 3164//5215 84//4354
f 85//4358 3165//2769 533//4356
f 536//4360 3165//2769 85//4358
f 3165//2769 536//4360 2593//2774
f 1400//376 3166//2773 1939//377
f 2613//2885 3166//2773 536//4360
f 2593//2774 536//4360 3166//2773
f 3166//2773 539//73 1939//377
f 521//54 78//1995 2579//2845
f 78//1995 521//54 1979//2846
f 1979//2846 3167//1996 78//1995
f 3167//1996 583//5216 585//1994
f 583//492 3167//1996 1979//2846
f 1420//72 2596//4339 585//1994
f 587//620 2596//4339 101//2849
f 102//2041 3168//2852 587//620
f 2597//5217 587//4340 3168//2852
f 590//2856 2879//2000 2877//4341
f 3168//2852 589//5218 2599//2854
f 103//5219 3169//5220 589//5218
f 2599//2854 589//5218 3169//2855
f 3169//2855 4597//4367 2601//5221
f 592//2863 2883//2003 2880//4346
f 2883//2003 82//4345 2602//5222
f 3170//2859 4598//4371 2603//2861
f 2886//4776 83//4351 2604//2002
f 3171//2862 4599//4374 2605//4352
f 594//2877 2888//2869 2887//2871
f 2888//2869 84//5223 2606//5224
f 4317//5225 4600//5226 106//4375
f 3172//4373 4600//5226 2607//2872
f 595//5227 3173//5228 107//4378
f 3173//2873 595//4379 2610//2876
f 108//5229 3174//2882 595//4379
f 2610//5230 595//4379 3174//2882
f 2611//4361 599//497 2613//2885
f 598//4382 3174//2882 108//4381
f 3174//2882 598//4382 2612//2880
f 1421//498 3175//2998 1980//5231
f 2628//2997 3175//2883 598//4382
f 2612//2880 598//4790 3175//5232
f 3166//2773 1422//5233 539//73
f 3175//2998 601//76 1980//499
f 651//2036 3630//2040 2014//5234
f 654//2968 2890//2039 3631//2038
f 653//2085 2614//2969 126//2965
f 1456//2035 126//2965 2614//2969
f 127//2084 3176//2967 653//2085
f 2614//2969 653//2085 3176//5235
f 656//2973 2893//4780 2892//4364
f 2893//4780 103//5236 2615//4781
f 3176//2967 655//5237 2616//2970
f 128//5238 3177//2972 655//5237
f 2616//2970 655//5237 3177//2972
f 657//2976 2896//2044 2894//5239
f 2896//2044 104//5240 2617//5241
f 3177//2972 4601//4386 2618//2974
f 658//2980 2898//5242 2895//2042
f 2898//5242 105//4785 6016//2043
f 3178//2978 4602//4388 2619//2977
f 659//2983 2901//2050 2897//2045
f 2901//2050 106//4375 6017//2046
f 3179//5243 4603//4392 2620//2981
f 660//5244 2903//2984 2902//2986
f 2903//4788 107//4378 2621//2051
f 4319//4394 4604//5245 131//4393
f 3180//2982 4604//5245 2622//2987
f 661//5246 3181//2988 132//4395
f 3181//2991 661//4396 2625//2990
f 133//4399 3182//2992 661//4801
f 2625//2990 661//5246 3182//2992
f 2626//4383 665//623 2628//2997
f 664//4804 3182//2995 133//4399
f 3182//2995 664//4400 2627//2994
f 1458//624 3183//2996 2015//625
f 2644//5247 3183//2996 664//4804
f 2627//2994 664//4804 3183//2996
f 3175//5232 1459//77 601//76
f 3183//2996 667//79 2015//625
f 717//2079 2629//2083 2049//3068
f 719//5248 2630//3076 151//5249
f 1494//3072 151//3071 2630//5250
f 152//2135 3184//3074 719//2136
f 2630//5250 719//2136 3184//3074
f 2909//2089 6018//2088 128//5238
f 3184//3074 720//5251 2632//3077
f 6269//5252 3185//3079 720//5251
f 721//3081 2912//2093 2910//757
f 2912//2093 129//4387 2633//757
f 3185//3079 4605//4406 2634//759
f 722//3086 2914//2096 2911//2091
f 2914//2096 130//4389 6019//2092
f 3186//3080 4606//4409 2635//4390
f 723//3090 2917//2099 2913//2094
f 2917//2099 131//4393 6020//3087
f 3187//3085 4607//4411 2636//5253
f 724//3096 2919//3091 2918//3092
f 2919//3091 132//4395 2637//2100
f 4321//5254 4608//5255 156//4412
f 3188//3089 4608//5255 2638//3093
f 725//5256 3189//3099 157//4813
f 3189//3099 725//4416 2641//3097
f 158//5257 3190//3100 725//4416
f 2641//3097 725//5256 3190//3100
f 2642//4401 729//3106 2644//3105
f 728//4419 3190//3100 158//4418
f 3190//3100 728//4419 2643//3102
f 1495//5258 3191//3103 2050//764
f 2660//5259 3191//5260 728//4419
f 2643//3104 728//4419 3191//3103
f 3183//5261 1496//80 667//79
f 3191//3103 731//82 2050//762
f 781//2130 2645//5262 2084//3186
f 783//2174 2646//3193 176//3189
f 1531//2129 176//3189 2646//3193
f 177//2173 3192//3191 783//2174
f 2646//5263 783//2174 3192//3191
f 2925//2140 6021//2139 2647//5264
f 3192//3191 784//5265 2648//5266
f 6270//5267 3193//5268 784//5269
f 785//3199 2928//2145 2926//889
f 2928//3195 154//4407 2649//2141
f 3193//5268 4609//4428 2650//891
f 786//3204 2930//2148 2927//2143
f 2930//2148 155//5270 6022//3200
f 3194//3198 4610//5271 2651//5272
f 787//3209 2933//5273 2929//3205
f 2933//2151 156//4412 6023//2147
f 3195//3203 4611//4435 2652//5274
f 788//3215 2935//5275 2934//3211
f 2935//3210 157//4414 2653//5276
f 4323//4817 4612//5277 181//4436
f 3196//3208 4612//5277 2654//3212
f 789//4441 3197//3214 182//4439
f 3197//3214 789//4441 2657//3216
f 183//4443 3198//3219 789//4441
f 2657//3216 789//5278 3198//3219
f 2658//4420 793//892 2660//5259
f 792//4444 3198//3219 183//4443
f 3198//3219 792//4444 2659//4424
f 1532//893 3199//3223 2085//894
f 2676//3329 3199//3223 792//4444
f 2659//3221 792//4444 3199//3223
f 3191//5279 1533//83 731//82
f 3199//3223 795//85 2085//894
f 845//2168 2661//4427 2119//4426
f 847//2222 2662//5280 201//3298
f 1568//2167 201//3298 2662//3301
f 202//5281 3200//3299 847//2222
f 2662//3301 847//2222 3200//3299
f 2941//2178 6024//2177 2663//5282
f 3200//3299 848//5283 2664//3302
f 6271//5284 3201//3305 848//5283
f 849//3307 2944//3303 2942//1024
f 2944//2183 179//4429 2665//2179
f 3201//3305 4613//5285 2666//1026
f 850//3311 2946//2186 2943//2181
f 2946//2186 180//4433 6025//2182
f 3202//3306 4614//5286 2667//3308
f 851//3315 2949//2189 2945//2184
f 2949//2189 181//4436 6026//2185
f 3203//3310 4615//4455 2668//3312
f 852//4818 2951//3317 2950//3319
f 2951//3317 182//4439 2669//3318
f 4325//4457 4616//5287 206//4456
f 3204//3314 4616//5287 2670//3320
f 853//4460 3205//5288 207//4458
f 3205//3321 853//5289 2673//3323
f 208//5290 3206//3325 853//4460
f 2673//5291 853//4460 3206//3325
f 2674//4445 857//1027 2676//3329
f 856//4463 3206//3325 208//4462
f 3206//3325 856//4463 2675//3327
f 1569//1028 3207//3439 2120//1029
f 2692//5292 3207//3439 856//5293
f 2675//3327 856//5294 3207//3439
f 3199//5295 1570//3330 795//85
f 3207//3328 859//3331 2120//1029
f 909//2216 2677//2220 2154//3402
f 911//2267 2678//3410 226//3406
f 1605//2215 226//3406 2678//3410
f 227//2266 3208//3408 911//2267
f 2678//3410 911//2267 3208//3408
f 2957//2226 6027//5296 2679//5297
f 3208//3408 912//5298 2680//3411
f 6272//5299 3209//3414 912//5298
f 913//4450 2960//3412 2958//1159
f 2960//3412 204//5300 2681//2227
f 3209//3414 4617//4467 2682//1161
f 914//3419 2962//2234 2959//2229
f 2962//2234 205//4826 6028//2230
f 3210//3415 4618//4471 2683//5301
f 915//3422 2965//2237 2961//2232
f 2965//2237 206//5302 6029//2233
f 3211//5303 4619//4473 2684//3420
f 916//3428 2967//5304 2966//3425
f 2967//5304 207//4458 2685//2238
f 4327//4475 4620//5305 231//4474
f 3212//5306 4620//5305 2686//3426
f 917//4477 3213//3427 232//4476
f 3213//3427 917//4477 2689//3429
f 233//5307 3214//5308 917//5309
f 2689//3429 917//4477 3214//3432
f 2690//4464 921//1162 2692//3438
f 920//4480 3214//3432 233//4479
f 3214//3432 920//4480 2691//3434
f 1606//1163 3215//5310 2155//3440
f 2708//3547 3215//3435 920//4480
f 2691//3437 920//4480 3215//5310
f 3207//3439 1607//89 859//3331
f 3215//3435 923//91 2155//1164
f 973//2261 2693//2265 2189//3510
f 975//5311 2694//3517 251//3514
f 1642//2260 251//3514 2694//3517
f 252//2313 3216//3515 975//5311
f 2694//3517 975//2314 3216//5312
f 2973//4835 6030//2270 2695//5313
f 3216//3515 976//5314 2696//3518
f 6273//5315 3217//3521 976//5314
f 977//3523 2976//5316 2974//1294
f 2976//2277 229//4468 2697//2272
f 3217//3521 4621//4483 2698//1296
f 978//3528 2978//5317 2975//2275
f 2978//2280 230//4472 6031//2276
f 3218//3522 4622//4487 2699//5318
f 979//3531 2981//5319 2977//2278
f 2981//2283 231//4474 6032//2279
f 3219//3527 4623//4490 2700//5320
f 980//3537 2983//5321 2982//3534
f 2983//5321 232//4476 2701//2284
f 4329//4492 4624//5322 256//4850
f 3220//4489 4624//5322 2702//3535
f 981//4495 3221//5323 257//5324
f 3221//5325 981//4495 2705//3538
f 258//5326 3222//3541 981//5327
f 2705//3538 981//4495 3222//3541
f 2706//4481 985//2289 2708//3547
f 984//4499 3222//3541 258//4497
f 3222//3541 984//4499 2707//3546
f 1643//1298 3223//5328 2190//5329
f 2724//3664 3223//3545 984//4499
f 2707//3546 984//4499 3223//3545
f 3215//5310 1644//2290 923//3441
f 3223//5328 987//94 2190//1299
f 1037//2308 2709//2312 2224//3624
f 1039//5330 2710//3632 276//3628
f 1679//2307 276//3628 2710//3632
f 277//2360 3224//3630 1039//2361
f 2710//3632 1039//2361 3224//3630
f 2989//2318 6033//5331 2711//5332
f 3224//3630 1040//5333 2712//3633
f 6274//5334 3225//3636 1040//5333
f 1041//4846 2992//4847 2990//3634
f 2992//2323 254//4484 2713//2319
f 3225//3636 4625//4502 2714//5335
f 1042//3642 2994//2326 2991//2321
f 2994//2326 255//4488 6034//2322
f 3226//3637 4626//4504 2715//3639
f 1043//3646 2997//3643 2993//2324
f 2997//2329 256//4491 6035//2325
f 3227//3641 4627//4506 2716//3644
f 1044//3653 2999//3648 2998//3649
f 2999//3648 257//5336 2717//2330
f 4331//4509 4628//5337 281//4507
f 3228//3645 4628//5337 2718//3650
f 1045//5338 3229//3656 282//5339
f 3229//3656 1045//4511 2721//3654
f 283//4513 3230//3657 1045//4511
f 2721//3654 1045//4511 3230//3657
f 2722//4500 1049//2335 2724//3664
f 1048//4514 3230//3657 283//4513
f 3230//3657 1048//4514 2723//3660
f 1680//1430 3231//5340 2225//1431
f 2740//5341 3231//3787 1048//4514
f 2723//3660 1048//4514 3231//5342
f 3223//5328 1681//95 987//3548
f 3231//5343 1051//97 2225//1431
f 1101//2355 2725//5344 2259//3746
f 1103//2405 2726//3755 301//3875
f 1716//2354 301//3750 2726//5345
f 302//2404 3232//3753 1103//2405
f 2726//3755 1103//2405 3232//3753
f 3005//2365 6036//2364 2727//5346
f 3232//3757 1104//5347 2728//3756
f 6275//5348 3233//3760 1104//5349
f 1105//3762 3008//2370 3006//1554
f 3008//2370 279//4503 2729//5350
f 3233//3760 4629//4519 2730//1556
f 1106//3769 3010//2373 3007//2368
f 3010//2373 280//4505 6037//2369
f 3234//4518 4630//4523 2731//3763
f 1107//3772 3013//4857 3009//2371
f 3013//4857 281//4507 6038//3767
f 3235//3764 4631//4525 2732//3768
f 1108//3779 3015//3773 3014//3775
f 3015//3773 282//4510 2733//2377
f 4333//4529 4632//5351 306//4526
f 3236//3771 4632//5351 2734//5352
f 1109//5353 3237//3778 307//4528
f 3237//3778 1109//4531 2737//3780
f 308//5354 3238//3781 1109//5353
f 2737//3780 1109//5355 3238//3781
f 2738//4515 1113//1557 2740//4516
f 1112//4535 3238//3781 308//4533
f 3238//3781 1112//4535 2739//3785
f 1717//1558 3239//3784 2260//1559
f 2756//3910 3239//3784 1112//4535
f 2739//3785 1112//4535 3239//3911
f 3231//5340 1718//98 1051//3665
f 3239//3784 1115//100 2260//1559
f 1165//2399 2741//2403 2294//5356
f 1167//2452 2742//3878 326//5357
f 1753//5358 326//3874 2742//3878
f 327//2451 3240//3876 1167//2452
f 2742//3878 1167//2452 3240//3876
f 3021//2409 6039//2408 2743//5359
f 3240//3876 1168//5360 2744//5361
f 6276//5362 3241//3882 1168//5360
f 1169//3884 3024//2414 3022//1690
f 3024//2414 304//4520 2745//2410
f 3241//3882 4633//4539 2746//1692
f 1170//3892 3026//2417 3023//2412
f 3026//2417 305//4524 6040//2413
f 3242//3883 4634//4543 2747//3885
f 1171//3895 3029//3889 3025//3890
f 3029//3889 306//4526 6041//5363
f 3243//5364 4635//4545 2748//3891
f 1172//3903 3031//3896 3030//3898
f 3031//3896 307//4528 2749//5365
f 4335//4548 4636//5366 331//4546
f 3244//3894 4636//5366 2750//3899
f 1173//4876 3245//3900 332//4549
f 3245//3900 1173//4550 2753//3902
f 333//5367 3246//3905 1173//4876
f 2753//3902 1173//5368 3246//3905
f 2754//4536 1177//1693 2756//3910
f 1176//4553 3246//3905 333//4552
f 3246//3905 1176//4553 2755//3907
f 1754//1694 3247//4029 2295//1695
f 2772//4028 3247//4029 1176//4553
f 2755//3907 1176//4553 3247//4029
f 3239//3911 1755//2426 1115//100
f 3247//5369 1179//103 2295//1695
f 1225//2446 2757//2450 2329//3991
f 1227//2492 2758//3997 346//3994
f 1790//2445 346//3994 2758//3997
f 347//2491 3248//3995 1227//2492
f 2758//3997 1227//2492 3248//3995
f 3037//2456 6042//2455 2759//5370
f 3248//3995 1228//5371 2760//5372
f 6277//5373 3249//5374 1228//5371
f 1229//4003 3040//3999 3038//1819
f 3040//3999 329//5375 2761//4872
f 3249//5374 4637//4558 2762//1821
f 1230//4007 3042//2464 3039//2459
f 3042//2464 330//4544 6043//2460
f 3250//4002 4638//4562 2763//4004
f 1231//4012 3045//4008 3041//2462
f 3045//4008 331//4546 6044//4009
f 3251//4006 4639//5376 2764//4013
f 1232//4019 3047//4014 3046//4016
f 3047//4014 332//4549 2765//4015
f 4336//5377 4640//5378 351//4565
f 3252//5379 4640//5378 2766//4017
f 1233//5380 3253//4018 352//4896
f 3253//5381 1233//4568 2769//4020
f 353//4570 3254//4023 1233//5380
f 2769//4020 1233//4568 3254//4023
f 2770//4554 1237//1822 2772//4028
f 1236//4899 3254//4023 353//4572
f 3254//4023 1236//4573 2771//4026
f 1791//1823 3255//4097 2330//1824
f 2780//5382 3255//4097 1236//4573
f 2771//4026 1236//4899 3255//4027
f 3247//5383 1792//2474 1179//103
f 3255//4027 1239//106 2330//1824
f 6360//5384 6045//2495 2773//5385 6446//5386
f 3050//2499 349//4559 2774//5387
f 6578//5388 3051//2503 6455//5389
f 3051//2503 350//4888 2775//2498
f 6362//5390 3053//2507 6497//5391
f 3053//2507 351//4565 6046//2502
f 6479//5392 352//4896 2776//2509 6436//5393
f 3255//4097 1812//107 1239//106
f 4642//5394 3257//5395 4417//5396
f 4853//4594 1274//5397 1272//4595
f 4100//4207 4348//5398 2802//5399
f 3858//5400 2368//5401 4228//5402
f 2371//5013 4644//5403 4469//5404
f 3437//5405 2472//4135 2372//4137
f 4922//5406 3319//1890 2374//5042
f 2388//5407 2516//5187 4872//5408
f 1455//2964 652//2963 1456//2035
f 1493//2080 718//3070 1494//3072
f 1530//2131 782//3188 1531//2129
f 1567//2169 846//3297 1568//2167
f 1604//2217 910//3404 1605//2215
f 1641//2262 974//3512 1642//2260
f 1678//2309 1038//3629 1679//2307
f 1715//2356 1102//3748 1716//2354
f 1752//2400 1166//3872 1753//5409
f 1789//2447 1226//3993 1790//5410
f 3968//5411 4466//5412 6288//5413
f 3277//4583 2411//5414 4651//5415
f 2416//5416 4652//5417 3283//111
f 2575//4322 5082//5418 4653//5419
f 3281//5420 5269//4927 3696//4929
f 6194//5421 3364//5422 4133//5423
f 4097//5424 3827//5425 3286//4600
f 3290//5426 3289//5427 4000//5428
f 3293//5429 4699//5430 3832//4625
f 5097//5431 3999//5432 4002//5433
f 3295//5434 3299//4214 1838//5435
f 3297//4209 3718//4211 4902//4217
f 4259//5436 4164//5437 2441//5438
f 4505//5134 4661//5439 2460//5440
f 4456//5441 3477//5442 4354//4651
f 3858//5400 4228//5402 2369//5443
f 4663//4234 3311//5444 3389//5445
f 2466//5446 3857//5447 3734//5448
f 2468//5449 3304//5023 3487//2584
f 4664//5450 3317//5451 5020//5452
f 3503//4907 2479//4244 2480//5453
f 3319//1890 4922//5406 4667//5454
f 3320//132 2484//5455 4478//5456
f 6456//5457 4231//4139 1323//5458 6400//5458
f 4706//5459 3321//5460 4709//5461
f 3870//5462 2818//5463 4670//5464
f 2495//5465 3752//4264 2494//4263
f 2496//5466 5024//5467 3324//1910
f 2500//5468 3398//4273 4363//4682
f 3759//4280 3326//4277 1859//5469
f 3762//5470 5643//5471 5318//5472
f 2521//5473 6224//4920 4043//5126
f 4368//5474 4673//2645 6326//2645
f 3334//2645 6327//2645 6326//2645
f 4675//5475 4280//5476 4112//2645
f 4760//5477 4506//5478 2461//5479
f 3340//2628 4679//5480 5322//5481
f 3918//7 5323//7 5475//7
f 6310//139 6175//5482 4089//139
f 3620//2645 4307//5483 4308//2645
f 2567//5178 4689//5179 6286//5484
f 433//11 2399//4155 42//9
f 5//5485 2575//4322 3156//2680
f 2578//4756 3352//1946 2580//2743
f 66//2775 1940//5486 1941//60
f 2375//5487 3686//5488 4667//5454
f 3367//4592 4651//5415 3064//4593
f 5088//5489 3824//5490 2421//5491
f 2785//4613 4691//4612 4694//5492
f 1267//4607 3827//4606 3372//5493
f 4753//5494 4437//4945 4747//5495
f 3707//4629 2439//5496 2432//4619
f 3374//1897 1281//4616 1283//1898
f 2793//5497 6208//5498 2794//5499
f 2795//5500 4698//2560 376//5501
f 2444//5502 6204//5503 2446//5504
f 2801//5505 3379//5506 2800//4635
f 4348//5398 3380//5507 4349//5508
f 5002//5509 3384//5510 4701//5511
f 3490//5512 2459//5513 2815//5514
f 2459//5513 3490//5515 2527//5516
f 387//5517 4011//5518 3308//5519
f 3855//5520 3388//4654 362//5521
f 2814//1902 3855//5520 2813//1903
f 3735//4136 4265//5522 2372//4137
f 2819//4661 4666//5523 4704//5524
f 2821//4245 4666//5523 2480//4246
f 4025//5525 3103//5526 2476//5527
f 4922//5528 4923//5529 2375//5487
f 4706//5459 2376//5530 3873//5531
f 2827//5532 2488//5533 4709//5534
f 3394//4254 2487//4673 3395//5535
f 3869//5536 4670//5464 2818//5463
f 2380//5537 4270//5538 5023//5539
f 2496//5466 5026//5540 2380//5537
f 2829//5541 3396//1908 1328//5542
f 3393//5543 4707//5544 406//5545
f 2829//5541 406//5545 4707//5544
f 3117//2611 5132//4291 4782//4290
f 3328//5546 2387//5547 3327//5099
f 3875//5548 413//1912 4364//5549
f 3402//5550 4711//5551 3876//4701
f 2384//4683 2383//5552 4711//5553
f 6216//2645 3405//5119 3406//5554
f 2389//5555 4008//5556 5684//5557
f 2390//5558 3776//4721 5237//4301
f 5319//5559 3887//4722 5349//4721
f 5768//5560 4140//5561 5746//2623
f 5217//5562 1869//5563 5239//5564
f 4718//5565 4719//2623 5407//2623
f 4876//5566 2538//5567 5331//5568
f 2849//5569 5332//5570 6106//2628
f 4531//5571 4726//4735 4146//4735
f 4297//5572 3576//5573 4727//5574
f 3421//7 3578//5575 3422//5576
f 5557//5577 4548//5578 5337//4306
f 3423//4306 3588//4306 3424//5579
f 3427//5580 3596//2636 5641//5581
f 4572//5582 4571//5583 4573//139
f 3273//2645 4401//5584 4404//2645
f 4312//2645 3433//2645 4311//2645
f 2860//5585 3434//5586 4740//4313
f 3435//1918 1894//185 451//182
f 535//4335 1400//376 537//375
f 597//4779 2611//4361 2609//5587
f 597//2008 1421//498 599//497
f 663//2054 2626//5588 2624//2055
f 663//2054 1458//624 665//623
f 716//755 717//2079 2049//3068
f 127//2084 3353//2086 2905//2082
f 727//4802 2642//4401 2640//2104
f 727//4802 1495//5258 729//3106
f 780//887 781//2130 2084//3186
f 152//2135 3354//2137 2921//2133
f 791//4422 2658//4420 2656//2156
f 791//4422 1532//893 793//892
f 844//1022 845//2168 2119//5589
f 177//2173 3355//2175 2937//2171
f 855//2193 2674//5590 2672//2194
f 855//2193 1569//1028 857//1027
f 908//1157 909//2216 2154//3402
f 202//2221 3356//3407 2953//2219
f 919//2241 2690//5591 2688//2242
f 919//2241 1606//4465 921//1162
f 972//2259 973//5592 2189//3510
f 227//2266 3357//2268 2969//2264
f 983//2287 2706//5593 2704//2288
f 983//2287 1643//1298 985//2289
f 1036//1424 1037//2308 2224//3624
f 252//2313 3358//2315 2985//2311
f 1047//2333 2722//4500 2720//2334
f 1047//2333 1680//1430 1049//2335
f 1100//5594 1101//2355 2259//3746
f 277//2360 3359//2362 3001//5595
f 1111//2380 2738//4515 2736//2381
f 1111//2380 1717//1558 1113//1557
f 1164//1688 1165//2399 2294//5356
f 302//2404 3360//2406 3017//2402
f 1175//2424 2754//4868 2752//4534
f 1175//2424 1754//1694 1177//1693
f 1224//1817 1225//2446 2329//3991
f 327//2451 3361//2453 3033//2449
f 1235//2471 2770//4554 2768//2472
f 1235//2471 1791//1823 1237//1822
f 347//2491 3362//2493 3049//4879
f 6525//5596 2779//4574 2778//2513 6508//5597
f 1320//5598 1814//5599 1260//5600
f 5077//5601 5493//5602 359//5603
f 4743//5604 4014//5605 4224//5606
f 3439//4163 2784//5607 3533//5608
f 2784//4923 3439//5609 2412//4162
f 2416//5610 2418//2526 2783//5611
f 3365//2524 3366//5612 3442//5613
f 3283//111 2418//2526 2416//5416
f 2418//2526 3283//111 4656//5614
f 3445//4188 1825//5615 4746//5616
f 2430//4189 4746//5617 4247//5618
f 4749//5619 3278//5620 4424//5621
f 4656//5622 4748//5623 2423//2527
f 3448//2538 2423//2527 4247//5618
f 3062//5624 3061//2529 3063//5625
f 4427//5626 3450//5627 3062//5624
f 6319//5628 4092//5629 4750//5630
f 1271//5631 4133//5423 3364//5632
f 4751//5633 3451//5634 5339//4938
f 3701//5635 3457//5636 4753//5637
f 3828//2551 2357//5638 1279//4586
f 2795//2558 3460//5639 3461//4950
f 4698//2560 3461//2559 2792//5640
f 4159//5641 2431//5642 2436//114
f 5094//5643 12//215 4440//5644
f 3710//5645 4442//5646 1835//5647
f 3465//2562 5445//4974 3466//2563
f 3076//5648 3466//2563 5445//4974
f 3467//4196 1836//5649 2440//5650
f 6348//5651 2441//5438 3078//5652
f 3850//4646 3471//5653 380//4977
f 5498//4203 380//5654 3471//5655
f 3379//5506 5340//5656 2800//4635
f 6067//5657 3475//4210 381//5658
f 2801//5659 4757//4636 2803//4986
f 3409//5021 6048//5660 385//5002
f 2811//5661 5607//5662 5680//5663
f 4702//5664 2463//5665 3538//5666
f 4760//5477 2461//5479 5607//5662
f 2526//5667 4506//5478 4760//5477
f 4762//5668 2451//5669 3481//5670
f 6701//5671 6279//5672 6678//5673
f 3481//5670 387//5517 3308//5519
f 5394//5674 4763//5675 2465//4235
f 3482//5676 4764//5677 1848//4232
f 3093//5011 3054//5678 4417//5396
f 5681//5679 3389//5445 3311//5444
f 3485//5680 5111//5681 4229//4131
f 3486//2583 4766//5682 3487//2584
f 3095//5683 2468//5449 4356//5684
f 6501//5685 4263//5686 3488//5687 6462//5688
f 4767//5689 5327//5690 2467//5691
f 393//5692 6051//5693 385//5002
f 3487//2584 3304//5694 3489//2582
f 3304//5694 2468//5695 2457//5696
f 3493//4577 4768//5697 3390//5698
f 3496//5699 3493//4577 5328//5700
f 4919//5701 3495//5702 1814//5599
f 3497//5703 6209//5704 3860//5705
f 2477//2590 2474//5706 3101//5707
f 2475//5041 6070//5708 2490//5709
f 3502//5037 4772//5710 3501//5711
f 2480//4246 2476//5712 3103//5713
f 4918//5714 3966//5715 3103//5713
f 3505//5051 2486//5054 3504//5716
f 3104//5055 3504//5716 2486//2593
f 3105//5717 4478//130 4778//5718
f 3109//5719 3506//5720 3105//5721
f 2488//5722 5330//5723 3870//5724
f 4773//5725 3109//5719 4479//5726
f 2490//5036 4774//134 2473//5727
f 4773//5725 4024//5728 4485//5729
f 3509//2598 404//5730 405//5069
f 2491//5090 1857//5731 2492//5732
f 3112//5733 3511//5082 404//5730
f 3513//5734 3753//4261 2493//5079
f 3112//5733 404//5730 2495//5465
f 407//5735 2494//5736 3755//4265
f 3514//5737 4777//5738 4778//5718
f 3515//2596 4035//4281 2504//4283
f 2491//5090 2492//5732 3517//5739
f 3115//5740 1860//5741 3329//5742
f 3330//5743 3526//5744 4780//5745
f 2513//5746 5683//5747 5131//5748
f 6214//138 2506//137 3876//5749
f 4493//5750 3521//5751 5135//5752
f 3522//5753 2387//5547 4781//5754
f 3523//5755 5504//5756 2502//5757
f 3525//5102 2511//5758 3329//5742
f 2519//5759 3330//5743 2839//5760
f 2516//5187 4645//5761 4085//5762
f 2839//5763 4783//5764 3532//5765
f 3883//5120 3885//5766 3057//5767
f 3536//5768 5137//5769 4784//5770
f 416//5188 3333//5124 3332//5125
f 3122//4713 3123//5771 4935//4714
f 6681//5772 3771//2645 5591//5773 6580//5774
f 1867//5775 3854//5776 4786//5777
f 5140//5778 4914//5779 4787//5780
f 3541//2617 1846//5781 4788//5782
f 5346//5783 4792//5784 6171//5785
f 3544//4721 3890//4721 4793//5786
f 5343//4721 4050//4721 5214//5787
f 5344//4721 3551//4721 5512//5788
f 2390//5558 3410//5789 3128//5790
f 5346//5791 5281//4721 5347//5792
f 5345//4721 5238//5793 5350//5794
f 4797//2623 4798//5795 4189//5796
f 5352//2623 4053//5797 5353//5798
f 5354//5799 3555//5800 5218//2623
f 4516//5801 4517//5802 4801//2623
f 4806//5803 5356//5804 5401//5805
f 4290//5806 3563//5807 5780//5808
f 3565//5809 3899//5810 4948//5811
f 2848//2628 4810//5812 6054//5813
f 5359//2628 5360//2628 5361//5814
f 2850//4727 3567//2629 6146//4727
f 5364//5815 3570//5816 5534//5817
f 4819//5818 5369//5819 5368//5820
f 5557//5577 4731//4306 3589//5821
f 2549//4306 2395//5822 5390//5823
f 3591//4306 5335//4306 3592//4306
f 6349//2636 4733//2636 4841//5824
f 4842//5825 5246//5826 4734//5827
f 3141//139 3606//2637 5313//139
f 3606//2637 6082//5828 3611//2638
f 2558//139 5764//139 2559//5829
f 4577//5830 5590//5831 4580//2645
f 4592//5183 3622//5832 4308//2645
f 4578//5833 4306//5834 4588//2645
f 5074//5835 4084//5184 3149//5836
f 1371//237 1832//2669 470//5837
f 2577//1929 1910//283 489//1928
f 434//13 1364//319 410//2608
f 66//2775 1941//60 497//59
f 1408//419 3628//421 555//5838
f 1437//557 439//160 1996//5839
f 3629//157 1996//548 439//160
f 2614//2969 3631//2038 1456//2966
f 3632//5840 2629//2083 717//2079
f 2630//3076 3632//5841 1494//3072
f 3633//2132 2645//5262 781//2130
f 2646//5842 3633//5843 1531//2129
f 3634//2170 2661//2172 845//5844
f 2662//5280 3634//2170 1568//2167
f 3635//2218 2677//2220 909//2216
f 2678//3410 3635//2218 1605//2215
f 3636//5845 2693//2265 973//2261
f 2694//3517 3636//5845 1642//2260
f 3637//2310 2709//2312 1037//2308
f 2710//3632 3637//2310 1679//2307
f 3638//2357 2725//2359 1101//2355
f 2726//3755 3638//5846 1716//2354
f 3639//5847 2741//2403 1165//2399
f 2742//3878 3639//5847 1753//5358
f 3640//5848 2757//2450 1225//2446
f 2758//3997 3640//2448 1790//2445
f 5113//5849 1814//5599 1320//5598
f 3100//5850 2353//5851 4224//5606
f 6694//5852 1283//1898 3643//5853 6650//5854
f 3694//5855 3646//2531 2354//5856
f 2421//5491 4990//5857 2355//5858
f 3064//2533 2787//5859 3646//2531
f 4248//5860 2420//5861 6266//4173
f 4096//5862 3824//5490 4245//5863
f 2356//5864 5249//5865 3697//5866
f 6009//5867 3697//5866 5249//5865
f 6688//5868 1274//5397 4853//4594 6705//5869
f 4692//5870 4693//5871 4853//5872
f 373//2549 3703//5873 4993//2550
f 3703//5873 373//2549 2359//4614
f 5494//5874 3704//5875 5231//5876
f 3704//5875 5494//5877 4253//5878
f 3647//4120 1281//4616 3374//1897
f 1282//5879 3648//5880 3374//1897
f 3648//5880 1287//4123 3374//4122
f 6670//5881 1282//1896 6682//5882
f 3832//4622 2794//4621 4695//5883
f 4696//5884 3377//5885 4135//5886
f 2360//4121 3647//5881 3374//1897
f 2447//4198 1291//5887 4854//5888
f 4856//5889 1293//5890 4226//5891
f 4858//5892 3653//5893 4859//5894
f 3654//5895 3852//5896 4103//5897
f 3655//5898 4863//5899 5108//5900
f 4765//5901 3655//5898 3092//5902
f 5609//5903 3655//5904 4765//5901
f 1316//5905 3738//4240 2373//5906
f 3657//4134 6304//5907 2373//5906
f 2482//4575 2375//5487 4923//5046
f 1320//5598 1260//5600 6281//5908
f 4865//5458 1323//5458 1321//5909
f 5123//5910 3660//5911 4868//5912
f 4270//5538 1329//5913 4869//5914
f 3661//5915 4870//5916 4231//4139
f 2507//5098 2508//5917 2510//5918
f 3663//5919 2510//4696 2508//5920
f 6556//5921 1334//5922 6557//5923
f 4871//5924 1335//5925 2834//4143
f 4645//5761 2516//5187 2388//5407
f 3404//5926 5643//5471 4779//4702
f 2515//5927 3665//4144 4872//5408
f 3667//5928 6005//5929 5934//5930
f 4789//5931 6069//4149 4790//4148
f 3265//5932 4233//4721 4284//5933
f 2395//5822 5336//5934 4880//4306
f 6206//5935 1361//4298 4278//5936
f 2861//5937 3350//5938 6268//1915
f 3532//5765 3626//5939 2518//5940
f 2518//5940 3809//5941 3121//5942
f 5197//5943 2576//258 3157//2683
f 461//38 61//37 462//206
f 3686//5488 2482//4575 3493//4577
f 5394//5674 6323//4161 4885//4160
f 3439//5609 6006//5944 4337//5945
f 1265//4580 6285//5946 1822//5947
f 2415//5948 2413//5949 3441//5950
f 3689//4168 1821//5951 4243//5952
f 2415//5953 3690//4169 4987//5954
f 4244//5955 3691//4581 4243//5952
f 3442//5613 2418//2526 3059//2523
f 4745//5956 3058//5957 3065//5958
f 3459//4175 3060//2530 5086//5959
f 1826//5960 5270//4178 1825//5615
f 2430//4189 3445//4188 4746//5617
f 3280//5961 3825//5962 4094//5963
f 4747//5495 2430//4189 4748//5623
f 2430//4189 4247//5618 4748//5623
f 3695//4179 5087//5964 4423//5965
f 3282//110 5269//5966 2422//5967
f 2356//5968 5824//5969 4250//4599
f 4133//5970 1271//5631 2789//5971
f 3698//5972 2410//113 4886//5973
f 2410//5974 3698//5972 6332//5975
f 2425//4601 3699//5976 6009//5867
f 3698//5972 3688//5977 3452//5978
f 4429//5979 1827//5980 4156//5981
f 1829//2553 1828//5982 4157//4182
f 4887//4180 3700//4942 3989//4184
f 3068//4937 4752//5983 5395//5984
f 1829//2553 1830//2552 1828//5982
f 3286//5985 3371//4602 4097//5986
f 3705//4608 3704//5875 1278//4609
f 1828//5982 1830//2552 3456//5987
f 1280//4183 1831//5988 4888//5989
f 3070//5990 2429//4947 6059//5991
f 1826//5960 1825//5615 1280//4183
f 3373//4190 2428//2554 3445//4188
f 2431//5642 4997//4955 2436//114
f 3375//5992 1281//4616 3647//5881
f 2433//4618 4249//5993 5233//5994
f 3713//4119 5233//5995 3647//5881
f 3707//5996 2433//4618 5233//5994
f 2410//5974 4254//112 4886//5973
f 3687//5997 4886//5973 3708//4956
f 3289//5998 2437//5999 3074//6000
f 4442//5646 3710//5645 3464//6001
f 3291//6002 1835//5647 1836//5649
f 3076//5648 4255//6003 2438//4194
f 3464//6001 4255//6003 6108//4973
f 1835//5647 3711//6004 1836//5649
f 3077//6005 1836//5649 3711//6004
f 1835//5647 3291//4195 3710//5645
f 1837//6006 5096//6007 4444//6008
f 3833//6009 3076//5648 2438//4194
f 2440//5650 3077//6005 1833//6010
f 3299//4214 5825//6011 1838//5435
f 1840//4967 4896//6012 1839//4965
f 3079//6013 3997//4964 2442//6014
f 2444//5502 3294//6015 2443//6016
f 2447//4198 4099//4197 1291//5887
f 3294//6015 1291//5887 4099//4197
f 4895//6017 13//6018 6060//6019
f 4896//6012 1842//4193 4163//6020
f 3472//6021 3850//4646 380//5654
f 3082//4205 2363//4204 5101//6022
f 4897//6023 3652//6024 4858//6025
f 3718//4211 3296//4215 4902//4217
f 3296//4215 4899//6026 3295//6027
f 3295//4216 3474//4212 3299//4214
f 4900//6028 2449//6029 4452//6030
f 4902//4217 3295//5434 1838//5435
f 1297//4218 3720//4220 3727//1899
f 3478//4219 1297//4218 3721//4221
f 2366//6031 3721//4221 4904//6032
f 5446//6033 5009//6034 1300//2570
f 3301//2570 3385//6035 3258//6036
f 5010//2570 3383//6037 3722//6038
f 6609//6039 6628//6040 3302//6041
f 4859//6042 3653//5893 4905//6043
f 4906//6044 3723//6045 4700//6046
f 4906//6044 5007//4996 2451//5669
f 1304//6047 5451//6048 1845//6049
f 2459//5513 5276//6050 3386//6051
f 1303//4230 2458//6052 6110//4228
f 4909//6053 1845//6049 5451//6048
f 4182//2616 5500//6054 4170//2580
f 5500//6054 4182//2616 2526//5667
f 4910//6055 388//4753 4168//6056
f 4460//6057 4104//6058 3309//6059
f 2463//5665 4462//6060 4911//6061
f 2462//4650 4912//6062 4911//6061
f 4913//6063 4914//6064 1310//122
f 4464//6065 4915//6066 1312//6067
f 5450//6068 4915//6066 5327//5690
f 2464//4236 3483//6069 3730//4233
f 3731//6070 1848//4232 4355//6071
f 4915//6066 5450//6068 1312//6072
f 2457//6073 3095//6074 4908//6075
f 3305//5020 4471//5015 3725//4718
f 3656//4132 3738//4240 2469//2521
f 3738//4240 1316//6076 3737//4239
f 5329//6077 5328//5700 3390//5698
f 3495//5702 4919//5701 3740//6078
f 3390//5698 3495//5702 4266//6079
f 4919//5701 1317//6080 4764//6081
f 1850//6082 4482//6083 1851//6084
f 2474//5706 3500//6085 4475//6086
f 6070//5708 2475//6087 3102//5040
f 3391//6088 2821//4245 3741//4243
f 4864//6089 3743//4576 6057//6090
f 2483//5052 3505//6091 407//5735
f 3505//6091 3746//6092 4925//6093
f 4867//6094 1323//5458 4865//5458
f 1853//6095 4480//6096 1855//6097
f 4925//2594 3746//5053 3749//4256
f 4670//5464 3869//5536 4669//6098
f 4926//6099 3107//5064 402//6100
f 1325//6101 4866//6102 2378//6103
f 2377//6104 1327//4676 4267//6105
f 4920//6106 4268//6107 4927//6108
f 4774//134 2489//4257 4268//6107
f 3660//6109 2379//5077 4928//6110
f 4710//6111 2828//6112 5397//6113
f 5118//2597 3751//6114 3752//4264
f 3751//6114 3513//6115 3755//4265
f 3509//2598 2495//5465 404//5730
f 3754//6116 1858//5080 6200//6117
f 3751//6114 3755//4265 3752//4264
f 3755//4265 3513//5734 2493//5079
f 2484//6118 4930//4250 2499//6119
f 3756//5081 4930//4250 3745//4252
f 3326//4277 3523//5755 2503//6120
f 2506//137 3664//4688 2388//5407
f 2514//5097 2508//5917 2507//4695
f 2386//6121 4932//4703 4365//4285
f 2508//5917 2385//6122 3663//5919
f 1333//6123 3663//5919 2385//6122
f 1862//6124 6127//6125 4492//6126
f 3761//4284 2386//6121 4365//4285
f 2510//4696 3663//5919 5504//5756
f 1332//6127 4494//6128 1333//6123
f 3663//5919 1333//6123 2512//6129
f 1860//6130 1863//6131 4039//6132
f 5398//6133 1863//6131 1860//6130
f 3120//2614 4782//4290 4934//4292
f 415//4706 3766//4708 2514//5097
f 4499//6134 3812//6135 4179//4705
f 6235//6136 4779//4702 4179//4705
f 6215//2613 2517//1916 3531//6137
f 2519//5759 2518//5940 3121//6138
f 4851//6139 4936//6140 1263//6141
f 3331//5122 4936//6142 3768//6143
f 3533//5608 4744//6144 3770//6145
f 4279//6146 3772//6147 4241//2645
f 3770//6145 2521//5473 4938//6148
f 3537//6149 4937//6150 4848//2645
f 6103//6151 4848//2645 4847//6152
f 2461//5479 4506//5478 4234//6153
f 418//6154 4010//5130 4939//5132
f 4860//6155 4942//5133 4761//1900
f 4282//4299 4232//6156 5143//6157
f 1338//4721 5215//4721 4786//5777
f 3550//4721 3128//5790 3410//5789
f 4786//5777 3550//4721 1867//5775
f 4284//5933 5613//6158 4283//6159
f 5610//4721 3545//6160 5820//6161
f 3553//6162 4283//6159 5613//6158
f 4516//5801 5833//2623 5830//6163
f 5770//2623 2535//2623 5406//2623
f 4950//4727 4290//5806 4808//4727
f 4950//2628 4951//2628 3563//5807
f 5953//6164 5949//6165 4952//4727
f 4293//4150 3780//6166 4292//2628
f 4288//2628 4289//6167 4293//4150
f 1874//6168 5221//6169 5411//6170
f 4532//6171 5244//4735 5841//6172
f 4959//7 6136//6173 5471//7
f 5422//6174 1880//6175 4962//6176
f 3675//6177 3792//6178 4301//6179
f 5428//6180 1883//6181 5210//6182
f 4149//6183 4239//2636 5716//6184
f 4971//2636 4970//2636 5245//6185
f 5642//1914 5438//139 5876//6186
f 5435//6187 4969//6188 5436//6189
f 5181//139 1887//139 5437//6190
f 6301//6191 5877//6192 4240//6193
f 3801//6194 5878//6195 5440//2639
f 5248//6196 4305//139 5879//6197
f 4976//2645 2562//6198 4579//6199
f 4977//2645 428//4312 4975//6200
f 4979//2645 417//2645 4978//6201
f 5383//6202 3616//6203 4587//6204
f 4211//2649 1890//2648 4587//6204
f 4981//6205 2565//2645 2569//6206
f 3434//5586 6314//6207 3808//6208
f 4982//6209 3433//2645 4983//6210
f 4085//5762 3262//6211 5199//6212
f 3530//6213 4179//4705 3812//6214
f 2866//2753 527//2749 2584//2754
f 3743//4576 1260//5600 4768//5697
f 4091//6215 360//6216 3274//6217
f 4850//6218 1281//4616 1261//6219
f 3364//5422 4985//6220 364//1895
f 4249//5993 2433//4618 3697//5866
f 2782//6221 1271//5631 364//1895
f 4784//5770 5030//6222 3822//6223
f 3440//4710 2783//5611 3366//6224
f 3440//6225 3366//6224 4935//4714
f 4337//4164 1819//5118 6058//4167
f 1263//6226 4422//4165 4851//6139
f 2414//6227 2413//6228 2415//5953
f 3691//4581 3692//6229 3690//4169
f 4987//5954 3824//6230 5088//6231
f 3368//6232 3825//5962 3458//4610
f 3279//6233 4655//6234 3281//6235
f 4339//6236 370//4587 4340//2532
f 6598//6237 3447//6238 6612//6239
f 4340//2532 3646//2531 3694//5855
f 3280//5961 4094//5963 4096//6240
f 4132//6241 2420//5861 4248//5860
f 6647//6242 6679//6243 4341//6244
f 1270//6245 3449//6246 1268//4589
f 2355//4590 3646//2531 2787//5859
f 3367//4592 2786//4588 3449//6247
f 4153//2541 3980//6248 4992//6249
f 1261//6250 4249//5993 1273//6251
f 4250//4599 2788//6252 2356//5864
f 3286//4600 1275//6253 3699//5976
f 2790//4598 3371//6254 2788//6252
f 4342//6255 2789//5971 3826//6256
f 2790//4598 3370//4597 2791//6257
f 4133//5423 4342//6255 3370//4597
f 4342//6255 3826//6256 3703//5873
f 1275//6258 3286//5985 1278//4609
f 4693//5871 4692//5870 4253//5878
f 4993//2550 3703//5873 3826//6256
f 3702//6259 3371//4602 2790//4598
f 372//4604 3826//6256 4343//6260
f 3702//6259 2791//6257 4694//5492
f 1278//4609 3827//4606 3705//6261
f 3827//4606 4097//5986 3372//5493
f 3705//4608 1267//4607 4690//6262
f 4097//5986 3458//4610 3372//5493
f 5231//6263 4150//6264 5494//5874
f 3828//2551 4988//6265 373//4615
f 2439//5496 3829//6266 2432//4619
f 3829//6266 3830//6267 3288//6268
f 2433//4618 3707//4629 2432//4619
f 2792//1894 3831//4949 2782//6221
f 3831//4949 2792//6269 3461//2559
f 364//1895 1271//5631 3364//5422
f 3288//6268 3830//6267 3363//6270
f 4854//6271 1291//5887 4696//5884
f 3376//6272 4695//5883 3839//6273
f 3840//4953 3376//6272 3839//6273
f 5883//6274 2794//5499 6208//5498
f 4345//4952 3465//2562 3994//6275
f 3649//6276 2361//6277 6091//6278
f 2361//6277 4134//4623 4994//6279
f 1285//6280 3292//6281 4695//5883
f 3832//4625 4695//5883 3292//6281
f 3833//6282 3073//6283 4890//6284
f 3835//6285 2439//5496 3707//4629
f 2360//4121 1287//6286 4891//6287
f 3835//6285 3713//4119 3712//6288
f 5006//6289 2445//115 3837//6290
f 4998//4200 1289//6291 3381//6292
f 1296//6293 4225//3 4857//6294
f 5004//6295 3836//6296 2443//6297
f 2446//5504 2796//6298 6207//6299
f 2443//6016 3294//6015 4099//4197
f 3294//6015 2444//6300 3649//6301
f 379//4954 3840//4953 378//117
f 6283//6302 2797//4202 3839//6273
f 2793//5497 6207//6299 6208//5498
f 5883//6274 6208//5498 6283//6302
f 5000//6303 18//2704 4346//6304
f 2456//6305 4459//6306 5001//6307
f 6684//6308 4227//6309 6630//6310
f 2364//4206 4226//5891 4352//6311
f 2364//6312 3384//5510 4100//4207
f 3379//5506 4451//6313 5340//5656
f 3380//5507 4347//6314 4136//6315
f 4450//6316 4351//6317 4136//6318
f 1296//6293 5003//6319 5004//6295
f 4450//6316 4451//6313 5006//4971
f 4350//6320 2804//6321 2796//6298
f 4350//6322 2802//5399 2804//6321
f 1289//6291 2804//6323 4349//5508
f 5008//6324 3087//6325 2365//4638
f 1308//6326 5008//6324 4456//6327
f 3383//6037 5010//2570 5009//6034
f 3301//2570 3258//6036 3845//6328
f 1299//2570 4006//4639 2365//4638
f 4006//4639 1299//2570 3848//6329
f 2807//6330 383//118 3847//4641
f 3848//4642 3847//4641 2809//4632
f 3385//6035 3301//2570 4701//5511
f 2808//6331 3471//5655 2455//6332
f 3303//4644 2455//6332 3850//4646
f 3850//4646 2455//6332 3471//5653
f 4281//6333 3490//6334 3654//5895
f 387//5517 3306//6335 4011//5518
f 3308//5519 4011//5518 2460//5440
f 5013//6336 4662//6337 3854//5776
f 3307//6338 1310//122 4914//6064
f 4643//4 3388//4654 2367//6339
f 4228//5402 2367//4655 2369//5443
f 3310//6340 2369//5443 2367//4655
f 3310//6340 3388//4654 3855//5520
f 3730//4233 1848//6341 3731//6070
f 6509//6342 1312//6067 4263//5686 6388//6343
f 5884//1906 5448//6344 5110//6345
f 3859//6346 391//6347 5448//6348
f 3855//5520 2814//1902 5449//6349
f 3859//6350 4264//4237 6120//1904
f 3853//6351 3732//6352 4353//6353
f 1304//6047 2467//5691 5235//6354
f 2458//6052 1303//4230 3734//5448
f 3738//4240 3656//4132 3657//4134
f 3314//4133 6056//4908 6331//6355
f 3736//6356 3860//5705 396//6357
f 1315//4659 3497//5030 2816//4657
f 3860//5705 3055//6358 2817//6359
f 3860//5705 2816//4657 3497//5030
f 3861//6360 6212//6361 3862//6362
f 3658//6363 2377//4660 5018//4241
f 4359//4662 2819//4661 3871//6364
f 399//6365 4359//4662 4358//6366
f 4025//5048 2476//5712 5017//6367
f 3863//6368 3658//6363 5018//4241
f 3741//4243 2821//4245 2479//4244
f 2481//4664 3742//6369 3864//6370
f 3865//4248 3863//4665 5018//6371
f 3741//4243 2479//4244 3865//4248
f 3967//4249 3865//4248 2479//6372
f 3318//1892 2374//5042 3319//1890
f 1319//4666 3501//5711 360//6216
f 2822//4667 2820//5049 399//4669
f 5020//5452 3867//6373 4361//6374
f 2376//6375 2487//4673 3868//6376
f 1329//5913 3868//6377 4708//6378
f 4668//6379 3393//5543 401//5085
f 5117//6380 4174//6381 1322//6382
f 3394//4254 5384//6383 3659//4672
f 2377//6104 4267//6105 3869//5536
f 1856//5063 3871//6364 5330//5723
f 4704//5524 5330//5723 3871//6364
f 1327//4676 2377//4660 3658//6384
f 3869//5536 2818//5463 3391//6088
f 4359//4662 3871//6364 1326//5065
f 4776//6385 4775//6386 5342//2600
f 3511//5082 4362//6387 4176//6388
f 4869//6389 4137//6390 4710//6391
f 1328//5542 3396//1908 4776//6392
f 3324//1910 2497//1909 2496//5466
f 2380//5537 5024//5467 2496//5466
f 3324//1910 4776//6393 3396//1908
f 406//5545 2829//5541 1328//6394
f 5025//6395 3504//5716 3104//6396
f 5026//5540 4270//5538 2380//6397
f 406//5545 401//5085 3393//5543
f 3868//6376 5026//5540 2376//5530
f 3397//6398 2833//4268 2831//6399
f 408//5087 2831//6399 2833//4268
f 3758//4271 2501//4270 4271//6400
f 2833//6401 3397//4681 2384//4683
f 3398//4273 2384//4683 3397//4681
f 3398//4273 5029//6402 2383//6403
f 2834//4143 3325//4272 2382//4273
f 3399//6404 2501//4270 5452//6405
f 3403//5092 1331//4267 2833//4268
f 411//6406 3874//4691 3875//5548
f 5134//6407 40//142 5027//6408
f 3400//6409 3327//6410 2387//5547
f 3401//1911 3875//5548 3874//4691
f 4364//5549 413//1912 4138//6411
f 3876//5749 5250//4700 3402//6412
f 2837//6413 4712//6414 5318//5472
f 4491//5096 3877//4282 4366//6415
f 1331//4267 3403//5092 4138//6416
f 3527//6417 3327//5099 3400//6409
f 4932//4703 2386//6121 2838//4704
f 1336//6418 2838//4704 2386//6121
f 5508//6419 5251//6420 414//4145
f 3879//6421 3880//5110 3881//6422
f 3766//4708 6052//4707 4212//6423
f 4783//5764 6215//2613 3531//6137
f 3883//5120 3407//2645 3884//2645
f 5184//6424 6216//2645 4979//2645
f 4673//2645 2525//2645 4582//6425
f 4008//5556 4007//4716 5684//5557
f 5031//4717 3098//2615 2842//2588
f 3098//2615 5031//4717 4007//4716
f 3886//6426 2842//2588 4370//5127
f 4908//6427 3305//5020 5685//6428
f 5399//4721 2530//4721 3336//4721
f 4234//6153 5888//6429 4939//5132
f 5033//6430 3891//6431 4187//6432
f 1340//6433 5401//5805 5453//4721
f 4797//2623 420//2623 5041//2623
f 3899//5810 3565//5809 4057//2628
f 3268//6434 3570//5816 6218//6435
f 422//4728 5464//6436 5258//4729
f 4956//6437 4377//2628 5046//6438
f 5474//6439 2546//6440 5545//7
f 4390//4739 4649//4306 3921//6441
f 2395//5822 2549//4306 6012//6442
f 3270//6443 6012//6442 2549//4306
f 5478//4306 1351//6444 5479//6445
f 2394//4306 5595//6446 3270//6443
f 4391//4306 4390//4739 6080//4306
f 5480//6447 3926//6448 5676//4306
f 5481//6449 2551//6450 5302//4306
f 5482//6451 3928//6452 5732//6453
f 2397//2636 2554//2636 6013//6454
f 3272//4741 6013//6454 2554//2636
f 3599//2636 4561//2636 4836//6455
f 6252//2636 1354//6456 5485//6457
f 2555//2636 4072//2636 5065//2636
f 5487//6458 3936//6459 5489//2636
f 4737//139 2558//139 4208//6460
f 4116//139 4883//6461 6308//139
f 4688//139 6221//6462 6219//6463
f 6219//6463 427//6464 5191//6465
f 4089//139 4972//139 5492//6466
f 5730//6467 3944//2645 4739//2645
f 5070//6468 5186//6469 5071//2645
f 5072//2645 43//4154 5071//2645
f 4846//6470 3618//2645 4583//2645
f 4785//5121 3946//4746 4502//2645
f 429//6471 3950//6472 4849//6473
f 469//221 3953//4318 2871//1962
f 534//2770 3436//4763 2592//4761
f 3436//4763 2876//4765 5315//6474
f 65//1967 473//2670 5315//6474
f 2601//2858 2878//1998 590//2856
f 2603//2861 2880//4346 591//2860
f 2605//4352 2882//2001 592//2863
f 3954//2007 2608//4357 2888//2869
f 2608//4357 3954//2007 2609//2009
f 2889//6475 3954//2007 2888//2869
f 2889//4359 2888//2869 594//2874
f 651//2036 1456//2035 3630//2040
f 3631//2038 3630//2040 1456//2035
f 2618//6476 2894//5239 656//2973
f 2619//2977 2895//2042 657//2976
f 2620//2981 2897//2045 658//2980
f 3955//2053 2623//4380 2903//2984
f 2623//4380 3955//2053 2624//2055
f 2904//4380 3955//2053 2903//2984
f 2904//4380 2903//4788 660//2989
f 717//2079 1494//3072 3632//5841
f 3813//758 2908//2087 2907//6477
f 2635//4390 2911//2091 721//3083
f 2636//3088 2913//2094 722//3086
f 3956//2102 2639//4397 2919//3091
f 2639//4397 3956//2102 2640//2104
f 2920//4397 3956//2102 2919//3091
f 2920//4397 2919//3091 724//3096
f 781//2130 1531//2129 3633//2132
f 3814//890 2924//4809 2923//3196
f 2651//5272 2927//2143 785//3202
f 2652//3206 2929//6478 786//3207
f 3957//2154 2655//4417 2935//6479
f 2655//4417 3957//2154 2656//2156
f 2936//4417 3957//2154 2935//3210
f 2936//4417 2935//6479 788//3217
f 845//2168 1568//2167 3634//6480
f 3815//1025 2940//4431 2939//3304
f 2667//3308 2943//2181 849//3307
f 2668//6481 2945//2184 850//3313
f 3958//2192 2671//4442 2951//3317
f 2671//4442 3958//2192 2672//2194
f 2952//4442 3958//2192 2951//3317
f 2952//4442 2951//3317 852//4818
f 909//6482 1605//2215 3635//2218
f 3816//1160 2956//4451 2955//3413
f 2683//5301 2959//2229 913//3416
f 2684//3420 2961//2232 914//3419
f 3959//2240 2687//4461 2967//3423
f 2687//4461 3959//2240 2688//2242
f 2968//4461 3959//2240 2967//5304
f 2968//4461 2967//3423 916//3428
f 973//5592 1642//2260 3636//2263
f 3817//6483 2972//2269 2971//3520
f 2699//3525 2975//2275 977//3526
f 2700//3529 2977//2278 978//3528
f 3960//2286 2703//4478 2983//5321
f 2703//4478 3960//2286 2704//2288
f 2984//4478 3960//2286 2983//5321
f 2984//4478 2983//3532 980//3537
f 1037//6484 1679//2307 3637//2310
f 3818//1427 2988//2316 2987//3635
f 2715//3639 2991//2321 1041//3638
f 2716//3644 2993//4848 1042//3642
f 3961//2332 2719//4496 2999//3648
f 2719//4498 3961//6485 2720//2334
f 3000//4496 3961//2332 2999//3648
f 3000//4498 2999//3648 1044//3653
f 1101//2355 1716//2354 3638//6486
f 3819//3758 3004//4855 3003//3759
f 2731//3763 3007//2368 1105//3762
f 2732//3768 3009//2371 1106//3765
f 3962//2379 2735//4512 3015//3773
f 2735//4512 3962//2379 2736//2381
f 3016//4512 3962//2379 3015//3773
f 3016//4512 3015//3773 1108//3779
f 1165//6487 1753//5358 3639//2401
f 3820//3880 3020//4522 3019//3881
f 2747//3885 3023//2412 1169//3884
f 2748//3891 3025//2415 1170//3892
f 3963//2423 2751//4532 3031//3896
f 2751//4532 3963//6488 2752//4534
f 3032//4532 3963//2423 3031//3896
f 3032//4532 3031//3896 1172//3901
f 1225//6489 1790//2445 3640//2448
f 3821//1820 3036//4871 3035//4000
f 2763//4004 3039//2459 1229//4003
f 2764//4013 3041//2462 1230//4007
f 3964//2470 2767//4551 3047//4014
f 2767//4551 3964//2470 2768//2472
f 3048//4551 3964//2470 3047//4014
f 3048//4551 3047//4014 1232//4019
f 6521//6490 2777//4569 6530//4569
f 358//24 4173//6491 1//325
f 4641//4901 3256//4900 3494//6492
f 4026//5050 5493//5602 5077//6493
f 3967//4249 3656//6494 4360//6495
f 364//1895 2792//6496 2782//6221
f 5079//6497 3451//5634 4440//6498
f 3970//4919 5//5485 5136//6499
f 6197//6500 3444//4921 6224//4920
f 3366//5612 3365//6501 2520//4712
f 3644//4911 4277//6502 3971//4909
f 1820//2681 5136//6503 5//5485
f 5080//6504 3972//4914 365//6505
f 2411//5414 3277//4583 4421//6506
f 4714//6507 3769//6508 1822//5947
f 2413//5949 2414//6227 2411//5414
f 3444//4921 5082//5418 3970//4919
f 1263//6226 3644//4911 1823//4910
f 3365//6501 3977//6509 3971//4909
f 4986//6510 1262//6511 365//6505
f 5882//6512 4652//5417 3822//6513
f 1822//5947 4420//4917 4852//4580
f 6588//4580 3975//6514 6593//6515
f 6610//6516 5081//4578 3975//6514 6624//6517
f 1824//6518 5083//6519 4422//4165
f 5084//6520 2412//4162 4337//5945
f 2412//6521 5084//6520 3693//6522
f 3059//2523 3977//6523 3365//2524
f 1823//4910 3977//6523 3978//4924
f 3976//6524 3978//4924 4423//5965
f 3448//2538 3369//2536 3977//6523
f 368//4928 4655//6234 3072//2557
f 2419//6525 5085//5856 4150//6264
f 4093//6526 3279//6233 4095//6527
f 3281//5420 3980//6528 3279//6233
f 1269//6529 5647//6530 4341//6244
f 1270//6245 4095//6527 4153//6531
f 4748//5623 4656//6532 2422//5967
f 3696//4929 5269//5966 3282//110
f 4151//6533 7//2678 4426//4930
f 4425//6534 3982//6535 5089//6536
f 4154//6537 3065//6538 4424//6539
f 5083//4166 1824//6518 5089//6536
f 1261//6219 4155//4932 4850//4617
f 1272//4595 1274//5397 3066//6540
f 2424//6541 3831//6542 375//4951
f 1818//6543 4429//5979 4242//6544
f 1817//6545 6334//6546 5090//6547
f 5091//6548 3969//6549 4418//6550
f 5079//6551 9//223 4434//6552
f 4432//6553 3987//6554 4887//4180
f 2426//6555 3700//4942 3987//6554
f 5092//6556 3988//6557 4434//6552
f 4658//6558 3070//5990 4430//4936
f 3985//4933 3069//6559 4252//6560
f 1828//6561 3456//5987 3454//6562
f 4158//6563 3285//4941 4435//6564
f 3285//4941 5444//6565 3985//4933
f 1829//4181 4887//4180 3989//4184
f 3700//4942 2426//6566 3455//4943
f 3989//4184 3700//4942 1831//4944
f 1276//4605 4435//6567 5668//6568
f 4252//4939 3071//2555 3990//6569
f 4253//5878 5494//5874 1277//6570
f 1280//4183 3989//4184 1831//5988
f 3072//6571 3990//6569 3071//6572
f 4436//4940 4252//6560 3990//6569
f 4438//6573 3979//6574 4098//6575
f 1280//4183 1825//5615 2428//2554
f 4437//4945 3457//5636 3373//4190
f 2428//2554 3373//4190 1830//2552
f 4098//6575 3287//6576 5092//6577
f 3458//6578 3825//5962 3372//5493
f 4246//6579 1826//5960 4888//5989
f 4151//6533 3278//5620 4438//6573
f 4659//6580 3287//6581 4654//2528
f 2439//5496 4699//5430 3829//6266
f 3834//6582 6211//6583 3991//1893
f 3833//6282 2438//4194 2431//6584
f 3829//6266 3293//4627 3830//6267
f 3991//1893 6211//6585 4698//6586
f 3991//1893 4698//2560 2792//5640
f 4092//5629 375//4951 4159//5641
f 5094//5643 3462//6587 4160//6588
f 3969//6549 1834//6589 4418//6590
f 4439//6591 3463//6592 4751//5633
f 3993//6593 4754//6594 4441//6595
f 5095//6596 3992//6597 6060//6598
f 4345//4952 3376//6272 3840//4953
f 4448//6599 3465//2562 379//4954
f 3079//6013 4442//5646 3464//6001
f 3466//2563 3076//5648 3833//6009
f 15//208 4160//6588 5095//6596
f 3077//6005 5234//6600 4444//6008
f 3074//6000 5496//6601 3289//5998
f 1286//6602 4995//6603 4256//4125
f 3994//2561 2795//2558 376//5501
f 2438//4194 3467//4196 4997//4955
f 2438//4194 4997//4955 2431//6584
f 3708//4956 3467//4196 2440//5650
f 3467//4196 3708//4956 4997//4955
f 4159//5641 3073//6283 2431//5642
f 3077//6604 5096//6007 1833//6010
f 3468//6605 2434//6606 1834//6589
f 3468//6605 6004//2565 5496//6601
f 3996//4958 1839//4965 3469//4959
f 2442//6014 4447//4960 4755//6607
f 381//5658 3996//4958 6068//4961
f 3996//4958 381//5658 1839//4965
f 5006//6289 3838//4969 1841//116
f 3997//4964 3714//4963 2442//6014
f 5097//5431 1841//116 3838//6608
f 3999//5432 5097//5431 3838//6608
f 3997//4964 3999//4968 377//4970
f 4445//4989 4894//6609 5098//6610
f 2362//2 4162//6611 1288//6612
f 6644//6613 1288//6612 6640//6614
f 2447//4198 4854//6615 1290//6616
f 4162//6611 1290//1 3650//4126
f 378//117 1841//6617 379//4954
f 4448//6599 379//4954 5097//5431
f 13//209 4895//6618 4161//6619
f 5098//6610 4000//5428 4001//4191
f 4448//6599 4002//5433 5445//4974
f 5099//6620 3464//6621 6108//4973
f 4000//5428 3995//6622 4001//4191
f 5234//6600 3711//6004 4163//6020
f 4755//6623 3716//6624 4442//5646
f 2363//4204 3471//5655 2808//6331
f 3851//6625 5100//6626 3723//6045
f 3082//4205 5101//6022 6067//5657
f 5101//6022 2363//4204 4700//6046
f 4449//6627 6118//6628 3479//6629
f 4757//6630 3717//6631 3472//4645
f 3378//4980 4907//4128 5102//6632
f 3080//6633 3298//6634 5102//6632
f 3474//4212 3295//5434 4899//4981
f 1294//6635 4897//6023 3719//6636
f 5497//4985 4855//6637 3718//4211
f 1296//6293 4857//6638 4898//6639
f 4451//6313 3379//5506 3843//6640
f 3473//4978 380//4977 3382//4987
f 3382//6641 5498//6642 6068//4961
f 20//2667 4452//6643 4449//6627
f 3476//4994 4166//6644 4003//4995
f 22//196 384//195 3085//2662
f 2806//4999 3846//2571 5107//6645
f 4462//6060 2805//6646 3087//6325
f 5103//6647 3477//6648 3258//6036
f 4102//6649 3300//6650 5104//6651
f 1844//6652 4454//6653 4458//6654
f 5202//120 5104//6651 5011//6655
f 4905//6043 3302//6041 4167//2570
f 5446//6033 4167//2570 1298//2568
f 2806//4999 383//118 2807//4224
f 1300//2570 5009//6034 5010//2570
f 4660//2570 2365//4638 3089//4637
f 2454//6656 5010//2570 1302//6657
f 3385//6658 4352//6659 3722//6660
f 3472//4979 3717//4976 5011//4643
f 3849//6661 5012//6662 383//118
f 5447//6663 4006//4639 4347//6314
f 17//289 5000//6664 5105//6665
f 384//195 5105//6665 3085//2662
f 394//5192 4007//4716 4008//5556
f 2389//5555 4018//6666 4008//5556
f 6069//6667 5501//6668 5106//6669
f 5275//2577 3097//2576 2389//5555
f 386//6670 395//1907 4941//6671
f 3304//5694 2457//6073 3408//6672
f 3667//5025 4369//6673 4019//6674
f 4789//5931 5145//6675 3725//4718
f 3305//5020 3725//4718 4183//6676
f 3408//6672 2457//5696 5032//6677
f 1846//5781 3541//2617 5271//5128
f 1306//6678 5271//5128 4461//6679
f 5271//5128 1306//6678 1846//5781
f 2811//5661 4169//6680 5500//6681
f 5271//5128 4170//2580 4009//2579
f 387//5517 3481//5670 389//6682
f 4104//6058 4101//6683 3309//6684
f 4662//6337 3539//4649 3854//5776
f 1846//5781 1306//6678 1866//6685
f 4505//5134 4942//5133 4860//6686
f 5931//6687 4261//1901 5142//6688
f 1365//181 4010//6689 5886//6690
f 4010//6691 1365//181 4313//4754
f 3481//5670 2450//6692 389//6682
f 4762//5668 3481//6693 3308//5519
f 21//2660 4166//6644 5341//6694
f 4453//6695 1847//6696 4461//6697
f 5608//4991 3084//4990 4169//6680
f 6126//123 3307//6698 5103//6647
f 4762//5668 3308//5519 4661//5439
f 4661//5439 4860//6686 3720//4220
f 4261//1901 1847//6696 6242//6699
f 6093//6700 4013//6701 3739//6702
f 6522//6703 3739//6702 4464//6065 6396//6704
f 5108//5900 4014//5605 4743//5604
f 1311//6705 3275//125 5014//124
f 4105//126 4467//6706 4106//6707
f 5014//124 4105//126 391//6347
f 3389//5445 5394//5674 2465//4235
f 3857//5447 2466//5446 3259//5010
f 3310//4656 3312//127 2369//5443
f 3857//5009 2368//5008 3858//5400
f 3859//6346 6120//1904 5014//6708
f 4644//5403 2370//6709 3484//6710
f 392//6711 6335//6712 1313//6713
f 24//6714 5109//6715 4086//6716
f 4016//6717 4470//6718 4469//5404
f 6051//6719 393//6720 3311//5444
f 5681//5679 5110//6345 4106//6707
f 2464//4236 3486//6721 4663//4234
f 4356//5684 4766//6722 3730//4233
f 4766//5682 3486//6721 2464//4236
f 3856//5017 4356//5684 3731//6070
f 5109//6723 24//6724 5112//6725
f 4356//5684 3856//6726 3095//6074
f 1849//6727 4471//5015 392//6728
f 3487//6729 4766//6722 2468//5449
f 4017//5016 3095//5683 3856//5017
f 4018//6666 5112//6725 4008//5556
f 3480//5019 3667//5928 3096//2585
f 3098//6730 4007//4716 394//5192
f 395//1907 393//6720 6061//6731
f 2468//5449 3095//5683 2457//6073
f 5113//5849 4020//5026 1317//6080
f 3274//6732 3861//6360 5114//6733
f 4885//6734 363//6735 4770//5033
f 4474//6736 4021//6737 4173//6491
f 3100//6738 3499//6739 4771//4905
f 4020//6740 3099//5028 3498//6741
f 2372//4137 6328//6742 3438//6743
f 3276//6744 4357//6745 3862//6362
f 397//29 5078//6746 4474//6736
f 4769//6747 3494//6492 4473//6748
f 3499//6739 3642//6749 3498//6741
f 4172//6750 3484//6710 5078//6746
f 4358//6366 4484//5066 5016//6751
f 6070//5708 398//5038 4022//5068
f 4107//6752 3315//6753 4476//6754
f 4664//5450 2477//2590 4485//5729
f 4920//6106 1850//6082 4108//6755
f 4107//6752 27//170 4109//6756
f 6476//6757 6540//6758 5682//6759
f 399//6365 5016//6751 2823//6760
f 3501//5711 1319//4666 3502//6761
f 2823//4668 3502//5037 1319//4666
f 3318//1892 360//6216 3501//5711
f 4922//5406 2374//5042 4665//6762
f 2824//2591 4705//6763 2478//6764
f 4921//6765 5648//6766 3866//4671
f 5021//6767 3867//6373 4109//6756
f 4360//6495 4741//2520 2481//4664
f 3967//4906 2479//4244 3503//6768
f 2822//6769 4026//5050 2820//5049
f 1319//4666 5493//6770 2822//6769
f 3103//5713 4025//5048 4918//5714
f 4026//6771 4918//5714 4025//5048
f 360//6772 4091//6773 1319//6774
f 4026//6771 2822//6769 5493//5602
f 5076//6775 1320//5598 5019//4670
f 3256//4900 3965//6776 5021//6767
f 4361//6374 3965//4902 2352//4904
f 3744//6777 4177//6778 5115//6779
f 3105//5721 4477//6780 4479//5726
f 2485//2595 3322//6781 4668//6379
f 2830//5086 4668//6782 401//5085
f 4480//6096 4924//6783 3745//4252
f 4707//6784 3393//5543 4110//6785
f 1852//4251 3320//132 1854//131
f 3506//5720 1854//6786 4478//130
f 3106//2592 3322//6781 2485//2595
f 4027//6787 5115//6779 5116//6788
f 1852//4251 3747//5059 4480//6789
f 3747//5059 1852//4251 1854//131
f 5117//6380 4110//6785 402//6100
f 5116//6788 31//6790 4175//6791
f 1854//6786 3506//5720 4029//5058
f 6461//6792 1325//6101 6463//6793
f 4670//6794 4669//6098 5502//6795
f 5117//6380 3107//5064 4174//6381
f 1856//5063 5330//5723 2827//5532
f 2378//6103 4866//6796 3750//6797
f 5273//6798 402//6799 4028//6800
f 3748//6801 1853//6095 2489//4257
f 3749//4256 3748//6801 2489//4257
f 4030//6802 1855//6097 3747//5059
f 5317//6803 4022//5068 3507//6804
f 1326//5065 4926//6099 4358//6366
f 3109//5719 3108//5060 3506//5720
f 4482//6083 4030//6802 4023//6805
f 4175//6791 32//166 4476//6754
f 3108//5060 3109//6806 4475//6807
f 3110//6808 3753//4261 3513//6115
f 2832//5071 405//5069 4176//6388
f 404//5730 4176//6388 405//5069
f 1857//5731 3754//6116 2492//5732
f 3110//6809 3516//6810 3753//4261
f 3110//6808 3751//6811 3114//6812
f 4487//6813 3114//6814 5118//2597
f 2491//5090 3512//6815 1857//6816
f 408//4266 5274//5070 5119//5075
f 2831//6399 5119//6817 5342//2600
f 3111//4678 5024//5467 5120//6818
f 4031//6819 3756//5081 1858//4260
f 5123//6820 35//4316 4177//6778
f 1857//6816 3512//6815 5121//6821
f 2499//6119 4032//6822 3514//5737
f 5342//2600 3872//6823 1328//5542
f 1328//5542 3872//6823 406//5545
f 4362//6387 406//5545 3872//6823
f 4870//5916 3661//5915 6071//6393
f 2830//5086 3511//5082 3112//6824
f 3504//6825 2494//5736 407//5735
f 4488//6826 3113//6827 3115//5740
f 6073//6828 3113//6827 4178//6829
f 2832//5071 4035//4281 405//5069
f 4034//5091 2491//5090 6336//6830
f 2503//6120 3517//5739 1859//5469
f 5126//6831 4497//6832 4120//156
f 5126//6831 36//155 5129//6833
f 5127//6834 4037//5094 4033//6835
f 5028//5103 3877//4282 5128//6836
f 3115//5740 4490//6837 5124//6838
f 5129//6839 33//423 4929//6840
f 4487//6813 5125//6841 3114//6812
f 2832//5071 4111//5088 5128//6836
f 4276//6842 1336//6418 5130//6843
f 411//4692 5133//6844 3879//6421
f 2506//137 2388//5407 6074//4699
f 2513//5746 5131//5748 6297//6845
f 3526//6846 1865//2609 3518//6847
f 1333//6848 3662//5105 1332//6127
f 1864//6849 4492//6126 4272//6850
f 4273//6851 4038//6852 5130//6843
f 5133//6844 3875//1913 4364//5549
f 4040//6853 3874//4691 2835//4687
f 4040//6854 2835//4690 3522//4698
f 3118//2610 1861//5101 5132//4291
f 5134//6855 3519//6856 3518//6847
f 4495//6857 1332//6127 4492//6126
f 4273//6851 3761//4284 4933//6858
f 2387//5547 3328//5546 4496//6859
f 2510//4696 6094//6860 3328//4694
f 4494//6861 1863//6131 3116//6862
f 3401//6863 4040//6853 3878//6864
f 1335//5925 4871//5924 4933//6865
f 4366//6866 4040//6853 3522//4698
f 5504//5756 2512//6129 2502//5757
f 4781//6867 4496//6859 4671//6868
f 4497//6832 3521//5751 5027//6408
f 5135//5752 4036//5093 4672//4289
f 3330//5743 4119//6869 3526//5744
f 1864//6870 3528//6871 1862//6872
f 2508//5920 4274//6873 2385//6122
f 414//4145 5251//6420 3879//6421
f 3881//6422 3880//5110 4367//6874
f 411//6406 3881//6422 3760//4685
f 4275//6875 3529//5115 3527//6417
f 2514//5097 3764//4293 2508//5917
f 3527//6417 415//4706 3327//6410
f 2514//5097 3327//5099 415//4706
f 6215//2613 4782//4290 3120//2614
f 5506//6876 4276//6842 5505//6877
f 1336//6418 4499//6134 2838//4704
f 2839//5763 3330//5743 2513//5746
f 4501//1917 2517//1916 3120//2614
f 2519//5759 4119//6869 3330//5743
f 3528//6878 4498//5108 4501//1917
f 4501//1917 3120//2614 3528//6878
f 415//4706 3527//6417 6052//4707
f 4041//5111 3880//5110 3434//5586
f 4119//6879 2519//5759 3121//5942
f 2861//5937 4713//6880 3625//6881
f 5592//5189 4042//6882 4590//5181
f 4//255 416//5188 1820//2681
f 6006//6883 3439//4163 4180//6884
f 1264//6885 2522//4297 4851//6139
f 4043//5126 5136//6503 3332//5125
f 3689//4168 3441//4170 3882//6886
f 3534//6887 3882//6886 3441//4170
f 3057//5767 4421//6506 3883//5120
f 2522//4297 3768//6143 4851//6139
f 5072//2645 3273//2645 3947//6888
f 3333//5124 416//5188 3947//5123
f 2399//6889 3947//5123 42//6890
f 6216//2645 3406//5554 2841//2645
f 5195//6891 6139//6892 5138//2645
f 1361//4298 4583//2645 4403//4296
f 4785//5121 3122//4713 4277//6502
f 3122//4713 4785//5121 2859//6893
f 3435//1918 4370//5127 1894//185
f 5886//6894 4010//5130 418//6154
f 4044//6895 3538//5666 4912//6062
f 4940//4300 5013//6336 1867//5775
f 3854//5776 5141//6896 4786//5777
f 4011//5518 3306//6335 5143//6157
f 3541//6897 6049//6898 4182//2616
f 6048//6899 1868//6900 6061//6731
f 5934//5930 3125//6901 4369//6673
f 4281//6333 4103//5897 5146//6902
f 5036//4721 2846//6903 5149//4721
f 5277//4721 5144//6904 2843//6905
f 3889//4721 5515//6906 5670//6907
f 4503//6908 4044//6895 5512//5788
f 4787//6909 3124//6910 5214//5787
f 3127//6911 3888//4721 3546//5136
f 3546//5136 3549//6912 3124//6910
f 3263//4721 5237//4301 3776//4721
f 3671//6913 1340//6433 3892//4721
f 5385//4721 3671//5137 5212//6914
f 6171//5785 5514//6915 5281//4721
f 5510//6916 3552//4721 6099//6917
f 5152//5139 4513//5140 419//6918
f 6495//6919 3126//6920 4716//6921 6408//6922
f 3415//2623 5947//6923 5522//6924
f 5156//6925 5285//6926 5355//6927
f 6294//6928 6151//6929 4524//6930
f 4055//6931 5285//6926 4377//4727
f 4522//6932 5256//6933 5284//6934
f 3781//6935 2537//6936 4721//2628
f 3782//6937 4527//4727 1873//4727
f 3135//6938 2848//2628 6054//5813
f 3134//6939 6054//5813 2847//2628
f 1345//4727 4722//6940 6170//6941
f 3562//6942 5220//2625 5360//4727
f 5257//2628 3338//2628 3903//2628
f 5362//6943 4724//6944 4145//4727
f 4528//6945 5459//2628 6131//6946
f 5529//2628 3135//6947 5530//6948
f 5044//2628 5043//2628 5529//2628
f 6472//2628 3133//6949 5359//2628 6515//2628
f 5840//6950 6131//6946 5839//6951
f 3419//6952 5538//6953 5539//4735
f 1346//4735 5295//6954 5367//4735
f 4059//6955 3574//6956 5540//6957
f 4824//6958 3787//6959 2545//7
f 4063//7 2545//7 3787//5156
f 3342//4738 3917//7 5543//6960
f 5547//6961 5850//6962 5633//6963
f 6134//6964 5970//6965 4385//7
f 4387//6966 5598//7 5552//7
f 4064//6967 3582//7 6137//6968
f 5913//6969 3919//6970 6267//6971
f 4829//6972 3790//5165 2550//4306
f 4067//4306 2550//4306 3790//5165
f 3343//5163 3925//4306 6267//6973
f 5559//2632 5863//6974 5636//2633
f 5171//6975 5172//6976 4731//4306
f 5169//6977 1351//6444 5058//4306
f 3923//4306 3271//4306 5675//4306
f 5564//6978 425//6979 5565//4306
f 2394//4306 6080//4306 5566//4740
f 4068//6980 3590//4306 6313//6981
f 5919//6982 3926//5170 3345//4742
f 4834//6983 3794//5171 2555//2636
f 4072//2636 2555//2636 3794//5171
f 3345//4742 3934//2636 5570//6984
f 5435//6187 4560//2636 4969//6188
f 5265//4745 1885//6985 5575//2636
f 5174//6986 1354//6456 6317//6987
f 3931//2636 5732//6988 3933//2636
f 4563//2636 4564//6989 5486//2636
f 5580//6990 6082//5828 5581//6991
f 5177//6992 5176//6993 4566//6994
f 4568//6995 6221//6462 4569//6996
f 4089//139 6175//5482 4972//139
f 4118//6997 5678//6998 6221//6462
f 4205//6999 5309//7000 5224//2634
f 1887//139 3798//7001 5437//7002
f 3613//7003 3429//139 4844//7004
f 5490//139 5584//139 4575//7005
f 5585//7006 3143//7007 5586//7008
f 3798//7001 5587//7009 5184//7010
f 1359//7011 6340//139 5997//7012
f 3613//7003 5185//7013 4574//7014
f 6504//139 6489//7015 5588//139
f 6451//7016 5187//7017 4079//7018 6369//7019
f 5187//7017 3146//7020 4591//7021
f 3803//7022 5248//6196 4307//5483
f 5192//2645 3805//2645 5189//7023
f 4311//2645 3807//7024 5228//7025
f 5188//7026 6104//7027 5193//7028
f 5073//2645 3948//7029 5193//7028
f 5185//7013 5194//7030 3944//2645
f 5194//7030 3144//4153 4402//2645
f 5183//7031 5182//7032 4080//7033
f 4112//2645 3334//2645 5586//7008
f 5441//7034 1888//7035 5195//6891
f 5137//5769 3536//5768 5138//2645
f 4976//2645 3804//7036 4586//7037
f 4593//2645 4081//7038 5192//2645
f 5190//7039 3802//7040 4310//7041
f 4981//6205 3621//7042 4310//7043
f 5191//6465 427//6464 4589//2645
f 5197//5943 4083//7044 5196//2645
f 4589//2645 2857//7045 5196//2645
f 4210//2645 3623//2645 4591//7021
f 4977//2645 3620//2645 3952//7046
f 3622//5832 3952//7046 3620//2645
f 2861//5937 3625//6881 4081//7038
f 3624//7047 3623//2645 3810//7048
f 3157//2683 4083//7044 5197//5943
f 4083//7044 3157//2683 3150//5201
f 4500//5113 4041//5111 2860//5585
f 4085//5762 5075//4750 6205//4749
f 1890//2648 4984//2647 3531//6137
f 38//147 5592//5189 41//148
f 526//5205 3158//7049 79//7050
f 4314//4344 3161//2755 6015//4774
f 4315//4349 3162//2759 82//4345
f 4596//5211 3163//4348 83//4351
f 537//375 2876//4765 535//4335
f 3436//4763 535//4335 2876//4765
f 589//5218 3168//2852 102//7051
f 4597//4367 3169//2855 103//5236
f 4598//4371 3170//2859 104//7052
f 4599//4374 3171//2862 105//4372
f 4600//5226 3172//4373 106//4375
f 596//2879 3954//2007 2889//6475
f 597//2008 599//497 2611//7053
f 655//5237 3176//2967 127//2084
f 4602//4388 3178//2975 129//4387
f 4603//4392 3179//2979 130//4389
f 4604//5245 3180//2982 131//4393
f 662//2993 3955//2053 2904//4380
f 663//2054 665//623 2626//4383
f 4606//4409 3186//3084 154//4407
f 4607//4411 3187//3085 155//4410
f 4608//5255 3188//3089 156//4412
f 726//3101 3956//4803 2920//4397
f 727//2103 729//3106 2642//4401
f 4610//7054 3194//3198 179//4429
f 4611//7055 3195//3203 180//4433
f 4612//5277 3196//3213 181//4436
f 790//3220 3957//2154 2936//4417
f 791//4422 793//892 2658//4420
f 4614//4453 3202//3306 204//4449
f 4615//4455 3203//3310 205//4826
f 4616//5287 3204//3314 206//5302
f 854//3326 3958//2192 2952//4442
f 855//2193 857//1027 2674//4445
f 4618//4471 3210//3415 229//4469
f 4619//4473 3211//5303 230//4472
f 4620//5305 3212//5306 231//7056
f 918//3433 3959//2240 2968//4461
f 919//2241 921//1162 2690//4464
f 4622//7057 3218//3522 254//4484
f 4623//4490 3219//3527 255//4488
f 4624//5322 3220//3530 256//4850
f 982//3544 3960//2286 2984//4478
f 983//2287 985//2289 2706//4481
f 4626//4504 3226//3640 279//4503
f 4627//4506 3227//3641 280//4505
f 4628//5337 3228//3645 281//4507
f 1046//3661 3961//6485 3000//4496
f 1047//2333 1049//2335 2722//4500
f 4630//4523 3234//3761 304//4520
f 4631//4525 3235//3770 305//4524
f 4632//5351 3236//3771 306//4526
f 1110//3782 3962//2379 3016//4512
f 1111//2380 1113//1557 2738//4515
f 4634//7058 3242//3883 329//4540
f 4635//4545 3243//7059 330//4544
f 4636//7060 3244//3894 331//4546
f 1174//3908 3963//6488 3032//4532
f 1175//2424 1177//1693 2754//4536
f 4638//7061 3250//4002 349//4559
f 4639//4564 3251//4006 350//4563
f 4640//5378 3252//5379 351//4565
f 1234//4024 3964//2470 3048//4551
f 1235//2471 1237//1822 2770//7062
f 6525//7063 6564//7064 2779//4574
f 387//7065 389//6682 3306//6335
f 4172//6750 4086//6716 3260//7066
f 390//259 24//6714 4086//6716
f 3902//2628 6218//6435 5955//2628
f 2394//4306 5566//4740 5595//6446
f 6310//139 5596//7067 5597//139
f 3279//6233 4093//6526 369//7068
f 3980//7069 4095//7070 3279//6233
f 2421//5491 4096//5862 4094//5963
f 3285//4941 4158//6563 5444//4934
f 3292//7071 6211//6583 3293//4627
f 2443//6297 3836//6296 2444//6300
f 4101//6683 3300//6650 4102//6649
f 3300//7072 4101//6683 4012//7073
f 5011//4643 3849//6661 5202//120
f 6057//6090 4923//5046 4108//6755
f 4028//6800 4110//6785 3393//5543
f 4365//4285 4932//4703 3762//5470
f 4112//2645 4280//5476 6327//2645
f 5515//6906 4512//7074 6223//7075
f 4116//139 4687//7076 4117//139
f 4120//156 37//141 430//17
f 437//7077 4120//156 430//17
f 50//2921 6002//7078 439//160
f 457//191 4090//190 390//259
f 24//6714 390//193 4090//7079
f 5230//293 19//295 1382//2705
f 651//2036 6196//2956 1455//2037
f 716//755 4122//753 1493//2080
f 780//887 4123//886 1530//2131
f 844//1022 4124//2166 1567//2169
f 908//1157 4125//1155 1604//2217
f 972//1292 4126//1291 1641//2262
f 1036//2306 4127//1423 1678//2309
f 1100//1552 4128//1551 1715//2356
f 1164//1688 4129//1687 1752//2400
f 1224//1817 4130//3988 1789//2447
f 3318//1892 4131//1891 360//6772
f 2420//5861 4132//6241 3280//5961
f 4133//5423 2789//5971 4342//6255
f 2358//4611 3702//6259 4694//5492
f 4249//5993 1261//7080 3375//5992
f 3294//6015 1284//7081 1291//5887
f 6639//7082 4256//4125 6702//7083
f 2361//7084 2793//5497 4134//4623
f 2793//5497 2361//6277 3649//7085
f 4135//7086 3377//7087 4891//6287
f 2799//4631 4450//6316 4136//6318
f 3381//6292 4351//7088 4999//4201
f 3384//5510 4352//6659 3385//6035
f 3387//4648 3309//6684 5201//7089
f 5450//6068 4263//5686 1312//6067
f 3392//7090 2825//7091 3321//5460
f 4708//6378 2487//4673 3659//4672
f 1856//5063 1326//5065 3871//6364
f 3876//5749 2506//137 6074//4699
f 5250//4700 4138//6411 3402//6412
f 3399//6404 5452//6405 6350//7092
f 2842//7093 3886//6426 5031//4717
f 4142//7094 5834//7095 3672//7096
f 4143//2628 4142//7094 3672//7096
f 3577//7097 4147//7098 5603//7099
f 5420//7 3421//7 5604//7100
f 3422//5576 5605//7101 3421//7
f 4540//7102 4148//7103 5232//4307
f 5426//4306 3423//4306 5606//7104
f 3424//5579 5869//7105 3423//4306
f 4149//6183 3676//7106 3796//2636
f 6660//7107 3612//139 6654//139
f 3983//7108 5082//7109 3443//7110
f 3446//7111 4246//6579 5268//4948
f 4248//5860 1269//7112 2419//6525
f 6677//5856 5085//5856 4341//6244 6679//7113
f 3064//4593 4340//2532 2786//4588
f 4152//2534 3369//2536 3448//2538
f 6116//7114 3449//6247 1270//7115
f 3065//6538 4154//6537 4745//5956
f 3066//6540 4155//4932 1272//4595
f 3454//6562 4156//5981 1828//5982
f 4157//4182 1828//5982 4156//5981
f 5495//7116 2429//7117 3070//5990
f 3463//7118 4439//6591 3462//6587
f 3074//6000 2437//5999 4754//7119
f 3993//7120 4160//6588 3075//7121
f 13//209 4161//6619 16//211
f 3469//4959 4896//6012 3716//7122
f 4161//6619 3470//7123 4165//7124
f 2441//5438 4164//5437 3470//7123
f 6651//7125 4162//6611 6689//6611
f 1292//7126 4901//7127 3080//6633
f 16//211 4161//6619 4165//7124
f 4165//7128 3470//7123 4164//5437
f 4165//7124 4164//5437 2449//6029
f 6692//7129 4167//2570 3302//6041 6628//7130
f 4006//4639 5447//6663 3089//7131
f 5680//7132 5608//4991 2811//5661
f 3492//7133 5501//7134 5609//5903
f 3502//6761 5016//6751 398//7135
f 4174//6381 1856//5063 2827//5532
f 1856//5063 4174//6381 3107//7136
f 4926//6099 402//6799 5273//5067
f 2499//6119 4031//6819 4032//6822
f 409//2605 4111//5088 1331//4269
f 1865//2609 39//322 3518//7137
f 3439//5609 3533//5608 4180//6884
f 5344//4721 3547//4721 5612//4721
f 4189//7138 5614//7139 420//2623
f 5218//2623 3555//7140 5616//2623
f 4190//2623 5218//2623 4519//5142
f 3559//2623 5518//2623 5617//7141
f 3560//7142 4285//7143 3561//2623
f 5618//2623 3561//2623 4285//7143
f 5620//7144 4195//7145 5621//7146
f 4196//7147 5898//7148 5409//7149
f 5624//7150 4197//7151 5625//4734
f 5655//7152 5540//6957 5628//7153
f 6161//7154 6174//7155 5629//7156
f 5710//7 5162//7157 5967//7158
f 4878//7159 5374//5158 5707//7160
f 6339//4306 4544//7161 5975//7162
f 4880//4306 5376//5167 5714//7163
f 3597//2631 4204//7164 5635//7165
f 4204//7166 3598//7167 5635//7165
f 5637//7168 5638//2636 5574//2636
f 4561//2636 3599//2636 4205//6999
f 5639//2636 5576//7169 5983//7170
f 5312//7171 3605//7172 5640//7173
f 4208//7174 3144//4153 4844//7175
f 3144//7176 4208//7174 1360//7177
f 3614//7178 5589//7179 5590//5831
f 6103//7180 5311//7181 3537//6149
f 3623//2645 4210//2645 3810//7048
f 5198//2646 3810//7048 4210//2645
f 3626//5939 4984//2647 3621//7042
f 4211//2649 3621//7042 4984//2647
f 3627//5114 4212//6423 6052//4707
f 24//6724 4090//190 25//2658
f 497//59 1898//5199 66//2775
f 4121//617 125//2958 1455//2037
f 584//2851 4213//7182 101//2849
f 4213//2962 584//2847 1454//619
f 1457//621 4213//2962 2014//2961
f 4122//753 150//3066 1493//2080
f 652//2963 4214//3069 126//2965
f 4214//3069 652//2963 1492//3067
f 4214//3069 3353//7183 126//2965
f 4123//886 175//3184 1530//2131
f 718//3070 4215//3187 151//3190
f 4215//3187 718//3070 1529//888
f 4215//3187 3354//2137 151//7184
f 4124//2166 200//3294 1567//2169
f 782//3188 4216//3296 176//3189
f 4216//3296 782//3188 1566//1023
f 4216//3296 3355//2175 176//3189
f 4125//1155 225//3401 1604//2217
f 846//3297 4217//7185 201//3298
f 4217//3403 846//3297 1603//1158
f 4217//7185 3356//3407 201//3298
f 4126//1291 250//3509 1641//2262
f 910//3404 4218//3511 226//3406
f 4218//4466 910//3404 1640//1293
f 4218//4466 3357//2268 226//7186
f 4127//1423 275//3627 1678//2309
f 974//3512 4219//3625 251//3514
f 4219//7187 974//3512 1677//1425
f 4219//3625 3358//2315 251//3514
f 4128//1551 300//3745 1715//2356
f 1038//3629 4220//3747 276//3628
f 4220//3747 1038//3626 1714//1553
f 4220//3747 3359//2362 276//3628
f 4129//1687 325//3873 1752//3869
f 1102//3752 4221//3871 301//3750
f 4221//3871 1102//3752 1751//1689
f 4221//3871 3360//2406 301//3750
f 4130//3988 345//3989 1789//2447
f 1166//3872 4222//3992 326//3874
f 4222//3992 1166//3872 1788//1818
f 4222//3992 3361//2453 326//3874
f 1226//3993 4223//4092 346//3994
f 4223//4092 1226//3993 1811//4090
f 4223//4092 3362//2493 346//3994
f 3642//7188 4224//7189 4014//5605
f 6341//7190 5102//6632 4907//4128
f 3652//4982 4227//4227 3653//5893
f 4787//6909 4913//7191 3124//6910
f 6507//7192 6506//7193 1312//6072
f 4863//5899 3485//5680 4229//4131
f 3485//7194 4863//4130 3655//5898
f 5682//6759 4230//7195 1318//7196
f 3664//4688 5643//5471 3404//5926
f 5934//5930 4369//6673 3667//5928
f 4232//6156 3263//4721 4233//4721
f 3263//4721 4232//6156 5237//4301
f 4234//6153 3669//7197 4052//7198
f 3416//7199 4236//2628 5410//7200
f 5749//2630 3416//7199 3785//4727
f 6256//2628 3417//7201 4292//2628
f 3420//7202 5417//7203 4237//7
f 6321//7204 3584//7205 5387//7
f 5423//7206 5232//4307 4238//4306
f 5644//7207 4238//4306 5425//4306
f 5998//7208 427//6464 5678//6998
f 4241//2645 3772//6147 4402//2645
f 3682//2645 4402//2645 3772//6147
f 465//213 2402//214 60//1922
f 3687//5997 4242//6544 3688//5977
f 1265//4580 4244//5955 6285//5946
f 3689//4168 4243//5952 3691//4581
f 4245//7209 3692//6229 3691//4581
f 4690//6262 4132//7210 2419//6525
f 3978//4924 3977//6523 3369//4177
f 6009//5867 4249//5993 3697//5866
f 4250//4599 5824//5969 6194//7211
f 3364//5632 6194//7211 3363//6270
f 3699//5976 5443//4596 1273//6251
f 3452//5978 4433//7212 3698//5972
f 4251//7213 3698//7214 4433//7212
f 3454//6562 4433//7212 3452//7215
f 2427//2556 3071//6572 3069//6559
f 3704//5875 4253//5878 4692//5870
f 3457//5636 3701//7216 3456//5987
f 1837//6006 6004//7217 6292//7218
f 4254//112 2436//114 4997//4955
f 1842//4193 3709//4192 5234//6600
f 3710//5645 4255//6003 3464//6001
f 1286//6602 4256//4125 4854//5888
f 3467//4196 3291//4195 1836//5649
f 3712//6288 4257//7219 3835//4630
f 3712//6288 4891//6287 3377//5885
f 1290//6616 4162//6611 2362//2
f 2447//4198 4225//3 4258//4199
f 4225//3 2447//4198 1290//6616
f 3715//7220 4998//4200 6283//6302
f 3992//6597 4441//7221 4756//7222
f 3716//6624 4755//6607 3469//4959
f 5005//7223 4100//4207 2802//5399
f 4901//7127 2449//6029 4164//5437
f 6609//7224 3302//7225 4227//4227 6632//7226
f 3653//5893 4227//4227 3302//6041
f 4260//7227 3726//4652 5139//7228
f 2526//5667 4760//5477 5500//6054
f 3728//7229 5446//7230 1298//2568
f 5446//7230 3728//7229 4861//7231
f 4101//6683 4102//6649 5201//7089
f 3726//4652 4260//7232 2462//4650
f 4767//5689 4263//5686 5450//6068
f 4264//4237 3853//6351 3491//4238
f 3853//6351 4264//4237 3732//7233
f 6328//6742 2372//4137 4265//7234
f 3740//6078 4266//6079 3495//5702
f 3482//5676 4266//6079 3740//6078
f 4231//4139 1321//7235 1323//5458
f 4924//6783 4480//6096 5236//7236
f 3394//4254 3395//7237 4669//6098
f 3750//6797 4267//6105 1327//4676
f 4268//6107 2473//7238 4774//134
f 5396//7239 4269//7240 4488//6826
f 4924//6783 2493//5079 3745//4252
f 1862//6124 4492//6126 1864//6849
f 6475//7241 4038//6852 4273//6851 6433//7242
f 1336//6418 4276//6842 5506//6876
f 2518//5940 2839//5760 3532//5765
f 3767//4709 6278//7243 3440//6225
f 3331//5122 4277//6502 3644//4911
f 3122//4713 2520//4712 4277//6502
f 4180//7244 3533//5608 4279//6146
f 2522//4297 4278//7245 1361//4298
f 3772//6147 4279//6146 3533//5608
f 3771//2645 4937//6150 3537//6149
f 4282//4299 5143//6157 3306//6335
f 4232//6156 4282//4299 5237//4301
f 5617//7246 4191//7247 5649//7248
f 4195//7145 5407//2623 5621//7146
f 4375//7249 5255//7250 5653//7251
f 4292//2628 4951//2628 6256//2628
f 5415//7252 3576//7253 4297//5572
f 3788//7 3791//7254 3673//7
f 3673//7 5852//7255 1348//7
f 4729//7256 3586//7257 4300//7258
f 5421//7259 3586//7257 4729//7260
f 3792//7261 3795//7262 4301//6179
f 4732//7263 3594//7264 4302//7265
f 5427//7266 3594//7264 4732//7267
f 5663//2636 4303//2636 5377//2636
f 5392//139 3678//2640 5664//7268
f 6222//7269 6301//6191 4973//7270
f 3804//7036 5189//7023 3805//2645
f 3803//7022 4307//5483 3620//2645
f 5184//6424 5727//7271 3348//2645
f 3884//2645 3407//2645 4309//4309
f 3806//2645 4310//7043 3621//7042
f 3807//7024 4311//2645 3433//2645
f 3433//2645 4312//2645 4983//6210
f 6287//4751 5075//4750 4312//2645
f 4740//4313 3434//5586 3808//6208
f 4983//6210 4312//2645 5075//4750
f 3810//7048 5198//2646 3811//7272
f 3091//7273 4313//4754 388//4753
f 2589//4331 467//4332 2588//4330
f 4597//4367 2617//5241 104//5240
f 4214//3069 2629//2083 3353//4792
f 4318//3075 3632//2081 2630//3076
f 4601//4386 4406//2090 129//4387
f 4215//3187 2645//2134 3354//7274
f 4320//3192 3633//2132 2646//3193
f 4605//4406 4407//4408 154//7275
f 4216//3296 2661//2172 3355//2175
f 4322//3300 3634//7276 2662//5280
f 4609//4428 4408//2180 179//4429
f 4217//3403 2677//7277 3356//2223
f 4324//3409 3635//2218 2678//3410
f 4613//4448 4409//2228 204//4449
f 4218//4466 2693//2265 3357//2268
f 4326//3516 3636//5845 2694//3517
f 4617//4467 4410//2273 229//4468
f 4219//7278 2709//2312 3358//2315
f 4328//3631 3637//2310 2710//3632
f 4621//4483 4411//2320 254//4484
f 4220//3747 2725//2359 3359//2362
f 4330//3754 3638//2357 2726//3755
f 4625//4502 4412//7279 279//4503
f 4221//3871 2741//2403 3360//7280
f 4332//3877 3639//2401 2742//3878
f 4629//4519 4413//4521 304//4520
f 4222//3992 2757//2450 3361//2453
f 4334//3996 3640//5848 2758//3997
f 4633//7281 4414//2458 329//4540
f 4637//4558 4415//4561 349//4559
f 4338//4579 1265//4580 4852//4580
f 3692//6229 4245//7209 3824//6230
f 3458//4610 4691//4612 3368//7282
f 6194//5421 3370//4597 4250//4599
f 3370//4597 6194//7211 4133//7283
f 4250//4599 2790//4598 2788//6252
f 4344//7284 372//4604 4343//6260
f 368//4928 3072//6571 4753//5637
f 4753//5637 4747//5495 368//4928
f 3363//6270 5824//5969 3288//6268
f 376//7285 3376//7286 4345//4952
f 3479//6629 4346//6304 4449//6627
f 5447//6663 4347//6314 3380//5507
f 4757//6630 2800//4635 3717//6631
f 3381//6292 4349//5508 3380//7287
f 3842//7288 4350//6322 3836//6296
f 3842//7288 5003//6319 4856//7289
f 3843//6640 6240//7290 377//4970
f 3837//7291 4351//6317 4450//7292
f 4351//6317 3837//7291 4999//4201
f 3851//6625 3723//6045 2452//4222
f 2364//4206 4352//6659 3384//5510
f 3852//5896 4353//6353 5147//7293
f 3852//5896 3491//4238 3853//6351
f 4103//5897 4281//6333 3654//5895
f 4915//6066 4013//6701 3729//7294
f 3311//5444 5110//6345 5681//5679
f 4355//6071 6329//7295 3731//6070
f 3731//6070 6333//7296 3856//6726
f 3310//4656 3855//5520 5449//6349
f 3733//7297 2466//5446 3734//5448
f 3862//6362 4357//7298 3861//6360
f 2820//5049 5017//7299 399//4669
f 4360//6495 3863//6368 3865//4248
f 3965//7300 4361//6374 3867//7301
f 4708//6378 1321//5909 1329//7302
f 3321//5460 4706//5459 3392//7090
f 5022//7303 4709//5461 3321//5460
f 3872//6823 5342//2600 5119//6817
f 4176//5074 4362//6387 5119//5075
f 3111//7304 3324//4677 5024//5467
f 3873//5531 2496//5466 2497//1909
f 2496//7305 3873//5531 5026//5540
f 4363//4682 4775//6386 3111//4678
f 4363//4682 3397//4681 4775//6386
f 3526//6846 3518//7137 3519//6856
f 3521//5751 4493//5750 3520//7306
f 6350//7307 4365//4285 3762//5470
f 3878//6864 4366//6866 3877//7308
f 3402//6412 4138//6416 3403//7309
f 5133//6844 6330//5100 414//4145
f 6235//6136 3404//5926 4779//4702
f 3404//5926 6235//6136 3262//6211
f 4275//6875 4367//6874 3529//5115
f 4367//6874 4275//6875 3881//6422
f 2840//7310 6064//7311 3534//6887
f 3883//5120 3405//5119 3407//2645
f 3348//2645 4309//4309 3407//2645
f 2843//6905 4511//4721 5277//4721
f 4189//5796 6092//7312 1339//7313
f 3554//7314 5649//7248 5036//4721
f 3895//2623 6227//2623 5691//4723
f 5526//7315 4372//7316 5517//2623
f 4374//7317 5458//4727 5459//4727
f 5672//7318 3899//7319 5458//2628
f 4202//7320 4378//7321 6347//7322
f 4813//4735 4380//4736 3909//7323
f 3910//7324 3909//7323 4381//4735
f 4380//4736 4381//4735 3909//7323
f 4648//7 4383//7325 3912//7326
f 4383//7325 3915//7327 3916//7328
f 4387//6966 5473//7329 5475//7
f 6079//7330 6338//7331 5566//4740
f 5595//6446 5566//4740 4388//7332
f 3793//4306 5979//4306 5860//7333
f 3922//7334 3793//4306 4963//7335
f 3271//4306 4649//4306 3924//4306
f 3272//4741 2396//7336 4394//7337
f 3929//2636 5379//7338 5484//2636
f 3597//2631 5636//2633 5677//2636
f 5732//6988 4650//7339 3933//2636
f 3938//7340 5578//7341 4735//139
f 5993//7342 3939//139 5490//139
f 6354//7343 4400//7344 5266//139
f 4400//7344 1358//7345 6340//139
f 6244//139 3802//7040 5929//7346
f 5667//7347 3802//7040 5679//139
f 3943//7348 4401//5584 3431//2645
f 3944//2645 5194//7349 4402//2645
f 3431//2645 4401//5584 3273//2645
f 3273//2645 4404//2645 3333//5124
f 4674//4747 3333//5124 4404//2645
f 3808//6208 6314//6207 3948//7029
f 3951//7350 6287//4751 5314//7351
f 3949//5185 3952//7352 3622//5832
f 3152//5193 4313//4754 2571//183
f 4313//4754 3152//5193 23//2664
f 491//286 1381//48 493//7353
f 2594//379 2876//4765 537//375
f 2598//4768 6014//4770 526//5205
f 2600//1999 81//7354 80//7355
f 2615//4781 103//5236 589//5218
f 6018//2088 4406//2090 128//5238
f 6021//2139 4407//7356 153//7357
f 6024//2177 4408//2180 178//7358
f 6027//5296 4409//2228 203//7359
f 6030//2270 4410//2273 228//7360
f 6033//2317 4411//2320 253//7361
f 6036//2364 4412//2367 278//7362
f 6039//2408 4413//4521 303//7363
f 6042//2455 4414//2458 328//7364
f 6045//2495 4415//4561 348//7365
f 4705//6763 4416//7366 3641//5027
f 2351//7367 3099//5028 4416//7366
f 3494//6492 4769//6747 4641//4901
f 3735//4136 3503//6768 3966//7368
f 3484//6710 4417//5396 3257//7369
f 3968//5411 4357//6745 3275//125
f 4419//4913 365//6505 3972//4914
f 4420//7370 3974//4916 3975//7371
f 3973//4912 4421//6506 3823//7372
f 6010//7373 4652//7374 5882//7375
f 6593//7376 3975//7377 3974//4916 6669//7378
f 1824//6518 4422//4165 3976//4925
f 3979//6574 4438//7379 3278//5620
f 4654//2528 4749//5619 3061//2529
f 3981//7380 4424//6539 3278//5620
f 3982//6535 4425//6534 3446//7111
f 3982//6535 3062//5624 3450//5627
f 3981//7380 4426//4930 3983//7108
f 3450//5627 4427//7381 3693//6522
f 4653//4931 5082//5418 3983//7108
f 1261//6219 1273//6251 4155//4932
f 5443//4596 4155//4932 1273//6251
f 1827//5980 4429//5979 1818//6543
f 3986//7382 4430//4936 3453//7383
f 5339//7384 3453//7383 4430//4936
f 3984//7385 5091//7386 3987//6554
f 4431//2542 3987//6554 5091//6548
f 3456//5987 3701//5635 4433//7212
f 4251//7213 4433//7212 3701//5635
f 3987//6554 5395//5984 2426//6566
f 3986//7382 4434//6552 3988//6557
f 4436//4940 4435//6564 3285//4941
f 3979//6574 4654//2528 3287//6576
f 5495//7116 3060//2530 3459//4175
f 4437//4945 4753//5494 3457//5636
f 3988//6557 5092//6556 3287//7387
f 3828//2551 1279//4586 4339//4585
f 3833//6282 2431//5642 3073//7388
f 6292//7218 1834//6589 3969//6549
f 3463//6592 4440//5644 3451//5634
f 3993//6593 4441//7221 3992//6597
f 4443//2566 3709//4192 3995//6622
f 3709//4192 4443//2566 4444//6008
f 3475//4210 4445//4989 1839//4965
f 4447//4960 2442//6014 4446//4988
f 4445//4989 5098//6610 1840//4967
f 5099//6620 3999//5432 3997//4964
f 5234//6600 4163//6020 1842//4193
f 4449//6627 19//295 20//7389
f 6086//7390 3378//4980 1843//7391
f 4899//6026 1843//7392 3378//4980
f 2803//4986 3473//4978 3382//4987
f 4446//4988 3382//4987 6068//4961
f 3081//7393 4452//6643 2449//6029
f 3476//4994 4758//4992 5680//5663
f 6242//6699 1847//6696 4453//7394
f 2805//7395 4462//6060 3846//2571
f 3477//5442 4456//5441 3845//6328
f 3300//7072 2450//7396 3844//4998
f 2452//4222 3723//6045 4457//7397
f 4457//7397 4906//6044 2451//5669
f 6343//7398 3083//7399 4005//7400
f 2455//6332 3303//4644 3844//4998
f 5499//7401 4759//7402 3088//4993
f 3479//6629 4759//7402 5499//7403
f 4759//7404 3479//6629 4459//7405
f 4369//6673 5106//6669 4019//7406
f 4009//2579 4461//6679 5271//5128
f 5013//6336 3309//6684 4662//4647
f 4460//6057 5013//6336 4940//4300
f 5013//6336 4460//6057 3309//7407
f 388//7408 4910//7409 3091//7273
f 4261//1901 4761//7410 5142//7411
f 6343//7412 4461//6679 4009//2579
f 4463//5004 1309//5003 6085//7413
f 4014//7414 5108//5900 4015//7415
f 5108//5900 3092//5902 3655//7416
f 4018//6666 4470//5018 4016//6717
f 3274//7417 4131//1891 6212//6361
f 4021//6737 4642//5394 4473//6748
f 4473//6748 3494//6492 4021//6737
f 4021//6737 4474//6736 3257//7369
f 4023//6805 4475//6807 3500//6085
f 4024//5728 4476//7418 3315//6753
f 3317//5451 4664//5450 3315//6753
f 3317//5451 4109//6756 3867//7301
f 4027//6787 4477//7419 3744//7420
f 3746//5053 2483//5052 5236//7421
f 4478//130 3105//5721 3506//5720
f 3508//7422 4479//5726 4027//6787
f 1325//7423 4481//7424 4866//7425
f 5384//4253 3750//6797 4866//6102
f 2488//5722 3870//5724 4670//5464
f 3322//7426 3106//2592 3507//6804
f 4024//5728 4773//5725 3508//7422
f 4483//7427 4030//6802 4482//6083
f 401//5085 406//5545 4362//6387
f 3515//2596 2504//4283 4487//6813
f 2505//4275 4489//5095 4671//6868
f 4491//5096 4671//7428 4489//5095
f 4490//6837 5127//7429 4033//6835
f 3877//4282 4491//5096 2504//7430
f 3759//4280 1859//5469 3516//6810
f 1861//5101 6127//6125 1862//6872
f 6475//7431 6383//7432 4038//6852
f 5683//5747 3520//7306 4493//5750
f 4494//6128 1332//6127 4495//6857
f 4494//6861 4495//6857 1863//6131
f 5028//7433 3401//1911 3878//6864
f 3523//5755 3524//4276 6094//6860
f 4036//5093 3521//5751 4497//6832
f 3400//6409 4275//6875 3527//6417
f 4498//7434 4873//5106 4713//6880
f 4500//5113 3529//5115 4367//6874
f 4499//6134 3811//7272 3812//6214
f 4041//5111 4500//5113 4367//6874
f 4501//1917 1337//5109 6268//1915
f 6259//7435 3666//7436 6011//4295
f 3970//4919 4043//5126 6224//4920
f 4043//5126 3970//4919 5136//6503
f 3441//4170 2413//5949 3534//6887
f 2840//7310 3534//6887 2413//7437
f 3406//5554 3405//5119 3972//4914
f 3973//4912 3972//4914 3405//5119
f 4403//4296 3946//4746 3768//6143
f 4503//6908 3538//7438 4044//6895
f 4504//7439 4505//5134 6225//7440
f 3408//6672 6352//7441 3409//5021
f 6110//4228 5276//7442 4046//7443
f 2459//5513 4507//7444 5276//7445
f 3894//4721 5686//4721 5146//6902
f 5687//4721 4045//7446 5932//7447
f 4049//4721 5687//4721 5932//7447
f 5690//4721 3547//4721 5689//7448
f 4513//5140 5515//6906 5203//7449
f 4053//5797 4718//5565 5693//7450
f 4516//7451 5150//7452 4517//5802
f 6541//7453 4521//7454 6542//7455
f 5694//7456 6226//2623 5518//2623
f 4809//2628 3781//6935 4721//2628
f 5286//7457 4525//7458 5462//2628
f 6664//7459 4144//7460 6633//7461
f 5528//2628 4952//2628 3784//2628
f 5701//7462 5702//7463 4530//7464
f 4058//7465 4531//7466 6228//7467
f 6649//4735 4533//5147 5627//4735 6652//4735
f 5537//4735 3906//4735 5705//7468
f 5967//7469 5162//7157 5704//7470
f 6404//4735 4538//4735 6405//4735
f 5053//7471 3917//7 4681//7
f 5707//7160 5374//5158 5708//7472
f 5630//7473 5709//7474 4823//7475
f 5710//7 4064//6967 5550//7476
f 5056//7477 5167//7478 5974//7479
f 5975//7162 5168//7480 5550//7476
f 5917//4306 4546//4306 4114//7481
f 6693//7482 5558//7483 5713//7484 6698//7485
f 4238//4306 6167//7486 5425//4306
f 6167//7487 4549//7488 5716//6184
f 5631//7489 5717//7490 4828//7491
f 5057//4306 4552//4306 5478//4306
f 5570//6984 4556//2636 4115//7492
f 3676//7106 4560//2636 3796//2636
f 6653//7493 5806//7494 6605//7495
f 5722//2636 4562//7496 5639//2636
f 5178//7497 6220//7498 4567//7499
f 5487//7500 4568//7501 4569//7502
f 4686//7503 5740//139 5679//139
f 5740//139 3941//139 3681//7504
f 4686//7503 5679//139 6244//139
f 5928//7505 5309//7000 5068//139
f 5725//7506 5726//7507 4572//5582
f 4077//4310 5727//7271 4575//7508
f 1359//7509 4078//7510 6346//7511
f 4576//7512 6346//7513 4078//7510
f 3617//2645 4580//2645 5590//5831
f 4580//2645 3617//2645 4581//7514
f 3948//7029 4581//7514 3617//2645
f 3945//2645 4583//2645 3618//2645
f 3432//2645 4738//2645 3619//7515
f 4081//7038 3625//6881 3805//2645
f 3806//2645 4587//6204 3616//6203
f 4588//2645 4082//2645 4689//5179
f 4082//2645 4589//2645 3349//7516
f 4079//7517 4591//7021 3623//2645
f 3620//2645 4308//2645 3622//5832
f 3350//5938 2861//5937 4081//7038
f 6467//7518 3624//7519 6075//7520 6492//7521
f 3810//7522 6075//7520 3624//7047
f 3949//7523 3622//5832 4592//5183
f 4084//5184 3765//4294 3949//5185
f 4594//7524 1865//7525 4119//6869
f 66//2775 1374//2674 478//5200
f 2598//7526 526//7527 79//5204
f 3160//2748 80//5206 4595//5209
f 2584//2754 4595//5209 3161//2755
f 2587//2758 4314//4344 3162//2759
f 2590//2762 4315//4349 3163//4348
f 4316//7528 3164//5215 4596//5211
f 2591//2764 4596//5211 3164//5215
f 2615//4781 589//5218 102//622
f 103//5219 2617//7529 4597//4367
f 2601//2858 4597//4367 3170//2859
f 2603//4347 4598//4371 3171//2862
f 2605//4352 4599//4374 3172//4373
f 4317//2052 3173//2873 4600//5226
f 2607//2875 4600//5226 3173//2873
f 2631//7530 655//7531 127//2084
f 2618//2974 4601//4386 3178//2975
f 2619//2977 4602//4388 3179//2979
f 2620//2981 4603//4392 3180//4391
f 4319//7532 3181//7533 4604//5245
f 2622//2987 4604//7534 3181//7535
f 4318//3075 2905//2082 3632//5841
f 3185//3079 153//7357 4605//4406
f 2634//759 4605//4406 3186//3084
f 2635//4390 4606//4409 3187//3085
f 2636//3088 4607//4411 3188//3089
f 4321//7536 3189//3095 4608//5255
f 2638//3093 4608//7537 3189//3099
f 4320//3192 2921//2133 3633//2132
f 3193//5268 178//7358 4609//4428
f 2650//891 4609//4428 3194//3198
f 2651//3201 4610//4432 3195//3203
f 2652//3206 4611//4435 3196//7538
f 4323//2191 3197//3218 4612//5277
f 2654//3212 4612//5277 3197//3214
f 4322//3300 2937//2171 3634//2170
f 3201//3305 203//7359 4613//4448
f 2666//1026 4613//4448 3202//3306
f 2667//3308 4614//4453 3203//3310
f 2668//7539 4615//4455 3204//3314
f 4325//2239 3205//3321 4616//5287
f 2670//3320 4616//5287 3205//3321
f 4324//3409 2953//2219 3635//2218
f 3209//3414 228//7540 4617//4467
f 2682//1161 4617//4467 3210//3415
f 2683//5301 4618//4471 3211//3418
f 2684//3420 4619//4473 3212//5306
f 4327//7541 3213//3427 4620//5305
f 2686//3426 4620//7542 3213//3427
f 4326//3516 2969//2264 3636//2263
f 3217//3521 253//7543 4621//4483
f 2698//1296 4621//4483 3218//7544
f 2699//5318 4622//7057 3219//3527
f 2700//3529 4623//4490 3220//3530
f 4329//7545 3221//3536 4624//5322
f 2702//3535 4624//5322 3221//5325
f 4328//3631 2985//2311 3637//2310
f 3225//3636 278//7362 4625//4502
f 2714//1428 4625//4502 3226//3637
f 2715//3639 4626//4504 3227//3641
f 2716//3644 4627//4506 3228//3651
f 4331//2378 3229//3652 4628//5337
f 2718//3650 4628//5337 3229//3656
f 4330//3754 3001//2358 3638//2357
f 3233//3760 303//7363 4629//4519
f 2730//1556 4629//4519 3234//3761
f 2731//3763 4630//4523 3235//7546
f 2732//3768 4631//4525 3236//7547
f 4333//7548 3237//7549 4632//5351
f 2734//5352 4632//5351 3237//3778
f 4332//7550 3017//2402 3639//2401
f 3241//3882 328//7364 4633//4539
f 2746//1692 4633//4539 3242//3886
f 2747//3885 4634//7058 3243//3893
f 2748//3891 4635//4545 3244//3894
f 4335//2469 3245//4547 4636//5366
f 2750//3899 4636//5366 3245//4547
f 4334//3996 3033//2449 3640//5848
f 3249//5374 348//7365 4637//4558
f 2762//1821 4637//4558 3250//4005
f 2763//4004 4638//4562 3251//4006
f 2764//4013 4639//4564 3252//5379
f 4336//2510 3253//4018 4640//5378
f 2766//4017 4640//5378 3253//7551
f 4641//4901 2352//4904 3965//4902
f 2352//4904 4769//6747 4771//4905
f 4769//7552 2352//4904 4641//4901
f 2353//5851 4642//5394 3054//5678
f 4417//5396 3054//5678 4642//5394
f 4100//7553 5002//7554 4348//5398
f 3845//6328 5008//6324 3301//2570
f 4660//2570 3301//2570 5008//6324
f 5008//6324 2365//4638 4660//2570
f 2370//6709 4644//7555 2371//5013
f 3260//7066 4644//7555 4172//6750
f 4644//5403 3260//7066 4469//5404
f 4016//6717 4469//5404 3260//7066
f 2376//5530 4706//5459 2826//7556
f 4504//5135 3264//4721 3412//7557
f 3898//7558 5897//7559 6165//7560
f 4646//2628 6162//7561 4680//2628
f 3340//4727 3266//7562 4646//4727
f 4647//7563 5316//7564 3914//7
f 3915//7327 4383//7565 4648//7
f 5595//6446 5301//7566 3270//6443
f 4391//4306 4649//4306 4390//7567
f 2410//5974 4750//5630 2436//114
f 3277//4583 4651//5415 3367//4592
f 4652//7374 367//7568 3283//111
f 367//109 4652//7374 6010//7373
f 2575//4322 4653//5419 371//43
f 3278//5620 4749//5619 3979//6574
f 4654//2528 3979//6574 4749//5619
f 369//7068 4655//6234 3279//6233
f 3281//7569 3696//4929 3980//6248
f 5269//5966 3281//6235 368//4928
f 3282//110 4656//5614 3283//111
f 4428//7570 2424//6541 6117//7571
f 5495//7116 4659//6580 3060//2530
f 2432//4619 3288//6268 2781//4620
f 3288//6268 2432//4619 3829//6266
f 2434//6606 4892//7572 2435//7573
f 4994//6279 4699//5430 2439//5496
f 4699//5430 4994//4626 3832//4622
f 2793//5497 3649//6276 2446//5504
f 3079//6013 5099//7574 3997//4964
f 4002//5433 3999//4968 5099//6620
f 4893//7575 4259//7576 2441//5438
f 4259//5436 4901//7127 4164//5437
f 4012//7073 2450//6692 3300//6650
f 3307//6338 4354//4651 3477//6648
f 1308//6326 4456//6327 2462//4650
f 4354//4651 2462//4650 4456//5441
f 2813//1903 4466//5412 1311//7577
f 4466//5412 2813//7578 362//7579
f 4105//126 3275//125 3276//6744
f 4228//5402 4862//6 2367//6339
f 3389//5445 2465//4235 4663//4234
f 3857//5447 2458//6052 3734//7580
f 2458//6052 3857//5447 3858//5400
f 2458//6052 3312//127 3386//129
f 3316//5045 4665//6762 2473//5727
f 2476//7581 4666//5523 2819//4661
f 2477//7582 4664//5450 2824//2591
f 5020//5452 2824//2591 4664//5450
f 4922//5406 2375//5487 4667//5454
f 2482//4575 3686//5488 2375//5487
f 3393//5543 4668//6379 4028//6800
f 4709//5461 2826//7556 4706//5459
f 5502//6795 2488//5722 4670//6794
f 3394//4254 4669//6098 4267//6105
f 3323//5056 4774//134 2490//5036
f 3516//6810 6200//4262 3753//4261
f 2492//5732 6200//4262 3517//5739
f 4031//6819 2499//6119 3756//5081
f 2503//6120 1859//5469 3326//4277
f 3951//7350 2515//5927 6205//4749
f 2519//5759 2839//5760 2518//5940
f 4368//5474 2525//2645 4673//2645
f 2524//4748 4674//4747 2398//2645
f 3333//5124 4674//4747 3332//5125
f 2523//7583 4714//6507 6230//7584
f 3335//2645 4675//5475 6231//7585
f 2527//5516 4507//7444 2459//5513
f 5040//7586 5733//7587 5734//2628
f 5733//7587 5040//7588 5735//7589
f 3340//2628 4646//2628 4679//5480
f 4376//2628 5737//7590 5673//7591
f 6188//5155 5544//7592 5738//7593
f 424//4306 5324//4306 5325//7594
f 4683//4306 5976//5162 5739//7595
f 5740//139 4686//7503 5741//7596
f 3940//139 4117//139 5067//7597
f 4307//5483 5729//7598 4308//2645
f 2562//6198 4308//2645 5729//7598
f 4590//5181 4689//5179 3349//5182
f 2471//7599 4667//7600 3686//5488
f 4667//5454 5272//7601 3319//1890
f 3319//1890 5272//7602 4131//1891
f 2781//4620 3288//6268 5824//5969
f 3442//5613 3366//5612 2783//5611
f 2414//6227 2787//5859 4651//5415
f 3064//2533 4651//5415 2787//5859
f 2785//7603 4988//6265 4989//7604
f 4150//6264 5231//5876 2419//6525
f 6210//7605 4691//7606 2785//4613
f 4691//4612 6210//7605 3368//6232
f 2787//5859 5088//6231 2355//4590
f 2421//5491 2355//4590 5088//5489
f 2785//7603 4694//7607 2359//4614
f 4694//5492 4691//7606 2358//4611
f 4437//4945 2430//7608 4747//5495
f 3377//5885 4696//5884 1284//7081
f 4698//6586 6211//6585 376//7285
f 3834//7609 3293//5429 6211//6585
f 4348//5398 4349//5508 2802//5399
f 2802//5399 4349//5508 2804//6321
f 5447//6663 5002//7554 3089//4637
f 4701//5511 3089//4637 5002//7554
f 3385//6035 4701//5511 3384//5510
f 2459//5513 3386//129 2815//5514
f 3490//5515 4281//6333 2527//5516
f 3387//4648 4703//7610 3539//4649
f 4702//7611 3539//4649 4703//7610
f 4666//5523 2818//5463 4704//5524
f 2818//5463 4666//5523 2821//4245
f 2480//4246 4666//5523 2476//5712
f 5020//5452 4416//7366 2824//2591
f 4705//6763 2824//2591 4416//7366
f 3873//5531 3392//7090 4706//5459
f 4865//5458 1321//5909 4708//6378
f 2826//7556 3395//7237 2487//4673
f 5502//6795 2826//7556 4709//5534
f 1318//7612 4230//7613 2378//4675
f 3870//7614 4704//5524 2818//5463
f 4270//7615 4869//5914 5023//7616
f 2829//5541 4707//5544 2825//7091
f 3397//4681 2831//6399 4775//7617
f 3328//4694 3327//5099 2507//5098
f 6214//7618 4711//5551 2837//6413
f 2837//6413 4711//5553 2383//4684
f 4711//5553 3403//7309 2384//4683
f 6350//7307 6241//7619 3399//6404
f 4713//6880 2861//5937 1337//7620
f 4498//5108 4713//6880 1337//5109
f 4714//6507 2523//7583 3769//4915
f 3885//5766 2564//2645 2525//2645
f 2564//2645 3885//5766 3884//2645
f 3886//7621 5932//7447 5031//4717
f 3411//7622 3264//4721 4504//5135
f 4940//4300 2390//5558 5237//4301
f 3411//7623 6225//7440 3265//7624
f 5890//7625 6065//7626 3890//4721
f 4792//7627 5346//5783 3126//7628
f 6237//7629 3413//7630 5599//7631
f 5650//2623 5779//2623 4186//7632
f 1870//2623 4718//5565 5407//2623
f 4718//5565 4053//5797 4719//2623
f 5407//2623 4719//2623 5621//7146
f 5747//7633 5406//2623 5748//2623
f 5405//7634 5750//7635 5749//2630
f 3904//7636 4721//4727 5461//4727
f 5528//2628 6170//6941 5838//7637
f 4722//7638 5206//7639 5533//7640
f 5365//7641 6228//7467 5751//7642
f 3562//6942 5359//2628 3133//7643
f 5623//7644 6246//7645 5243//7646
f 5754//4735 3419//6952 5333//7647
f 1875//4735 4531//5571 4146//4735
f 4531//5571 4058//7465 4726//4735
f 4146//4735 4726//4735 5846//7648
f 2544//7649 4728//7650 4878//7651
f 5757//7652 5387//7 3674//7
f 5758//7653 4729//7260 5759//7
f 5761//7654 4732//7263 5762//4306
f 3425//7655 5431//7656 5430//7657
f 5823//2636 3425//7655 3677//2636
f 5807//2636 3140//2636 5306//2636
f 5813//7658 4734//7659 5763//2636
f 5725//7506 4572//5582 5310//7660
f 5311//7661 6103//7662 5310//7660
f 5578//7341 3429//139 4735//139
f 4736//7663 5926//7664 2558//139
f 2557//7665 6107//139 5764//139
f 2558//139 4737//139 4736//7663
f 4401//5584 4078//7510 4404//2645
f 2398//2645 4404//2645 2856//7666
f 2858//2645 4585//2645 2859//7667
f 4738//2645 3123//7668 4585//2645
f 5314//7351 6287//4751 2566//2645
f 4312//2645 2566//2645 6287//7669
f 2860//5585 4740//4313 429//6471
f 451//182 1894//185 452//7670
f 716//755 2049//3068 1492//3067
f 780//887 2084//3186 1529//888
f 844//1022 2119//5589 1566//1023
f 908//1157 2154//3402 1603//1158
f 972//2259 2189//3510 1640//1293
f 1036//1424 2224//7671 1677//1425
f 1100//1552 2259//3746 1714//1553
f 1164//1688 2294//3870 1751//1689
f 1224//3986 2329//3991 1788//1818
f 6364//7672 6574//7673 1811//4090
f 4771//4905 3099//5028 2351//4903
f 3641//5027 4416//7366 3099//5028
f 3054//5678 4743//5604 2353//5851
f 4224//7189 2353//5851 4743//5604
f 3438//7674 6119//7675 3437//5405
f 2817//7676 3055//7677 3438//6743
f 362//7579 4643//4 6209//5704
f 2520//4712 4935//4714 3366//5612
f 3057//7678 2840//7310 2411//5414
f 3983//7108 3443//7110 4154//6537
f 4745//5956 4154//6537 3443//7110
f 3058//4922 4745//5956 2784//5607
f 3061//2529 5086//7679 3060//2530
f 6614//7680 6612//7681 3447//7682
f 4746//5616 1825//5615 4152//2534
f 5270//7683 4152//2534 1825//7684
f 4247//5618 4746//5616 4152//2534
f 3061//2529 4749//5619 3063//5625
f 4424//6539 3063//5625 4749//5619
f 4748//5623 4247//5618 2423//2527
f 3065//5958 4427//5626 3063//5625
f 3062//7685 3063//5625 4427//7381
f 3056//2543 4751//5633 3067//7686
f 3067//2544 5339//7384 3068//4937
f 5339//7384 3067//2544 4751//5633
f 3456//5987 4433//7212 3454//6562
f 3070//7687 4752//5983 3068//4937
f 2426//6566 4752//5983 3455//4943
f 2427//2556 4753//5494 3072//2557
f 4753//5494 2427//2556 3701//7216
f 5495//7688 3459//4175 2429//4947
f 4439//6591 2435//7573 4892//7689
f 4159//5641 375//7690 3073//6283
f 3462//6587 5094//5643 3463//6592
f 4440//5644 3463//7118 5094//5643
f 3//226 4440//5644 12//215
f 3075//7121 4754//6594 3993//6593
f 4255//6003 3710//5645 2438//4194
f 1836//5649 3077//6005 2440//5650
f 4892//7572 2434//6606 4754//7119
f 3468//7691 3074//7692 2434//6606
f 4447//4960 4446//4988 6068//4961
f 2442//6014 4755//6623 3079//6013
f 4442//5646 3716//6624 1835//5647
f 5498//6642 3471//5653 2363//4204
f 3081//7393 5001//6307 6118//6628
f 1292//7693 5001//7694 4901//7127
f 4757//6630 3473//4978 2803//4986
f 4259//5436 3298//4213 3080//6633
f 3084//4990 4758//4992 3086//7695
f 3087//7696 5008//6324 1308//6326
f 3846//2571 4462//6060 4004//7697
f 4903//7698 3478//4219 4457//7397
f 2452//4222 4457//7397 3478//4219
f 3088//4993 4758//4992 3476//4994
f 3089//4637 4701//5511 4660//2570
f 4168//7699 5607//5662 2461//5479
f 5607//5662 5341//6694 5680//7132
f 4702//7611 2812//7700 3539//4649
f 23//2664 4168//6056 388//4753
f 5607//5662 2811//5661 4760//5477
f 4762//5668 4661//5439 4903//7698
f 3720//4220 4903//7698 4661//5439
f 4763//5675 3483//6069 2465//4235
f 3483//6069 4763//5675 3482//5676
f 4764//5677 1815//7701 4355//6071
f 3483//6069 3482//5676 1848//4232
f 3054//5678 3093//5011 3092//5902
f 4417//5396 3484//6710 2370//6709
f 2370//6709 3093//5011 4417//5396
f 2371//5013 4765//5901 3093//5011
f 5111//5681 1849//6727 4229//4131
f 4472//5014 3492//7133 5609//5903
f 3488//5687 4767//5689 4917//7702
f 2467//5691 4917//7702 4767//5689
f 3096//7703 4472//5014 3094//2586
f 4472//5014 3096//7703 3492//7133
f 3492//7133 3096//7704 4019//7406
f 3686//5488 3496//5699 2471//7599
f 3496//5699 3686//5488 3493//4577
f 4768//5697 3495//5702 3390//5698
f 3495//7705 4768//5697 1814//5599
f 5328//5700 3493//4577 3390//5698
f 4771//4905 4769//6747 3100//6738
f 6389//7706 1316//5905 3739//6702 6519//7707
f 3318//1892 3102//5040 2374//5042
f 3102//5040 4772//5039 6070//5708
f 4772//5710 3102//5040 3501//5711
f 2351//4903 4416//7366 5020//5452
f 3323//135 5317//6803 3106//2592
f 3507//6804 3106//2592 5317//6803
f 4479//5726 3508//7708 4773//5725
f 3109//6806 4773//5725 3101//5707
f 4485//5729 3101//5707 4773//5725
f 5342//2600 4775//6386 2831//6399
f 4776//6385 3111//7304 4775//6386
f 3509//2598 3752//7709 2495//5465
f 2498//7710 4777//5738 5122//2602
f 4778//5718 2498//2604 4477//7711
f 2499//6119 3514//5737 2484//6118
f 6200//6117 3516//6810 1859//5469
f 3330//5743 4780//5745 2513//5746
f 2513//5746 4780//5745 5683//5747
f 4780//5745 3519//6856 5683//5747
f 5131//5748 5683//5747 4493//5750
f 3117//2611 5131//5748 2836//7712
f 2836//7713 5135//5752 6263//4288
f 5135//5752 2836//7712 4493//5750
f 4781//6867 2387//5547 4496//6859
f 4496//6859 3328//4694 6094//6860
f 2511//7714 3525//5102 3118//2610
f 4039//6132 3329//5742 1860//6130
f 5127//7429 2511//7715 4672//4289
f 2511//7715 5127//6834 3329//5742
f 3329//5742 5127//7429 4490//6837
f 4782//4290 6215//2613 6297//6845
f 4783//5764 2513//5746 6297//6845
f 2513//5746 4783//7716 2839//5763
f 4645//5761 3262//6211 4085//5186
f 4783//5764 3531//6137 3532//5765
f 3536//5768 3767//4709 3535//4711
f 4674//4747 2524//4748 3332//5125
f 3535//4711 3123//7668 4738//2645
f 2859//7667 4585//2645 3123//7668
f 3539//4649 5141//6896 3854//5776
f 5141//6896 3539//4649 2812//7700
f 4913//7191 4787//6909 4914//5779
f 5139//7717 3726//4652 5140//5778
f 1846//5781 1866//6685 4788//5782
f 2529//7718 4788//7719 1866//6685
f 4790//4148 2528//7720 4789//5931
f 5145//4719 4789//5931 2528//7721
f 1305//7722 1304//6047 4791//7723
f 3890//4721 3542//7724 4793//5786
f 3544//4721 4793//5786 3543//7725
f 4184//7726 3127//6911 6198//7727
f 3546//5136 3540//7728 3127//6911
f 5513//4721 3551//4721 5280//7729
f 4943//7730 6237//7629 5768//5560
f 5744//7731 5743//7732 2532//7733
f 5769//7734 6065//7626 5945//7735
f 420//2623 4797//2623 4189//7138
f 4797//2623 3896//2623 4798//5795
f 5770//2623 4800//7736 5771//7737
f 5352//2623 4799//2623 6232//2623
f 5615//7738 3556//7739 6172//7740
f 4517//5802 3557//2623 4801//2623
f 3557//2623 4517//5802 6101//2623
f 5283//2623 6173//7741 4190//2623
f 5775//7742 4803//2623 5776//2623
f 5776//2623 6164//2623 3558//7743
f 5746//2623 4140//5561 5357//7744
f 5599//7631 3414//7745 5403//2623
f 3781//6935 4291//7746 5747//7633
f 4809//2628 4721//2628 2393//2628
f 2847//4727 4810//7747 3566//7748
f 5362//7749 4145//2628 2392//7750
f 3134//6939 5782//7751 5626//7752
f 5362//6943 5654//7753 5333//7647
f 5783//7754 3904//7755 5962//7756
f 4380//4736 4813//4735 3570//5816
f 5784//4735 4815//7757 5785//7758
f 5365//7641 4814//4735 5366//4735
f 5366//4735 4727//5574 5657//7759
f 5536//7760 3572//4735 4532//6171
f 3572//4735 5536//7760 3571//7761
f 3572//4735 3571//7761 4816//4735
f 5786//7762 6305//7763 5289//4735
f 5788//7764 3573//7765 6087//7766
f 5367//4735 4817//4735 5369//5819
f 5368//7767 4818//7768 5046//6438
f 5754//4735 5601//7769 5370//4735
f 5602//7770 3418//7771 5414//4735
f 4821//4735 5370//4735 5789//7772
f 5243//7646 6246//7645 4294//4735
f 5299//5160 5791//7773 5706//7774
f 5755//7775 2542//7776 3787//5156
f 5415//7252 4824//6958 5759//7
f 5909//7 5792//7 5969//7777
f 3580//7778 5471//7 5793//7779
f 5795//7 4827//7 5549//7780
f 5796//7781 3581//7782 4061//7783
f 1350//7 5797//7784 5798//7785
f 3585//7786 5388//7 2548//7787
f 5304//4306 5799//7788 5712//7789
f 5758//7790 2546//6440 3790//7791
f 5421//7259 4829//6972 5762//4306
f 4731//4306 2854//4306 3589//5821
f 4830//7792 5477//4306 5633//6963
f 4831//7793 4830//7792 1879//7794
f 5801//4306 4832//4306 5561//7795
f 5801//4306 6260//7796 4066//7797
f 1352//7798 4543//7799 5803//4306
f 2549//4306 5390//7800 3593//7801
f 3593//7801 5390//7802 2553//7803
f 5804//2636 5805//7804 5720//7805
f 5761//7806 2551//6450 3794//7807
f 5427//7266 4834//7808 5763//2636
f 3598//7167 4204//7164 5484//2636
f 5572//7809 5378//2636 4837//7810
f 4837//7810 4836//6455 1882//7811
f 5572//7809 5571//7812 5574//2636
f 5808//2636 6290//2636 5809//7813
f 5645//2636 4239//2636 5811//7814
f 5393//7815 2557//7665 6302//7816
f 3430//139 3609//4308 5439//139
f 1360//7177 4208//7174 6337//7817
f 4566//6994 5229//2644 6248//7818
f 5814//139 4566//7819 5991//7820
f 3147//2643 4577//5830 2566//2645
f 4580//2645 2566//2645 4577//5830
f 3537//6149 4848//2645 6103//6151
f 4585//2645 2858//2645 4584//7821
f 3149//5836 4592//5183 2562//6198
f 4308//2645 2562//6198 4592//5183
f 3148//7822 4578//5833 2565//2645
f 4588//2645 2565//2645 4578//5833
f 2567//5178 2569//6206 2565//2645
f 6454//7823 3624//7047 6453//7824
f 3809//5941 3626//5939 4981//6205
f 3627//5114 4500//5113 4849//6473
f 2860//5585 4849//6473 4500//5113
f 3809//5941 2518//5940 3626//5939
f 1832//7825 11//231 470//230
f 3641//5027 5076//7826 4705//6763
f 5076//6775 3641//7827 5113//5849
f 2353//5851 3100//6738 4473//7828
f 3499//6739 3100//7829 4224//7189
f 4224//7189 3642//7188 3499//6739
f 4014//7830 4468//7831 3642//6749
f 1265//4580 1822//5947 4852//4580
f 5231//6263 3705//7832 4690//6262
f 3645//2547 5494//5877 4150//6264
f 6266//4173 4096//7833 4245//7834
f 1275//6253 4692//5870 5443//4596
f 4853//4594 5443//4596 4692//7835
f 372//4604 2357//4603 4993//2550
f 3828//2551 4993//2550 2357//5638
f 3702//6259 2358//4611 4097//5424
f 4850//4617 3643//7836 1283//1898
f 4257//7837 6091//7838 2361//6277
f 4134//4623 2793//5497 2794//5499
f 1286//6602 4696//5884 4135//7086
f 6643//7839 6675//7840 3650//4126
f 3651//7841 4855//6637 3851//7842
f 5100//6626 3851//6625 4855//6637
f 5100//6626 4855//6637 5497//4985
f 1293//5890 4856//5889 1295//7843
f 3841//7844 4226//5891 2364//7845
f 4226//5891 3841//7846 4856//5889
f 6599//7847 6603//7848 1294//6635
f 4258//4199 4225//3 1296//6293
f 6047//7849 4857//6638 2362//2
f 1293//5890 4859//6042 1302//7850
f 4859//6042 1293//5890 4858//6025
f 3653//5893 4858//5892 3652//4982
f 4353//6353 5015//1905 386//6670
f 3727//1899 4860//6686 4761//1900
f 4505//5134 4860//6686 4661//5439
f 3726//4652 4914//7851 5140//5778
f 1309//5003 4861//7231 6085//7413
f 4171//7852 3540//7728 6085//7413
f 4015//7415 4863//5899 1313//6713
f 4863//4130 4015//7415 5108//5900
f 3093//5011 4765//5901 3092//5902
f 3655//5898 5609//5903 3485//5680
f 4472//5014 4765//5901 2371//7853
f 4765//5901 4472//5014 5609//5903
f 5077//6493 2816//4657 3736//7854
f 3860//5705 3736//7854 2816//4657
f 1260//5600 3743//4576 4864//6089
f 2826//7556 2487//4673 2376//6375
f 3659//4672 4865//5458 4708//6378
f 4866//6796 1324//7855 4867//6094
f 2378//4675 4230//7195 1325//6101
f 6463//7856 1325//6101 4230//7195 6579//7857
f 34//64 4868//5912 403//62
f 4868//5912 34//64 5123//6820
f 6071//6393 2828//6112 4137//6390
f 1321//7235 4870//5916 1329//7302
f 4870//5916 1321//7235 4231//4139
f 3399//6404 4271//7858 2501//4270
f 3325//4272 2834//4143 1335//5925
f 6483//7859 6265//7860 6213//4142 6481//7861
f 2834//4143 6213//4142 4871//5924
f 3404//5926 4645//5761 3664//4688
f 2388//5407 3664//4688 4645//5761
f 4872//5408 2516//5187 2515//5927
f 6259//7435 6050//7862 3666//7436
f 5320//4721 5816//7863 4943//7730
f 3264//4721 4283//6159 3553//6162
f 4283//6159 3264//4721 3411//7622
f 5887//4721 5817//7864 4676//7865
f 2844//7866 5386//7867 5818//4721
f 5610//4721 5820//6161 5819//4721
f 5385//4721 3670//7868 6105//7869
f 4236//2628 4949//7870 5408//7871
f 4876//5566 5654//7753 6234//2628
f 4877//2628 4876//5566 3568//7872
f 6106//2628 4291//7746 4809//2628
f 4237//7 6291//7873 4299//7
f 3583//7 4728//7874 5821//7875
f 4878//7159 5388//7 5389//7876
f 3583//7 5374//5158 4728//7650
f 5822//4306 4148//7103 5209//7877
f 3591//4306 4879//4306 5760//7878
f 5376//5167 4880//4306 4879//4306
f 3796//2636 5381//2636 4149//6183
f 3677//2636 6238//7879 5823//2636
f 2554//2636 2397//2636 6008//7880
f 3679//7881 5434//7882 4882//139
f 5664//7883 3678//2640 5382//7884
f 4882//139 5665//139 5392//139
f 3681//7504 5667//7347 5679//139
f 1361//4298 6206//5935 3684//2645
f 3350//7885 3685//7886 6268//7887
f 3809//5941 2569//6206 3121//5942
f 1814//5599 4768//5697 1260//5600
f 5394//5674 4885//4160 5329//6077
f 4266//6079 4763//5675 5329//7888
f 3688//5977 4886//5973 3687//5997
f 1818//6543 4242//6544 1816//7889
f 3690//4169 2415//5948 3441//4170
f 6285//5946 4243//5952 1821//5951
f 2415//5953 4987//5954 2414//6227
f 4338//4579 1266//4172 1265//4580
f 2418//7890 3442//5613 2783//5611
f 2417//2540 6010//7373 1262//7891
f 3058//7892 4427//5626 3065//7893
f 4427//5626 3058//4922 3693//7894
f 3459//4175 5086//5959 3446//7111
f 3280//5961 4132//7210 1267//4607
f 3368//6232 6210//7605 4990//5856
f 4990//5856 2421//5491 4094//5963
f 4748//5623 2422//7895 4747//5495
f 3369//2536 3695//4179 3978//4924
f 4423//7896 3978//7897 3695//4179
f 4428//7570 1271//5631 2782//6221
f 2424//6541 4428//7898 3831//6542
f 3698//5972 4886//5973 3688//7899
f 3688//5977 4429//5979 3452//5978
f 4157//4182 4156//5981 1827//5980
f 3452//5978 4429//5979 4156//5981
f 4156//5981 3454//7900 3452//5978
f 3700//4942 4887//4180 3987//6554
f 3371//4602 3702//6259 4097//5424
f 3704//5875 4692//5870 1278//4609
f 3457//5636 3456//5987 1830//2552
f 4888//5989 1831//5988 3706//7901
f 3455//4943 3706//7901 1831//4944
f 4752//5983 3070//5990 6059//5991
f 2435//7573 4418//7902 1834//6589
f 4254//112 3708//4956 4886//5973
f 3995//6622 4000//5428 3289//5998
f 2438//4194 3710//5645 3291//4195
f 4255//6003 3076//5648 6108//4973
f 4135//5886 4891//6287 1287//4123
f 3713//4119 4891//7903 3712//6288
f 3377//7087 4697//7904 3712//6288
f 4257//7837 3712//6288 4697//7904
f 3075//7121 4160//6588 3462//6587
f 5096//6007 1837//6006 4889//7905
f 4893//7575 3298//4213 4259//7576
f 3298//4213 4893//7575 3299//4214
f 3299//4214 4893//7575 5825//6011
f 4893//7575 2441//5438 6348//5651
f 3297//4209 4902//4217 4894//6609
f 4896//6012 3469//4959 1839//4965
f 3078//5652 4895//6017 3992//6597
f 6060//6019 3992//6597 4895//6017
f 1842//4193 4896//6012 1840//4967
f 4163//6020 3716//6624 4896//6012
f 1295//7906 4858//6025 1293//5890
f 4858//6025 1295//7906 4897//6023
f 4897//6023 4898//7907 3719//6636
f 1296//6293 4898//7907 1295//7843
f 4897//6023 1295//7843 4898//6639
f 16//7908 4165//7909 4900//6028
f 4452//6030 20//7910 4900//6028
f 3478//4219 4903//7698 3720//4220
f 4904//6032 1297//7911 4455//7912
f 1297//4218 4904//6032 3721//4221
f 3385//6035 3722//7913 3258//6036
f 2454//6656 4859//5894 4905//6043
f 3302//6041 4905//7914 3653//5893
f 1302//6657 4859//6042 2454//6656
f 4905//7914 1300//2570 2454//6656
f 5007//4996 4906//6044 6261//4997
f 4700//6046 2808//6331 4906//6044
f 3723//6045 4906//6044 4457//7397
f 1301//7915 4907//4128 3378//7916
f 1301//7917 4458//6654 4907//4128
f 3724//2573 2456//7918 6341//4127
f 2458//6052 3386//6051 6110//4228
f 4113//4229 4909//6053 1303//4230
f 4181//7919 3124//6910 4463//5004
f 2461//5479 4234//6153 4910//7409
f 4939//5132 4910//7409 4234//6153
f 4168//6056 2461//5479 4910//6055
f 6242//7920 3727//1899 4261//1901
f 1307//7921 5446//7230 4861//7922
f 6279//7923 4171//7924 3728//7229
f 4104//6058 4012//7073 4101//6683
f 3309//6059 4101//6683 5201//7089
f 3387//4648 5201//7089 382//7925
f 4703//7610 382//7925 5107//7926
f 4702//7611 4004//7697 2463//5665
f 4004//7697 4702//5664 4703//7610
f 3087//6325 4911//6061 4462//6060
f 4911//6061 1308//6326 2462//4650
f 2463//5665 4004//7697 4462//6060
f 3538//5666 2463//5665 4912//6062
f 4911//6061 4912//6062 2463//5665
f 4463//5004 4913//7191 1310//122
f 4862//6 3055//7677 4643//4
f 3055//7677 4862//6 3438//6743
f 3483//6069 2464//4236 2465//4235
f 4464//6065 4013//6701 4915//6066
f 6491//7193 4464//6065 1312//6067 6506//7927
f 4916//5007 2466//5446 4262//7928
f 4915//6066 3729//7294 5327//5690
f 4262//7928 5327//5690 3729//7294
f 3259//5010 2466//5446 4916//5007
f 3732//7233 4264//4237 3859//6346
f 2815//128 5449//6349 3490//5515
f 3733//7929 5235//6354 4262//7928
f 3488//5687 4263//5686 4767//5689
f 5327//5690 4767//5689 5450//6068
f 3734//5448 1303//4230 5451//7930
f 3095//5683 4017//5016 4908//6075
f 4471//5015 1849//6727 1314//7931
f 6482//7932 4742//2519 6432//7933
f 4918//5714 5077//5601 3736//7934
f 4265//5522 4918//5714 396//6357
f 3496//5699 4770//5033 2471//7599
f 3739//6702 1316//5905 2373//7935
f 3739//6702 2373//5906 6093//6700
f 4266//6079 5329//6077 3390//5698
f 6284//7936 1815//7701 1317//6080
f 3740//6078 4764//5677 3482//5676
f 4764//6081 3740//6078 4919//5701
f 4268//6107 4920//6106 3316//5045
f 2474//5706 4475//6807 3101//5707
f 6070//5708 4772//5039 398//7135
f 2478//2589 2474//5706 2477//2590
f 2474//5706 2478//6764 3866//4671
f 3500//6085 2474//5706 3866//4671
f 4923//5046 6057//7937 2482//4575
f 4864//6089 4921//7938 6281//5908
f 3504//5716 407//5735 3505//6091
f 3505//6091 4925//6093 2486//2593
f 1323//5458 4867//6094 1324//7855
f 4865//5458 3659//4672 4867//6094
f 4480//6096 3747//5059 1855//7939
f 4925//6093 3749//4256 3323//135
f 3748//6801 3749//4256 3746//6092
f 5384//4253 4267//6105 3750//6797
f 4267//6105 4669//6098 3869//5536
f 3107//5064 4926//6099 1326//5065
f 1327//4676 2378//6103 3750//6797
f 4927//6108 4268//6107 2489//4257
f 4483//7427 4920//6106 4927//6108
f 1850//6082 4920//6106 4483//7427
f 2491//5090 4178//5089 3512//6815
f 2379//5077 5124//6838 4928//6110
f 5124//6838 2379//5077 5396//7940
f 5124//7941 4033//6835 4928//6110
f 4928//6110 4868//5912 3660//6109
f 3513//5734 3751//6114 3110//7942
f 3754//6116 6200//6117 2492//5732
f 2830//5086 3112//6824 5025//7943
f 2494//7944 5025//6395 2495//5465
f 3510//7945 4177//6778 3744//6777
f 35//4316 29//159 4177//6778
f 3745//4252 2493//7946 3756//5081
f 4930//4250 3756//5081 2499//6119
f 4930//4250 3320//7947 1852//4251
f 3320//132 4930//4250 2484//6118
f 4363//4682 5120//6818 2500//5468
f 5120//6818 3757//4679 2500//5468
f 1330//4680 5503//7948 4931//7949
f 3758//4271 4931//7949 3325//4272
f 4931//7950 2382//4273 3325//7951
f 4671//6868 4491//5096 4781//6867
f 3524//4276 3523//7952 3326//4277
f 3523//5755 2502//5757 2503//6120
f 2505//7953 3759//4280 5125//6841
f 4779//4702 5643//5471 4932//4703
f 1333//6848 2385//6122 3662//5105
f 4495//6857 4492//6126 6127//6125
f 3663//7954 2512//6129 5504//5756
f 4494//6128 2512//6129 1333//6123
f 3763//4286 4933//6865 3761//4284
f 3763//4286 1335//5925 4933//6865
f 3329//7955 4039//6132 3525//5102
f 3120//2614 4934//7956 3528//6871
f 3666//7957 3662//5105 4274//6873
f 3766//4708 3764//4293 2514//5097
f 5506//7958 4499//6134 1336//6418
f 4179//4705 3530//6213 6235//6136
f 4873//5106 3662//5105 3666//7957
f 3765//4294 3764//7959 3766//4708
f 3440//6225 4935//4714 3535//4711
f 3644//4911 4936//7960 3331//5122
f 4936//6140 3644//4911 1263//6226
f 4936//6140 4851//6139 3768//6143
f 3974//7961 3769//6508 4139//7962
f 6669//7963 3974//7961 6668//7964
f 4139//7962 4937//6150 3771//2645
f 4180//7244 4279//6146 6206//7965
f 3772//6147 4938//6148 3682//2645
f 4241//2645 3683//2645 4279//6146
f 3770//7966 4938//6148 3772//6147
f 4739//2645 4938//6148 2521//5473
f 6683//7967 3771//2645 6681//2645
f 3537//6149 5591//5773 3771//2645
f 4937//6150 2523//7583 4848//2645
f 3335//2645 4848//2645 2523//7583
f 4848//2645 3335//2645 4847//6152
f 6231//7585 4847//6152 3335//2645
f 4939//5132 3091//5131 4910//7409
f 2810//7968 4940//4300 4282//4299
f 4941//6671 5935//7969 386//7970
f 6048//5660 6352//7441 5611//7971
f 5827//7972 3542//7724 5889//4721
f 5142//7411 4942//7973 5816//7863
f 3550//4721 3410//5789 1867//5775
f 4677//7974 5319//5559 5349//4721
f 3263//4721 5216//2618 6236//7975
f 4283//6159 3265//5932 4284//5933
f 3412//7557 3264//4721 3775//7976
f 5212//6914 5213//7977 5385//4721
f 2531//7978 4677//7974 5349//4721
f 4943//7979 6315//7980 6237//7629
f 3553//6162 3413//7630 3775//7981
f 4284//5933 4233//4721 6236//7975
f 3776//4721 5216//2618 3263//4721
f 4945//7982 5400//2623 5829//7983
f 5775//7984 3558//7743 6351//7985
f 5652//2623 5618//2623 4193//7986
f 5154//7987 4947//2623 3777//7988
f 5778//7989 5779//2623 5650//2623
f 5779//2623 6306//2623 5613//6158
f 5672//7990 4375//7249 5832//7991
f 5777//7992 3560//7993 4142//7094
f 1341//7994 5400//2623 3779//7995
f 4944//7996 5828//2623 5241//7997
f 4289//6167 1872//7998 5241//7997
f 1872//7998 4289//6167 4288//2628
f 4290//5806 4950//4727 3563//5807
f 3780//6166 4293//4150 4195//7145
f 3780//7999 4195//7145 5620//7144
f 1342//8000 4527//2628 5600//8001
f 5834//8002 3778//8003 5600//8001
f 4527//4727 3782//6937 3783//8004
f 5411//6170 3783//8004 1874//8005
f 4952//2628 5949//8006 6113//8007
f 4292//2628 3780//6166 4951//2628
f 1345//2628 4288//2628 4293//4150
f 6170//6941 4288//2628 1345//2628
f 4953//8008 4143//2628 5411//6170
f 4877//2628 3569//8009 5654//7753
f 3785//2628 5622//8010 5835//2628
f 6158//8011 5835//2628 5622//8010
f 3785//2628 5410//7200 5623//8012
f 1875//4735 5836//4735 5837//8013
f 4955//8014 5412//8015 5838//7637
f 5655//7152 6087//7766 3573//7765
f 5788//7764 5787//4735 3573//7765
f 5656//8016 6161//7154 4958//8017
f 6180//8018 5790//4735 4294//4735
f 4822//8019 5371//8020 5414//4735
f 5794//8021 4826//8022 5842//4735
f 5844//8023 4296//4735 5244//4735
f 5843//8024 5658//8025 5656//8016
f 5847//8026 1877//8027 5416//8028
f 3578//5575 5848//8029 5659//7
f 3578//5575 5846//7648 5848//8029
f 5821//7875 5371//8020 5757//8030
f 3579//8031 5419//8032 5372//8033
f 4298//4737 5843//8024 6179//8034
f 4826//8022 6062//4735 5842//4735
f 6316//7 1878//8035 5847//8026
f 3421//7 5420//7 5849//8036
f 5798//7785 5853//8037 5854//8038
f 5853//8037 6316//7 1880//6175
f 5855//8039 5605//8040 3422//5576
f 5856//8041 1880//6175 5422//6174
f 3588//4306 5857//8042 6255//4306
f 3588//4306 5855//8039 5857//8042
f 5859//8043 3791//7254 5209//7877
f 5862//4306 1882//7811 5863//6974
f 4549//4305 5822//4306 5870//8044
f 5865//4306 1881//8045 5856//8041
f 3423//4306 5426//4306 5858//8046
f 5803//4306 6258//8047 5866//8048
f 4967//4306 4966//4306 5210//8049
f 6258//8047 5865//4306 1883//6181
f 5867//8050 5869//8051 3424//5579
f 5868//8052 1883//6181 5428//6180
f 5869//8051 5867//8050 5223//8053
f 1353//8054 4560//2636 3795//7262
f 5870//8044 3795//7262 3676//7106
f 5645//2636 3425//8055 5430//7657
f 3598//7167 5432//8056 5635//7165
f 5873//8057 5434//7882 5811//8058
f 4560//2636 5435//6187 3796//2636
f 5382//7884 4206//8059 6238//8060
f 3427//5580 5433//2636 5223//8053
f 5810//2636 5874//8061 5875//8062
f 4971//2636 5874//8061 1884//2636
f 5663//2636 5662//8063 4303//2636
f 3608//8064 3607//8065 5377//2636
f 5876//6186 1886//8066 5245//6185
f 6115//8067 3608//8064 4843//8068
f 4972//139 6175//5482 5724//139
f 4968//8069 5436//6189 5391//4151
f 3603//8070 5811//7814 3679//8071
f 3799//139 1888//7035 1357//139
f 1357//139 5441//8072 5247//139
f 5440//2639 4973//7270 5646//139
f 6083//8073 2559//8074 5877//6192
f 2559//5829 6107//139 5877//6192
f 6322//8075 5440//2639 5878//6195
f 3801//2641 5665//139 6181//8076
f 3430//139 5439//139 3347//8077
f 5879//6197 5729//7598 4307//5483
f 5729//8078 5666//8079 2562//6198
f 3805//2645 4586//7037 3804//7036
f 4579//8080 3804//7036 4976//2645
f 3620//2645 4977//2645 3803//7022
f 4975//6200 3803//7022 4977//2645
f 6096//4311 4582//6425 2564//2645
f 3334//2645 4673//2645 4080//7033
f 6139//6892 4978//6201 417//2645
f 4978//6201 5184//6424 4979//2645
f 4587//6204 1889//2645 5383//6202
f 3621//7042 4211//2649 3806//2645
f 4587//6204 3806//2645 4211//2649
f 4980//2645 6239//8081 6182//8082
f 3433//2645 4982//6209 4980//2645
f 3621//7042 4981//8083 3626//5939
f 2569//6206 3809//5941 4981//8083
f 4982//6209 3530//6213 6239//8081
f 5314//8084 4405//8085 3951//7350
f 3532//5765 4984//2647 3626//5939
f 3811//8086 5507//8087 3810//7048
f 3743//4576 4768//5697 3493//4577
f 5272//7602 4667//7600 2471//7599
f 360//6216 4131//1891 3274//6732
f 4763//5675 4266//6079 3482//8088
f 1281//4616 3375//5992 1261//6219
f 5824//5969 2356//5968 2781//4620
f 2433//4618 2781//4620 3697//8089
f 3363//6270 4985//6220 3364//5632
f 5080//8090 5882//6512 5030//6222
f 4422//4165 1264//5117 4851//6139
f 1264//6885 4422//4165 6058//4167
f 4419//8091 3973//4912 3823//4918
f 4419//8091 3823//4918 366//4582
f 3692//6229 4987//5954 3690//4169
f 366//4582 6116//8092 4986//6510
f 2414//6227 5088//5489 2787//5859
f 5088//6231 2414//6227 4987//5954
f 3824//5490 4987//5954 3692//6229
f 3825//5962 1267//4607 3372//5493
f 368//4928 3281//5420 4655//6234
f 1267//4607 4132//7210 4690//6262
f 3280//8093 1267//4607 3825//5962
f 4340//2532 3694//8094 4339//8095
f 3825//5962 3368//6232 4094//5963
f 4339//4585 3694//5855 4988//6265
f 4989//7604 4988//6265 3694//5855
f 4989//7604 3694//5855 2354//5856
f 3280//5961 4096//5862 2420//5861
f 2355//5858 4990//8096 2354//8097
f 1269//7112 4248//5860 4991//8098
f 4248//5860 2419//6525 4132//6241
f 4991//8099 5647//6530 1269//7112
f 1266//8100 4991//8098 4248//5860
f 1268//4589 3449//8101 2786//4588
f 3980//7069 3696//4929 4992//2539
f 367//109 4992//2539 3696//4929
f 2423//2527 2418//2526 4656//5614
f 4249//5993 6009//5867 1273//6251
f 4343//6260 3826//6256 2789//5971
f 3371//4602 2425//8102 5249//5865
f 4428//7570 6117//7571 4343//6260
f 4342//6255 2791//6257 3370//4597
f 4344//7284 4158//6563 372//4604
f 3703//5873 2791//6257 4342//6255
f 1275//6253 1278//8103 4692//7835
f 6642//8104 4693//5871 1277//8105 6587//8106
f 4253//5878 1277//6570 4693//5871
f 3826//6256 372//4604 4993//2550
f 3702//6259 2790//4598 2791//6257
f 2791//6257 2359//4614 4694//7607
f 2359//4614 2791//6257 3703//5873
f 3458//4610 4097//5424 2358//8107
f 4988//6265 2785//4613 373//4615
f 369//8108 4436//4940 3990//6569
f 3830//6267 4985//6220 3363//8109
f 364//1895 4985//6220 3991//1893
f 1291//5887 1284//7081 4696//5884
f 3465//2562 4345//4952 379//4954
f 5883//6274 4695//5883 2794//5499
f 3994//8110 376//5501 4345//4952
f 3376//6272 1285//6280 4695//5883
f 1286//6602 4854//4124 4696//8111
f 3377//5885 1284//7081 4697//7904
f 6091//6278 4697//8112 1284//7081
f 4994//4626 4257//7219 2361//6277
f 376//5501 6211//6583 1285//6280
f 6704//8113 4995//6603 6637//6603
f 4135//7086 4996//8114 1286//6602
f 4995//6603 1286//6602 4996//8114
f 3073//8115 3460//8116 4890//6284
f 4699//5430 3293//4627 3829//6266
f 3460//5639 2795//2558 4890//6284
f 2360//4121 4891//6287 3713//4119
f 3835//6285 4257//7219 2439//5496
f 1289//6291 6207//6299 2796//6298
f 2445//115 4999//4201 3837//6290
f 3838//4969 5006//4971 3843//6640
f 2362//2 4857//6638 4225//3
f 6047//7849 2362//2 1288//6612
f 2443//6297 4258//4199 5004//6295
f 4099//4197 4258//4199 2443//6016
f 3840//4953 2797//4202 378//117
f 3649//6301 2444//6300 2446//5504
f 6283//6302 6208//5498 3715//8117
f 3294//6015 6091//7838 1284//7081
f 6091//7838 3294//6015 3649//7085
f 3840//4953 3839//6273 2797//4202
f 5499//7403 4346//6304 3479//6629
f 4346//6304 5499//7401 5000//6664
f 1292//7126 2456//6305 5001//7694
f 5001//6307 4459//7405 6118//8118
f 3652//4982 1294//6635 4227//4227
f 6630//8119 4227//4227 1294//4984 6603//8120
f 1293//5890 1302//7850 4226//5891
f 4352//6311 4226//5891 1302//7850
f 2809//8121 4136//8122 4347//6314
f 5002//5509 5447//6663 4348//5398
f 3380//5507 4348//5398 5447//6663
f 4450//6316 2799//4631 4451//6313
f 4136//6315 2809//4632 2799//4631
f 3381//6292 3380//5507 4351//6317
f 4136//6318 4351//6317 3380//7287
f 3841//7846 2364//4206 5005//4208
f 5003//6319 3842//7288 5004//6295
f 3836//6296 5004//6295 3842//7288
f 5003//6319 1295//7843 4856//7289
f 1295//7843 5003//6319 1296//6293
f 2802//8123 4350//6320 5005//4208
f 3842//7288 5005//7223 4350//6322
f 5005//8124 3842//7288 3841//7846
f 4451//6313 3843//6640 5006//6289
f 3714//8125 6240//7290 2803//4986
f 1296//6293 5004//6295 4258//4199
f 2796//6298 6204//5503 4350//6320
f 377//4970 3838//4969 3843//6640
f 4450//6316 5006//6289 3837//6290
f 4349//5508 3381//6292 1289//6291
f 382//7925 5201//7089 2453//119
f 1307//8126 5009//6034 5446//7230
f 2805//7395 2365//8127 3087//6325
f 2805//6646 3846//2571 1299//2570
f 2454//6656 1300//2570 5010//2570
f 2805//6646 1299//2570 2365//8128
f 3848//6329 1299//2570 2807//4640
f 383//118 2798//4633 3847//4641
f 4701//5511 3301//2570 4660//2570
f 3651//7841 3851//6625 2366//8129
f 4100//4207 3384//5510 5002//7554
f 4917//7702 6053//8130 3488//5687
f 1304//6047 1305//7722 2467//5691
f 4917//7702 2467//5691 1305//7722
f 3313//8131 3654//5895 3490//5515
f 3654//5895 3313//8131 3491//8132
f 3852//5896 3654//5895 3491//8132
f 3308//5519 2460//5440 4661//5439
f 2810//7968 4460//8133 4940//8134
f 4662//6337 3309//6684 3387//4648
f 1310//122 3307//6338 6126//123
f 4354//4651 4914//8135 3726//4652
f 4914//5779 4354//4651 3307//6698
f 2813//7578 1311//7577 6120//1904
f 2464//4236 3730//4233 4766//5682
f 4356//5684 3730//4233 3731//6070
f 392//6728 6333//8136 6335//8137
f 5884//1906 393//5692 395//1907
f 5449//6349 2815//5514 3310//4656
f 5110//8138 3311//5444 5884//1906
f 391//6347 5110//6345 5448//6344
f 4264//4237 2814//1902 6120//1904
f 3313//8131 2814//1902 3491//8132
f 3732//7233 5448//6344 5015//1905
f 4353//6353 3732//7233 5015//1905
f 363//6735 2470//8139 4770//5033
f 2470//8139 363//6735 3862//6362
f 4358//6366 5016//6751 399//6365
f 2819//4661 4704//5524 3871//6364
f 2819//4661 5017//7299 2476//5712
f 4025//5525 5017//6367 2820//5049
f 2481//4664 3864//6370 3863//6368
f 3865//4248 5018//6371 3741//4243
f 400//22 5021//6767 28//23
f 3867//7301 5021//6767 3965//4902
f 2487//4673 4708//6378 3868//6376
f 1322//6382 5022//7303 2825//7091
f 5384//4253 4867//6094 3659//4672
f 2827//5532 4709//5461 5022//7303
f 1327//4676 3658//6384 1318//7612
f 3869//5536 3391//4242 2377//6104
f 1326//5065 4358//6366 4359//4662
f 4710//6111 4137//6390 2828//6112
f 5023//7616 4869//5914 5503//7948
f 5024//5467 2380//6397 5669//5076
f 3504//6825 5025//6395 2494//4263
f 2830//5086 3104//5055 4668//6379
f 3104//5055 2830//5086 5025//7943
f 2829//5541 2825//7091 3396//1908
f 5026//5540 3868//6376 4270//5538
f 5026//5540 3873//5531 2376//5530
f 2825//7091 3392//7090 3396//1908
f 2497//1909 3396//1908 3392//7090
f 2500//5468 3757//8140 4271//8141
f 3758//4271 4271//7858 3757//8140
f 5029//8142 3398//4273 2500//5468
f 3519//6856 4780//5745 3526//6846
f 4275//6875 3400//4697 2835//4690
f 40//142 5134//6855 412//8143
f 3520//8144 5027//6408 3521//5751
f 5027//6408 3520//7306 5134//6407
f 3401//1911 3874//4693 4040//6854
f 4364//8145 4138//6411 5250//4700
f 1335//5925 3763//4286 5452//6405
f 2509//4689 6214//138 5318//5472
f 5318//5472 4712//6414 6241//7619
f 4781//6867 4491//5096 4366//8146
f 413//1912 5028//8147 409//2605
f 3877//4282 5028//7433 3878//6864
f 5029//6402 4712//6414 2383//8148
f 3399//6404 4712//6414 5029//6402
f 409//8149 1331//4269 4138//6416
f 4138//6411 413//1912 409//8149
f 3403//5092 4711//5553 3402//5550
f 414//4145 3879//6421 5133//8150
f 3262//6211 4645//5761 3404//5926
f 414//4145 3665//4144 5508//6419
f 3766//4708 4212//6423 3949//5185
f 1821//5951 4280//5476 4675//5475
f 2840//7310 3885//5766 6064//7311
f 4937//6150 4139//7962 3769//6508
f 2523//8151 4937//6150 3769//6508
f 3883//5120 3884//2645 3885//5766
f 4368//5474 3882//6886 3534//8152
f 3885//5766 2840//7310 3057//7678
f 5885//8153 5030//8154 4784//5770
f 6216//2645 3348//2645 3405//5119
f 3407//2645 3405//5119 3348//2645
f 6216//2645 2841//2645 4979//2645
f 417//2645 4979//2645 2841//2645
f 4080//7033 4673//2645 4582//6425
f 4582//6425 2525//2645 2564//2645
f 5684//5557 5275//8155 2389//5555
f 4183//4720 5685//6428 3305//5020
f 5032//6677 4908//6075 5685//6428
f 5032//6677 2457//5696 4908//6427
f 3669//8156 4234//6153 4506//5478
f 6141//8157 3336//4721 2530//4721
f 5932//7447 5278//8158 4049//4721
f 4052//7198 4512//7074 5888//8159
f 5817//7864 5887//4721 3668//8160
f 5889//4721 3542//7724 5742//4721
f 4796//8161 5890//7625 5351//8162
f 6076//4721 5033//6430 1339//8163
f 5511//8164 3892//4721 5253//4721
f 5035//8165 5253//4721 5453//4721
f 4946//8166 6351//7985 5891//4721
f 5203//7449 5692//2623 5519//2623
f 5454//8167 6077//2623 5892//2623
f 5522//6924 5155//8168 5745//8169
f 5696//2623 4523//8170 6121//2623
f 5284//6934 421//8171 5520//8172
f 5037//2623 5455//2623 5671//4724
f 5893//2623 5894//2623 5748//2623
f 5895//8173 2536//8174 5894//2623
f 5456//8175 6147//8176 5041//2623
f 5042//8177 5456//8175 5896//2623
f 5957//8178 1873//2628 5255//8179
f 4528//6945 5960//8180 4374//8181
f 2848//2628 5043//2628 5460//8182
f 3565//5809 5898//7148 5958//2628
f 5044//2628 5958//2628 5898//7148
f 4522//6932 3267//8183 3900//2628
f 5736//8184 4145//2628 2539//8185
f 5897//4725 3266//7562 3340//2628
f 4680//2628 4679//5480 4646//2628
f 3901//2628 3268//6434 3902//2628
f 5045//2628 5955//2628 5463//2628
f 5461//2628 4721//2628 2537//6936
f 3903//4727 422//4728 5257//4727
f 2849//5569 2393//2628 5783//7754
f 5461//4727 4811//8186 3904//7636
f 4811//8186 5461//2628 5045//2628
f 3905//2628 5368//7767 5900//2628
f 5465//8187 5698//2628 6130//2628
f 4378//7321 5259//8188 5901//4727
f 2851//8189 5525//8190 6294//6928
f 5702//7463 5701//7462 5466//8191
f 5537//4735 5047//4735 5902//8192
f 2541//8193 5753//8194 5965//4735
f 5903//4735 5469//8195 2542//7776
f 5535//4735 4813//4735 5904//8196
f 5738//7593 6251//8197 5905//8198
f 5543//6960 5053//7471 5904//8196
f 5052//8199 5467//8200 5468//8201
f 5293//5154 4537//8202 4386//8203
f 5316//8204 4647//8205 4537//8202
f 3913//8 4648//7 3912//7326
f 4383//7325 5470//8206 3912//7326
f 5906//8207 5261//8208 5334//7
f 4087//7 4382//8209 5911//7
f 5334//7 5911//7 4382//8209
f 5908//7 1347//8210 5658//8025
f 3673//7 1347//8210 3788//7
f 1349//8211 4386//8203 5300//7
f 5910//7 3920//7 5544//7592
f 5594//7 5711//8212 4648//7
f 5054//7 2545//7 4063//7
f 5912//7 5055//8213 4681//7
f 5556//8214 6122//8215 5552//7
f 5055//8213 5912//7 5913//8216
f 3923//4306 5057//4306 5056//7477
f 2395//5822 6012//6442 2548//7787
f 5262//8217 3675//6177 6135//8218
f 5477//4306 4965//4306 5548//8219
f 5872//8220 3792//7261 5262//8221
f 5915//4306 4830//7792 4831//8222
f 4830//7792 5862//4306 5477//4306
f 5057//4306 3923//4306 5718//4306
f 2549//4306 5059//4306 3270//6443
f 5059//4306 2549//4306 3593//7801
f 5675//4306 3271//4306 3924//4306
f 5060//4306 2550//4306 4067//4306
f 5062//8223 5917//4306 5919//6982
f 5918//8224 5061//8225 5324//4306
f 4683//4306 4682//8226 4393//4306
f 5564//6978 5063//8227 5485//6457
f 2397//2636 6013//6454 2553//7803
f 4204//8228 3597//2631 3929//2636
f 5920//2636 5064//2636 5575//2636
f 5871//8229 3598//7167 5483//2636
f 3599//2636 4836//6455 4837//7810
f 3931//2636 6123//8230 5731//8231
f 3426//2636 4563//2636 2396//7336
f 4396//2636 6163//8232 5486//2636
f 5308//8233 4568//6995 5921//8234
f 5923//8235 3934//2636 5922//8236
f 4685//8237 4684//8238 4397//2636
f 5924//8239 3938//7340 1358//7345
f 5926//7664 2557//7665 5764//139
f 5264//4744 4398//8240 5587//8241
f 6282//8242 5491//139 5995//8243
f 5927//139 5994//8244 5928//7505
f 3429//139 4737//139 4844//7004
f 4208//6460 4844//7004 4737//139
f 6346//8245 3940//139 5266//139
f 4116//139 4117//139 4883//6461
f 4117//139 3940//139 3680//8246
f 3940//139 6346//8245 4576//7512
f 4884//8247 3941//139 4688//139
f 3802//7040 6244//139 5679//139
f 3681//7504 4884//8247 4306//8248
f 5929//7346 4974//8249 4570//139
f 5596//7067 4089//139 5880//8250
f 3800//139 5267//8251 6296//139
f 3431//2645 5071//2645 5186//6469
f 2856//8252 5730//6467 2398//2645
f 4739//2645 2398//2645 5730//6467
f 3682//2645 4739//2645 3944//2645
f 2857//7045 5070//6468 1362//2645
f 5071//2645 1362//2645 5070//6468
f 3273//2645 5072//2645 3431//2645
f 5071//2645 3431//2645 5072//2645
f 4583//2645 3684//2645 4846//6470
f 3684//2645 4583//2645 1361//4298
f 4502//2645 2858//2645 2859//6893
f 3945//2645 4502//2645 3946//4746
f 1362//2645 5071//2645 43//4154
f 2566//2645 4580//2645 5314//7351
f 4405//8085 5314//7351 4581//8253
f 429//6471 4740//4313 428//4312
f 3948//7029 5073//2645 3808//6208
f 4084//5184 5074//5835 6259//7435
f 3952//7046 3949//5185 4212//6423
f 5075//4750 5199//8254 4983//6210
f 429//6471 4849//8255 2860//5585
f 4173//6491 3494//6492 3256//4900
f 4026//5050 5077//5601 4918//5714
f 3103//5713 3966//7368 3503//6768
f 3737//4239 4742//2519 2469//2521
f 2469//2521 4741//2520 3656//8256
f 4360//4247 3656//4132 4741//2520
f 3656//4132 3967//4249 3314//8257
f 3735//8258 3966//7368 4265//5522
f 4918//5714 4265//5522 3966//7368
f 2816//4657 5077//5601 359//4658
f 2//180 4172//6750 361//31
f 3257//7369 5078//6746 3484//6710
f 5078//6746 3257//5395 4474//8259
f 4466//5412 3968//5411 1311//7577
f 3056//2543 4418//8260 2435//7573
f 4440//6498 3//226 5079//6497
f 4277//6502 2520//4712 3971//4909
f 365//6505 1262//6511 5080//6504
f 4421//8261 3057//5767 2411//5414
f 1821//5951 4714//6507 6285//8262
f 1822//5947 6285//5946 4714//6507
f 3823//7372 4421//6506 3277//4583
f 5082//5418 5//5485 3970//4919
f 3977//6523 1823//4910 3971//4909
f 366//4582 4986//6510 4419//8091
f 4986//6510 2417//2540 1262//7891
f 4419//8091 4986//6510 365//6505
f 5882//7375 1262//6511 6010//7373
f 4652//5417 2416//5416 3822//6223
f 4420//4917 5081//4578 4852//4580
f 5081//4578 4420//4917 3975//6514
f 3769//4915 4420//4917 1822//5947
f 5//5485 5082//7109 2575//4322
f 3443//7110 5082//5418 3444//4921
f 5084//6520 5083//4166 3450//8263
f 5083//6519 5084//6520 6058//4167
f 4337//5945 6058//8264 5084//6520
f 3976//4925 1263//6226 1823//4910
f 1263//6141 3976//4925 4422//4165
f 2412//4162 3693//7894 3058//4922
f 4423//7896 1824//6518 3976//4925
f 2423//2527 3448//2538 3059//2523
f 3977//6523 3059//2523 3448//2538
f 4655//6234 3990//6569 3072//2557
f 3990//6569 4655//6234 369//7068
f 7//2678 4151//6533 6//8265
f 5085//5856 3447//7682 4150//6264
f 370//4587 4093//6526 1268//4589
f 4095//6527 1268//4589 4093//6526
f 3446//4176 5086//7679 3982//6535
f 3062//5624 5086//5959 3061//2529
f 1826//5960 4246//6579 5087//5964
f 1268//4589 4095//6527 1270//6245
f 4095//7070 3980//7069 4153//2541
f 4656//5614 3282//110 2422//8266
f 8//2706 4426//4930 7//2678
f 3278//5620 4151//6533 3981//7380
f 4426//4930 3981//7380 4151//6533
f 5087//5964 4246//6579 4425//6534
f 4425//6534 4423//5965 5087//5964
f 5086//7679 3062//5624 3982//6535
f 367//109 6010//7373 4992//6249
f 4153//2541 6116//8092 1270//6245
f 4423//5965 4425//6534 1824//6518
f 5089//6536 1824//6518 4425//6534
f 3450//8263 5089//6536 3982//6535
f 371//43 4653//5419 8//51
f 3063//5625 4424//5621 3065//6538
f 3983//8267 4154//6537 3981//7380
f 4424//6539 3981//7380 4154//6537
f 3693//7894 5084//6520 3450//8263
f 5089//6536 3450//5627 5083//4166
f 3066//6540 4850//4617 4155//4932
f 4850//6218 3066//6540 3643//7836
f 3688//5977 4242//6544 4429//5979
f 1818//6543 5090//6547 1827//5980
f 5090//6547 1818//6543 1817//8268
f 4431//2542 4418//6550 3056//8269
f 4418//6550 4431//2542 5091//7386
f 3969//6549 5091//7386 3984//7385
f 9//223 5079//6551 3//226
f 3451//5634 5079//6497 3453//7383
f 3067//2544 5395//5984 4431//2542
f 4251//7213 5093//8270 6332//5975
f 4657//8271 6066//8272 3284//4935
f 10//234 4434//8273 9//223
f 4434//8273 3986//7382 3453//7383
f 1827//5980 5090//6547 4432//6553
f 3987//6554 4432//6553 3984//7385
f 5090//6547 3984//7385 4432//6553
f 3068//4937 5395//5984 3067//2544
f 5395//5984 3987//6554 4431//2542
f 5444//4934 4344//7284 6229//8274
f 4157//4182 4432//6553 4887//4180
f 11//231 5092//6556 10//234
f 4434//6552 10//234 5092//6577
f 3068//4937 4430//4936 3070//5990
f 3988//6557 4658//6558 3986//7382
f 4430//4936 3986//7382 4658//6558
f 4252//6560 3285//4941 3985//4933
f 3069//8275 5093//8270 2427//2556
f 3701//8276 2427//2556 5093//8270
f 3701//7216 5093//8270 4251//7213
f 372//4604 4158//6563 1276//4605
f 4435//6564 1276//4605 4158//6563
f 4435//8277 4436//4940 5668//8278
f 3071//6572 4252//8279 3069//6559
f 374//2668 4438//7379 1832//7825
f 4098//6575 1832//2669 4438//8280
f 3287//7387 4098//6575 3979//6574
f 1825//5615 3445//4188 2428//2554
f 3457//5636 1830//2552 3373//4190
f 1832//7825 4098//6575 11//231
f 5092//6556 11//231 4098//6575
f 3070//5990 4658//6558 5495//7116
f 3287//7387 4659//6580 3988//6557
f 4658//6558 3988//6557 4659//6580
f 4339//4585 4988//6265 3828//2551
f 1280//4183 4888//5989 1826//5960
f 5268//4174 4246//6579 3706//7901
f 4888//5989 3706//7901 4246//6579
f 6//2673 4151//6533 374//236
f 4438//7379 374//8281 4151//6533
f 4654//2528 3060//2530 4659//6580
f 3293//5429 3834//6582 3830//6267
f 1834//6589 6004//7217 3468//6605
f 6004//7217 1834//6589 6292//8282
f 4092//8283 4159//5641 4750//5630
f 4242//6544 3687//5997 1816//7889
f 4160//6588 6003//8284 5094//5643
f 2435//7573 1834//6589 2434//6606
f 3969//6549 6334//8285 6292//8282
f 4751//5633 3463//7118 3451//5634
f 2435//7573 4439//8286 3056//2543
f 4751//5633 3056//8269 4439//6591
f 6060//6598 13//8287 14//8288
f 4441//6595 4754//7119 2437//5999
f 4441//7221 2448//8289 4756//7222
f 15//208 5095//6596 14//8290
f 6060//8291 14//8290 5095//6596
f 4443//2566 1837//8292 4444//6008
f 5496//6601 3074//6000 3468//6605
f 3466//2563 4890//6284 3994//8110
f 4160//6588 3993//7120 5095//6596
f 3992//6597 5095//6596 3993//6593
f 3716//7122 4163//8293 3711//6004
f 5234//6600 3709//4192 4444//6008
f 5496//2564 3995//6622 3289//5998
f 3995//6622 5496//6601 4443//2566
f 3833//6282 4890//6284 3466//2563
f 1287//4123 4996//8114 4135//5886
f 4996//8294 1287//6286 3648//5880
f 6586//8295 3648//5880 6592//8296
f 3687//5997 3708//4956 1833//6010
f 3462//6587 4892//8297 3075//7121
f 4892//7572 3462//6587 4439//6591
f 4755//6623 4447//4960 3469//4959
f 1839//4965 381//5658 3475//4210
f 1841//116 5097//5431 379//4954
f 4894//8298 3998//8299 5098//6610
f 3998//8299 4894//6609 1838//5435
f 4854//6271 3650//4126 1290//8300
f 6689//8301 4162//6611 3650//4126 6675//8302
f 5097//5431 4002//5433 4448//6599
f 4895//6017 3470//7123 4161//6619
f 3470//7123 4895//6017 3078//5652
f 1840//4967 4001//4191 1842//4193
f 4001//4191 1840//4967 5098//6610
f 4000//5428 5098//6610 3998//8303
f 3464//6001 5099//6620 3079//6013
f 6108//4973 4002//5433 5099//6620
f 3995//6622 3709//4192 4001//4191
f 4442//5646 3079//6013 4755//6623
f 2363//4204 2808//6331 4700//6046
f 4700//6046 3723//6045 5100//6626
f 5101//6022 5497//4985 6067//5657
f 1843//7391 4855//6637 3651//7841
f 4855//6637 1843//7391 3296//4215
f 5497//4985 5101//6022 5100//6626
f 4700//6046 5100//6626 5101//6022
f 19//295 4346//6304 18//8304
f 4346//6304 19//295 4449//6627
f 3473//4978 4757//4636 3472//4645
f 1292//7126 3080//6633 6341//4127
f 5102//6632 6341//4127 3080//6633
f 3474//4212 5102//6632 3298//4213
f 5102//6632 3474//4212 3378//4980
f 3080//6633 4901//7127 4259//5436
f 4899//6026 3296//4215 1843//7391
f 3082//4205 6067//5657 381//5658
f 4857//6294 3719//6636 4898//6639
f 3719//8305 4857//6638 6047//7849
f 3379//5506 2801//8306 3843//6640
f 6118//8118 4449//6627 4452//6030
f 4901//7127 3081//7393 2449//6029
f 1838//5435 4894//8298 4902//4217
f 4165//7909 2449//6029 4900//6028
f 3476//4994 5680//7132 5341//8307
f 4454//6653 1844//6652 4453//7394
f 3085//2662 4166//6644 21//2660
f 1308//6326 4911//6061 3087//6325
f 4004//7697 5107//6645 3846//2571
f 2453//5000 2806//4223 382//8308
f 5107//6645 382//7925 2806//4223
f 3845//6328 3258//6036 3477//6648
f 3258//6036 3383//6037 5103//8309
f 2453//5000 4102//6649 5202//120
f 5104//8310 5202//120 4102//6649
f 3844//4998 5104//6651 3300//6650
f 1844//6652 4458//6654 1301//7915
f 4005//2574 4458//6654 4454//6653
f 5104//8310 3303//4644 5011//4643
f 3303//4644 5104//8310 3844//4998
f 2450//7396 5007//4996 3844//4998
f 1300//2570 4905//6043 4167//2570
f 4167//2570 5446//7230 1300//2570
f 5010//2570 3722//6038 1302//6657
f 4352//6659 1302//6657 3722//6660
f 3717//8311 3849//6661 5011//4643
f 3849//6661 3717//6631 5012//4975
f 2798//4633 2809//4632 3847//4641
f 5012//6662 2798//4633 383//118
f 4347//6314 4006//4639 3848//6329
f 3848//6329 2809//4632 4347//6314
f 3090//2575 4759//7404 4459//7405
f 4759//7402 3090//2575 3086//8312
f 5000//6664 4003//4995 5105//6665
f 5105//6665 4003//4995 4166//6644
f 17//8313 5105//6665 384//195
f 3724//2573 4458//6654 4005//2574
f 4458//6654 3724//2573 4907//4128
f 18//8304 5000//6303 17//8313
f 4018//6666 2389//5555 3097//2576
f 395//1907 386//7970 5015//1905
f 4941//6671 395//1907 6061//6731
f 3725//4718 1314//7931 4789//5931
f 6005//5929 3667//5928 3480//5019
f 1845//8314 4791//7723 1304//6047
f 1306//6678 4461//6697 1847//6696
f 1847//6696 5931//6687 1306//8315
f 4169//6680 4170//2580 5500//6054
f 4170//2580 4169//6680 5211//2581
f 389//6682 4104//6058 2810//8316
f 4460//8133 2810//7968 4104//6058
f 4044//8317 4912//6062 4260//7232
f 2571//183 4313//4754 1365//181
f 1306//8315 5931//6687 1866//6685
f 4942//5133 5142//6688 4761//1900
f 4010//6691 4313//8318 3091//5131
f 2451//5669 5007//4996 3481//5670
f 2450//6692 4012//7073 389//6682
f 4455//7912 1297//4218 3727//1899
f 23//2664 21//2663 4168//7699
f 5341//8307 4168//7699 21//2660
f 4454//6653 4453//7394 6343//7398
f 4169//6680 3084//4990 5211//2581
f 4703//7610 5107//7926 4004//7697
f 382//7925 4703//7610 3387//4648
f 3477//5442 5103//6647 3307//6698
f 6126//123 1307//8319 1309//5003
f 3259//8320 4916//5007 5826//5006
f 4013//6701 6093//6700 3729//7294
f 4013//6701 4464//6065 3739//6702
f 3276//6744 4467//8321 4105//126
f 5681//5679 4467//6706 6323//4161
f 3092//5902 4743//5604 3054//5678
f 4743//5604 3092//5902 5108//8322
f 4015//7415 4468//8323 4014//5605
f 6344//8324 6335//6712 6329//7295
f 4467//6706 5681//5679 4106//6707
f 4105//126 4106//6707 391//6347
f 3312//127 3858//5400 2369//5443
f 391//8325 3859//6350 5014//6708
f 390//259 4086//6716 2//180
f 4172//6750 2//180 4086//6716
f 4016//6717 3260//7066 5109//6723
f 4086//6716 5109//6723 3260//7066
f 4470//6718 3094//2586 4469//5404
f 2371//5013 4469//5404 3094//2586
f 4106//6707 5110//6345 391//8325
f 6051//6719 4663//4234 3486//6721
f 4663//4234 6051//6719 3311//8326
f 25//2658 5112//8327 24//8328
f 4016//6717 5109//6723 4018//6666
f 5112//8327 4018//6666 5109//6723
f 6051//6719 3486//2583 3489//2582
f 4766//5682 4356//5684 2468//5449
f 4353//6353 3852//5896 3853//6351
f 1849//6727 5111//5681 1314//7931
f 394//2657 5112//6725 25//2658
f 5112//6725 394//2657 4008//5556
f 4470//6718 4018//6666 3097//2576
f 1314//7931 5111//5681 6069//4149
f 3305//5020 4908//6075 4017//8329
f 359//5603 4091//6215 1315//4659
f 3274//6217 5114//8330 4091//6215
f 4020//5026 5113//5849 3641//5027
f 1814//5599 5113//5849 4919//5701
f 1317//6080 4919//5701 5113//5849
f 1315//5031 5114//8330 6288//8331
f 4173//6491 358//24 4474//6736
f 3494//8332 4173//6491 4021//6737
f 3499//6739 3498//6741 4771//4905
f 3099//5028 4771//4905 3498//6741
f 363//6735 4467//6706 3862//6362
f 3276//8333 3275//125 4357//7298
f 6288//5029 4466//5412 3497//5030
f 5114//8334 4357//7298 6288//5029
f 3498//6741 6284//7936 4020//5026
f 397//8335 4474//6736 358//24
f 3100//8336 4769//6747 4473//6748
f 361//31 5078//8337 397//29
f 4473//8338 4642//8339 2353//5851
f 3257//5395 4642//8339 4021//6737
f 4484//5066 398//5038 5016//6751
f 398//5038 4484//5066 4022//5068
f 27//170 4107//6752 26//8340
f 4476//6754 26//169 4107//8341
f 3101//5707 4485//8342 2477//7582
f 3315//6753 4664//5450 4485//5729
f 4485//5729 4024//5728 3315//6753
f 4108//8343 3316//5045 4920//6106
f 2473//7238 4665//8344 2475//5041
f 3316//5045 2473//5727 4268//8345
f 28//23 4109//6756 27//170
f 3315//6753 4107//6752 3317//5451
f 4109//6756 3317//5451 4107//8341
f 5016//6751 3502//5037 2823//8346
f 4923//8347 3316//5045 4108//8343
f 2475//5041 4665//5044 2374//5042
f 4923//5046 4922//5406 4665//6762
f 6057//6090 1851//8348 4864//6089
f 4705//6763 5019//4670 2478//2589
f 4109//6756 28//23 5021//6767
f 3867//6373 5020//5452 3317//5451
f 4741//2520 4742//2519 3742//5047
f 3103//5526 3503//6768 2480//5453
f 5019//4670 4705//6763 5076//6775
f 1//325 3256//4900 400//22
f 5021//6767 400//22 3256//4900
f 5020//5452 4361//6374 2351//4903
f 2352//4904 2351//7367 4361//6374
f 29//159 5115//8349 4177//6778
f 5115//6779 29//159 30//8350
f 4027//6787 3744//7420 5115//8349
f 4477//7711 4027//6787 4479//5726
f 4778//5718 4477//7711 3105//5717
f 3104//5055 2485//2595 4668//6379
f 4480//6096 3745//8351 1852//4251
f 2825//7091 4707//5544 1322//6382
f 4110//6785 1322//6382 4707//6784
f 1322//6382 4110//6785 5117//6380
f 3322//6781 4028//8352 4668//6379
f 6424//8353 1324//7855 6418//8354
f 30//8350 5116//8355 5115//8356
f 5116//8355 30//8357 31//168
f 3508//7422 4027//6787 5116//8355
f 3105//5717 4479//5726 3109//6806
f 4110//6785 4028//6800 402//6799
f 4175//6791 3508//7422 5116//8355
f 3395//7237 5502//6795 4669//6098
f 5022//7303 4174//6381 2827//5532
f 3107//5064 5117//6380 402//6100
f 5330//5723 2488//5722 2827//5532
f 3507//8358 5273//5067 3322//6781
f 4028//6800 3322//6781 5273//6798
f 1853//6095 4927//6108 2489//4257
f 4927//6108 1853//6095 1855//6097
f 1855//6097 4030//6802 4483//7427
f 4030//6802 3747//5059 4029//5058
f 3506//8359 3108//8360 4029//5058
f 4022//5068 5273//6798 3507//6804
f 32//166 4175//6791 31//8361
f 3508//7422 4175//6791 4024//5728
f 4927//6108 1855//7939 4483//7427
f 4484//5066 4358//6366 4926//6099
f 6070//5708 4022//8362 5317//6803
f 26//8363 4476//6754 32//163
f 4476//6754 4024//5728 4175//6791
f 4483//7427 4482//6083 1850//6082
f 3101//5707 4475//6807 3109//6806
f 4475//6807 4023//6805 3108//5060
f 3114//6812 3751//6114 5118//2597
f 3515//2596 4487//6813 5118//2597
f 408//4266 5119//6817 2831//6399
f 3511//5082 4176//5074 404//5730
f 3757//4679 5120//6818 5669//5076
f 3111//4678 5120//6818 4363//4682
f 5023//7616 1330//4680 5669//8364
f 5120//6818 5024//5467 5669//5076
f 4032//8365 5121//6821 3514//5737
f 3514//5737 5121//6821 4777//5738
f 4777//5738 4486//8366 5122//2602
f 35//4316 5123//6820 34//4158
f 4177//6778 3510//2603 3660//6109
f 2379//5077 5122//2602 5396//7940
f 5122//2602 2379//5077 3510//2603
f 1857//6816 5121//6821 4032//8365
f 1329//5913 4870//5916 4137//6390
f 6071//6393 4137//6390 4870//5916
f 5025//7943 3112//5733 2495//5465
f 3755//4265 2483//8367 407//5735
f 4033//6835 5124//6838 4490//6837
f 3113//6827 4488//8368 4178//8369
f 2503//6120 6072//8370 6336//8371
f 6072//8370 6073//6828 4034//5091
f 4178//5089 4034//5091 6073//6828
f 4929//6840 4868//5912 4033//6835
f 5125//6841 3110//6809 3114//6812
f 3110//8372 5125//6841 3759//8373
f 3758//4271 1330//4680 4931//7950
f 2382//4273 6001//8374 2381//4274
f 36//155 5126//8375 4120//156
f 5126//8375 4036//5093 4497//6832
f 4120//156 4497//6832 37//141
f 4036//5093 5129//6833 4037//5094
f 5129//6839 4036//5093 5126//8375
f 4490//6837 3115//8376 3329//7955
f 4037//5094 5127//6834 4672//8377
f 5398//6133 3113//6827 6073//6828
f 409//2605 5028//5103 5128//6836
f 3115//5740 5124//6838 4488//6826
f 33//423 5129//6839 36//155
f 4037//5094 4929//6840 4033//6835
f 4929//8378 4037//5094 5129//6839
f 2504//4283 4489//5095 4487//6813
f 4489//5095 2505//4275 5125//6841
f 4487//6813 4489//5095 5125//6841
f 3516//6810 3110//8379 3759//4280
f 4035//4281 5128//2606 3877//7308
f 5128//6836 4035//4281 2832//5071
f 2386//6121 5130//8380 1336//6418
f 6474//8381 4276//6842 4038//6852 6440//8382
f 5130//6843 4038//6852 4276//6842
f 411//6406 3879//6421 3881//6422
f 5131//5748 3117//2611 6297//6845
f 410//4314 1865//2609 3119//5104
f 3528//6878 4934//4292 1862//6872
f 5132//4291 1861//5101 4934//4292
f 1862//6872 4934//4292 1861//5101
f 4492//6126 1332//6127 4272//6850
f 3761//4284 5130//6843 2386//6121
f 5130//6843 3761//4284 4273//6851
f 3875//5548 5133//8150 411//6406
f 4364//5549 5250//4700 6330//4146
f 3118//2610 5132//4291 3117//2611
f 412//4315 3518//6847 39//8383
f 3518//6847 412//2717 5134//8384
f 3519//8385 5134//6855 3520//7306
f 6263//2612 2511//7714 3118//2610
f 1863//6131 4495//6857 4039//6132
f 6127//6125 4039//6132 4495//6857
f 6433//8386 4273//6851 1334//8387 6538//8388
f 4933//6865 1334//8387 4273//6851
f 3116//6862 2512//6129 4494//6861
f 3522//5753 4781//6867 4366//6866
f 4871//5924 1334//8387 4933//6858
f 1334//8389 4871//5924 6265//7860
f 4040//6853 4366//6415 3878//6864
f 4671//6868 4496//6859 3524//4276
f 37//8390 5027//6408 40//142
f 5027//6408 37//141 4497//6832
f 3115//5740 3113//6827 1860//6130
f 4036//5093 5135//5752 3521//5751
f 6263//8391 5135//5752 4672//4289
f 4119//6869 1865//2609 3526//6846
f 4274//6873 3662//5105 2385//6122
f 3528//6878 1864//6870 4498//5108
f 3764//7959 4274//6873 2508//5920
f 4873//5106 4498//5108 4272//5107
f 3881//6422 4275//6875 3760//4685
f 6566//7958 5505//6877 6442//8392
f 5505//8393 6075//8394 5506//8395
f 4179//4705 2838//4704 4499//6134
f 3665//4144 2515//5927 5508//6419
f 6052//4707 3529//5115 3627//5114
f 6314//6207 3434//5586 5251//6420
f 3119//5104 4042//6882 5592//5189
f 3121//5942 4594//5190 4119//6879
f 5074//5835 3625//6881 6050//7862
f 1820//8396 416//5188 5136//6503
f 1819//8397 6006//6883 4278//5936
f 4180//7244 4278//7245 6006//6883
f 5136//6503 416//5188 3332//5125
f 4421//8261 3973//8398 3883//5120
f 3972//4914 5080//6504 3406//5554
f 5030//6222 3406//5554 5080//6504
f 3331//5122 3768//6143 3946//4746
f 4403//4296 3768//6143 2522//4297
f 43//4154 5072//2645 2399//4155
f 3947//6888 2399//4155 5072//2645
f 3947//6888 416//5188 42//9
f 2841//2645 5137//5769 417//2645
f 5138//2645 3536//5768 3432//2645
f 4583//2645 3945//2645 4403//4296
f 5137//5769 2841//2645 5885//8153
f 3406//5554 5885//8153 2841//2645
f 4784//5770 5137//5769 5885//8153
f 4785//5121 4277//6502 3331//5122
f 3122//4713 2859//6893 3123//5771
f 5013//6336 3854//5776 1867//5775
f 4260//8399 5139//7228 4044//8317
f 3540//8400 4171//7924 6198//7727
f 3540//7728 6198//8401 3127//6911
f 2812//7700 4503//8402 5141//6896
f 1866//6685 5931//6687 2529//8403
f 2460//5440 4011//8404 6225//7440
f 5143//6157 6225//7440 4011//5518
f 3541//2617 4788//7719 6049//8405
f 1868//6900 4941//6671 6061//8406
f 5106//8407 4369//6673 3125//6901
f 5684//5557 4007//4716 4045//4715
f 3886//6426 4370//5127 5144//6904
f 6005//5929 5275//2577 4794//8408
f 5684//5557 4045//4715 5933//8409
f 5685//6428 4183//4720 3774//8410
f 5145//4719 3774//8410 4183//6676
f 5106//8407 3125//6901 5827//7972
f 5685//6428 3774//8410 6111//8411
f 1845//8412 4909//8413 6099//6917
f 4113//4229 6099//8414 4909//6053
f 4046//7443 4113//4229 6110//4228
f 2527//8415 4281//6333 4047//8416
f 5146//6902 4047//8416 4281//6333
f 4103//5897 3852//5896 5147//7293
f 4046//7443 5276//6050 5148//8417
f 4046//7443 5148//8417 5510//8418
f 3894//4721 5891//4721 5686//4721
f 5937//4721 5148//8417 5936//8419
f 5511//8164 5147//7293 5935//8420
f 4794//8421 3543//7725 6005//5929
f 4045//4715 5938//4721 5933//8409
f 5144//6904 5278//8158 3886//8422
f 418//6154 5670//6907 5886//6690
f 3544//4721 3543//7725 6289//4721
f 3890//4721 3544//4721 5890//7625
f 5034//4721 5278//8158 5277//4721
f 4509//4721 5513//4721 5141//6896
f 5139//7228 5140//5778 5689//7448
f 5939//8423 5343//4721 5279//4721
f 5279//4721 3888//4721 5940//8424
f 5612//4721 6150//8425 5767//8426
f 5941//4721 5151//8427 5942//8428
f 5212//6914 3671//5137 3773//5138
f 4512//7074 3889//4721 5888//8159
f 4514//8429 5943//8430 5887//4721
f 5399//4721 5321//8431 2530//4721
f 2390//5558 3128//5790 3776//4721
f 3891//8432 6076//4721 5687//4721
f 3337//8433 4512//7074 4052//7198
f 3891//8434 4049//4721 6157//8435
f 5034//4721 5152//5139 6084//8436
f 4677//7974 5744//7731 2532//7733
f 5347//5792 2845//8437 5951//8438
f 4515//8439 6128//8440 1870//2623
f 4945//8441 4515//8442 5828//2623
f 5771//7737 4800//7736 5386//8443
f 5820//6161 5944//8444 4053//5797
f 5353//5798 4053//5797 5944//8444
f 5517//2623 5153//2623 5516//8445
f 5516//8445 4796//8446 5351//8162
f 5039//2623 5893//2623 5945//7735
f 5151//8427 5280//7729 3777//7988
f 4193//7986 5151//8427 5402//8447
f 3556//7739 4517//5802 3129//8448
f 4286//2623 5154//7987 6309//8449
f 2533//4303 5219//8450 5946//2623
f 5892//2623 5521//8451 5735//7589
f 6162//8452 5457//8453 5948//8454
f 5948//8454 3895//2623 5455//2623
f 3779//7995 5949//6165 1341//8455
f 4804//8456 4803//2623 5355//6927
f 4056//8457 5950//8458 5697//8459
f 5954//8460 4056//8457 5698//2628
f 5156//6925 5949//8461 5953//6164
f 5527//8462 2537//6936 5895//8173
f 5955//2628 4678//8463 6078//8464
f 5527//8462 4678//8463 5045//2628
f 5527//8462 5045//2628 5461//2628
f 5282//5143 4519//5142 5956//8465
f 5956//8465 5157//8466 5287//2628
f 1873//2628 4527//2628 1342//8000
f 4810//8467 2847//2628 6054//5813
f 6170//6941 5528//2628 3784//2628
f 4952//2628 5528//2628 3905//2628
f 5953//6164 4952//2628 3905//2628
f 3567//2629 3132//8468 2851//2627
f 1873//2628 5957//8469 5531//8470
f 5958//2628 5158//8471 5959//8472
f 3782//6937 1873//2628 5531//8470
f 5699//8473 5737//8474 5700//8475
f 5532//8476 4679//5480 4680//2628
f 5361//5814 2850//2628 5961//5152
f 1875//4735 5837//8013 5533//7640
f 5785//8477 4815//7757 5332//5570
f 5535//4735 4812//8478 5534//5817
f 5903//4735 5050//4735 5469//8195
f 4958//8017 5531//8470 5413//8479
f 5158//8471 5530//8480 5536//7760
f 4957//4735 5960//8180 5840//6950
f 5839//8481 6131//6946 5841//6172
f 5542//8482 5706//7774 5291//4735
f 2540//4731 5242//4733 5292//4735
f 4198//8483 5464//6436 6187//8484
f 4198//8483 6187//8484 5905//8198
f 3906//4735 5699//8473 3908//4735
f 5466//8485 5047//4735 5294//4735
f 5260//8486 5538//6953 4821//4735
f 6189//8487 3913//8 5964//8488
f 5965//4735 5161//8489 5964//8488
f 4059//6955 5160//8490 6133//8491
f 5709//7474 4203//4735 5966//4735
f 5963//8492 5796//7781 4061//7783
f 5295//8493 5797//7784 6153//8494
f 3910//8495 5468//8201 5296//8496
f 5296//8496 6303//7 5323//7
f 4539//7 5545//7 5297//7
f 2543//5157 5968//8497 5297//7
f 5288//5149 4534//5148 5969//8498
f 3580//7778 5969//7777 5792//7
f 5163//8499 5546//8500 2852//8501
f 5547//6961 5851//7 5907//7
f 5970//6965 5908//7 4384//7
f 4548//5578 5971//8502 5972//8503
f 1350//7 5166//8504 5373//8505
f 5298//7 5555//8506 3138//8507
f 5541//8508 5551//8509 4541//8510
f 3914//7 4383//7565 3916//7328
f 5914//8511 423//8512 5910//7
f 5476//8513 5056//7477 5974//7479
f 6318//8514 4543//8515 5854//8038
f 5802//8516 4066//7797 5549//7780
f 5632//8517 5553//8518 4065//7
f 5474//6439 5055//8213 5977//8519
f 1351//6444 5169//6977 423//8512
f 5325//8520 4682//8226 6122//8215
f 5976//5162 4683//4306 5676//4306
f 2547//5166 5977//8521 4545//4306
f 6136//6173 4959//7 5978//8522
f 5978//8522 5165//8523 5557//5577
f 5558//8524 4730//4306 4547//8525
f 5559//2632 5864//4306 4965//4306
f 6655//8526 5980//8527 6601//8528
f 2854//4306 4731//4306 5560//8529
f 5554//4306 5562//4306 4550//4306
f 424//4306 5169//6977 5058//4306
f 5058//4306 3927//8530 424//4306
f 5565//4306 425//6979 5916//4306
f 5482//8531 5063//8532 5675//4306
f 5563//8533 3928//6452 4391//4306
f 6145//8534 6233//8535 5866//8048
f 5719//8536 4070//8537 5561//8538
f 4069//4306 5800//4306 5799//7788
f 6159//8539 6312//4306 4069//4306
f 5983//8540 5173//8541 4068//6980
f 5719//8542 5809//7813 4070//8537
f 5481//6449 5062//8543 4115//7492
f 1354//6456 5174//6986 425//6979
f 5480//6447 5061//8225 4685//8237
f 5326//8544 4684//8545 5061//8225
f 3344//5169 4685//8237 5489//2636
f 3934//2636 5923//8235 4556//2636
f 4555//2636 5569//8546 5305//2636
f 2552//5172 5984//8547 5305//2636
f 5560//8548 5172//6976 5572//7809
f 5573//8549 4557//2636 4558//8550
f 4560//2636 1353//8054 3930//2636
f 4560//2636 3930//2636 4969//6188
f 1885//6985 4969//6188 3930//2636
f 5571//7812 3140//2636 5574//2636
f 4395//2636 5483//2636 4839//2636
f 5574//2636 5638//2636 5378//2636
f 5804//2636 5985//2636 5986//8551
f 5577//8552 5581//6991 5985//2636
f 426//2636 5174//6986 3937//8553
f 6317//8554 3937//8553 5174//6986
f 3937//8553 6317//8554 4687//7076
f 5926//7664 5307//8555 3604//8556
f 5992//8557 5175//5173 5875//8062
f 4565//5175 1355//2636 5175//5173
f 5987//8558 5988//8559 4073//8560
f 5722//2636 4073//8560 5988//8559
f 4840//2636 5380//2636 4565//5175
f 5225//8561 6143//8562 4074//2636
f 5589//7179 4075//139 5583//8563
f 4567//7499 5989//8564 5990//139
f 5992//8557 1886//8565 6300//8566
f 2556//8567 5569//8546 5812//8568
f 5922//8236 3936//6459 5741//8569
f 4688//139 4076//8570 4569//7502
f 4076//8570 4688//139 3941//139
f 5266//139 3940//139 5925//8571
f 4687//7076 4116//139 5308//8233
f 5995//8243 4205//6999 5637//7168
f 5994//8572 5993//8573 5379//8574
f 6590//139 4571//5583 6589//8575
f 1887//139 5181//139 1356//8576
f 5181//139 3799//139 5391//4151
f 3613//7003 4574//8577 4735//139
f 1888//7035 5437//7002 6139//6892
f 5585//7006 5182//7032 5491//139
f 5927//139 5068//139 5183//8578
f 5185//7013 3613//7003 5194//7030
f 4078//7510 1359//7509 2856//8252
f 5186//6469 3680//8246 3943//7348
f 5999//139 5588//139 5312//7171
f 3147//2643 5227//2642 4577//5830
f 5588//8579 5999//8579 5187//7017
f 3146//7020 5815//8580 6000//8581
f 5590//5831 4209//8582 5188//7026
f 6367//8583 6369//8584 4079//7018
f 4591//7021 4079//7517 5187//7017
f 2561//8585 5880//8250 6140//8586
f 3802//7040 5667//8587 3148//7822
f 4306//5834 5191//6465 4082//2645
f 4588//2645 4306//5834 4082//2645
f 3148//7822 4310//7041 3802//7040
f 6140//8586 5192//2645 2561//8585
f 5189//7023 2561//8585 5192//2645
f 6182//8082 4845//8588 4980//2645
f 2566//2645 4311//2645 3147//2643
f 5228//7025 3147//2643 4311//2645
f 5590//5831 5188//8589 3617//2645
f 5193//7028 3617//2645 5188//8589
f 2563//8590 5193//7028 6104//7027
f 3617//2645 5193//7028 3948//7029
f 428//4312 5073//2645 2563//8590
f 5193//7028 2563//8590 5073//2645
f 427//6464 5998//8591 2857//7045
f 2856//8252 4404//2645 4078//7510
f 4077//4310 5996//8592 6096//4311
f 4582//8593 5183//8578 4080//8594
f 6231//7585 4112//2645 3143//7007
f 5586//7008 3143//7007 4112//2645
f 4502//2645 3945//2645 6222//7269
f 2858//2645 4502//2645 6322//8595
f 3619//8596 5441//8072 5195//6891
f 417//2645 5138//2645 6139//6892
f 5138//2645 417//2645 5137//5769
f 2562//6198 4976//2645 3149//5836
f 4586//7037 3149//5836 4976//2645
f 3805//2645 5192//2645 4081//7038
f 3616//6203 5190//7039 3806//2645
f 4310//7043 3806//2645 5190//7039
f 2565//2645 4981//6205 3148//7822
f 4310//7043 3148//7822 4981//6205
f 4589//2645 4082//2645 5191//6465
f 2857//7045 4589//2645 427//6464
f 1362//2645 5196//2645 2857//7045
f 2565//2645 4588//2645 2567//5178
f 3349//7516 4689//5179 4082//2645
f 43//8597 5197//5943 1362//2645
f 5196//2645 1362//2645 5197//5943
f 3349//7516 4589//2645 5196//2645
f 5196//2645 4083//7044 3349//5182
f 1363//2645 4210//2645 6000//8581
f 4591//7021 6000//8581 4210//2645
f 428//4312 4977//2645 429//6471
f 3950//6472 429//6471 4977//2645
f 3685//7886 3350//7885 6293//8598
f 3149//5836 4586//8599 5074//8600
f 3625//6881 5074//5835 4586//8601
f 6239//8081 3530//6213 2568//8602
f 5198//2646 2568//8603 3812//6214
f 2568//8602 5198//8604 1363//2645
f 3952//7046 3950//6472 4977//2645
f 4084//5184 4592//5183 3149//5836
f 2576//258 5197//5943 43//4154
f 4083//5180 3150//5201 4590//5181
f 4041//5111 3434//5586 2860//5585
f 4085//5762 5199//8254 5075//4750
f 3765//4294 3766//4708 3949//5185
f 3627//5114 4849//8255 3950//6472
f 4984//2647 3532//5765 3531//6137
f 30//161 6002//7078 31//168
f 465//213 3159//2666 5200//1950
f 383//118 5202//120 3849//6661
f 1851//6084 6057//7937 4108//6755
f 5817//7864 2526//5667 6141//8157
f 1898//5199 5204//8605 1374//2674
f 1374//2674 5205//244 1373//241
f 5205//244 1374//2674 5204//8605
f 50//2921 1437//557 558//560
f 4104//6058 389//8606 4012//7073
f 5828//2623 1870//2623 4141//8607
f 5206//8608 4722//6940 1345//2628
f 5836//4735 1875//4735 4147//7098
f 5207//8609 3673//7 5208//8610
f 3673//7 5207//8609 1347//8210
f 3675//6177 5209//7877 3791//7254
f 5205//244 476//296 477//1923
f 2891//4365 2615//4781 102//2041
f 2366//6031 2452//8611 3721//4221
f 4185//8612 5214//5787 4050//4721
f 6236//8613 5217//2620 4186//7632
f 5217//2620 6236//7975 5216//2618
f 5614//7139 5896//2623 420//2623
f 5219//8450 4192//2623 5946//2623
f 4192//2623 5219//8450 4191//7247
f 5220//2625 3562//6942 6129//8614
f 4194//8615 6129//8614 3562//6942
f 6256//2628 4951//2628 5751//7642
f 4196//7147 5460//8616 5043//4727
f 4201//4735 5626//7752 4200//4735
f 6186//8617 4202//7320 3574//6956
f 3421//7 5849//8036 3578//5575
f 3423//4306 5858//8046 3588//4306
f 3427//5580 5223//8053 3596//2636
f 4205//6999 5224//2634 4561//2636
f 5677//2636 4561//2636 5224//2634
f 6008//7880 6349//2636 6302//7816
f 4206//8059 6302//7816 4841//5824
f 3800//139 3797//8618 5438//139
f 6674//8619 5311//7181 3612//139 6660//139
f 5814//139 5227//2642 5229//2644
f 5229//2644 3147//2643 5228//8620
f 1369//202 5230//293 494//1933
f 5204//242 495//299 476//296
f 1912//303 5204//242 1898//2707
f 1409//429 50//2921 558//560
f 4233//4721 3265//5932 4232//8621
f 5417//7203 6291//7873 4237//7
f 4881//4152 1357//139 5247//139
f 5393//8622 6107//139 2557//7665
f 5647//6530 4991//8099 4338//4579
f 3706//7901 3455//4943 6059//8623
f 4249//5993 3375//5992 5233//5994
f 3711//6004 5234//6600 3077//6005
f 5327//8624 5235//6354 2467//5691
f 4265//5522 396//6357 6328//6742
f 5648//6766 3500//6085 3866//4671
f 6072//8370 2503//6120 2502//8625
f 2502//8625 2512//6129 3116//8626
f 4940//4300 3410//8627 2390//5558
f 3410//5789 4940//8134 1867//5775
f 4191//8628 5219//8629 6142//8630
f 5238//4304 6142//8630 5219//4302
f 3560//7993 5239//5564 4285//7143
f 4286//2623 6112//2623 4287//8631
f 3784//2628 1872//7998 4288//2628
f 4294//4735 5790//4735 5243//7646
f 4295//4735 5839//6951 4296//4735
f 4300//7258 5759//7 4729//7260
f 4302//7265 5762//4306 4732//7263
f 5724//139 4570//139 4974//140
f 4975//6200 3346//8632 3803//8633
f 2404//218 467//2761 2403//225
f 12//215 2404//218 3//8634
f 2014//5234 3630//2040 1457//8635
f 2788//6252 5249//5865 2356//5864
f 5251//6420 3880//5110 3879//6421
f 3894//4721 5253//4721 5035//8165
f 4373//8636 5947//8637 5254//8638
f 3900//2628 5256//6933 4522//6932
f 5734//4727 5257//4727 5258//4729
f 5259//4732 4378//7321 5242//4733
f 5261//8208 5906//8639 5260//8486
f 3788//7 1347//8210 5908//7
f 4388//8640 5301//8641 5595//6446
f 6012//6442 3270//6443 5301//8642
f 3792//6178 3675//6177 5262//8221
f 5263//8643 4737//139 3429//139
f 5264//4744 1885//6985 5265//4745
f 1885//6985 5264//4744 1356//8576
f 5315//6474 473//2670 2574//227
f 2885//2006 4316//2005 4596//5211
f 2890//8644 2891//4365 102//7051
f 2892//4364 2615//4781 2891//4365
f 2909//4794 2631//7530 2906//4793
f 2925//2140 2647//5264 2922//4807
f 2941//2178 2663//5282 2938//4815
f 2957//2226 2679//5297 2954//4823
f 2973//4835 2695//5313 2970//4834
f 2989//2318 2711//8645 2986//4843
f 3005//2365 2727//5346 3002//4853
f 3021//4864 2743//8646 3018//4862
f 3037//2456 2759//5370 3034//4869
f 6446//8647 2773//5385 6445//8648
f 5268//4948 2429//4947 3459//4175
f 3695//4179 5270//4178 5087//5964
f 6641//8649 3643//7836 3066//6540 6671//8650
f 1279//4586 1276//4605 5668//8651
f 3706//7901 6059//4946 5268//4948
f 3834//6582 3991//1893 4985//6220
f 4019//8652 5501//6668 3492//7133
f 2471//7599 4770//5033 2470//8653
f 2470//8139 5272//7602 2471//7599
f 6371//8654 6377//8655 3661//8656
f 2502//8625 3116//6862 6072//8370
f 2522//4297 1819//8397 4278//7245
f 3892//4721 5511//8164 3773//5138
f 5279//4721 3549//6912 3546//5136
f 3130//4721 5280//7729 5151//8427
f 4519//5142 5282//5143 4190//2623
f 5283//2623 4190//2623 5282//5143
f 4522//6932 5284//6934 4523//8170
f 3897//8657 6342//8658 3339//8659
f 4526//4727 5782//7751 6097//8660
f 4529//8661 5902//8192 1343//8662
f 4530//8663 1343//5146 5902//8192
f 4200//4735 4534//5148 4201//4735
f 5289//4735 4201//4735 5288//5149
f 5961//5152 6144//8664 5290//5153
f 5292//4735 6249//8665 5291//4735
f 4537//8666 5293//5154 4536//4735
f 5294//4735 4536//4735 5293//5154
f 5295//8493 1878//8667 5798//8668
f 1878//8669 5295//6954 6114//8670
f 3910//7324 5296//8496 3342//4738
f 2543//5157 5297//7 4063//7
f 3583//7 3674//7 6280//5159
f 5298//7 5973//8671 5299//5160
f 4541//8510 5298//7 5541//5161
f 6318//8514 1881//8045 5803//4306
f 2547//5166 5302//4306 4067//4306
f 5337//4306 4548//5578 4547//8525
f 3591//4306 3592//4306 6166//5168
f 5431//8672 6166//5168 3592//4306
f 5303//4306 5981//8673 5304//4306
f 4550//4306 5303//4306 5554//4306
f 4552//4306 5916//4306 5478//4306
f 2552//5172 5305//2636 4072//2636
f 4557//2636 5306//2636 4558//8550
f 4559//8674 5980//8675 4558//8550
f 4563//2636 5307//8555 4564//6989
f 4565//5175 4567//5174 6220//7498
f 4568//6995 5308//8233 4118//8676
f 6104//7027 5990//139 3942//139
f 5314//7351 4580//2645 4581//7514
f 5593//5198 460//201 2402//214
f 64//4319 5315//6474 2574//227
f 3159//2666 1398//1951 5200//1950
f 2885//2006 4596//5211 83//4351
f 6016//2043 105//4785 4598//4371
f 6017//2046 106//4375 4599//4374
f 6019//2092 130//4389 4602//4388
f 6020//3087 131//4393 4603//4392
f 6022//3200 155//4410 4606//4409
f 6023//8677 156//4412 4607//4411
f 6025//2182 180//4433 4610//5271
f 6026//2185 181//4436 4611//4435
f 6028//2230 205//4826 4614//5286
f 6029//2233 206//4456 4615//4455
f 6031//2276 230//4472 4618//4471
f 6032//2279 231//8678 4619//4473
f 6034//2322 255//4488 4622//4487
f 6035//2325 256//4850 4623//4490
f 6037//2369 280//4505 4626//4504
f 6038//3767 281//4507 4627//4506
f 6040//2413 305//4524 4630//4523
f 6041//5363 306//4526 4631//4525
f 6043//2460 330//4544 4634//4543
f 6044//4009 331//4546 4635//4545
f 2775//2498 350//4888 4638//4562
f 6046//2502 351//4565 4639//5376
f 6162//8452 4646//2628 5457//8453
f 3266//7562 5457//8453 4646//2628
f 2411//5414 2414//6227 4651//5415
f 2448//8289 3290//5426 5930//8679
f 5317//6803 3323//135 2490//5036
f 5318//5472 5643//5471 2509//4689
f 4788//7719 3887//4722 5319//5559
f 3887//4722 4788//7719 2529//8403
f 5320//4721 3887//4722 2529//8403
f 3340//2628 5322//8680 4376//2628
f 4387//6966 5475//7 6303//7
f 4682//8226 5324//4306 4393//4306
f 424//4306 5325//7594 5169//6977
f 4684//8238 5921//8234 4397//2636
f 5921//8234 4684//8238 426//2636
f 426//2636 5326//8544 5568//8681
f 4118//6997 5308//8233 4116//139
f 3855//5520 362//5521 2813//7578
f 4885//4160 5328//5700 5329//7888
f 2488//5722 5502//6795 4709//5534
f 3870//5724 5330//5723 4704//5524
f 5029//6402 2500//5468 4271//7858
f 3412//7557 4942//7973 4504//5135
f 4717//8682 5746//2623 3415//2623
f 5746//2623 4717//8682 5768//5560
f 4186//8683 5217//2620 5650//2623
f 5239//5564 5650//2623 5217//2620
f 3568//7872 5331//8684 5405//7634
f 5331//8684 3568//7872 4876//5566
f 4145//2628 5254//8638 2392//7750
f 5332//5570 3564//8685 6106//2628
f 4724//6944 5333//7647 3419//6952
f 3585//7786 5334//7 5261//8208
f 5336//5934 5708//8686 4879//4306
f 4730//4306 5337//4306 4547//8525
f 5338//8687 5715//8688 4733//2636
f 5826//5006 4465//5005 3261//8689
f 5270//4178 1826//5960 5087//5964
f 5340//4635 5012//4975 2800//4635
f 405//5069 3515//8690 3509//4259
f 4792//7627 1305//7722 4791//7723
f 5279//4721 5343//4721 3549//8691
f 5214//5787 3549//8691 5343//4721
f 3547//4721 5344//4721 3548//8692
f 5512//5788 3548//8692 5344//4721
f 3552//4721 5345//4721 6149//4721
f 4716//6921 5346//5783 5347//8693
f 5346//5783 6171//5785 5281//4721
f 5347//8693 5281//4721 2845//8437
f 5349//4721 5320//4721 5348//8694
f 5215//4721 3130//4721 5941//4721
f 3130//4721 5215//4721 1338//4721
f 5744//7731 2531//7978 4717//8682
f 5768//5560 5348//8694 4943//7730
f 2845//8437 5345//4721 5350//5794
f 5345//4721 6142//8630 5238//4304
f 5350//5794 5238//4304 2533//4303
f 4799//2623 5353//5798 4800//7736
f 5353//5798 4799//2623 5352//2623
f 6173//7741 5354//5799 4190//2623
f 5218//2623 4190//2623 5354//5799
f 4803//2623 5356//5804 5355//6927
f 4803//2623 4805//8695 5356//5804
f 5401//5805 5356//5804 4805//8696
f 5357//8697 4140//5561 5358//2623
f 5358//2623 5403//2623 5405//7634
f 5780//8698 4720//8699 4290//5806
f 4196//7147 5409//8700 5831//8701
f 4723//8702 5359//2628 5361//5814
f 5359//2628 3562//6942 5360//2628
f 5361//5814 5360//2628 2850//2628
f 4811//8186 5364//8703 4812//8704
f 5534//5817 4812//8704 5364//5815
f 4814//4735 5365//7641 4815//7757
f 4814//4735 4727//5574 5366//4735
f 4817//4735 5367//4735 5159//8705
f 4817//4735 4818//8706 5369//5819
f 5368//5820 5369//5819 4818//8706
f 5370//4735 5601//7769 4820//4735
f 6063//8707 5414//4735 5371//8020
f 4062//8708 5373//8505 4827//7
f 5548//8709 5633//6963 5477//4306
f 3596//2636 5223//8053 5867//8050
f 4835//2636 5377//2636 4303//2636
f 5574//2636 5378//2636 5572//7809
f 4838//2635 5379//7338 3929//2636
f 5313//139 3611//2638 5728//8710
f 2855//139 5728//8710 3611//2638
f 5313//139 6245//8711 3145//139
f 6083//8712 3618//2645 4846//6470
f 5113//5849 1320//5598 5076//6775
f 3642//7188 6344//8324 6284//8713
f 6009//5867 5249//5865 2425//4601
f 5231//8714 3704//5875 3705//7832
f 5384//6383 4866//6796 4867//6094
f 3399//6404 5029//6402 4271//7858
f 4874//8715 5386//8716 4800//7736
f 3785//4727 3416//7199 5410//7200
f 4877//2628 5654//7753 4876//5566
f 4237//7 5387//7 3420//7202
f 5389//7876 2544//7649 4878//7159
f 5707//7160 5388//7 4878//7159
f 5714//7163 5390//5823 4880//4306
f 4880//4306 5336//5934 4879//4306
f 3677//2636 3425//7655 5645//2636
f 4882//139 5392//139 3679//8717
f 5233//5995 3375//5992 3647//5881
f 3707//4629 5233//5995 3713//4119
f 5096//6007 3077//6005 4444//8718
f 4455//7912 1844//6652 4904//6032
f 1314//7931 3725//4718 4471//5015
f 4269//8719 5396//7940 4486//8366
f 5398//6133 3116//8626 1863//6131
f 2810//7968 4282//4299 3306//6335
f 4795//4721 6111//8411 3774//8410
f 3773//5138 4941//6671 5212//6914
f 6176//8720 5611//7971 6352//8721
f 5215//4721 3550//4721 4786//8722
f 4677//7974 5399//4721 5319//5559
f 5820//6161 3545//6160 5766//4721
f 4186//7632 4284//5933 6236//7975
f 4944//8723 5400//2623 4945//7982
f 4946//8724 5035//8165 4805//8725
f 4947//2623 5402//8447 3777//7988
f 1869//5563 5404//8726 4285//7143
f 5409//8700 5833//2623 4801//2623
f 4287//8727 6112//2623 5240//2623
f 5154//7987 4286//2623 4947//2623
f 5406//2623 4720//8728 6250//2623
f 4141//8607 5407//2623 4195//7145
f 4953//8008 5410//7200 4236//2628
f 5221//6169 4953//8008 5411//6170
f 4953//8008 5221//6169 6246//7645
f 4954//4735 5412//8015 4955//8014
f 4956//6437 5046//6438 4818//8706
f 4957//4735 5413//8479 5960//8180
f 4822//8019 5414//4735 3418//7771
f 5844//8023 5419//8032 4296//4735
f 5757//7652 5371//8020 4822//8729
f 4296//4735 5839//8730 5244//4735
f 5840//6950 4295//4735 4957//4735
f 4954//4735 5836//4735 5416//8028
f 3576//7253 5415//8731 6088//7
f 5417//7203 3420//8732 6178//8733
f 5372//8033 5844//8023 4826//8734
f 5850//8735 5472//7 1879//7794
f 4961//8736 5420//7 4962//6176
f 4962//8737 5604//7100 5422//8738
f 3586//7257 5421//7259 6089//4306
f 5423//7206 5644//7207 6321//7204
f 4963//7335 5424//8739 3922//8740
f 4964//8741 1882//7811 5862//4306
f 4549//4305 6167//7487 4238//4306
f 4966//4306 5426//4306 5210//8049
f 4967//4306 5210//6182 1883//6181
f 5210//6182 5606//7104 5428//6180
f 3594//7264 5427//7266 4303//2636
f 3595//8742 5428//6180 5606//8743
f 4968//8744 5381//2636 3796//2636
f 4970//2636 5433//2636 5245//6185
f 4835//2636 5763//2636 4734//7659
f 5433//2636 3427//5580 4207//8745
f 3797//8618 5876//6186 5438//139
f 6160//8746 5642//1914 4207//8745
f 5876//6186 4207//8745 5642//1914
f 5436//6189 4968//8069 5435//6187
f 5181//139 5437//7002 3799//139
f 3799//139 5437//7002 1888//7035
f 4304//8747 5665//139 4882//139
f 5440//2639 6222//7269 4973//7270
f 6222//7269 5440//2639 6322//8075
f 5642//1914 3610//139 4305//139
f 5267//8251 3800//139 3346//8632
f 3286//4600 3699//5976 2425//8102
f 5443//4596 3699//5976 1275//6258
f 5444//4934 4158//6563 4344//7284
f 3830//8748 3834//6582 4985//6220
f 5445//4974 3465//2562 4448//6599
f 4998//8749 3381//6292 4999//4201
f 5008//6324 3845//8750 4456//5441
f 1301//7915 6086//7390 6109//8751
f 5448//6348 5884//1906 5015//1905
f 5451//6048 1304//6047 3733//7297
f 5235//6354 3733//7297 1304//6047
f 5328//5700 4885//4160 3496//5032
f 4921//8752 3866//4671 6281//5908
f 2497//1909 3392//7090 3873//5531
f 3400//6409 2387//5547 3522//4698
f 5319//5559 5399//4721 3336//4721
f 6065//7626 5890//7625 4796//8446
f 5401//5805 5035//8165 5453//4721
f 5035//8165 5401//5805 4805//8753
f 419//6918 6077//2623 5454//8167
f 5691//4723 6227//2623 6183//8754
f 5155//8168 5455//2623 5037//2623
f 6121//2623 4523//8170 5038//2623
f 5040//7586 5456//8755 5042//8177
f 5456//8755 5040//7586 6147//8176
f 3898//7558 5457//8453 3266//7562
f 4375//7249 5458//2628 4374//8181
f 4374//8181 5459//2628 4528//6945
f 5464//6436 3269//8756 5258//4729
f 5465//8187 6347//7322 5698//4727
f 5701//7462 5047//4735 5466//8757
f 5703//8758 3906//4735 4529//8661
f 2541//8193 5965//4735 4379//4735
f 5051//8759 5469//8195 5050//4735
f 5468//8760 6307//4735 5052//8199
f 5053//7471 5968//8761 5051//8759
f 4537//8666 5705//7468 5316//8204
f 6189//8487 4087//7 5594//7
f 5418//8762 3789//7 4385//7
f 3789//7 5418//8762 3579//8763
f 5471//7 5472//7 5793//7779
f 4386//8203 4647//8205 5300//7
f 6338//8764 5594//7 4087//7
f 6122//8215 5739//8765 4387//6966
f 5055//8213 5474//6439 4539//7
f 5545//7 4539//7 5474//6439
f 5476//8513 3923//4306 5056//7477
f 3793//4306 5860//7333 4963//7335
f 1351//6444 5478//4306 5058//4306
f 5057//4306 5479//6445 6295//8766
f 5479//6445 5057//4306 5478//4306
f 5061//8225 5480//6447 4393//4306
f 5676//4306 4393//4306 5480//6447
f 5062//8543 5481//6449 4545//4306
f 5302//4306 4545//4306 5481//8767
f 4393//4306 5676//4306 4683//4306
f 5063//8227 5482//8531 5731//8231
f 5732//6988 5731//8231 5482//8531
f 5484//2636 4204//7166 3929//2636
f 5064//2636 5483//2636 4395//2636
f 5484//2636 4839//2636 5483//2636
f 5064//2636 5920//2636 6090//8768
f 1354//6456 6252//2636 6317//6987
f 5731//8231 6123//8769 5063//8770
f 5923//8771 5488//8772 4555//2636
f 4568//8773 5487//6458 4397//2636
f 5489//2636 4397//2636 5487//6458
f 5066//8774 5488//8772 5923//8235
f 5569//8546 4555//2636 5488//8772
f 4397//2636 5489//2636 4685//8237
f 4398//8775 5490//139 4575//7005
f 5068//139 5491//139 5182//7032
f 4688//139 6219//6463 4884//8247
f 4884//8247 5191//6465 4306//8248
f 5191//6465 4884//8247 6219//6463
f 5492//6466 4972//139 4974//140
f 3436//4763 5315//8776 64//4319
f 65//4764 5315//6474 2876//4765
f 1319//4666 4091//6215 5493//6770
f 359//4658 5493//5602 4091//6773
f 2424//6541 375//4951 4092//8283
f 4432//8777 4157//4182 1827//5980
f 5494//5874 3645//2547 1277//8778
f 369//8108 4093//6526 5668//8278
f 5825//6011 6348//5651 5765//8779
f 5340//5656 2799//4631 2798//4633
f 380//5654 5498//6642 3382//4987
f 5498//6642 3082//4205 6068//4961
f 5501//7134 4019//5024 5106//8407
f 5111//5681 5501//8780 6069//4149
f 5236//7236 2483//5052 4924//6783
f 4030//6802 4029//5062 4023//6805
f 4926//6099 5273//6798 4484//5066
f 5503//7948 4710//6111 6001//8374
f 1858//5080 3754//6116 4031//6819
f 3524//4276 2505//4278 4671//6868
f 4499//6134 5507//8087 3811//7272
f 5507//8087 4499//6134 5506//6876
f 4405//8085 5508//6419 3951//7350
f 2528//7721 5509//8781 5145//4719
f 5149//4721 5510//8418 5148//8417
f 5510//6916 5149//4721 6148//4721
f 5935//8420 3773//5138 5511//8164
f 6076//4721 1339//8163 6100//4721
f 5670//6907 4513//5140 4511//4721
f 5141//6896 4503//8402 4509//4721
f 5512//5788 4509//4721 4503//8402
f 5140//5778 4787//6909 4185//8782
f 5214//5787 4185//8783 4787//5780
f 3551//4721 5513//4721 4509//4721
f 6149//4721 5514//8784 6099//6917
f 5515//6906 3889//4721 4512//7074
f 6358//8785 4716//8786 6359//8787
f 4875//8788 4874//8715 4800//7736
f 5153//2623 4796//8446 5516//8445
f 5153//2623 5517//2623 4372//7316
f 6150//8425 4516//7451 5830//6163
f 4192//2623 5518//2623 6226//2623
f 5519//2623 5038//2623 5520//8172
f 5521//8789 5520//8172 421//8171
f 4373//8636 5522//6924 5947//6923
f 5522//8790 4373//8636 5155//8168
f 5285//6926 4055//8791 4804//8792
f 4194//8793 5619//8794 6152//2623
f 4524//6930 5698//2628 6347//7322
f 6294//6928 5523//8795 6151//8796
f 5523//8797 6294//6928 5525//8190
f 4372//7316 5526//7315 4678//8463
f 6078//8464 4678//8463 5526//8798
f 4519//5142 4518//5141 5157//8466
f 5157//8466 4518//5141 6097//8660
f 6607//8799 6097//8660 4518//5141 6618//8800
f 5528//2628 1344//8801 3905//2628
f 2850//2628 5360//2628 3567//2629
f 5220//2625 3567//2629 5360//2628
f 3567//2629 5220//2625 3132//2624
f 4530//8663 3900//2628 1343//5146
f 5459//2628 4057//2628 6131//6946
f 5044//2628 5530//6948 5158//8471
f 5530//6948 5044//2628 5529//2628
f 5532//8476 2541//8193 4679//5480
f 6381//8802 4723//8702 6368//8803
f 1875//4735 5533//7640 4531//5571
f 5365//7641 3564//8804 4815//7757
f 4812//8478 5535//4735 5050//4735
f 3571//7761 5536//8805 5530//8480
f 4817//4735 5963//8492 5787//4735
f 5047//4735 5537//4735 4536//4735
f 6132//8806 5539//4735 5538//6953
f 5049//4735 5539//4735 5161//8489
f 6153//8807 5367//4735 5295//6954
f 4059//6955 5540//6957 5160//8490
f 5542//8482 5162//7157 5551//8808
f 5162//7157 5542//8482 6249//8809
f 5543//6960 3917//7 5053//7471
f 1349//8211 5544//8810 6188//5155
f 4534//5148 4533//8811 5163//8812
f 5547//6961 5424//8739 5851//7
f 5164//8813 6134//8814 4385//7
f 4385//7 3789//7 5164//8813
f 4959//7 5909//7 5165//8523
f 5166//8504 5549//7780 4827//7
f 4541//8815 4542//7 5168//8816
f 5162//7157 4542//7 5551//8509
f 5598//7 3341//8817 5552//7
f 3920//7 5552//7 3341//8817
f 5300//7 4647//7563 5167//7478
f 4647//8205 5974//7479 5167//7478
f 6155//8818 4544//7161 5562//4306
f 5555//8506 4541//8815 6155//8819
f 5055//8213 5913//6969 4114//7481
f 6267//6973 4114//7481 5913//8216
f 6267//6973 5917//4306 4114//7481
f 5557//5577 5165//8523 4548//5578
f 5559//2632 5635//7165 5864//4306
f 5170//4306 5979//4306 3793//4306
f 2854//4306 5560//8529 4964//8741
f 6299//8820 5719//8536 4832//4306
f 4550//4306 4551//4306 4553//8821
f 4544//7161 4551//4306 5562//4306
f 4552//4306 5718//4306 4392//4306
f 5063//8532 5564//6978 4392//4306
f 5565//4306 4392//4306 5564//6978
f 4553//8821 5576//7169 5577//8552
f 6081//8822 4550//4306 4553//8821
f 5062//8543 5919//6982 4115//7492
f 5570//6984 4115//8823 5919//6982
f 5061//8225 5918//8224 5326//8544
f 5570//6984 3934//2636 4556//2636
f 5172//6976 5571//7812 5572//7809
f 5571//7812 5172//6976 4559//8674
f 3140//2636 3600//8824 5574//2636
f 4839//2636 5180//8825 4395//2636
f 5575//2636 4395//2636 5265//4745
f 5576//7169 4562//7496 5577//8552
f 4736//7663 5263//8826 4564//6989
f 5176//6993 5177//6992 4562//7496
f 5581//6991 4562//7496 5177//6992
f 5583//8563 6220//7498 5178//7497
f 6221//6462 4688//139 4569//7502
f 4399//8827 5265//4745 5180//8825
f 5928//7505 5224//2634 5309//7000
f 5224//2634 5928//7505 4838//2635
f 5313//139 3145//139 3141//139
f 5490//139 3939//139 5584//139
f 4575//7005 5584//139 4077//4310
f 5586//7008 5182//7032 5585//7006
f 6340//139 4574//8577 5997//8828
f 4574//8829 5185//7013 5997//8828
f 5589//7179 3614//7178 4075//139
f 3618//2645 6301//6191 3945//2645
f 5311//8830 5591//8831 3537//6149
f 41//148 5592//5189 3150//5201
f 16//211 5593//5198 2402//214
f 5059//4306 2394//4306 3270//6443
f 5596//7067 2560//8832 5597//139
f 6098//139 5597//139 2560//8832
f 389//8606 2810//8316 3306//6335
f 3762//5470 4932//4703 5643//5471
f 5943//8833 5691//4723 3337//8433
f 6303//7 5598//7 4387//6966
f 3343//8834 6267//6973 3919//5164
f 3447//7682 3645//2547 4150//6264
f 5599//7631 4140//8835 6237//7629
f 4141//8607 5241//7997 5828//2623
f 4141//8607 1870//2623 5407//2623
f 4143//2628 5408//7871 4142//7094
f 3672//7096 5600//8001 3783//8836
f 1342//8837 5600//8001 3778//8003
f 4147//7098 5416//8838 5836//4735
f 4147//7098 1875//4735 4146//4735
f 5603//7099 4146//4735 5846//8839
f 6291//7873 5417//7203 5845//8840
f 4962//6176 5420//7 5604//8841
f 5605//8040 3587//8842 5604//7100
f 5232//4307 5423//7206 4540//7102
f 5210//6182 5426//4306 5606//7104
f 5607//5662 4168//6056 5341//6694
f 5608//4991 4169//6680 2811//5661
f 5501//6668 3485//5680 5609//5903
f 3485//5680 5501//6668 5111//5681
f 6495//8843 6505//8844 3126//6920
f 3126//6920 6053//8130 4792//7627
f 4793//8845 3542//7724 3125//6901
f 5611//8846 4235//4721 5213//7977
f 5610//4721 5611//8846 6176//8720
f 5611//8846 5610//4721 4235//4721
f 3548//8692 5139//7228 3547//4721
f 3551//4721 5344//4721 5767//8426
f 5612//4721 5767//8426 5344//4721
f 4186//8683 5613//6158 4284//5933
f 4187//6432 6157//8435 4188//2622
f 5454//8167 4188//2622 6084//8847
f 5614//7139 4187//6432 5896//2623
f 5283//2623 5615//7738 6173//7741
f 6680//8848 5616//2623 3555//5800 6623//8849
f 4191//8628 5518//2623 4192//2623
f 5518//2623 4191//8628 5617//7246
f 3559//2623 5617//7246 3558//7743
f 5404//8850 4193//8851 5618//2623
f 3562//6942 3133//6949 4194//8615
f 6472//8852 6450//8853 3133//6949
f 3563//5807 5620//7144 5772//8854
f 5621//7146 5772//8854 5620//7144
f 5898//7148 3565//5809 5409//8700
f 4948//5811 5409//8700 3565//8855
f 3569//8009 6158//8011 5602//8856
f 3570//5816 5624//8857 4380//4736
f 5625//4734 4380//4736 5624//7150
f 4197//7151 3269//8756 6243//8858
f 4199//8859 5626//7752 4201//4735
f 3574//6956 5628//7153 5540//6957
f 5628//7153 3574//6956 4202//7320
f 5629//8860 4958//8017 6161//7154
f 5709//7474 5630//7473 4203//4735
f 5162//7157 5710//7 4542//7
f 5967//7158 3582//7 5710//7
f 3138//8507 5717//7490 5973//8861
f 4830//7792 5633//6963 1879//7794
f 5721//8862 6159//8539 5981//8673
f 3597//2631 5635//7165 5559//2632
f 4836//6455 5636//2633 1882//7811
f 3600//8824 5637//7168 5574//2636
f 5637//7168 4205//6999 5638//2636
f 5576//7169 5639//2636 4562//7496
f 3602//2636 5983//7170 3601//8863
f 5983//7170 3602//2636 5639//2636
f 3603//8070 5382//7884 3677//2636
f 5640//7173 3141//139 5312//7171
f 3608//8064 6115//8067 3607//8065
f 3607//8065 6160//8746 5641//8864
f 3610//139 5642//1914 6160//8865
f 5226//139 4209//8582 5589//7179
f 5590//5831 5589//7179 4209//8866
f 4234//6153 4052//7198 5888//6429
f 4236//2628 3416//7199 4949//7870
f 4293//4150 4292//2628 5206//8867
f 5387//7 4237//7 6321//7204
f 3674//7 5387//7 3584//7205
f 4238//4306 5644//7207 5423//7206
f 5335//4306 5644//7207 5425//4306
f 5425//4306 3592//4306 5335//4306
f 5393//8622 5646//139 4240//8868
f 5440//2639 5646//139 3678//2640
f 6647//8869 4341//8870 6619//8871
f 4260//7227 4912//8872 2462//4650
f 5648//6766 4023//6805 3500//8873
f 4023//5061 5648//6766 4482//6083
f 5396//7940 4488//6826 5124//6838
f 4178//5089 4488//8368 4269//7240
f 2509//4689 5643//5471 3664//4688
f 3545//6160 5610//4721 6176//8720
f 5509//8781 4795//4721 3774//8410
f 5349//4721 5348//8694 2531//7978
f 3558//7743 5617//7141 3554//7314
f 5649//7248 3554//7314 5617//7141
f 5779//2623 5613//6158 4186//7632
f 4285//7143 5239//5564 1869//2619
f 4287//8727 5832//7991 4286//2623
f 3561//2623 5618//2623 3778//8003
f 6254//8874 5653//8875 5255//7250
f 3575//4735 4294//4735 5221//6169
f 4296//4735 6179//8034 4295//4735
f 3576//7253 5657//7759 4727//5574
f 4297//5572 4824//6958 5415//8731
f 5658//8025 1347//8210 3786//8876
f 5852//7255 4299//7 1348//7
f 3578//5575 5659//7 3422//5576
f 3422//5576 5659//7 5660//8877
f 5660//8877 6088//7 4300//7258
f 5660//8877 4300//7258 3586//7257
f 4729//7256 4829//6972 5421//7259
f 3791//7254 6135//8218 3675//8878
f 5232//4307 5822//4306 4549//4305
f 3588//4306 6255//4306 3424//5579
f 5661//8879 6089//4306 4302//7265
f 5661//8880 4302//7265 3594//7264
f 5867//8050 5662//8881 3596//2636
f 4732//7263 4834//7808 5427//7266
f 3596//2636 5663//2636 5641//5581
f 5663//2636 3596//2636 5662//8881
f 3609//4308 3610//139 6160//8865
f 4734//7659 5246//8882 3608//8064
f 3679//7881 5664//7268 3603//8070
f 5664//7268 3679//7881 5392//139
f 3430//139 5666//8079 3610//139
f 5666//8883 3430//139 3347//8077
f 5198//2646 3812//6214 3811//7272
f 3851//7842 2452//8611 2366//8129
f 5017//7299 4359//4662 399//6365
f 5119//6817 4362//6387 3872//8884
f 3889//4721 5670//6907 418//6154
f 5891//4721 3894//4721 5035//8165
f 6142//8885 2846//6903 4191//7247
f 5036//4721 5649//7248 2846//6903
f 5037//2623 5671//4724 2534//8886
f 5517//2623 3896//2623 5526//7315
f 5458//4727 3899//7319 5459//4727
f 4057//4727 5459//4727 3899//5810
f 3899//5810 5672//8887 4948//5811
f 5458//2628 4375//7249 5672//7318
f 5673//7591 3267//8183 4376//2628
f 3267//8183 5673//7591 1343//5146
f 3269//8888 4197//7151 6217//2628
f 3570//5816 5364//8703 6218//6435
f 5418//8762 4385//7 4298//4737
f 5473//7329 3919//5164 5475//7
f 3918//7 5475//7 3919//5164
f 3921//6441 6079//8889 4390//7567
f 5566//4740 4390//7567 6079//7330
f 4389//4306 5860//7333 5979//4306
f 5861//8890 5860//7333 4389//4306
f 4649//4306 4391//4306 3924//4306
f 3924//4306 5482//8531 5675//4306
f 3925//4306 5676//4306 3926//6448
f 4839//2636 5484//2636 5379//8891
f 3929//2636 3597//2631 5677//2636
f 4836//6455 4561//2636 5636//2633
f 5677//2636 5636//2633 4561//2636
f 3935//2636 5489//2636 3936//6459
f 3939//139 5993//7342 5994//8244
f 4399//8827 5490//139 4398//8240
f 5490//139 4399//8827 5993//7342
f 4306//8248 5667//8587 3681//7504
f 5679//8579 5740//8579 3681//7504
f 3983//8267 4426//4930 4653//4931
f 3453//8892 5339//7384 3451//5634
f 5012//6662 5340//4635 2798//4633
f 5680//7132 4758//4992 5608//4991
f 4131//1891 5272//7602 6212//8893
f 3742//6369 5682//6759 3864//6370
f 5274//5073 4111//5088 2832//5071
f 3520//7306 5683//5747 3519//8385
f 2521//5473 3770//7966 6224//4920
f 4507//7444 2527//5516 4047//8416
f 4048//4721 4047//8416 5686//4721
f 5146//6902 5686//4721 4047//8416
f 3894//4721 5146//6902 4508//8894
f 5147//7293 4508//8895 4103//5897
f 5146//6902 4103//5897 4508//8895
f 5687//4721 4049//4721 3891//8434
f 3548//8692 5512//5788 4044//6895
f 4051//8896 5280//8897 3551//4721
f 3129//8448 5690//4721 5689//7448
f 5150//7452 5690//4721 3129//8448
f 4512//7074 6183//8898 6223//7075
f 6183//8754 4512//7074 3337//8899
f 4513//8900 5203//7449 419//8901
f 2534//8886 5671//4724 4514//8429
f 5203//7449 6223//8902 5692//2623
f 4514//8903 5691//4723 5943//8833
f 6183//8754 3337//8433 5691//4723
f 6128//8904 3670//7868 5693//8905
f 5218//2623 5616//2623 4518//5141
f 6621//2623 4518//5141 5616//2623 6591//2623
f 6621//8906 6658//8907 4518//8908
f 5950//8909 5694//7456 6164//2623
f 5518//2623 3559//2623 5694//7456
f 5695//8910 4523//8170 5696//2623
f 4804//8456 4055//8791 5697//8459
f 6130//2628 5698//2628 4056//8457
f 3339//8659 5286//7457 3901//4727
f 5462//2628 3901//2628 5286//7457
f 6615//8911 4526//8911 6629//8911
f 2541//8193 4379//4735 5700//8912
f 5902//8192 5701//7462 4530//8663
f 1343//5146 5673//8913 4529//8661
f 4200//4735 6247//8914 5627//4735
f 5627//4735 4533//5147 4200//4735
f 6634//8915 6699//8916 5546//8917
f 4533//5147 5546//8500 5163//8812
f 4059//6955 5704//8918 3574//6956
f 6186//8617 3574//6956 5704//8918
f 6186//8919 5704//8918 6249//8665
f 5705//7468 3906//4735 3908//4735
f 4536//4735 5705//7468 4537//8202
f 5705//7468 4536//4735 5537//4735
f 5704//8918 4059//8920 5967//7158
f 5963//8492 4062//8921 5796//7781
f 5541//5161 5542//8482 5551//8509
f 2548//7787 5707//7160 5336//5934
f 5708//7472 5374//8922 6280//5159
f 4540//7102 5852//7255 5859//8923
f 6685//7 6687//7 2853//7
f 5709//7474 3137//8924 5791//7773
f 4064//6967 5710//7 3582//7
f 4542//7 5550//7476 5168//8816
f 5550//7476 4542//7 5710//7
f 4647//8205 3914//7 5974//7479
f 3916//7328 5974//7479 3914//7
f 3921//6441 3915//7327 5711//8925
f 4066//7797 6260//8926 6137//6968
f 5550//7476 4064//8927 5975//7162
f 6470//7 6154//7 6480//7
f 5553//8518 6154//7 4823//7475
f 5375//8928 5802//8516 6192//8929
f 5554//4306 6155//8818 5562//4306
f 5558//7483 4547//8525 5713//8930
f 4548//5578 5713//8930 4547//8931
f 2553//7803 5714//7163 5338//8687
f 5715//8688 5376//5167 6166//8932
f 5431//7656 5425//4306 6167//7486
f 5425//4306 5431//8672 3592//4306
f 5717//7490 3138//8507 5799//7788
f 4068//8933 6339//4306 3590//4306
f 4551//4306 5173//8934 4553//8821
f 5675//4306 5718//4306 3923//4306
f 3924//4306 4391//4306 3928//6452
f 6490//4306 6156//4306 6494//4306
f 6312//4306 6156//4306 4828//7491
f 5719//8536 4071//8935 5809//7813
f 3139//8936 6081//8822 5720//7805
f 5567//8937 4553//8821 5577//8552
f 6602//8938 5573//8939 6635//8940
f 4559//8674 5306//2636 5571//7812
f 5306//2636 4559//8674 4558//8550
f 5721//8862 3139//8941 5805//7804
f 6382//8942 5634//8943 4833//8944 6500//8945
f 4073//8560 5722//2636 3602//2636
f 5639//2636 3602//2636 5722//2636
f 4840//2636 6220//7498 5808//2636
f 4833//8944 6143//8562 6168//2636
f 4075//139 5991//7820 5987//8558
f 3936//6459 5487//8946 4076//8570
f 4569//7502 4076//8570 5487//6458
f 4118//6997 6221//8947 4568//8948
f 5812//8568 4570//139 5724//139
f 5069//8949 3600//8950 5725//7506
f 5726//7507 5725//8951 3600//8950
f 4571//5583 4572//5582 5726//7507
f 6616//139 4573//139 6625//139
f 5184//6424 5587//7009 5727//7271
f 4575//7508 5727//7271 5587//7009
f 5996//8592 5584//139 3939//139
f 5226//139 5589//7179 5178//7497
f 3615//8952 5728//8710 2855//139
f 3625//6881 4586//7037 3805//2645
f 80//7355 81//7354 4595//5209
f 3267//8953 5695//8910 5897//4725
f 2391//2628 4680//2628 6162//7561
f 5734//2628 5258//4729 6217//2628
f 4647//8205 4386//8954 4537//8666
f 5470//8206 4383//7325 5316//8204
f 3914//7 5316//7564 4383//7565
f 5594//7 3913//8 6189//8487
f 4649//4306 5476//8955 3921//6441
f 5731//8231 5732//6988 3931//2636
f 4650//7339 5732//6988 3928//6452
f 2396//8956 4088//8957 4394//8958
f 3933//2636 4650//7339 3932//8959
f 4563//2636 4088//8960 2396//7336
f 4466//5412 362//5521 6209//5704
f 4657//8271 3284//4935 6229//8961
f 4677//7974 2532//7733 5399//4721
f 5321//8431 5399//4721 2532//7733
f 2531//7978 5744//8962 4677//8963
f 5321//8431 2534//8886 4676//8964
f 4514//8429 4676//7865 2534//8965
f 5733//7587 5257//2628 5734//2628
f 5257//2628 5733//7587 3338//2628
f 3338//2628 5733//7587 6169//8966
f 5040//7588 5734//2628 4525//7458
f 5532//8476 4680//2628 5736//8184
f 4376//2628 5322//8680 5737//7590
f 5322//8680 4679//5480 5700//8475
f 5673//7591 5737//8967 5703//8758
f 5736//8184 4680//4727 2391//4727
f 3341//8817 5738//7593 5544//7592
f 5738//7593 3341//8817 6251//8197
f 5324//4306 4682//8226 5325//7594
f 4682//8226 5739//7595 6122//8215
f 5739//7595 4682//8226 4683//4306
f 5169//6977 5556//8214 423//8512
f 5556//8214 5169//8968 5325//7594
f 426//2636 4684//8238 5326//8544
f 4684//8545 4685//8237 5061//8225
f 5174//6986 5568//8681 425//6979
f 5568//8681 5174//6986 426//2636
f 3941//139 5741//7596 4076//8570
f 5741//7596 3941//139 5740//139
f 4117//139 4687//7076 5067//7597
f 5678//6998 4118//6997 6308//139
f 5442//8969 2560//8832 5189//8970
f 2561//8585 5189//7023 2560//8971
f 2785//4613 4989//7604 6210//7605
f 5231//5876 4690//6262 2419//8972
f 2818//5463 2821//4245 3391//8973
f 2826//7556 5502//6795 3395//7237
f 1337//5109 2861//5937 6268//1915
f 1821//5951 4675//5475 6230//7584
f 3411//7622 4504//5135 6225//7440
f 6225//7440 5143//6157 3265//5932
f 4232//6156 3265//7624 5143//6157
f 6065//7626 4715//4721 3890//4721
f 3542//7724 3890//4721 4715//4721
f 4715//4721 5742//4721 3542//7724
f 5346//5783 4716//6921 3126//6920
f 5768//5560 6237//7629 4140//5561
f 5744//7731 3415//2623 5743//7732
f 3415//2623 5744//7731 4717//8682
f 3413//7630 3553//6162 3414//7745
f 2536//8174 5747//7633 5748//2623
f 5747//7633 4720//8728 5406//2623
f 5748//2623 5406//2623 2535//2623
f 5749//2630 3568//7872 5405//7634
f 3416//7199 5750//7635 4949//7870
f 5750//7635 3416//7199 5749//2630
f 2847//2628 5287//2628 3134//6939
f 5782//7751 3134//6939 5287//2628
f 4144//8974 5782//7751 4526//2628
f 1344//8801 5528//2628 5838//7637
f 5533//7640 5206//7639 3417//7201
f 5751//7642 6228//7467 6256//4727
f 3564//8685 5365//7641 5751//7642
f 2541//8193 5532//8476 5753//8194
f 5752//8975 2539//8185 4725//8976
f 5049//4735 5752//8975 4725//8976
f 6102//8977 3569//8009 5601//7769
f 4725//8976 3419//6952 5539//4735
f 3419//6952 4725//8976 4724//6944
f 5602//8856 5622//8010 3418//7771
f 5243//7646 3418//8978 5623//8012
f 6102//8979 5754//4735 5333//7647
f 6102//8979 5601//7769 5754//4735
f 2542//7776 5755//7775 5756//4735
f 4727//5574 5784//4735 4297//5572
f 5821//7875 5757//7652 3674//7
f 5757//7652 3420//8980 5387//7
f 2546//6440 5758//7653 5054//7
f 5054//7 5758//7653 2545//7
f 5759//7 2545//7 5758//7653
f 2548//7787 5336//8981 2395//8982
f 5171//8983 4731//4306 5337//4306
f 6604//8984 5558//8985 6600//8986
f 2551//6450 5761//7806 5060//4306
f 5060//4306 5761//7654 2550//4306
f 5762//4306 2550//4306 5761//7806
f 3425//7655 5429//8987 5431//7656
f 5715//8688 5823//2636 4733//2636
f 5823//2636 5715//8688 5429//8987
f 5571//7812 5306//2636 3140//2636
f 5806//7494 5807//2636 4557//2636
f 5306//2636 4557//2636 5807//2636
f 5065//2636 5813//7658 2555//2636
f 5763//2636 2555//2636 5813//7658
f 5069//8949 5725//7506 3428//139
f 5310//8988 3428//139 5725//7506
f 4573//139 5310//8988 4572//5582
f 3428//139 5310//7660 3142//5176
f 5310//7660 4573//139 3612//139
f 5439//139 5442//8969 3347//8077
f 4089//139 5596//7067 6310//139
f 5246//5826 6310//139 5597//139
f 6119//7675 5826//5006 3437//5405
f 2840//7310 2413//5949 2411//8989
f 4892//7689 4754//6594 3075//7121
f 5500//6054 4760//5477 2811//5661
f 3744//6777 2498//7710 3510//7945
f 4777//5738 2498//2604 4778//5718
f 5131//5748 4493//5750 2836//7713
f 6076//4721 5938//4721 5687//4721
f 3549//8990 5214//5787 3124//6910
f 3551//4721 5767//8426 4051//8896
f 1338//4721 5513//4721 3130//4721
f 5280//8897 3130//4721 5513//4721
f 5320//4721 4943//7730 5348//8694
f 2531//7978 5348//8991 4717//8682
f 5768//5560 4717//8682 5348//8694
f 2532//7733 5743//7732 5745//8169
f 5945//7735 3131//8992 5769//7734
f 2535//2623 5771//7737 3131//8992
f 5771//7737 2535//2623 5770//2623
f 4800//7736 5770//2623 4799//2623
f 4053//5797 5352//2623 4719//2623
f 4799//2623 5770//2623 6250//2623
f 4719//2623 5772//8854 5621//7146
f 5772//8993 4719//2623 5352//2623
f 3556//7739 5615//7738 5774//2623
f 6101//2623 5774//2623 4802//2623
f 5615//7738 5283//2623 5774//2623
f 6101//2623 4517//5802 3556//7739
f 3557//2623 6101//2623 4802//2623
f 4802//2623 5774//2623 1871//5144
f 5283//2623 1871//5144 5774//2623
f 6164//2623 5776//2623 6345//2623
f 5776//2623 3558//7743 5775//7984
f 4803//2623 4804//8456 6345//2623
f 1341//8455 5356//5804 4806//5803
f 5356//5804 1341//8455 5355//6927
f 4803//2623 5775//8994 4805//8695
f 4806//5803 5401//5805 1340//6433
f 3415//2623 5746//2623 4807//8995
f 5357//7744 4807//8995 5746//2623
f 4140//5561 5599//7631 5358//2623
f 5403//2623 5358//2623 5599//7631
f 4807//8995 5357//8697 2538//8996
f 5750//7635 6306//2623 6177//8997
f 5779//2623 5778//7989 6177//8998
f 5772//8854 5780//8698 3563//5807
f 2537//6936 3781//6935 2536//8174
f 5747//7633 2536//8174 3781//6935
f 4720//8728 5747//7633 4291//7746
f 3564//8685 5751//7642 4808//2628
f 3566//7748 4810//8467 5781//8999
f 5831//8701 5781//8999 4196//7147
f 5460//8182 4196//7147 5781//8999
f 5782//7751 4144//9000 6247//8914
f 6054//5813 4199//8859 6305//9001
f 4199//9002 6054//9003 3134//6939
f 5626//7752 4199//9002 3134//6939
f 5333//7647 4724//6944 5362//6943
f 5654//9004 3569//8009 6102//8979
f 3569//8009 5602//7770 5601//7769
f 2539//8185 4724//6944 4725//8976
f 5532//8476 5752//8975 5753//8194
f 2849//5569 5783//7754 3136//9005
f 5962//9006 3136//9005 5783//7754
f 4812//8704 5962//9006 4811//8186
f 5785//8477 5756//4735 5784//4735
f 4815//7757 5784//4735 4814//4735
f 4058//7465 5366//4735 4726//4735
f 5366//4735 4058//7465 5365//7641
f 4814//4735 5784//4735 4727//5574
f 4726//4735 5657//7759 5846//8839
f 5657//7759 4726//4735 5366//4735
f 6646//9007 4144//9008 6664//9009
f 3571//7761 5786//7762 4816//4735
f 5786//7762 3135//6947 6305//9001
f 3135//6947 5786//9010 3571//7761
f 4816//4735 5786//7762 1876//5150
f 5289//4735 1876//5150 5786//7762
f 3573//7765 5787//4735 5160//8490
f 5963//8492 4061//7783 5160//8490
f 4817//4735 5788//7764 4818//8706
f 5788//7764 4817//4735 5787//4735
f 1346//4735 5369//5819 4819//5818
f 5369//5819 1346//4735 5367//4735
f 4819//5818 5368//7767 1344//8801
f 3419//6952 5754//4735 4821//4735
f 5370//4735 4821//4735 5754//4735
f 5601//7769 5602//7770 4820//4735
f 5414//4735 4820//4735 5602//7770
f 5370//4735 2544//7649 5789//7772
f 2544//7649 5370//4735 4820//4735
f 6180//8018 4294//4735 3575//4735
f 5790//4735 4822//8019 5243//7646
f 5541//8508 5299//5160 5706//9011
f 5299//5160 4065//7 5791//7773
f 5706//7774 5791//7773 3137//9012
f 5791//7773 5553//8518 5709//7474
f 2543//5157 3787//6959 2542//7776
f 4297//5572 5755//7775 4824//6958
f 3787//5156 4824//6958 5755//7775
f 2545//7 5759//7 4824//6958
f 6088//7 5415//8731 4300//7258
f 5759//7 4300//7258 5415//8731
f 3580//7778 5792//7 5471//7
f 4826//8734 5794//8021 6311//9013
f 5794//8021 1876//5150 5793//7779
f 3580//7778 5793//7779 1876//5150
f 3582//7 3581//9014 6137//6968
f 5549//7780 6137//6968 5795//7
f 4827//7 5796//7781 4062//8708
f 5796//7781 4827//7 5795//7
f 1350//7 5373//8505 5797//7784
f 5373//8505 4062//8708 6153//8807
f 5798//7785 5797//9015 5295//6954
f 5388//7 5707//7160 2548//7787
f 5554//4306 5304//4306 5712//7789
f 5304//4306 4069//4306 5799//7788
f 5712//7789 5799//7788 3138//8507
f 2547//5166 3790//5165 2546//6440
f 4729//7256 5758//7790 4829//6972
f 3790//5165 4829//6972 5758//7653
f 2550//4306 5762//4306 4829//6972
f 6089//4306 5421//7259 4302//7265
f 5762//4306 4302//7265 5421//7259
f 4832//4306 5802//8516 5375//8928
f 5802//8516 4832//4306 5801//4306
f 1352//9016 5375//8928 4543//7799
f 5803//4306 4543//7799 6318//8514
f 5567//8937 5804//2636 5720//7805
f 5804//2636 4074//2636 5805//7804
f 5720//7805 5805//7804 3139//8941
f 5805//7804 4074//2636 5582//9017
f 2552//5172 3794//5171 2551//6450
f 4732//7263 5761//7806 4834//6983
f 3794//5171 4834//7808 5761//7806
f 2555//2636 5763//2636 4834//6983
f 4303//2636 5427//7266 4835//2636
f 5763//2636 4835//2636 5427//7266
f 5378//2636 3599//2636 4837//7810
f 5806//7494 5726//7507 5807//2636
f 4839//2636 5379//8891 5180//8825
f 3929//2636 5677//2636 4838//2635
f 3140//2636 5807//2636 5726//7507
f 5380//2636 4840//2636 4071//8935
f 5809//7813 4840//2636 5808//2636
f 1355//2636 5380//2636 6233//9018
f 5380//2636 4071//8935 4554//9019
f 2554//2636 6008//7880 3604//8556
f 3677//2636 5645//2636 3603//8070
f 5811//9020 3603//8070 5645//2636
f 5381//2636 5873//9021 5811//7814
f 3604//8556 6008//7880 2557//7665
f 6302//7816 4206//8059 5393//8622
f 5640//7173 3606//2637 3141//139
f 5812//8568 6175//5482 2556//8567
f 4734//7659 5813//7658 4842//5825
f 2556//8567 4842//5825 5813//7658
f 4843//8068 5246//5826 5597//139
f 6103//7662 3142//5176 5310//7660
f 6055//5177 3142//5176 4847//6152
f 3142//5176 6103//7662 4847//6152
f 6055//5177 4847//6152 6231//7585
f 4566//6994 5814//139 5229//2644
f 5814//139 3614//7178 5227//2642
f 3614//9022 5814//139 4075//139
f 5991//7820 4075//139 5814//139
f 5226//8579 5178//7497 5990//8579
f 3145//139 5815//8580 3146//7020
f 5815//8580 3145//139 6245//8711
f 5251//6420 5508//6419 6314//6207
f 3261//9023 6304//9024 6331//6355
f 4869//5914 1329//5913 4137//6390
f 5816//7863 3412//7557 6315//9025
f 3412//7557 5816//7863 4942//7973
f 4283//6159 3411//7622 3265//5932
f 5817//7864 2530//4721 4676//8964
f 4874//8715 4875//8788 4795//4721
f 5766//4721 4795//4721 4875//8788
f 4795//4721 5509//8781 4874//8715
f 5818//4721 5386//7867 5509//8781
f 3670//7868 4235//4721 5819//4721
f 5610//4721 5819//4721 4235//4721
f 5944//8444 5766//4721 4875//8788
f 5766//4721 5944//8444 5820//6161
f 3671//6913 6105//7869 5829//7983
f 6105//7869 3671//5137 5385//4721
f 5408//7871 4143//2628 4236//2628
f 5835//2628 3568//7872 5749//2630
f 5362//7749 2392//7750 6234//2628
f 4808//2628 6106//2628 3564//8685
f 2849//5569 4809//2628 2393//2628
f 4809//2628 2849//5569 6106//2628
f 5845//8840 5208//8610 6291//7873
f 1348//7 5208//8610 3673//7
f 4299//7 6291//7873 1348//7
f 3583//7 5821//7875 3674//7
f 3585//7786 5261//8208 5388//7
f 5389//7876 5388//7 5261//8208
f 4728//7650 5374//5158 4878//7159
f 4301//6179 5209//7877 3675//6177
f 5209//7877 4301//6179 5822//4306
f 5708//8686 5760//7878 4879//4306
f 3591//4306 5760//7878 5335//4306
f 2553//7803 5390//5823 5714//7163
f 4880//4306 5390//5823 2395//5822
f 5376//5167 4879//4306 3591//4306
f 4239//2636 4149//6183 5381//2636
f 5429//8987 3425//8055 5823//2636
f 5823//2636 6238//8060 4733//2636
f 6008//7880 2397//2636 6349//2636
f 5436//6189 5181//139 5391//4151
f 4881//4152 5247//139 5434//7882
f 4882//139 5434//7882 5247//139
f 4304//8747 4882//139 5247//139
f 3603//8070 5664//7883 5382//7884
f 5382//7884 3678//2640 4206//8059
f 5393//8622 4206//8059 5646//139
f 3678//2640 5646//139 4206//8059
f 5764//139 6107//139 2559//5829
f 5665//139 3801//2641 5392//139
f 427//6464 6219//6463 5678//6998
f 4763//5675 5394//5674 5329//6077
f 5269//5966 4747//5495 2422//5967
f 6194//7211 5824//5969 3363//8109
f 4428//7898 2782//6221 3831//6542
f 2426//6555 5395//5984 4752//5983
f 4752//5983 6059//5991 3455//4943
f 4893//7575 6348//5651 5825//6011
f 1838//5435 5825//6011 5930//9026
f 3297//4209 4894//8298 4445//4966
f 5593//9027 4900//6028 20//294
f 1844//6652 1301//7915 6109//9028
f 5451//7930 1303//4230 4909//6053
f 4463//9029 3124//6910 4913//7191
f 1307//8126 4861//7231 1309//5003
f 3858//5400 3312//127 2458//6052
f 3732//7233 3859//6346 5448//6344
f 3313//9030 5449//6349 2814//1902
f 3733//7929 4262//7928 2466//5446
f 3734//5448 5451//7930 3733//7297
f 396//6357 4918//5714 3736//7854
f 6093//6700 2373//5906 6304//9024
f 4482//6083 5648//6766 1851//6084
f 4178//5089 4269//8719 3512//6815
f 403//62 4929//8378 33//423
f 4929//8378 403//62 4868//5912
f 4033//6835 4868//5912 4928//6110
f 5023//7616 5503//7948 1330//4680
f 5503//7948 6001//8374 4931//7949
f 3535//4711 4935//4714 3123//7668
f 5213//7977 5212//6914 1868//9031
f 6176//8720 5032//6677 3545//6160
f 5766//4721 3545//6160 6111//8411
f 3545//6160 5032//6677 6111//8411
f 3542//7724 5827//7972 3125//6901
f 5889//4721 2528//7720 5827//7972
f 5816//7863 5320//4721 2529//8403
f 1869//5563 5216//2618 3776//4721
f 4945//7982 5828//2623 4944//8723
f 4806//5803 5400//2623 1341//7994
f 5400//2623 4806//5803 5829//7983
f 1340//6433 5829//7983 4806//5803
f 4805//8695 5775//7984 4946//8166
f 6351//7985 4946//8166 5775//7984
f 6150//8425 6309//9032 5767//8426
f 4947//2623 5651//2623 5402//8447
f 5652//2623 3778//8003 5618//2623
f 5402//8447 5652//2623 4193//7986
f 5239//5564 3560//9033 5777//9034
f 5779//2623 6177//8997 6306//2623
f 5750//7635 5405//9035 5403//2623
f 5358//2623 5331//5568 5357//8697
f 5403//2623 6306//2623 5750//9036
f 1871//5144 5781//8999 4802//2623
f 5831//8701 4802//2623 5781//8999
f 4948//5811 5672//9037 4287//8631
f 5832//9038 4287//8727 5672//7318
f 4802//2623 5831//8701 3557//2623
f 3778//8003 5834//7095 3561//2623
f 4142//7094 5408//9039 5777//7992
f 4286//2623 5832//9040 4947//2623
f 5652//2623 5402//8447 5651//2623
f 4801//2623 5833//2623 4516//5801
f 6309//8449 5830//6163 6112//2623
f 5400//2623 4944//8723 3779//7995
f 4720//8728 5780//5808 6250//2623
f 6232//2623 4799//2623 6250//2623
f 3779//7995 4944//8723 1872//7998
f 5241//7997 1872//9041 4944//8723
f 4195//7145 4289//6167 4141//8607
f 5241//7997 4141//8607 4289//6167
f 4808//2628 5751//7642 4950//2628
f 4951//4727 4950//4727 5751//7642
f 4290//5806 4291//7746 4808//4727
f 4293//4150 4289//6167 4195//7145
f 4951//2628 5620//7144 3563//5807
f 5620//7144 4951//2628 3780//6166
f 5600//8001 3672//7096 5834//8002
f 5408//7871 4949//9042 5778//7989
f 5651//2623 6254//9043 5652//2623
f 5831//8701 5409//8700 4801//2623
f 5409//8700 4948//9044 5240//2623
f 5831//8701 4801//2623 3557//2623
f 3784//2628 4288//2628 6170//6941
f 4236//2628 4143//2628 4953//8008
f 4143//2628 3672//7096 5411//6170
f 3568//7872 5835//2628 4877//2628
f 3569//8009 4877//2628 6158//8011
f 5835//2628 6158//8011 4877//2628
f 5622//8010 3785//2628 5623//8012
f 4953//8008 6246//7645 5410//7200
f 5623//8012 5410//7200 6246//7645
f 5836//4735 4954//4735 5837//8013
f 4955//8014 5837//8013 4954//4735
f 4819//5818 5412//8015 1346//4735
f 5412//8015 4819//5818 5838//7637
f 1344//8801 5838//7637 4819//5818
f 5540//6957 5655//7152 3573//7765
f 4818//7768 5788//7764 4956//6437
f 6087//7766 4956//6437 5788//7764
f 5839//8730 4295//4735 5840//6950
f 4957//4735 5843//8024 5413//8479
f 5656//8016 3786//8876 6161//9045
f 5413//9046 5656//8016 4958//8017
f 6180//8018 6178//8733 5790//4735
f 6063//8707 4820//4735 5414//4735
f 4820//4735 6063//8707 2544//7649
f 3418//7771 5243//7646 4822//8019
f 1874//6168 5629//7156 6253//4735
f 1876//5150 5794//8021 4816//4735
f 5842//4735 4816//4735 5794//8021
f 4816//4735 5842//4735 3572//4735
f 3786//8876 5207//8609 6161//7154
f 3572//4735 6062//4735 4532//6171
f 4295//4735 5843//8024 4957//4735
f 5656//8016 5413//8479 5843//8024
f 1346//4735 5412//8015 6114//8670
f 3576//5573 5848//8029 5657//7759
f 4147//7098 4146//4735 5603//7099
f 1877//9047 5847//8026 1878//8667
f 5416//8028 4961//8736 5847//8026
f 3576//7253 6088//7 5848//8029
f 5659//7 5848//8029 6088//7
f 3578//5575 5849//8036 5603//7099
f 5849//9048 3577//7097 5603//7099
f 3420//8980 5757//8030 6178//8733
f 5371//8020 5821//7875 6063//8707
f 4728//7650 2544//7649 6063//8707
f 5417//7203 6178//8733 6180//8018
f 5208//8610 5845//8840 6174//7155
f 3579//9049 5418//9050 5419//9051
f 5372//8033 5419//9051 5844//8023
f 4298//4737 5658//8025 5843//9052
f 5418//8762 4298//4737 6179//8034
f 4826//8022 5844//9053 6062//4735
f 5842//4735 6062//4735 3572//4735
f 5472//7 5471//7 6136//6173
f 4960//7 5472//7 5850//8735
f 3579//9049 5851//7 3789//7
f 5852//7255 3673//7 3791//7254
f 4540//7102 4299//7 5852//7255
f 1878//8667 6316//7 5853//8037
f 5847//8026 4961//8736 6316//7
f 5420//7 3577//7097 5849//9048
f 3577//9054 5420//7 4961//8736
f 1350//7 5798//7785 5854//8038
f 5798//7785 1878//9055 5853//8037
f 6316//7 4962//8737 1880//6175
f 3586//9056 5857//8042 5660//8877
f 5660//8877 5855//8039 3422//5576
f 5604//7100 3421//7 5605//8040
f 1880//6175 5856//8041 1881//8045
f 4966//4306 5422//8738 3587//8842
f 5422//6174 4966//4306 5856//8041
f 3586//9056 6089//4306 5857//8042
f 6255//4306 5857//8042 6089//4306
f 3588//4306 5858//8046 5855//9057
f 5858//8046 3587//8842 5605//8040
f 4540//7102 5859//8923 4148//7103
f 5209//7877 4148//7103 5859//8923
f 5644//7207 5335//4306 6353//9058
f 5860//7333 5861//9059 6134//6964
f 5424//9060 4963//7335 5164//8813
f 5633//6963 5548//8219 5547//6961
f 5915//4306 4964//9061 5862//4306
f 5477//4306 5863//6974 4965//4306
f 5863//6974 5477//4306 5862//4306
f 3922//7334 5864//4306 3793//4306
f 5864//4306 3922//7334 4965//4306
f 4301//6179 5870//8044 5822//4306
f 5870//9062 4301//6179 3795//7262
f 5716//9063 4549//4305 5870//9062
f 4148//7103 5822//4306 5232//4307
f 4967//4306 5856//8041 4966//4306
f 5856//8041 4967//4306 5865//4306
f 5426//4306 3587//8842 5858//8046
f 3587//8842 5426//4306 4966//4306
f 1352//7798 5803//4306 5866//9064
f 5865//4306 4967//4306 1883//6181
f 5661//8880 5867//8050 3424//5579
f 5606//7104 3423//4306 5869//8051
f 4970//2636 5428//6180 3595//8742
f 5428//6180 4970//2636 5868//8052
f 3594//7264 4303//2636 5662//8881
f 5662//8063 5867//8050 5661//8880
f 5606//7104 5869//8051 3595//8742
f 5223//8053 3595//8742 5869//8051
f 5716//6184 5870//9062 4149//6183
f 3676//7106 4149//9065 5870//9062
f 4239//2636 5430//7657 5716//6184
f 5430//7657 4239//2636 5645//2636
f 5429//8987 5715//8688 6166//5168
f 5430//7657 5431//7656 6167//7486
f 3598//9066 5871//8229 5432//8056
f 6090//8768 5872//8220 6138//9067
f 5635//7165 5432//8056 5170//4306
f 4968//8744 5873//9021 5381//2636
f 5811//7814 4239//2636 5381//2636
f 5435//6187 4968//8744 3796//2636
f 6238//8060 3677//2636 5382//7884
f 4733//2636 6238//7879 4841//5824
f 4971//2636 5868//8052 4970//2636
f 5868//8052 4971//2636 1884//2636
f 5433//2636 3595//8742 5223//8053
f 3595//8742 5433//2636 4970//2636
f 1355//2636 5810//2636 5875//8062
f 5810//2636 1884//2636 5874//8061
f 5641//5581 5663//2636 3607//8065
f 5377//2636 3607//8065 5663//2636
f 4734//7659 3608//8064 4835//2636
f 5377//2636 4835//2636 3608//8064
f 5874//8061 4971//2636 1886//8565
f 5245//6185 1886//8565 4971//2636
f 5245//6185 5433//2636 4207//8745
f 1886//8066 5876//6186 3797//8618
f 6160//8865 3607//8065 3609//4308
f 3609//4308 3607//8065 6115//9068
f 5724//139 6175//5482 5812//8568
f 6310//139 4842//5825 6175//5482
f 1356//8576 5436//9069 4969//6188
f 5436//6189 1356//8576 5181//139
f 4968//8744 5391//4151 4881//4152
f 4881//4152 5434//7882 5873//9021
f 6296//139 6300//9070 3800//139
f 5441//8072 4304//8747 5247//139
f 1888//7035 5441//8072 1357//139
f 5646//139 4973//7270 4240//6193
f 1360//7177 6337//7817 4846//6470
f 4240//6193 5877//6192 6107//8579
f 6301//9071 4240//6193 4973//7270
f 5878//6195 3801//6194 6181//8076
f 6181//8076 5665//139 4304//8747
f 3800//139 5438//139 5248//6196
f 4305//139 5248//6196 5438//139
f 4974//140 5929//7346 3616//6203
f 5879//6197 5666//8079 5729//7598
f 5442//8969 3804//7036 3347//8077
f 5881//9072 6104//7027 3942//139
f 6000//8581 6182//8082 1363//2645
f 6492//9073 6075//7520 6416//9074
f 5507//8087 6075//8394 3810//7048
f 2356//5968 3697//5866 2781//4620
f 5882//6512 3822//6513 5030//6222
f 6116//7114 366//4582 3449//6247
f 3371//4602 5249//5865 2788//6252
f 4436//4940 369//8108 5668//8651
f 4695//5883 5883//6274 3839//6273
f 5883//6274 6283//6302 3839//6273
f 5201//7089 4102//6649 2453//119
f 5009//6034 1307//8126 6125//9075
f 2815//5514 3312//127 3310//6340
f 5884//1906 3311//8326 393//5692
f 6423//9076 6476//9077 5682//6759
f 4710//6111 5397//6113 6001//8374
f 5503//7948 4869//5914 4710//6111
f 5669//8364 2380//6397 5023//7616
f 3868//6376 1329//5913 4270//9078
f 3763//4286 6350//7307 5452//6405
f 3406//5554 5030//8154 5885//8153
f 3668//8160 4506//5478 2526//5667
f 4506//5478 3668//8160 3669//7197
f 3668//8160 2526//5667 5817//7864
f 6141//8157 6049//6898 3336//4721
f 5817//7864 6141//8157 2530//4721
f 5252//4721 4510//9079 3888//4721
f 4510//9079 5252//4721 5688//9080
f 3127//6911 5252//4721 3888//4721
f 5252//4721 3127//6911 4184//7726
f 5887//4721 6257//4721 3668//8160
f 4514//8429 5887//4721 4676//8964
f 418//6154 5888//8159 3889//4721
f 5888//6429 418//6154 4939//5132
f 5509//8781 2528//7720 5818//4721
f 5742//4721 2844//9081 5818//4721
f 5742//4721 4715//4721 5769//7734
f 6065//7626 5769//7734 4715//4721
f 5890//7625 4371//4721 5351//8162
f 4189//7138 1339//8163 5033//6430
f 4189//7138 5033//6430 5614//9082
f 4187//6432 5614//7139 5033//6430
f 6157//8435 4187//6432 3891//9083
f 4508//8894 5253//4721 3894//4721
f 5253//4721 4508//8894 5511//8164
f 5253//4721 3892//4721 5453//4721
f 1340//6433 5453//4721 3892//4721
f 5937//4721 4048//4721 3893//4721
f 3554//7314 5036//4721 3893//4721
f 5937//4721 3893//4721 5036//4721
f 3554//7314 3893//4721 6351//7985
f 5891//4721 6351//9084 3893//4721
f 5035//8165 4946//8724 5891//4721
f 419//6918 5203//7449 5519//2623
f 5519//2623 6077//2623 419//6918
f 5692//2623 6121//2623 5038//2623
f 4188//9085 5892//2623 5042//9086
f 5892//2623 4188//9085 5454//8167
f 6227//2623 6121//2623 6183//8754
f 5671//4724 5691//4723 4514//8429
f 5743//7732 3415//2623 5522//6924
f 3895//2623 6165//7560 6227//2623
f 6121//2623 6227//2623 5696//2623
f 4523//9087 5284//6934 5038//2623
f 5520//9088 5038//2623 5284//6934
f 5455//2623 3895//2623 5671//4724
f 5745//8169 5037//2623 2534//8886
f 2535//2623 5893//2623 5748//2623
f 5893//2623 5039//2623 5894//2623
f 5748//2623 5894//2623 2536//8174
f 4372//7316 5895//8173 5039//2623
f 5894//2623 5039//2623 5895//8173
f 5042//9086 5735//7589 5040//7588
f 5041//2623 6147//8176 6342//8658
f 5456//8755 420//2623 5896//2623
f 420//2623 5456//8175 5041//2623
f 3897//8657 3896//2623 4797//2623
f 3266//9089 5897//7559 3898//9090
f 4373//8636 5254//8638 2391//2628
f 1342//8000 5255//8179 1873//2628
f 4374//8181 5957//8178 4375//7249
f 5255//8179 4375//7249 5957//8178
f 2848//2628 5460//8182 4810//8467
f 5043//2628 2848//2628 5529//2628
f 5043//4727 5898//7148 4196//7147
f 4810//8467 5460//8182 5781//9091
f 3565//5809 5958//2628 4057//2628
f 5044//2628 5898//7148 5043//2628
f 422//4728 3903//2628 5702//7463
f 5899//4727 5702//7463 3903//4727
f 5899//2628 5256//6933 4530//7464
f 2393//2628 3904//4730 5783//7754
f 4811//8186 5045//2628 5463//2628
f 5624//7150 3570//5816 3268//9092
f 3901//2628 5624//8857 3268//6434
f 5624//7150 3901//2628 5462//2628
f 3905//2628 5900//2628 5953//6164
f 5368//7767 5046//6438 5900//2628
f 4377//2628 5900//2628 5046//6438
f 1344//8801 5368//7767 3905//2628
f 6146//4727 2851//2627 5901//4727
f 4524//6930 6347//7322 4378//7321
f 4377//2628 4956//6437 5674//2628
f 6087//7766 5674//2628 4956//6437
f 422//4728 5702//9093 5048//9094
f 5466//8191 5048//9094 5702//9093
f 5701//7462 5902//8192 5047//4735
f 5048//9094 5466//8485 3911//4735
f 3906//4735 5537//4735 4529//8661
f 5902//8192 4529//8661 5537//4735
f 5699//8473 3906//4735 5703//8758
f 4379//4735 5699//8473 5700//8475
f 4725//8976 5539//4735 5049//4735
f 5752//8975 5049//4735 5753//8194
f 5965//4735 5753//8194 5049//4735
f 5903//4735 5962//7756 5050//4735
f 3909//7323 5904//8196 4813//4735
f 5050//4735 5535//4735 5051//8759
f 5904//8196 5051//8759 5535//4735
f 6188//5155 5738//7593 3911//4735
f 5905//8198 3911//4735 5738//7593
f 5052//8199 5905//8198 6251//8197
f 3910//7324 5543//6960 3909//7323
f 5904//9095 3909//7323 5543//6960
f 5051//8759 5904//9095 5053//7471
f 4198//8483 5905//8198 5052//9096
f 5468//8201 4381//4735 6307//4735
f 4381//4735 5468//8760 3910//7324
f 5625//4734 6307//4735 4381//4735
f 6188//5155 5293//5154 1349//8211
f 4386//8203 1349//8211 5293//5154
f 4382//8209 5906//8639 5334//7
f 4384//7 5658//8025 4298//4737
f 5658//8025 4384//7 5908//7
f 5907//7 4960//7 5850//8735
f 5971//8502 5909//7 4825//7
f 5907//7 5222//9097 4960//7
f 5472//7 4960//7 5793//7779
f 5471//7 5792//7 4959//7
f 5971//8502 5165//8523 5909//7
f 3341//8817 5544//8810 3920//7
f 5300//7 5910//7 1349//8211
f 5544//7592 1349//8211 5910//7
f 6338//9098 5711//8212 5594//7
f 5711//9099 3915//7327 4648//7
f 3918//7 5912//7 3917//7
f 4681//7 3917//7 5912//7
f 423//8512 5556//8214 3920//7
f 5552//7 3920//7 5556//8214
f 4387//6966 5552//7 6122//8215
f 5912//7 3918//7 5913//8216
f 3919//5164 5913//8216 3918//7
f 423//8512 5914//9100 1351//9101
f 5479//6445 1351//9102 5914//8511
f 4649//4306 3271//4306 5476//8513
f 3923//4306 5476//8513 3271//4306
f 4389//4306 5262//9103 5861//8890
f 6135//9104 5861//9059 5262//8221
f 4965//4306 3922//7334 5548//8219
f 5262//8217 4389//4306 5872//8220
f 2854//4306 5915//4306 3589//5821
f 4831//8222 3589//5821 5915//4306
f 4830//7792 5915//4306 5862//4306
f 5915//4306 2854//4306 4964//9061
f 5058//4306 5916//4306 3927//8530
f 5916//4306 5058//4306 5478//4306
f 5057//4306 5718//4306 4552//4306
f 425//6979 5568//8681 3927//9105
f 5918//9106 3927//8530 5568//9107
f 4393//4306 5324//4306 5061//8225
f 5917//4306 3925//4306 5919//6982
f 3926//6448 5919//6982 3925//4306
f 3927//8530 5918//8224 424//4306
f 5324//4306 424//4306 5918//8224
f 425//6979 5564//6978 1354//6456
f 5485//9108 1354//6456 5564//6978
f 1353//8054 5920//2636 3930//2636
f 3930//2636 5920//2636 5575//2636
f 5575//2636 1885//6985 3930//2636
f 4395//2636 5575//2636 5064//2636
f 5484//2636 5483//2636 3598//7167
f 6090//8768 5871//9109 5064//2636
f 5483//2636 5064//2636 5871//8229
f 5579//9110 6317//6987 6252//2636
f 5486//2636 4088//8960 4563//2636
f 2556//8567 5813//7658 5065//2636
f 3935//2636 5922//8236 3934//2636
f 4687//7076 5308//8233 3937//8553
f 5921//8234 3937//8553 5308//8233
f 4397//2636 5921//8234 4568//6995
f 3936//9111 5922//9112 3935//2636
f 5922//9112 5066//8774 5923//8235
f 3937//8553 5921//8234 426//2636
f 4687//7076 5579//9110 5067//7597
f 5925//8571 5067//9113 5579//9114
f 6124//9115 5924//9116 6354//7343
f 1358//7345 4400//7344 5924//9117
f 5263//8643 3429//139 5578//7341
f 5764//139 2558//139 5926//7664
f 4737//139 5263//8643 4736//7663
f 1356//8576 5264//4744 1887//139
f 5587//8241 1887//139 5264//4744
f 4575//7005 5587//8241 4398//9118
f 5491//139 5309//7000 5995//8243
f 5309//7000 5491//139 5068//139
f 5994//8244 5927//139 3939//139
f 5068//139 5927//139 5928//7505
f 3941//139 4884//8247 3681//7504
f 5929//7346 4570//139 6244//139
f 2561//9119 5596//7067 5880//8250
f 5880//8250 4089//139 5492//6466
f 3950//6472 4212//6423 3627//5114
f 4212//6423 3950//6472 3952//7046
f 4173//6491 3256//4900 1//325
f 4467//8321 363//4159 6323//4161
f 1311//7577 3968//5411 3275//125
f 5882//7375 5080//6504 1262//6511
f 5081//4578 5647//6530 4338//4579
f 4338//4579 4991//8099 1266//4172
f 4657//8271 6229//8961 2424//6541
f 6688//9120 6686//9121 1274//5397
f 4434//8273 3453//7383 5079//6497
f 6117//7571 6229//8961 4344//9122
f 5495//7688 4658//6558 4659//6580
f 5668//8651 4093//6526 1279//4586
f 5765//8779 5930//9026 5825//6011
f 2448//8289 5930//9026 5765//8779
f 1838//5435 5930//9026 3998//8299
f 6118//8118 4452//9123 3081//7393
f 3476//4994 5341//6694 4166//6644
f 1844//6652 4455//7912 6242//7920
f 3090//9124 4459//6306 2456//6305
f 5931//6687 1847//6696 4261//1901
f 2368//5008 3259//5010 6119//7675
f 5826//5006 6119//7675 3259//8320
f 4465//5005 6093//6700 6304//5907
f 6519//9125 3739//6702 6522//9126
f 4467//8321 3276//6744 3862//6362
f 6284//7936 1317//6080 4020//5026
f 1851//6084 4108//6755 1850//6082
f 1318//7612 3864//6370 5682//6759
f 4864//6089 1851//8348 4921//9127
f 4481//7424 1324//7855 4866//7425
f 3525//5102 6127//6125 1861//5101
f 3113//6827 5398//6133 1860//6130
f 5592//5189 4590//5181 3150//5201
f 3432//2645 5195//6891 5138//2645
f 4181//9128 3546//5136 3124//6910
f 3546//5136 4181//7919 3540//8400
f 4182//2616 6049//8405 6141//8157
f 4370//5127 2843//6905 5144//9129
f 5031//4717 5932//7447 4045//4715
f 5275//8155 5933//8409 4794//8408
f 5933//8409 5275//2577 5684//5557
f 4790//4148 5827//7972 2528//7720
f 5827//7972 4790//4148 5106//8407
f 5145//6675 5509//8781 3774//8410
f 3408//6672 5032//9130 6176//8720
f 4353//6353 5935//8420 5147//7293
f 5935//7969 4353//6353 386//7970
f 5276//7445 4507//9131 5936//8419
f 5276//6050 5936//8419 5148//8417
f 4113//4229 5510//8418 6099//6917
f 5510//9132 4113//4229 4046//7443
f 4791//7723 5514//8784 6171//5785
f 5514//6915 4791//7723 1845//8314
f 2846//6903 6142//8630 6148//4721
f 5891//4721 3893//4721 5686//4721
f 4048//4721 5686//4721 3893//4721
f 5149//4721 5937//4721 5036//4721
f 5147//7293 5511//8164 4508//8895
f 4048//4721 5936//8419 4047//8416
f 5936//8419 4048//4721 5937//4721
f 5148//8417 5937//4721 5149//4721
f 3773//5138 5935//8420 4941//6671
f 5687//4721 5938//4721 4045//4715
f 4794//8408 5933//8409 6100//4721
f 4793//5786 5934//5930 3543//7725
f 5934//5930 4793//8845 3125//9133
f 6100//4721 5933//8409 5938//4721
f 5277//4721 5278//9134 5144//6904
f 4511//4721 2843//6905 5670//6907
f 5890//9135 3544//4721 4371//4721
f 4511//4721 5152//5139 5277//4721
f 5278//8158 5034//4721 4049//4721
f 5513//4721 1338//4721 5141//6896
f 4044//8317 5139//7228 3548//9136
f 5689//7448 3547//4721 5139//7228
f 4185//9137 5689//7448 5140//5778
f 4786//5777 5141//6896 1338//4721
f 6665//9138 5688//9080 6627//9139
f 5939//8423 5773//9140 5343//4721
f 5940//9141 5939//8423 5279//4721
f 4050//4721 5773//9140 6172//7740
f 5773//9142 4050//4721 5343//4721
f 5940//9141 3888//4721 4510//9079
f 5150//9143 5612//4721 5690//4721
f 5690//4721 5612//4721 3547//4721
f 5612//4721 5150//7452 6150//8425
f 5151//9144 5941//4721 3130//4721
f 3128//5790 5942//9145 5404//8850
f 5942//9145 3128//5790 5941//4721
f 4509//4721 5512//5788 3551//4721
f 4052//7198 6257//4721 3337//8433
f 5943//8430 6257//4721 5887//4721
f 5152//5139 5034//4721 5277//4721
f 2530//4721 5321//8431 4676//8964
f 6157//8435 4049//4721 5034//4721
f 6084//8436 5152//5139 419//6918
f 2533//9146 6184//9147 5350//5794
f 5350//5794 5951//8438 2845//8437
f 4716//6921 5347//5792 4520//9148
f 5951//8438 4520//9148 5347//5792
f 4945//7982 5829//7983 6105//7869
f 6128//8904 4718//5565 1870//2623
f 5828//2623 4515//8442 1870//2623
f 3131//8992 5771//7737 2844//9081
f 5386//8443 2844//9149 5771//7737
f 3670//7868 5819//4721 5693//7450
f 5693//7450 5820//6161 4053//5797
f 4800//7736 5353//5798 4875//8788
f 5944//8444 4875//8788 5353//5798
f 3896//2623 5516//8445 4798//5795
f 5516//8445 3896//2623 5517//2623
f 5153//2623 5945//7735 4796//8446
f 4798//5795 5351//8162 6092//7312
f 5351//8162 4798//5795 5516//8445
f 3131//8992 5893//2623 2535//2623
f 5893//2623 3131//8992 5945//7735
f 5039//2623 5945//7735 5153//2623
f 5942//9145 4193//8851 5404//8726
f 4193//8851 5942//9145 5151//9144
f 5280//7729 4051//8896 3777//7988
f 5154//7987 3777//7988 4051//8896
f 5402//8447 5151//8427 3777//7988
f 4517//5802 5150//9143 3129//8448
f 6309//9032 5154//7987 5767//8426
f 5767//9150 5154//7987 4051//8896
f 5697//9151 5950//8458 6345//2623
f 6226//2623 5523//9152 4192//2623
f 2533//4303 5946//2623 4054//2623
f 5042//8177 5896//2623 4188//2622
f 5038//2623 5519//2623 5692//2623
f 5042//8177 5892//2623 5735//7589
f 5892//2623 6077//2623 5521//8451
f 5735//7589 5521//8451 6169//8966
f 4373//8636 6162//8452 5155//8168
f 5948//8454 5155//8168 6162//7561
f 4807//8995 2392//7750 5947//9153
f 3895//2623 5948//8454 3898//9090
f 5455//2623 5155//8168 5948//8454
f 1872//7998 6113//8007 3779//7995
f 5355//6927 1341//7994 5156//6925
f 5949//8006 5156//6925 1341//8455
f 4521//9154 5951//8438 6185//2623
f 6152//2623 6185//2623 4194//8615
f 5952//2623 6184//9147 6007//2626
f 3132//2624 5525//8190 2851//2627
f 2851//2627 6294//6928 5901//2628
f 4056//8457 5524//9155 6130//2628
f 4377//2628 5674//2628 4055//8791
f 5524//9155 4055//8791 5674//2628
f 4524//6930 4378//7321 6294//6928
f 5285//6926 5900//2628 4377//2628
f 5900//2628 5285//6926 5953//6164
f 4056//8457 5954//9156 5950//8909
f 5954//8460 6151//8796 5694//7456
f 5524//9155 4056//8457 5697//9151
f 6151//8796 5954//8460 4524//6930
f 5698//2628 4524//6930 5954//9156
f 5156//6925 5953//6164 5285//6926
f 2536//8174 5895//8173 2537//6936
f 4678//8463 5527//8462 4372//7316
f 5895//8173 4372//7316 5527//8462
f 6147//9157 4525//7458 5286//7457
f 3902//2628 6078//8464 3339//4726
f 6078//8464 3902//4727 5955//4727
f 4678//8463 5955//2628 5045//2628
f 2537//6936 5527//8462 5461//2628
f 1871//5144 5282//5143 3566//7748
f 5956//8465 3566//7748 5282//5143
f 5157//8466 5956//8465 4519//5142
f 3566//7748 5956//8465 2847//2628
f 5287//2628 2847//2628 5956//8465
f 6097//8660 5287//2628 5157//9158
f 3267//8183 5897//4725 4376//4727
f 5957//8178 5960//8180 5531//9159
f 5960//8180 5957//8178 4374//9160
f 4057//2628 5959//8472 6131//6946
f 5959//8472 4057//2628 5958//2628
f 5158//8471 5958//2628 5044//2628
f 3135//6947 5529//2628 2848//2628
f 2541//8193 5700//8475 4679//5480
f 5699//8473 5703//8758 5737//7590
f 5703//8758 4529//8661 5673//7591
f 5700//8912 5737//7590 5322//8680
f 5752//8975 5532//8476 5736//9161
f 2540//4731 6144//8664 5363//9162
f 5363//9162 5961//5152 2850//4727
f 4723//8702 5361//5814 4535//9163
f 5961//5152 4535//5151 5361//5814
f 4955//8014 5838//7637 6170//6941
f 4531//7466 5533//7640 3417//7201
f 4955//8014 4722//6940 5837//8013
f 5533//7640 5837//8013 4722//6940
f 3136//9005 5785//8477 2849//5569
f 5332//5570 2849//5569 5785//8477
f 3417//7201 6256//2628 6228//7467
f 5365//7641 4058//7465 6228//7467
f 5534//5817 4813//4735 5535//4735
f 4813//4735 5534//5817 3570//5816
f 5903//4735 3136//9005 5962//7756
f 5050//4735 5962//7756 4812//8478
f 3782//6937 4958//8017 5629//8860
f 4958//8017 3782//6937 5531//8470
f 5840//6950 5960//8180 4528//6945
f 5413//8479 5531//8470 5960//8180
f 5959//8472 4532//6171 5841//6172
f 4532//6171 5959//8472 5158//8471
f 5530//6948 3135//6947 3571//7761
f 4532//6171 5158//8471 5536//7760
f 5540//6957 3573//7765 5160//8490
f 5291//4735 6249//8665 5542//8482
f 6144//8664 2540//4731 4060//4735
f 5625//4734 6243//8858 6307//4735
f 5464//9164 422//4728 6187//8484
f 6187//8484 3911//4735 5905//8198
f 3911//4735 6187//8484 5048//9165
f 3911//4735 5466//8485 6188//5155
f 4536//4735 5294//4735 5047//4735
f 2544//7649 5389//7876 5789//9166
f 5260//9167 5906//8639 5538//6953
f 5789//7772 5260//8486 4821//4735
f 5964//8488 5161//8489 6189//8487
f 4821//4735 5538//9168 3419//6952
f 3907//9169 5964//8488 3912//7326
f 5161//8489 5965//4735 5049//4735
f 6114//8670 5295//6954 1346//4735
f 5966//4735 6190//4735 5290//5153
f 4538//4735 6190//4735 4203//4735
f 5966//4735 6298//4735 3137//9012
f 6133//8491 3581//7782 3582//7
f 3581//7782 5796//7781 5795//7
f 6249//8665 5704//8918 5162//7157
f 6153//9170 5797//7784 5373//8505
f 2542//7776 5469//8195 2543//5157
f 5968//8761 2543//5157 5469//8195
f 4681//7 5968//8497 5053//7471
f 5467//9171 6303//7 5296//9172
f 5598//7 5467//9171 6251//8197
f 3342//4738 5323//7 3918//7
f 5323//7 3342//4738 5296//9172
f 4539//7 4681//7 5055//8213
f 5054//7 5545//7 2546//6440
f 5545//7 4063//7 5297//7
f 4063//7 5545//7 5054//7
f 4539//7 5297//7 5968//8761
f 1876//9173 5288//5149 3580//9174
f 5969//7777 3580//7778 5288//5149
f 5163//8499 5969//7777 4534//5148
f 5969//7777 4825//7 5909//7
f 4825//7 5969//7777 5163//8812
f 6645//9175 5546//8917 6636//9176
f 4825//7 5163//8499 2852//8501
f 3788//7 6191//9177 6135//9104
f 4963//7335 5860//9178 6134//8814
f 1879//7794 5633//6963 5850//8735
f 5547//6961 5548//8709 5424//8739
f 5850//8735 5547//6961 5907//7
f 5164//8813 4963//7335 6134//6964
f 5970//6965 6191//9179 5908//7
f 4385//7 5970//6965 4384//7
f 3789//7 5851//7 5164//8813
f 2853//7 5972//8503 5971//8502
f 5978//8522 4959//7 5165//8523
f 5373//8505 5166//8504 4827//7
f 6137//6968 5549//7780 4066//7797
f 5168//7480 6155//9180 4541//8815
f 4065//7 5299//5160 5973//9181
f 5298//7 4541//8815 5555//8506
f 5973//9181 5298//7 3138//8507
f 5551//8509 4542//7 4541//8815
f 3920//7 5910//7 423//8512
f 5300//7 5914//9100 5910//7
f 5167//7478 5914//9100 5300//7
f 2548//7787 6012//9182 3585//7786
f 3921//9183 5476//8513 3915//7327
f 5974//7479 3916//7328 5476//8955
f 5056//7477 6295//8766 5167//7478
f 3915//7327 5476//8513 3916//7328
f 3585//7786 5301//8642 5334//7
f 4388//7332 5911//7 5301//8642
f 1880//6175 1881//9184 6318//9185
f 5854//8038 5853//8037 6318//9185
f 5549//7780 5166//8504 5802//8516
f 5166//8504 1350//7 6192//8929
f 4065//7 5553//8518 5791//7773
f 5553//9186 4823//7475 5709//7474
f 5973//9181 5632//8517 4065//7
f 5168//8816 5975//7162 4544//7161
f 4066//7797 5802//8516 5801//4306
f 2546//6440 5474//6439 2547//5166
f 5977//8521 2547//5166 5474//6439
f 4114//7481 5977//8521 5055//8213
f 3919//6970 5473//7329 5976//5162
f 5739//7595 5976//5162 5473//7329
f 3343//5163 5676//4306 3925//4306
f 5676//4306 3343//5163 5976//5162
f 5917//4306 5062//8543 4546//4306
f 4545//4306 4546//4306 5062//8543
f 5060//4306 5302//4306 2551//6450
f 4067//4306 5302//4306 5060//4306
f 4546//4306 5977//8521 4114//7481
f 5977//8521 4546//4306 4545//4306
f 1879//7794 6136//6173 4831//9187
f 5978//8522 4831//8222 6136//9188
f 5165//9189 5971//9190 4548//5578
f 5713//7484 4548//5578 5972//8503
f 4831//8222 5978//8522 3589//5821
f 5557//5577 3589//5821 5978//8522
f 5432//8056 6138//9191 5979//4306
f 5979//4306 6138//9191 4389//4306
f 1882//7811 5636//2633 5863//9192
f 5863//6974 5559//2632 4965//4306
f 5170//4306 5432//8056 5979//4306
f 3793//4306 5864//4306 5170//4306
f 4730//4306 5980//8527 5171//8983
f 5337//4306 4730//4306 5171//8983
f 4731//4306 5172//6976 5560//8529
f 5171//6975 5980//8527 4559//9193
f 4964//8741 5560//9194 4837//7810
f 5375//8928 1352//9016 6299//8820
f 6313//6981 5561//8538 4070//8537
f 4069//4306 5304//4306 5981//8673
f 5303//4306 4550//4306 6081//8822
f 5981//8673 5303//4306 3139//8941
f 5562//4306 4551//4306 4550//4306
f 3927//9105 5916//4306 425//6979
f 4392//4306 5565//4306 4552//4306
f 5916//4306 4552//4306 5565//4306
f 2553//7803 6013//9195 3593//7801
f 3928//6452 5482//6451 3924//4306
f 5063//8532 5718//4306 5675//4306
f 5718//4306 5063//8770 4392//4306
f 3593//7801 5982//9196 5059//4306
f 4394//7337 5563//8533 6080//4306
f 4391//4306 6080//4306 5563//8533
f 5982//9196 4394//7337 5059//4306
f 1883//6181 6145//9197 6258//8047
f 5561//8538 4832//4306 5719//8536
f 6299//9198 1352//9016 4554//9199
f 4069//4306 6312//4306 5800//4306
f 5799//7788 5800//4306 5717//7490
f 5981//8673 6159//8539 4069//4306
f 5173//8934 5983//7170 5576//7169
f 3601//9200 4068//6980 6313//6981
f 4068//6980 3601//8863 5983//7170
f 4070//9201 5809//7813 6290//2636
f 2551//6450 5481//6449 2552//5172
f 5984//8547 2552//5172 5481//8767
f 4115//8823 5984//8547 5481//8767
f 3926//5170 5480//6447 3344//5169
f 4685//9202 3344//5169 5480//6447
f 3345//4742 3344//5169 3935//2636
f 5489//2636 3935//2636 3344//5169
f 4555//2636 4556//2636 5923//8771
f 5065//2636 5569//9203 2556//8567
f 5569//8546 5065//2636 5305//2636
f 4072//2636 5305//2636 5065//2636
f 4556//2636 5984//8547 4115//7492
f 5984//8547 4555//2636 5305//2636
f 4555//2636 5984//8547 4556//2636
f 1882//7811 4964//8741 4837//7810
f 5172//6976 5171//6975 4559//8674
f 5573//8939 4558//9204 5980//8675
f 4837//7810 5560//8529 5572//9205
f 5638//2636 3599//2636 5378//2636
f 3599//2636 5638//2636 4205//6999
f 3602//2636 6290//2636 4073//8560
f 5723//9206 4073//8560 5808//2636
f 4074//2636 5804//2636 5986//8551
f 5804//2636 5567//8937 5985//2636
f 5986//8551 5985//2636 6082//5828
f 5567//8937 5577//8552 5985//2636
f 5577//8552 4562//7496 5581//6991
f 5985//2636 5581//6991 6082//5828
f 5926//7664 4736//7663 5307//9207
f 2557//7665 5926//7664 3604//8556
f 4564//6989 5307//9207 4736//7663
f 3604//8556 5307//9207 3426//2636
f 5307//9207 4563//2636 3426//2636
f 1886//8066 5992//8557 5874//8061
f 5875//9208 5874//9209 5992//8557
f 5723//9206 5987//8558 4073//8560
f 4562//7496 5722//2636 5176//9210
f 5988//8559 5176//9210 5722//2636
f 1355//2636 5875//8062 5175//5173
f 5380//2636 1355//2636 4565//5175
f 5805//7804 5582//9017 5721//9211
f 6082//5828 3606//2637 5986//8551
f 5986//9212 5225//8561 4074//2636
f 6082//5828 5580//9213 3611//2638
f 4566//7819 6248//7818 2855//139
f 5987//8558 5583//9214 4075//139
f 5583//9214 5178//7497 5589//7179
f 3611//2638 5580//9213 2855//139
f 5580//9213 5177//6992 2855//139
f 5989//8564 4567//7499 5175//9215
f 5989//8564 3942//139 5990//139
f 3942//139 5989//8564 6296//139
f 5991//7820 5176//9210 5988//9216
f 5583//9214 5987//8558 5723//9206
f 5176//9210 5991//7820 4566//6994
f 5175//9215 5992//8557 5989//8564
f 6296//139 5989//8564 5992//8557
f 5488//8772 5179//9217 5812//8568
f 5179//9218 5488//8772 5066//9219
f 4076//8570 5741//7596 3936//9220
f 5066//9219 5922//9221 4686//7503
f 5741//8569 4686//7503 5922//9112
f 5925//8571 3940//8579 5067//7597
f 4686//7503 6244//139 5179//9217
f 5066//8774 4686//7503 5179//9217
f 4398//9118 5265//4745 4399//8827
f 5180//8825 5993//8573 4399//8827
f 5069//8949 5637//9222 3600//8824
f 5637//9222 5069//8949 5995//8243
f 4205//6999 5995//8243 5309//7000
f 5379//9223 4838//2635 5994//8244
f 5180//8825 5265//4745 4395//2636
f 4571//5583 5726//7507 5806//7494
f 1359//7011 4400//7344 6340//139
f 1887//139 5587//8241 3798//7001
f 5584//139 5996//8592 4077//4310
f 3798//9224 4978//6201 5437//9225
f 4978//6201 3798//7001 5184//6424
f 5491//139 6282//8242 5585//7006
f 3939//139 5927//139 5996//8592
f 5183//8578 5996//8592 5927//139
f 5182//7032 5183//8578 5068//139
f 4844//7004 5194//7349 3613//7003
f 5194//7030 4844//7175 3144//4153
f 4576//7512 4401//5584 3943//7348
f 5998//7208 4883//6461 5070//6468
f 6486//9226 5312//7171 5588//139 6489//139
f 5312//7171 3141//139 5999//139
f 3145//139 5999//139 3141//139
f 4567//5174 5990//8579 5178//7497
f 4845//9227 5728//8710 3615//8952
f 5728//8710 4845//9227 6245//8711
f 3615//8952 2855//139 6248//7818
f 5227//2642 3614//9228 4577//9229
f 5590//5831 4577//5830 3614//9228
f 3146//7020 5999//139 3145//139
f 5999//139 3146//7020 5187//7017
f 6182//8082 5815//8580 6245//8711
f 4209//8582 6104//7027 5188//7026
f 6000//8581 4591//7021 3146//7020
f 5881//9072 4975//6200 428//4312
f 4975//6200 5881//9072 5267//8251
f 4975//6200 5267//8251 3346//8632
f 5666//8079 4579//6199 2562//6198
f 4579//8080 3347//8077 3804//7036
f 5880//8250 5383//6202 6140//8586
f 5383//6202 5880//8250 5492//6466
f 5190//7039 5929//7346 3802//7040
f 5667//8587 4578//5833 3148//7822
f 4578//5833 5667//7347 4306//8248
f 4845//9227 3615//8952 3807//9230
f 5998//7208 5070//6468 2857//9231
f 3431//2645 5186//6469 3943//7348
f 5997//7012 5730//6467 2856//8252
f 5730//6467 5997//7012 5185//7013
f 5730//6467 5185//7013 3944//2645
f 6181//9232 4584//7821 5878//6195
f 4584//7821 4304//8747 3619//7515
f 5727//7271 4309//4309 3348//2645
f 4309//9233 5727//7271 4077//4310
f 5996//9234 4582//8593 6096//4311
f 4582//8593 5996//9234 5183//8578
f 4080//7033 5586//7008 3334//2645
f 6580//9235 5591//8831 6676//9236
f 4931//7950 6001//8374 2382//4273
f 6002//7078 50//2921 440//167
f 6003//9237 15//208 2573//217
f 6004//2565 1837//8292 4443//2566
f 2812//7700 4702//5664 3538//5666
f 6007//9238 5220//2625 6129//8614
f 5225//8561 3606//9239 5640//7173
f 1892//174 445//21 28//23
f 1369//202 6199//2737 459//56
f 1936//2738 6199//2665 492//2702
f 6119//7675 3438//6743 4862//6
f 3764//4293 6011//4295 4274//6873
f 2602//4773 82//9240 4314//4344
f 5260//9167 5389//9241 5261//8208
f 2872//1963 2871//1962 3953//4318
f 6014//4770 2600//1999 80//5206
f 2881//4772 6015//4774 6264//9242
f 2602//4773 4314//4344 6015//4774
f 6016//2043 4598//4371 104//4368
f 6017//2046 4599//4374 105//4785
f 6019//2092 4602//4388 129//4387
f 6020//2095 4603//4392 130//4798
f 6022//3200 4606//9243 154//7275
f 6023//8677 4607//4411 155//9244
f 6025//2182 4610//7054 179//4430
f 6026//2185 4611//4435 180//4433
f 6028//2230 4614//4453 204//4449
f 6029//2233 4615//4455 205//4454
f 6031//2276 4618//4471 229//4468
f 6032//2279 4619//4473 230//4472
f 6034//2322 4622//4487 254//4484
f 6035//2325 4623//4490 255//4488
f 6037//2369 4626//4504 279//4503
f 6038//9245 4627//4506 280//4505
f 6040//2413 4630//4523 304//4520
f 6041//2416 4631//4525 305//4524
f 6043//2460 4634//7058 329//4540
f 6044//2463 4635//4545 330//4544
f 6046//2502 4639//5376 350//4888
f 3967//4906 6056//4908 3314//8257
f 4343//6260 2789//5971 4428//7898
f 385//5002 6048//5660 6061//6731
f 2812//7700 3538//7438 4503//8402
f 5829//7983 1340//6433 3671//5137
f 2400//197 22//9246 3153//2661
f 2872//1963 3953//4318 2589//4759
f 2879//2000 6014//4770 2598//4768
f 6021//2139 153//7357 6269//5252
f 6024//2177 178//7358 6270//9247
f 6027//2225 203//7359 6271//5284
f 6030//2270 228//7540 6272//5299
f 6033//5331 253//7361 6273//9248
f 6036//2364 278//7362 6274//5334
f 6039//2408 303//7363 6275//9249
f 6042//2455 328//7364 6276//5362
f 6045//2495 348//7365 6277//5373
f 3497//5030 4466//5412 6209//5704
f 2436//114 4750//5630 4159//5641
f 3714//4963 2803//4986 4446//4988
f 4778//5718 4478//5456 2484//5455
f 5319//5559 6049//8405 4788//5782
f 396//6357 2817//9250 6328//6742
f 3325//4272 1335//5925 5452//6405
f 4873//5106 6050//7862 4713//6880
f 5557//5577 5337//4306 4731//4306
f 650//618 651//2036 2014//2961
f 2784//5607 4744//6144 3533//5608
f 3443//7110 6197//6500 4745//5956
f 3460//5639 3073//6283 375//4951
f 2441//5438 3470//7123 3078//5652
f 2451//5669 4762//5668 4903//7698
f 6051//6719 3489//2582 385//5002
f 3753//4261 1858//5080 2493//5079
f 6052//4707 3527//6417 3529//5115
f 3552//4721 6142//8885 5345//4721
f 2472//4135 6056//4908 3735//4136
f 2482//4575 6057//7937 3743//4576
f 4739//2645 3682//2645 4938//6148
f 6006//6883 1819//8397 4337//5945
f 6009//5867 3699//5976 1273//6251
f 5236//7421 1853//6095 3748//6801
f 5405//7634 5331//9251 5358//2623
f 5830//6163 5240//2623 6112//2623
f 5841//6172 5244//4735 5839//8730
f 2561//9119 2560//8832 5596//7067
f 6058//4167 1819//8397 1264//6885
f 2417//2540 4986//9252 6116//7114
f 5340//5656 4451//6313 2799//4631
f 4174//6381 5022//7303 1322//6382
f 4368//5474 6064//7311 2525//2645
f 5039//2623 5153//2623 4372//7316
f 3928//6452 6163//9253 4650//7339
f 2784//4923 6197//6500 4744//6144
f 6197//6500 2784//4923 4745//5956
f 1816//7889 4889//7905 1817//8268
f 3460//5639 375//4951 3461//4950
f 6069//4149 4789//5931 1314//7931
f 6242//6699 4455//7912 3727//1899
f 3720//4220 4860//6686 3727//1899
f 1313//6713 6335//6712 4015//7415
f 6061//6731 393//6720 385//5002
f 3861//9254 4357//7298 5114//8330
f 2490//5036 6070//5708 5317//6803
f 3512//6815 4486//9255 5121//6821
f 4777//5738 5121//6821 4486//8366
f 3434//5586 3880//5110 5251//6420
f 3435//1918 1365//181 5886//6690
f 2843//5129 3435//1918 5886//6894
f 5142//6688 2529//7718 5931//6687
f 5515//6906 4513//5140 5670//6907
f 5033//6430 6076//4721 3891//9256
f 6077//2623 5520//8172 5521//8451
f 5284//6934 5256//6933 421//8171
f 4724//9257 2539//8185 4145//4727
f 5541//5161 5706//7774 5542//8482
f 6079//8889 3921//6441 5711//9258
f 5554//4306 5712//7789 6155//8818
f 6155//9180 5712//7789 5555//9259
f 6163//8232 3928//6452 5563//8533
f 5567//8937 6081//8822 4553//8821
f 3680//8246 5186//6469 4883//6461
f 6504//9260 5588//8579 6449//8579
f 5442//8969 5189//7023 3804//7036
f 6083//8712 6301//6191 3618//2645
f 5182//7032 5586//7008 4080//8594
f 6015//4774 3161//2755 81//7354
f 6002//7078 30//8350 439//160
f 3258//6036 3722//6038 3383//6037
f 3437//5405 2372//4137 3438//6743
f 6073//6828 3116//6862 5398//6133
f 6084//8436 419//6918 5454//8167
f 4181//7919 6085//7413 3540//7728
f 6266//4173 4245//7834 4244//4171
f 5236//7421 4480//6096 1853//6095
f 5659//7 6088//7 5660//8877
f 6090//8768 5920//2636 1353//8054
f 5879//6197 4305//139 5666//8883
f 3808//6208 5073//2645 4740//4313
f 6091//7838 4257//7837 4697//7904
f 6064//9261 4368//5474 3534//6887
f 6092//7312 4371//4721 1339//8163
f 6338//7331 4388//8640 5566//4740
f 6014//4770 80//5206 526//9262
f 6056//4908 3503//6768 3735//4136
f 3714//4963 4446//4988 2442//6014
f 2451//5669 4903//7698 4457//7397
f 6093//6700 4465//5005 3729//7294
f 3523//9263 6094//6860 5504//5756
f 3432//2645 3535//4711 4738//2645
f 3129//8448 5689//7448 4185//8612
f 4718//5565 6128//8904 5693//7450
f 5696//2623 6165//7560 5695//8910
f 5634//8943 5582//9017 4833//8944
f 6165//7560 5897//7559 5695//8910
f 5736//9264 2539//8185 5752//8975
f 5327//5690 4262//9265 5235//9266
f 5287//4727 6097//8660 5782//7751
f 5439//8579 6098//8579 5442//8969
f 6098//139 2560//8832 5442//8969
f 650//618 2014//9267 1454//619
f 6439//9268 3737//4239 6447//9269
f 4778//5718 2484//6118 3514//5737
f 4496//6859 6094//9270 3524//4276
f 6099//6917 5514//6915 1845//6049
f 6065//7626 4796//8446 5945//7735
f 5773//9140 6173//7741 5615//7738
f 6172//9271 5773//9140 5615//7738
f 5774//2623 6101//2623 3556//7739
f 6164//2623 3559//2623 3558//7743
f 6104//7027 5226//139 5990//139
f 4463//5004 6085//7413 4181//7919
f 4171//7924 6085//7413 4861//7231
f 6050//7862 4873//5106 3666//9272
f 4291//7746 6106//4727 4808//4727
f 4240//6193 6107//139 5393//8622
f 4117//139 3680//8246 4883//6461
f 6108//4973 3076//5648 5445//4974
f 16//211 4900//6028 5593//5198
f 2366//6031 4904//6032 6109//8751
f 5276//6050 6110//4228 3386//129
f 4171//7924 4861//7231 3728//7229
f 5236//7421 3748//6801 3746//5053
f 4486//8366 3512//6815 4269//7240
f 6074//4699 2388//5407 4872//9273
f 4274//6873 6011//4295 3666//7957
f 4846//6470 3684//2645 1360//9274
f 6048//5660 5611//7971 5213//7977
f 6111//8411 4795//4721 5766//4721
f 6112//2623 4286//2623 6309//8449
f 3784//2628 6113//8007 1872//7998
f 5653//7251 5651//2623 5832//9040
f 4952//4727 6113//8007 3784//4727
f 5658//8025 3786//8876 5656//8016
f 6114//8670 5412//8015 4954//4735
f 5207//8609 3786//8876 1347//8210
f 3679//8071 5811//8058 5434//9275
f 5267//9276 5881//9072 3942//139
f 1889//2645 4587//6204 6293//8598
f 6116//7114 4153//2541 2417//2540
f 4344//7284 4343//6260 6117//7571
f 1289//6291 2796//6298 2804//6321
f 6207//6299 1289//6291 3715//9277
f 3479//6629 6118//6628 4459//7405
f 6119//7675 4228//5402 2368//5008
f 4228//5402 6119//7675 4862//6
f 5014//9278 6120//1904 1311//7577
f 2825//7091 5022//7303 3321//5460
f 4712//6414 2837//6413 2383//4684
f 6064//7311 3885//5766 2525//2645
f 2844//9081 5742//4721 5769//7734
f 5034//4721 6084//8436 6157//8435
f 6121//2623 5692//2623 6223//7075
f 5522//8790 5745//8169 5743//7732
f 5037//2623 5745//8169 5155//8168
f 5462//4727 4197//7151 5624//7150
f 3932//8959 3938//7340 5924//9117
f 5579//9110 6320//9279 5925//8571
f 6010//7373 2417//2540 4992//6249
f 3284//9280 6066//9281 3985//4933
f 6003//9237 12//215 5094//5643
f 4166//6644 3085//9282 5105//6665
f 3383//9283 6125//9284 5103//6647
f 4005//2574 4454//9285 6343//7398
f 1307//8319 6126//123 6125//9075
f 6126//123 5103//6647 6125//9075
f 4916//5007 4262//7928 3729//7294
f 4177//6778 3660//6109 5123//6820
f 5397//6113 2381//4141 6001//8374
f 4039//6132 6127//6125 3525//5102
f 4272//9286 4498//5108 1864//6849
f 5506//9287 6075//7520 5507//8087
f 2515//5927 3951//7350 5508//6419
f 4713//6880 6050//7862 3625//6881
f 5074//5835 6050//7862 6259//7435
f 3882//6886 4280//5476 3689//4168
f 1821//5951 3689//4168 4280//5476
f 5685//6428 6111//8411 5032//6677
f 4507//7444 4047//8416 5936//8419
f 6005//5929 3543//7725 5934//5930
f 3886//6426 5278//8158 5932//7447
f 6663//9288 5688//9080 6665//9289
f 5939//9290 6173//9291 5773//9140
f 6173//9291 5939//9290 5940//9141
f 3128//5790 1869//5563 3776//4721
f 5457//8453 3898//9090 5948//8454
f 6184//9147 5952//2623 5951//8438
f 6129//8614 4194//8793 6185//2623
f 5674//2628 6087//7766 6130//2628
f 6130//2628 5524//9155 5674//2628
f 5286//7457 6342//9292 6147//9157
f 3783//8004 3782//6937 1874//9293
f 6131//6946 5959//8472 5841//6172
f 5291//4735 5706//9011 3137//8924
f 3913//8 3912//7326 5964//8488
f 6132//8806 5161//8489 5539//4735
f 6133//8491 5160//8490 4061//7783
f 5468//8760 5467//8200 5296//9172
f 3788//7 6135//9104 3791//7254
f 5712//7789 3138//9294 5555//8506
f 6081//8822 3139//8936 5303//4306
f 3272//4741 4394//8958 5982//9196
f 5993//8573 5180//8825 5379//9223
f 3613//7003 4735//139 3429//139
f 6139//6892 5437//7002 4978//6201
f 2856//8252 1359//7509 5997//8828
f 3943//7348 3680//8246 4576//7512
f 3616//6203 5929//7346 5190//9295
f 4980//2645 4845//8588 3807//7024
f 4402//2645 3682//2645 3944//2645
f 6096//4311 3884//2645 4309//4309
f 6139//6892 5195//6891 1888//7035
f 5192//2645 6140//8586 4593//2645
f 3530//6213 3812//6214 2568//8602
f 6002//7078 440//167 31//168
f 3128//5790 3550//4721 5941//4721
f 5215//4721 5941//4721 3550//4721
f 5640//7173 6143//8562 5225//8561
f 6143//8562 5640//9296 3605//9297
f 1936//2738 492//2700 70//2695
f 3803//8633 3346//8632 5248//9298
f 5947//6923 2392//7750 5254//8638
f 4202//7320 5242//9299 4378//7321
f 6132//9300 5538//9168 5906//8639
f 6149//4721 2845//8437 5281//4721
f 4515//8442 6105//7869 3670//7868
f 4520//9148 5951//8438 4521//7454
f 6342//9292 5286//7457 3339//9301
f 4534//5148 5288//5149 4201//4735
f 6144//8664 4060//4735 6298//4735
f 1878//8667 6114//8670 1877//8027
f 6145//9197 1884//2636 5810//2636
f 5868//8052 6145//9197 1883//6181
f 3290//5426 2448//9302 2437//5999
f 6149//4721 5345//4721 2845//8437
f 5940//9141 4510//9079 5354//5799
f 3555//7140 4510//9079 5688//9303
f 4201//4735 5289//4735 6305//7763
f 6055//5177 3143//7007 6282//8242
f 4235//4721 5385//4721 5213//7977
f 5240//2623 4948//9044 4287//8727
f 4949//7870 5750//7635 6177//8997
f 6250//2623 5770//2623 5406//2623
f 6178//8733 5757//8030 4822//8019
f 3577//7097 4961//8736 4147//7098
f 5472//7 6136//6173 1879//7794
f 3587//8842 5422//8738 5604//7100
f 4304//8747 5441//8072 3619//7515
f 6086//7390 3651//7841 6109//9028
f 2366//6031 6109//8751 3651//7841
f 5463//2628 5364//8703 4811//8186
f 5705//9304 5470//8206 5316//8204
f 4087//7 6189//8487 4382//8209
f 5739//8765 5473//7329 4387//9305
f 6123//8230 5485//9108 5063//8532
f 5485//6457 6123//8230 6252//2636
f 5486//2636 6095//9306 4396//2636
f 6067//9307 5497//4985 3475//4210
f 6068//4961 3082//4205 381//5658
f 4924//9308 2483//5052 3755//4265
f 6148//4721 5149//4721 2846//6903
f 6100//4721 1339//8163 6289//4721
f 5514//8784 6149//4721 5281//4721
f 3552//4721 6149//4721 6099//6917
f 4516//5801 6150//8425 5150//9143
f 6077//2623 5519//2623 5520//9088
f 6151//8796 5523//8795 6226//2623
f 6413//2623 6152//2623 6457//2623
f 3564//8685 5332//5570 4815//9309
f 5367//4735 6153//9310 5159//8705
f 5424//8739 5164//8813 5851//7
f 4544//7161 6155//8818 5168//8816
f 6122//8215 5556//8214 5325//7594
f 5635//7165 5170//4306 5864//4306
f 4088//8957 5563//9311 4394//7337
f 4394//7337 6080//4306 2394//4306
f 5576//7169 4553//8821 5173//8541
f 5918//8224 5568//8681 5326//8544
f 5263//8643 5578//7341 6095//9306
f 5177//6992 5580//9213 5581//6991
f 6143//8562 4833//8944 4074//2636
f 6157//8435 6084//8436 4188//2622
f 6613//9312 6623//9313 3555//7140
f 5354//5799 4510//9079 3555//7140
f 3133//7643 5619//8794 4194//9314
f 6158//8011 5622//9315 5602//7770
f 3269//8888 5464//6436 4198//8483
f 5717//7490 5632//8517 5973//9181
f 5632//8517 5717//7490 5631//7489
f 5632//8517 5631//7489 6154//7
f 3139//8936 5721//8862 5981//8673
f 5721//8862 5582//9017 6159//8539
f 6156//4306 6159//8539 5634//9316
f 6160//8746 4207//8745 3427//5580
f 6179//8034 5843//8024 4295//4735
f 2846//6903 5649//7248 4191//7247
f 4088//8957 6163//8232 5563//8533
f 6163//8232 4396//2636 4650//7339
f 5504//9317 6094//6860 2510//4696
f 3670//7868 6128//8904 4515//9318
f 6164//2623 5694//7456 3559//2623
f 3898//9090 6165//7560 3895//2623
f 4523//9087 5695//8910 4522//6932
f 4059//6955 6133//8491 5967//7469
f 5336//5934 5707//7160 5708//7472
f 5859//8043 5852//7255 3791//7254
f 6529//9319 5630//9320 4823//7475 6411//9321
f 4064//6967 6260//7796 5975//7162
f 5375//8928 6192//9322 4543//8515
f 5715//8688 5338//8687 5376//5167
f 6468//9323 5631//7489 4828//7491 6571//9324
f 6081//8822 5567//8937 5720//7805
f 6124//9115 3931//2636 3933//2636
f 6553//8938 6168//8938 6568//8938
f 3605//9297 6168//2636 6143//8562
f 6510//9325 6516//9326 3605//7172
f 5695//8910 3267//8953 4522//6932
f 3339//4726 6078//8464 3897//9327
f 6169//8966 5733//7587 5735//7589
f 3338//2628 6169//8966 421//8171
f 6251//8197 3341//8817 5598//7
f 3553//6162 5613//6158 3414//7745
f 3417//7201 5206//2628 4292//2628
f 5622//8010 5623//8012 3418//8978
f 3131//8992 2844//9149 5769//7734
f 3129//8448 6172//9271 3556//7739
f 5354//5799 6173//7741 5940//9141
f 5782//7751 6247//8914 5626//7752
f 6054//5813 6305//7763 3135//6947
f 5654//9004 6102//8979 5333//7647
f 6174//7155 5845//8840 3575//4735
f 3581//9014 5795//7 6137//6968
f 6260//7796 5801//4306 3590//4306
f 6691//9328 5806//7494 6653//9329
f 5726//7507 3600//8824 3140//2636
f 4840//2636 5809//7813 4071//8935
f 6008//7880 6302//7816 2557//7665
f 6175//5482 4842//5825 2556//8567
f 6055//5177 6231//7585 3143//7007
f 5338//8687 6349//2636 2553//7803
f 1844//6652 6109//8751 4904//6032
f 5777//7992 5778//7989 5650//2623
f 5331//9330 2538//8996 5357//8697
f 6177//8997 5778//7989 4949//7870
f 5832//7991 5651//2623 4947//2623
f 5833//2623 5240//2623 5830//6163
f 5408//7871 5778//7989 5777//9034
f 4375//7249 5653//8875 5832//9331
f 5653//8875 6254//8874 5651//2623
f 6178//8733 4822//8019 5790//4735
f 5419//8032 6179//8034 4296//4735
f 5207//8609 6174//7155 6161//9045
f 6174//7155 5207//8609 5208//9332
f 5845//8840 6180//8018 3575//4735
f 6062//4735 5844//9053 5244//4735
f 5244//4735 4532//6171 6062//4735
f 6114//8670 4954//4735 1877//9047
f 5848//8029 5846//8839 5657//7759
f 3578//9333 5603//7099 5846//8839
f 5821//7875 4728//7874 6063//8707
f 5417//7203 6180//8018 5845//8840
f 5418//8762 6179//8034 5419//9051
f 5857//8042 5855//8039 5660//8877
f 5858//8046 5605//8040 5855//8039
f 6280//9334 5760//7878 5708//7472
f 1884//2636 6145//9197 5868//8052
f 5662//8063 5661//8879 3594//9335
f 5429//8987 6166//5168 5431//7656
f 5430//7657 6167//7487 5716//6184
f 6090//8768 1353//9336 5872//8220
f 5871//8229 6138//9191 5432//8056
f 6138//9191 5871//8229 6090//8768
f 4570//139 5812//8568 5179//9217
f 1356//8576 4969//6188 1885//6985
f 5873//9021 4968//8744 4881//4152
f 6083//8712 5877//6192 6301//6191
f 5666//8079 4305//8579 3610//8579
f 5248//6196 5879//9337 4307//5483
f 4579//6199 5666//8079 3347//8077
f 3449//6246 366//4582 3367//4592
f 5009//9338 6125//9075 3383//6037
f 6049//6898 5319//5559 3336//4721
f 4371//4721 6092//7312 5351//8162
f 3558//9339 3554//7314 6351//7985
f 6183//8754 6121//2623 6223//7075
f 4797//2623 6342//8658 3897//8657
f 3338//4727 5899//4727 3903//4727
f 5628//7153 5465//8187 5655//7152
f 2853//7 4825//7 2852//8501
f 4825//7 2853//7 5971//8502
f 5222//9097 6311//9013 4960//7
f 5792//7 5909//7 4959//7
f 6320//9279 3931//2636 6124//9115
f 5266//139 5925//8571 6354//7343
f 4916//5007 3729//7294 4465//5005
f 4182//2616 6141//8157 2526//5667
f 3408//6672 6176//8720 6352//8721
f 4791//7723 6171//5785 4792//7627
f 6142//8630 3552//4721 6148//4721
f 5510//9132 6148//4721 3552//4721
f 6100//4721 5938//4721 6076//4721
f 4185//8612 4050//4721 3129//8448
f 6184//9147 5951//8438 5350//5794
f 4945//7982 6105//7869 4515//8439
f 5819//4721 5820//6161 5693//7450
f 4798//5795 6092//7312 4189//5796
f 5950//8458 6164//2623 6345//2623
f 5523//8795 5946//2623 4192//2623
f 6169//8966 5521//8789 421//9340
f 2538//9341 2392//7750 4807//8995
f 6113//8007 5949//6165 3779//7995
f 5952//2623 6185//2623 5951//8438
f 4521//9154 6185//2623 6152//2623
f 6185//2623 5952//2623 6129//8614
f 3132//9342 6007//2626 4054//2623
f 5952//2623 6007//2626 6129//8614
f 5954//8460 5694//7456 5950//8909
f 5524//9155 5697//9151 4055//8791
f 4525//7458 6147//8176 5040//7586
f 6144//8664 5961//5152 5363//9343
f 4955//8014 6170//6941 4722//6940
f 5840//6950 4528//6945 6131//6946
f 5963//8492 5159//8705 4062//9344
f 6153//8807 4062//8708 5159//8705
f 6186//8617 5242//9345 4202//9346
f 5242//4733 6186//8617 5292//4735
f 6187//8484 422//4728 5048//9094
f 6188//5155 5466//9347 5294//4735
f 5389//7876 5260//9167 5789//7772
f 5906//8207 4382//8209 6132//8806
f 6189//8487 5161//9348 6132//9300
f 4535//5151 6190//4735 4538//4735
f 6190//4735 4535//5151 5290//5153
f 6190//4735 5966//4735 4203//4735
f 5966//4735 3137//8924 5709//7474
f 3581//7782 6133//8491 4061//7783
f 6191//9179 5861//9059 6135//9104
f 6191//9179 3788//7 5908//7
f 5970//6965 6134//8814 5861//9059
f 6191//9179 5970//6965 5861//8890
f 6012//9182 5301//8641 3585//7786
f 5166//8504 6192//8929 5802//8516
f 1350//7 5854//8038 6192//8929
f 4543//8515 6192//8929 5854//8038
f 5632//8517 6154//7 5553//8518
f 3792//7261 1353//8054 3795//9349
f 1353//8054 3792//7261 5872//8220
f 6138//9191 5872//8220 4389//4306
f 6013//9195 3272//4741 5982//9196
f 4071//9350 6299//9198 4554//9019
f 6299//8820 4071//8935 5719//8536
f 4554//9351 1352//9016 5866//8048
f 6159//8539 6156//4306 6312//4306
f 3601//9200 6313//6981 4070//9201
f 3932//8959 5924//8239 3933//2636
f 6124//9115 3933//2636 5924//8239
f 3606//2637 5225//9352 5986//8551
f 5991//7820 5988//9216 5987//8558
f 5583//8563 5723//9206 6220//7498
f 5928//7505 5994//8244 4838//9353
f 4401//5584 4576//7512 4078//7510
f 5070//6468 4883//9354 5186//6469
f 5815//8580 6182//8082 6000//8581
f 6182//8082 6245//8711 4845//8588
f 4584//7821 6181//8076 4304//8747
f 57//2659 458//2693 6193//199
f 6193//199 2400//197 453//200
f 1394//369 6201//372 1936//2738
f 6195//50 493//291 1381//2699
f 6196//2960 648//615 4121//617
f 6197//6500 3443//7110 3444//4921
f 3097//2576 6005//5929 3480//2587
f 6279//5672 6198//8401 4171//7924
f 3801//6194 3678//2640 5392//139
f 59//1921 6193//199 458//282
f 6203//2771 532//2768 3164//2767
f 2883//2003 2602//5222 2881//4772
f 2886//4776 2604//2002 2882//2001
f 6196//2960 2013//616 648//615
f 2896//2044 2617//7529 6202//9355
f 6561//9356 2774//4560 6545//9357
f 392//6728 1313//4129 4229//4131
f 6201//372 2862//1945 1397//1949
f 3376//7286 376//5501 1285//6280
f 6262//1959 531//2765 2872//1963
f 2907//6477 2909//4794 2906//4793
f 2923//3196 2925//2140 2922//4807
f 2939//3304 2941//2178 2938//9358
f 2955//3413 2957//2226 2954//4823
f 2971//9359 2973//2271 2970//4834
f 2987//3635 2989//2318 2986//4843
f 3003//3759 3005//2365 3002//4853
f 3019//3881 3021//4864 3018//4862
f 3035//4000 3037//2456 3034//4869
f 6201//372 520//371 2862//1945
f 534//2770 2873//1964 6203//2771
f 3164//5215 533//5214 6203//2771
f 6203//2771 533//4356 3165//2769
f 593//2867 2886//4776 2882//2001
f 3836//6296 6204//5503 2444//6300
f 2516//5187 6205//4749 2515//5927
f 6204//5503 2796//6298 2446//5504
f 3876//4701 4711//5553 6214//9360
f 1358//7345 3938//7340 4735//139
f 3536//5768 4784//5770 3767//4709
f 2850//2628 6146//2628 5363//9343
f 2421//5491 3824//6230 4096//5862
f 4180//6884 6206//5935 4278//7245
f 2446//5504 6207//6299 2793//5497
f 3055//6358 6209//5704 4643//4
f 4990//5856 6210//7605 2354//9361
f 3715//9362 6208//5498 6207//6299
f 3738//4240 3657//4134 2373//5906
f 3261//8689 2472//4135 3437//5405
f 6212//6361 2470//8139 3862//6362
f 5734//2628 6217//2628 4525//7458
f 6218//6435 5364//8703 5463//2628
f 3907//9169 3912//7326 5470//8206
f 3408//9363 3409//5001 3304//5694
f 4042//6882 3119//5104 4594//9364
f 4043//9365 2524//4748 2521//5473
f 2534//8886 5321//8431 2532//7733
f 5543//6960 3910//7324 3342//4738
f 4565//5175 6220//7498 4840//2636
f 6218//6435 5463//2628 5955//2628
f 4087//7 5911//7 4388//7332
f 6196//2956 4121//617 1455//2964
f 5222//9097 5907//7 5372//8033
f 6278//7243 3767//4709 4784//5770
f 3775//7976 3264//4721 3553//6162
f 4299//7 4540//7102 6321//7204
f 6240//7290 3714//4963 377//4970
f 3864//6370 1318//4674 3658//9366
f 6314//6207 4581//7514 3948//7029
f 4581//8253 6314//6207 4405//8085
f 3290//5426 4000//5428 3998//8303
f 6212//8893 5272//7602 2470//8139
f 6224//4920 4744//6144 6197//6500
f 6225//7440 4505//5134 2460//5440
f 5696//2623 6227//2623 6165//7560
f 6228//7467 4531//7466 3417//7201
f 153//7357 4407//4408 4605//4406
f 178//7358 4408//2180 4609//4428
f 203//7359 4409//2228 4613//5285
f 228//7540 4410//9367 4617//4467
f 253//7361 4411//2320 4621//4483
f 278//9368 4412//2367 4625//4502
f 303//7363 4413//4521 4629//4519
f 328//7364 4414//2458 4633//4539
f 348//7365 4415//4561 4637//4558
f 2523//9369 6230//9370 3335//2645
f 4675//5475 3335//2645 6230//9370
f 4112//2645 6231//7585 4675//5475
f 2564//2645 3884//2645 6096//4311
f 6241//7619 4712//6414 3399//6404
f 4311//2645 2566//2645 4312//2645
f 3261//9371 3437//5405 5826//5006
f 6641//9372 6648//9373 3643//7836
f 1835//5647 3716//6624 3711//6004
f 392//6711 4229//4131 1849//6727
f 6209//5704 3055//9374 3860//5705
f 6215//2613 4783//9375 6297//6845
f 5352//2623 6232//2623 5772//8854
f 1355//2636 6233//9018 5810//2636
f 3609//4308 6115//8067 5439//139
f 4876//5566 6234//2628 2538//8996
f 6206//5935 3683//2645 3684//2645
f 3685//7886 1890//2648 3531//6137
f 1266//4172 4244//5955 1265//4580
f 4990//9376 4094//5963 3368//6232
f 1833//6010 5096//6007 4889//7905
f 6086//7390 1301//7915 3378//4980
f 5449//6349 3313//8131 3490//5515
f 5199//8254 6235//6136 3530//6213
f 6206//5935 4279//6146 3683//2645
f 4739//2645 2521//5473 2524//4748
f 3263//4721 6236//7975 4233//4721
f 4291//7746 3781//6935 4809//2628
f 3795//7262 4560//2636 3676//7106
f 6238//7879 4206//8059 4841//5824
f 3348//2645 6216//2645 5184//6424
f 6239//8081 1363//2645 6182//8082
f 3433//2645 4980//2645 3807//7024
f 1363//2645 6239//8081 2568//8602
f 4982//6209 6239//8081 4980//2645
f 3262//6211 6235//6136 5199//8254
f 6210//7605 4989//7604 2354//9377
f 6211//6583 3292//7071 1285//6280
f 4890//6284 2795//2558 3994//2561
f 2801//4634 6240//7290 3843//6640
f 6240//7290 2801//5505 2803//4986
f 6204//5503 3836//6296 4350//6320
f 6241//9378 6350//7307 3762//5470
f 6214//138 2837//6413 5318//5472
f 5318//5472 6241//9378 3762//9379
f 4530//7464 5702//7463 5899//4727
f 1358//7345 4735//139 6340//139
f 3680//8246 3940//139 4576//7512
f 2517//1916 3685//7886 3531//6137
f 5444//4934 6229//8274 3284//4935
f 1816//7889 3687//5997 1833//6010
f 5007//4996 2450//6692 3481//5670
f 5114//8330 1315//4659 4091//6215
f 3863//6368 3864//6370 3658//6384
f 5396//9380 5122//2602 4486//8366
f 3662//5105 4272//5107 1332//6127
f 5625//4734 4197//7151 6243//8858
f 6233//9018 4554//9199 5866//8048
f 5569//8546 5488//8772 5812//8568
f 5678//6998 6219//6463 6221//6462
f 6245//8711 5313//139 5728//8710
f 1889//2645 4593//2645 6140//8586
f 5515//6906 6223//7075 5203//7449
f 6246//7645 5221//6169 4294//4735
f 6247//8914 4200//4735 5626//7752
f 6248//7818 5228//8620 3615//8952
f 5930//8679 3290//5426 3998//8299
f 6072//8370 3116//8626 6073//9381
f 6249//8665 5292//4735 6186//8919
f 5222//9097 5372//8033 4826//8734
f 4299//7 6321//7204 4237//7
f 6251//8197 5467//9171 5052//8199
f 5968//8761 5469//8195 5051//8759
f 3414//7745 5599//7631 3413//7630
f 6243//8858 3269//8756 4198//8483
f 3575//4735 6253//4735 6174//7155
f 5548//8709 3922//7334 5424//8739
f 3778//8003 6254//9043 1342//8000
f 5255//9382 1342//8837 6254//8874
f 6253//4735 5221//6169 1874//6168
f 3424//5579 6255//4306 5661//8879
f 5246//5826 4843//8068 3608//8064
f 4197//7151 5462//4727 6217//4727
f 4525//7458 6217//2628 5462//2628
f 3274//6732 6212//6361 3861//6360
f 3907//9169 5470//8206 3908//4735
f 5705//7468 3908//4735 5470//8206
f 6533//9383 6156//4306 6490//4306
f 5723//9206 5808//2636 6220//7498
f 6217//2628 5258//4729 3269//8888
f 1821//5951 6230//7584 4714//6507
f 2534//8965 2532//7733 5745//8169
f 6233//9018 5380//2636 4554//9019
f 5810//2636 6233//9018 6145//9197
f 6248//7818 5229//2644 5228//8620
f 5362//6943 6234//4727 5654//7753
f 3413//7630 6237//7629 6315//9025
f 5239//5564 5777//7992 5650//2623
f 5772//8993 6232//2623 5780//8698
f 6250//2623 5780//5808 6232//2623
f 6254//9043 3778//8003 5652//2623
f 5409//8700 5240//2623 5833//2623
f 6253//4735 5629//7156 6174//7155
f 6280//5159 3584//7205 5760//9384
f 1881//8045 5865//4306 6258//8047
f 5803//4306 1881//8045 6258//8047
f 4207//8745 5876//6186 5245//6185
f 2528//7720 5889//4721 5818//4721
f 5742//4721 5818//4721 5889//4721
f 3268//9385 6218//6435 3902//2628
f 3900//2628 4530//7464 5256//6933
f 3616//6203 5492//6466 4974//140
f 5199//8254 3530//6213 4982//6209
f 361//2655 4172//6750 5078//6746
f 1844//6652 6242//7920 4453//7394
f 4921//8752 1851//6084 5648//6766
f 5212//6914 4941//6671 1868//6900
f 2843//6905 5886//6894 5670//6907
f 3128//5790 5404//8850 1869//5563
f 6257//4721 5943//8430 3337//8433
f 6257//4721 3669//7197 3668//8160
f 3669//7197 6257//4721 4052//7198
f 4807//8995 5947//6923 3415//2623
f 6226//2623 5694//7456 6151//8796
f 2540//4731 5292//4735 4060//4735
f 6243//8858 4198//8483 6307//4735
f 3582//7 5967//7158 6133//8491
f 5598//7 6303//7 5467//9171
f 5911//7 5334//7 5301//8642
f 6244//139 4570//139 5179//9217
f 5383//6202 5492//6466 3616//6203
f 3615//8952 5228//7025 3807//7024
f 4584//7821 2858//2645 5878//6195
f 440//167 50//2921 1409//429
f 4084//5184 6259//7435 3765//4294
f 6066//8272 4657//8271 6319//5628
f 6255//4306 6089//4306 5661//8879
f 6259//7435 6011//4295 3765//4294
f 3536//5768 3535//4711 3432//2645
f 3715//9277 1289//6291 4998//4200
f 5963//8492 5160//8490 5787//4735
f 5383//6202 1889//2645 6140//8586
f 2877//4341 2598//4768 6355//9386
f 6282//8242 3143//7007 5585//7006
f 3670//7868 5385//4721 4235//4721
f 6260//9387 4064//8927 6137//6968
f 6468//9388 6452//9389 5631//7489
f 3590//4306 5801//4306 6313//6981
f 5834//7095 4142//7094 3560//7993
f 6320//9279 6124//9115 6354//7343
f 4050//4721 6172//7740 3129//8448
f 5523//9152 5525//8190 5946//2623
f 4054//2623 5946//2623 5525//8190
f 6258//8047 6145//9197 5866//9064
f 2455//6332 6261//4997 2808//6331
f 70//2701 1394//369 1936//2738
f 2878//1998 6264//9242 2600//1999
f 6331//6355 3657//4134 3314//8257
f 6469//9390 6265//9391 6483//9392
f 6262//1959 530//1958 2590//2762
f 2634//759 3813//758 3185//3079
f 2650//891 3814//890 3193//5268
f 2666//9393 3815//1025 3201//3305
f 2682//1161 3816//1160 3209//3414
f 2698//1296 3817//4470 3217//3521
f 2714//1428 3818//1427 3225//3636
f 2730//1556 3819//3758 3233//3760
f 2746//1692 3820//3880 3241//3882
f 2762//1821 3821//4542 3249//4001
f 5917//4306 6267//6973 3925//4306
f 6268//1915 3685//7886 2517//9394
f 2884//4775 2606//2004 2885//2006
f 2906//4793 2631//7530 2905//9395
f 6261//4997 2455//6332 3844//4998
f 3754//6116 1857//6816 4032//8365
f 3754//6116 4032//8365 4031//6819
f 591//2860 6325//4771 2878//1998
f 2600//1999 6264//9242 81//7354
f 128//5238 655//5237 2631//7530
f 6269//5252 153//7357 3185//3079
f 6270//9247 178//7358 3193//5268
f 6271//5284 203//7359 3201//3305
f 6272//5299 228//7540 3209//3414
f 6273//9248 253//7361 3217//9396
f 6274//5334 278//9368 3225//3636
f 6275//9249 303//7363 3233//3760
f 6276//5362 328//7364 3241//3882
f 6277//5373 348//7365 3249//5374
f 6278//7243 2783//5611 3440//4710
f 2817//9397 396//6357 3860//5705
f 6280//5159 3674//7 3584//7205
f 4248//5860 6266//4173 1266//4172
f 6281//5908 1260//5600 4864//6089
f 2410//113 6319//9398 4750//9399
f 6331//6355 2472//4135 3261//9023
f 2391//2628 5254//8638 4145//2628
f 6308//139 4883//6461 5998//7208
f 2894//4369 6202//9355 2893//4780
f 2783//5611 6278//7243 2416//5610
f 3822//6223 2416//5416 6278//7243
f 2836//7712 6263//4288 3117//2611
f 3544//4721 6289//4721 4371//4721
f 5578//7341 3938//7340 3932//8959
f 6282//8242 5069//9400 3428//139
f 720//5251 3184//3074 152//2135
f 784//5265 3192//3191 177//2173
f 848//5283 3200//3299 202//2221
f 912//5298 3208//3408 227//2266
f 976//5314 3216//3515 252//2313
f 1040//5333 3224//3630 277//2360
f 1104//5349 3232//3757 302//2404
f 1168//5360 3240//3876 327//2451
f 1228//5371 3248//3995 347//2491
f 1269//7112 5085//5856 2419//6525
f 2797//4202 6283//6302 4998//4200
f 3083//9401 3090//9124 4005//7400
f 3642//6749 6284//8713 3498//6741
f 4042//6882 6286//5484 4590//5181
f 3842//7288 4856//7289 3841//7846
f 6287//4751 3951//7350 6205//4749
f 1843//7391 3651//7841 6086//7390
f 6620//9402 6279//7923 6701//9403
f 4477//7711 2498//2604 3744//6777
f 6289//4721 4794//8408 6100//4721
f 4081//7038 4593//2645 3350//5938
f 6286//5484 3121//5942 2569//6206
f 2647//5264 6269//5252 152//2135
f 720//5251 152//2135 6269//9404
f 2663//5282 6270//5267 177//2173
f 784//5265 177//2173 6270//5267
f 2679//9405 6271//5284 202//2221
f 848//5283 202//2221 6271//5284
f 2695//5313 6272//9406 227//2266
f 912//5298 227//2266 6272//5299
f 2711//5332 6273//9248 252//2313
f 976//5314 252//2313 6273//9248
f 2727//5346 6274//5334 277//2360
f 1040//5333 277//9407 6274//5334
f 2743//5359 6275//9249 302//2404
f 1104//5347 302//2404 6275//5348
f 2759//9408 6276//5362 327//2451
f 1168//5360 327//2451 6276//9409
f 2773//9410 6277//5373 347//2491
f 1228//5371 347//2491 6277//5373
f 3517//5739 6200//4262 1859//5469
f 4689//5179 4590//5181 6286//5484
f 5597//139 6098//139 4843//8068
f 3069//9411 6066//9281 5093//8270
f 6332//5975 5093//8270 6066//9281
f 6066//9281 3069//6559 3985//4933
f 5001//6307 3081//7393 4901//7127
f 4764//5677 4355//9412 1848//4232
f 6582//9413 6581//4721 4184//7726
f 5781//9091 1871//5144 3566//7748
f 3904//7636 4811//8186 5962//9006
f 5793//7779 6311//9414 5794//8021
f 6290//2636 3601//9200 4070//9201
f 6344//8324 3642//6749 4468//7831
f 4096//5862 6266//4173 2420//5861
f 6265//7860 4871//9415 6213//4142
f 4243//5952 6285//5946 4244//5955
f 6292//7218 4889//7905 1837//6006
f 6261//4997 4906//6044 2808//6331
f 6584//9416 3728//7229 1298//2568 6697//9417
f 1815//9418 4764//5677 1317//6080
f 6315//9025 3775//7981 3413//7630
f 3685//7886 6293//8598 1890//2648
f 2567//5178 6286//5484 2569//6206
f 6281//5908 5019//4670 1320//5598
f 5465//8187 6130//4727 6087//7766
f 5914//8511 6295//8766 5479//6445
f 3942//139 6296//139 5267//9276
f 2437//5999 2448//9302 4441//7221
f 3084//4990 3086//8312 3083//9401
f 4003//9419 5000//6303 5499//7401
f 3088//4993 4003//9420 5499//7401
f 6288//5029 4357//6745 3968//5411
f 4782//4290 6297//6845 3117//2611
f 4364//5549 6330//5100 5133//8150
f 6289//4721 3543//7725 4794//8421
f 4054//2623 6007//9238 6184//9147
f 5699//8473 3907//9169 3908//4735
f 5290//5153 6298//4735 5966//4735
f 3426//2636 2554//2636 3604//8556
f 6300//9070 1886//8565 3797//8618
f 6104//7027 5881//9072 2563//8590
f 3144//4153 3683//2645 4241//2645
f 2858//2645 6322//8595 5878//6195
f 6293//8598 3350//5938 4593//2645
f 6302//7816 6349//2636 4841//5824
f 1817//8268 1818//6543 1816//7889
f 5323//7 6303//7 5475//7
f 6304//5907 3261//9371 4465//5005
f 6582//9421 4184//7726 6583//9422
f 4291//7746 4290//5806 4720//8728
f 3414//7745 6306//2623 5403//2623
f 4954//4735 5416//8028 1877//8027
f 6281//5908 3866//4671 5019//4670
f 2391//4727 4145//4727 5736//9264
f 5057//4306 6295//8766 5056//7477
f 6282//8242 5995//8243 5069//9400
f 5285//6926 4804//8792 5355//6927
f 421//8171 5256//6933 5899//2628
f 5263//8643 6095//9306 4564//6989
f 6301//6191 6222//7269 3945//2645
f 5678//6998 6308//8579 5998//7208
f 3575//4735 5221//6169 6253//4735
f 3897//8657 6078//8464 5526//7315
f 3770//6145 4744//6144 6224//4920
f 5830//9423 6309//9032 6150//8425
f 5578//7341 3932//8959 6095//9306
f 6095//9306 5486//2636 4564//6989
f 3619//7515 4738//2645 4585//2645
f 4396//2636 6095//9306 3932//8959
f 6308//139 4118//6997 4116//139
f 5755//7775 4297//5572 5784//4735
f 5756//4735 5755//7775 5784//4735
f 3612//139 5311//8830 5310//7660
f 5756//4735 5785//7758 3136//9005
f 4826//8734 6311//9414 5222//9097
f 5561//8538 6313//6981 5801//4306
f 3601//9200 6290//2636 3602//2636
f 6314//6207 5508//6419 4405//8085
f 6331//6355 6304//5907 3657//4134
f 6315//7980 3412//7557 3775//7976
f 5386//7867 4874//8715 5509//8781
f 6291//7873 5208//8610 1348//7
f 5213//7977 1868//6900 6048//6899
f 6306//2623 3414//7745 5613//6158
f 4285//7143 5404//8850 5618//2623
f 4962//8737 6316//7 4961//8736
f 4842//5825 6310//139 5246//5826
f 6300//9070 3797//8618 3800//139
f 3338//2628 421//8171 5899//2628
f 5259//8188 5363//9343 6146//2628
f 5901//2628 5259//8188 6146//2628
f 5655//7152 5465//8187 6087//7766
f 6317//8554 5579//9110 4687//7076
f 4400//7344 6354//7343 5924//9117
f 4657//8271 2424//6541 4092//8283
f 3136//9005 5903//4735 5756//4735
f 2542//7776 5756//4735 5903//4735
f 5964//8488 3907//9169 4379//4735
f 6298//4735 4060//4735 3137//9012
f 4539//7 5968//8761 4681//7
f 6636//9424 5546//8500 6699//9425
f 6295//8766 5914//9426 5167//7478
f 1880//6175 6318//8514 5853//9427
f 2547//5166 4545//4306 5302//4306
f 5375//8928 6299//8820 4832//4306
f 5982//9428 3593//7801 6013//9195
f 6290//2636 5808//2636 4073//8560
f 6320//9279 5579//9114 6252//2636
f 5992//8557 6300//9070 6296//8579
f 6264//9429 6015//4774 81//7354
f 2886//4776 2884//4775 2885//2006
f 2909//4794 128//5238 2631//7530
f 6021//2139 6269//5252 2647//5264
f 6024//2177 6270//9247 2663//5282
f 6027//2225 6271//5284 2679//5297
f 6030//2270 6272//5299 2695//9430
f 6033//2317 6273//9248 2711//8645
f 6036//2364 6274//5334 2727//5346
f 6039//2408 6275//9249 2743//8646
f 6042//2455 6276//9409 2759//5370
f 6045//2495 6277//5373 2773//9431
f 3325//7951 5452//6405 2501//9432
f 6332//5975 6066//9281 6319//5628
f 81//7354 3161//2755 4595//5209
f 3684//2645 3683//2645 1360//9274
f 6293//8598 4587//6204 1890//2648
f 6320//9279 6123//8230 3931//2636
f 5291//4735 3137//9012 4060//4735
f 4379//4735 3907//9169 5699//9433
f 1360//9274 3683//2645 3144//4153
f 6144//8664 6298//4735 5290//5153
f 3290//5426 2437//5999 3289//5998
f 4201//4735 6305//7763 4199//8859
f 4382//8209 6189//8487 6132//9300
f 6289//4721 1339//8163 4371//4721
f 5582//9017 5634//8943 6159//8539
f 6160//8865 3427//5580 5641//5581
f 3897//8657 5526//7315 3896//2623
f 5338//8687 5714//7163 5376//9434
f 5816//7863 6315//7980 4943//7730
f 2540//4731 5363//9162 5259//8188
f 6311//9013 5793//7779 4960//7
f 4054//2623 6184//9147 2533//4303
f 2883//2003 2881//4772 2880//4346
f 2896//2044 6202//9355 2894//4369
f 531//2765 2870//1961 2872//1963
f 2907//6477 2632//3077 720//5251
f 2923//3196 2648//3194 784//5265
f 2939//3304 2664//3302 848//5283
f 2955//9435 2680//3411 912//5298
f 2971//9359 2696//3518 976//5314
f 2987//3635 2712//3633 1040//5333
f 3003//3759 2728//3756 1104//5349
f 3019//3881 2744//3879 1168//5360
f 3035//4000 2760//5372 1228//5371
f 6222//7269 6322//8595 4502//2645
f 6338//8764 4087//7 4388//7332
f 1833//6010 4889//7905 1816//7889
f 3086//7695 3090//2575 3083//9401
f 6123//8230 6320//9279 6252//2636
f 3619//7515 4585//2645 4584//7821
f 4396//2636 3932//8959 4650//7339
f 6321//7204 6353//9058 3584//7205
f 5199//8254 4982//6209 4983//9436
f 6307//4735 4198//8483 5052//9096
f 3050//2499 2775//2498 4638//4562
f 3050//2499 4638//4562 349//4559
f 6319//5628 4657//8271 4092//5629
f 2879//2000 2598//4768 2877//4341
f 5834//8002 3560//7993 3561//2623
f 5423//7206 6321//7204 4540//7102
f 431//2650 47//12 432//144
f 2396//7336 3272//4741 3426//2636
f 6385//9437 4415//4561 6045//2495 6409//9438
f 5681//5679 6323//4161 3389//5445
f 2407//143 431//2650 432//144
f 1380//1930 1379//285 490//2697
f 3163//5210 6324//4333 2590//2762
f 2591//4760 6324//2766 3163//4348
f 6324//4333 6262//1959 2590//2762
f 2887//2871 2884//4775 593//9439
f 2392//7750 2538//8996 6234//2628
f 6325//4771 2880//4346 2881//4772
f 2607//2872 2887//2871 593//2867
f 2632//3077 2907//6477 2906//9440
f 2921//2133 2922//4807 2647//5264
f 2648//3194 2923//3196 2922//4807
f 2937//2171 2938//4815 2663//9441
f 2664//3302 2939//3304 2938//4815
f 2953//2219 2954//4823 2679//5297
f 2680//3411 2955//3413 2954//4823
f 2969//2264 2970//9442 2695//5313
f 2696//3518 2971//3520 2970//4833
f 2985//2311 2986//4843 2711//5332
f 2712//3633 2987//3635 2986//4843
f 3001//2358 3002//9443 2727//5346
f 2728//3756 3003//3759 3002//4853
f 3017//2402 3018//4862 2743//5359
f 2744//3879 3019//3881 3018//4862
f 3033//2449 3034//4869 2759//9408
f 2760//5372 3035//4000 3034//4869
f 6554//9444 2774//4560 4415//4561 6385//9445
f 4593//2645 1889//2645 6293//9446
f 6264//9429 6325//9447 2881//4772
f 6326//2645 4673//2645 3334//2645
f 4280//5476 3882//6886 6327//2645
f 6326//2645 6327//2645 3882//6886
f 1815//9418 6329//7295 4355//9412
f 6330//9448 6074//4699 4872//5408
f 4917//7702 1305//7722 4792//7627
f 6098//8579 5439//8579 6115//8067
f 2472//4135 6331//6355 6056//4908
f 2410//5974 6332//5975 6319//5628
f 4784//5770 3822//6513 6278//9449
f 4341//8870 5085//5856 1269//7112
f 3856//5017 6333//7296 4471//5015
f 6334//6546 3984//9450 5090//6547
f 4009//2579 5211//9451 3083//7399
f 3083//7399 6343//7412 4009//2579
f 6335//6712 4468//7831 4015//7415
f 6328//6742 2817//9397 3438//6743
f 6336//8371 2491//5090 3517//5739
f 5919//6982 3345//4742 5570//6984
f 3428//139 6055//5177 6282//8242
f 2559//5829 6337//7817 2558//139
f 4112//2645 6327//2645 3334//2645
f 3665//4144 6330//4146 4872//9273
f 3992//6597 4756//7222 3078//5652
f 3772//6147 3533//5608 3770//7966
f 6329//7295 6333//7296 3731//6070
f 3984//7385 6334//8285 3969//6549
f 6339//4306 4068//6980 5173//8541
f 3177//2972 128//5238 4406//2090
f 4172//6750 4644//7555 3484//6710
f 6117//7571 2424//6541 6229//8961
f 3882//6886 4368//5474 6326//2645
f 2434//6606 3074//6000 4754//7119
f 5765//8779 4756//7222 2448//9302
f 5963//8492 4817//4735 5159//8705
f 6337//7817 4208//7174 2558//139
f 6341//4127 2456//6305 1292//7126
f 3783//8004 5411//6170 3672//7096
f 2439//5496 4257//7219 4994//4626
f 5041//2623 6342//8658 4797//2623
f 6163//8232 4088//8960 5486//2636
f 2859//7667 4785//5121 4502//2645
f 4246//6579 3446//4176 4425//6534
f 6334//8285 1817//6545 6292//8282
f 3708//4956 2440//5650 1833//6010
f 4855//6637 3296//4215 3718//4211
f 4461//6697 6343//7412 4453//6695
f 3083//7399 5211//2581 3084//4990
f 1815//9418 6344//8324 6329//7295
f 6344//8324 4468//8323 6335//6712
f 6329//7295 6335//6712 6333//8136
f 2503//6120 6336//8371 3517//5739
f 4594//7524 3121//9452 6286//5484
f 6345//2623 4804//8456 5697//8459
f 1359//7011 6346//8245 4400//7344
f 5195//6891 3432//2645 3619//7515
f 6344//8324 1815//9418 6284//8713
f 5628//7153 6347//7322 5465//8187
f 5711//9258 6338//8764 6079//8889
f 3783//8004 5600//8001 4527//2628
f 4544//7161 6339//4306 4551//4306
f 5173//8541 4551//4306 6339//4306
f 4373//8636 2391//2628 6162//8452
f 5765//8779 6348//5651 4756//7222
f 6348//5651 3078//5652 4756//7222
f 5776//2623 4803//2623 6345//2623
f 6098//139 6115//8067 4843//8068
f 4733//2636 6349//2636 5338//9453
f 5816//9454 2529//8403 5142//7411
f 5644//7207 6353//9058 6321//7204
f 2559//8074 6083//8712 6337//7817
f 4846//6470 6337//7817 6083//8712
f 3800//139 5248//6196 3346//8632
f 4202//7320 6347//7322 5628//7153
f 3579//8763 5372//8033 5907//7
f 3579//9049 5907//7 5851//7
f 6346//8245 5266//139 4400//7344
f 1279//4586 4093//6526 370//4587
f 6323//4161 5394//5674 3389//5445
f 3409//5021 6352//7441 6048//5660
f 6294//6928 4378//7321 5901//2628
f 5975//7162 6260//7796 3590//4306
f 5059//4306 4394//7337 2394//4306
f 5800//4306 6312//4306 4828//7491
f 4566//6994 2855//139 5177//6992
f 5881//9072 428//4312 2563//8590
f 2789//5971 1271//5631 4428//7570
f 3086//8312 4758//4992 3088//4993
f 6053//8130 4917//7702 4792//7627
f 4245//7209 3691//9455 4244//4171
f 3086//7695 3088//4993 4759//7402
f 6072//8370 4034//5091 6336//6830
f 1874//8005 3782//6937 5629//7156
f 4961//8736 5416//8028 4147//7098
f 4924//6783 3755//4265 2493//5079
f 4074//2636 4833//8944 5582//9017
f 6529//9456 6384//9457 5630//7473
f 2553//7803 6349//2636 2397//2636
f 5760//7878 6353//9058 5335//4306
f 5525//8190 3132//2624 4054//2623
f 3177//2972 4406//2090 4601//4386
f 6332//5975 3698//7214 4251//7213
f 6340//139 4735//139 4574//7014
f 4594//5190 6286//9458 4042//6882
f 5226//139 6104//7027 4209//8866
f 4365//4285 6350//7307 3763//4286
f 6202//9355 2617//7529 103//5219
f 2893//4780 6202//9355 103//5219
f 6320//9279 6354//7343 5925//8571
f 2905//9395 2631//9459 127//2084
f 2921//4808 2647//5264 152//2135
f 2937//2171 2663//9460 177//2173
f 2953//4824 2679//9461 202//2221
f 2969//2264 2695//9430 227//2266
f 2985//4844 2711//5332 252//2313
f 3001//4854 2727//9462 277//2360
f 3017//4863 2743//8646 302//2404
f 3033//4870 2759//9463 327//2451
f 3049//4879 2773//5385 347//2491
f 6325//4771 6264//9242 2878//1998
f 6333//8136 392//9464 4471//5015
f 2894//4369 2893//4780 656//2973
f 3090//9124 2456//6305 3724//2573
f 6292//7218 1817//8268 4889//7905
f 5964//8488 4379//4735 5965//4735
f 6339//4306 5975//7162 3590//4306
f 5800//4306 4828//7491 5717//7490
f 15//9465 6003//8284 4160//6588
f 6355//9386 79//5204 2595//4766
f 2907//6477 720//5251 3185//3079
f 2923//3196 784//5265 3193//3197
f 2939//3304 848//5283 3201//3305
f 2955//3413 912//5298 3209//3414
f 2971//3520 976//5314 3217//3521
f 2987//3635 1040//5333 3225//3636
f 3003//3759 1104//5349 3233//3760
f 3019//3881 1168//5360 3241//3882
f 3035//4000 1228//5371 3249//5374
f 6353//9058 5760//7878 3584//7205
f 586//494 6355//9386 2595//4766
f 14//207 13//209 461//38
f 588//2853 6355//9386 586//494
f 14//207 461//38 2401//41
f 2828//6112 6575//9466 6577//9467
f 1809//2485 2346//1879 6569//9468 6570//9469
f 2780//4096 6565//9470 6576//9471 1812//107
f 2779//4574 6564//9472 6565//9473 2780//4096
f 1776//1772 6563//9474 6572//9475 2317//1774
f 1810//1889 6551//9476 6548//9477 2348//4087
f 2340//1858 6547//9478 6550//9479 1803//1862
f 1774//9480 6549//9481 6546//9482 2315//1767
f 1334//8389 6556//9483 6538//9484
f 5682//6759 6540//9485 6537//9486 4230//7195
f 4230//7613 6537//9487 6579//9488
f 2350//4101 6536//9489 6573//9490
f 1807//4068 6534//9491 6535//9492 2346//1879
f 6156//4306 6533//4306 6571//9493 4828//7491
f 1809//1886 6526//9494 6528//9495 2313//1764
f 2777//4569 6521//4569 6555//9496 2778//2513
f 4521//7454 6541//9497 6517//9498 4520//9148
f 6168//2636 3605//9297 6516//9499 6568//9500
f 5359//4727 4723//9501 6518//9502 6515//4727
f 2315//3953 6513//9503 6512//9504 1776//1772
f 355//4035 6567//9505 6511//9506 1245//4037
f 1312//6072 6509//9507 6507//9508
f 1805//1870 6502//9509 6503//9510 2344//1872
f 4833//9511 6493//9512 6500//9513
f 6168//2636 6553//2636 6493//2636 4833//8944
f 1810//1889 344//3984 6488//9514 6559//9515
f 3605//9297 5312//7171 6486//9516 6510//9517
f 2344//1872 6487//9518 6485//9519 1807//1877
f 4742//2519 6482//9520 6484//9521
f 6213//4142 6524//9522 6481//9523
f 3053//2507 6046//2502 6478//9524 6497//9525
f 1220//3982 6477//9526 6488//9527 344//3984
f 6154//7 6470//7 6520//9528
f 1334//8387 6265//7860 6469//9529 6557//9530
f 3488//5687 6471//9531 6462//9532
f 1813//2518 6466//9533 6460//9534 2350//4102
f 1803//1862 6465//9535 6459//9536 2342//1869
f 2319//1782 6458//9537 6464//9538 1780//1787
f 3624//7047 6467//9539 6453//9540
f 5631//7489 6452//9541 6480//9542 6154//7
f 5619//8794 3133//7643 6450//9543 6498//9544
f 5588//139 5187//7017 6451//9545 6449//9546
f 3049//4879 6532//9547 6445//9548 2773//5385
f 343//3980 6444//9549 6499//9550 1220//3983
f 5634//8943 6443//9551 6494//9552 6156//4306
f 4276//6842 6474//9553 6442//9554 5505//9555
f 5619//9556 6498//9557 6437//9558
f 5619//8794 6437//9559 6457//9560 6152//2623
f 3737//4239 6439//9561 6432//9562 4742//2519
f 1325//6101 6461//9563 6431//9564 4481//7424
f 4481//7424 6431//9565 6539//9566
f 2349//108 6428//9567 6430//9568 1813//2518
f 1801//2480 6429//9569 6427//9570 2340//1858
f 1251//4047 6473//9571 6426//9572
f 3624//7047 6454//9573 6425//9574 3623//2645
f 5505//6877 6566//9575 6422//9576
f 2381//4274 6420//9577 6524//9578 6213//4142
f 5397//6113 6523//9579 6420//9580 2381//4141
f 1214//3974 6558//9581 6419//9582 342//3975
f 4481//7424 6539//9583 6418//9584 1324//7855
f 3050//2499 2774//4560 6561//9585 6417//9586
f 5505//8393 6422//9587 6416//9588 6075//8394
f 2828//6112 6071//6393 6415//6393 6575//9589
f 6152//2623 6413//2623 6542//2623 4521//9154
f 2313//3949 6412//9590 6414//9591 1774//9480
f 6154//7 6520//7 6411//9592 4823//7475
f 6053//8130 6410//9593 6471//9594 3488//5687
f 357//4045 6406//9595 6448//9596 1251//4047
f 4203//4735 6552//4735 6405//9597 4538//4735
f 2828//9598 6577//9599 6402//9600 5397//6113
f 5397//6113 6402//9601 6523//9602
f 6053//8130 6401//9603 6410//9604
f 6053//8130 3126//6920 6505//9605 6401//9606
f 1324//7855 6424//9607 6400//9608 1323//5458
f 4538//4735 6404//4735 6399//9609
f 4538//4735 6399//4735 6560//9610 4535//5151
f 1217//3979 6398//9611 6441//9612 343//3980
f 342//3975 6421//9613 6397//9614 1217//3978
f 4464//6065 6491//9615 6396//9616
f 4223//4092 6403//9617 6395//9618 3362//9619
f 1780//1787 6390//9620 6392//9621 2321//1789
f 1316//5905 6389//9622 6447//9623 3737//4239
f 4263//5686 6501//9624 6388//9625
f 1214//3976 2321//1789 6392//9626 6387//9627
f 2342//1865 6386//9628 6391//9629 1805//1870
f 5630//7473 6384//9630 6552//9631 4203//4735
f 4038//6852 6383//9632 6440//9633
f 5634//8943 6382//9634 6443//9635
f 4723//9501 6381//9636 6518//4727
f 1245//4037 6531//9637 6380//9638 356//4038
f 6071//6393 3661//5915 6377//9639 6415//9640
f 2349//108 1812//107 6375//9641 6379//9642
f 2317//1774 6378//9643 6374//9644 1778//1780
f 3661//9645 4231//4139 6438//9646 6372//9647
f 3661//9648 6372//9649 6371//9650
f 1248//4043 6370//9651 6407//9652 357//9653
f 4535//5151 6560//9654 6368//9655 4723//9501
f 3623//2645 6425//2645 6367//9656 4079//7517
f 2348//4087 6366//9657 6364//9658 1811//4090
f 1778//1780 6363//9659 6365//9660 2319//1782
f 3051//2503 2775//2498 6361//2498 6455//2498
f 4520//9148 6517//9661 6359//9662 4716//6921
f 4716//6921 6358//9663 6408//9664
f 356//4039 6376//9665 6357//9666 1248//4043
f 3742//5047 4742//9667 6484//9668 6356//9669
f 3742//6369 6356//9670 6423//9671 5682//6759
f 4995//6603 6704//6603 6702//9672 4256//4125
f 1298//2568 6696//9673 6697//9674
f 4853//4594 4693//5871 6695//9675 6705//9676
f 4167//2570 6692//2570 6700//7129 1298//2568
f 1283//1898 6694//9677 6682//9678 1282//1896
f 5591//9679 5311//9680 6674//9681 6676//9682
f 3771//2645 6683//2645 6673//9683
f 4139//7962 3771//2645 6673//2645 6690//9684
f 1274//5397 6686//9685 6671//9686 3066//6540
f 1282//1896 6670//9687 6672//9688
f 4139//9689 6690//9690 6668//9691 3974//4916
f 4693//5871 6667//9692 6695//9693
f 5713//7484 6662//9694 6698//9695
f 5972//8503 6661//9696 6662//7 5713//8930
f 5972//8503 2853//7 6687//7 6661//7
f 2852//8501 6657//9697 6685//9698 2853//7
f 5980//8527 6655//9699 6659//9700 5573//8939
f 3612//8579 6666//8579 6654//9701
f 3643//5853 6648//9702 6650//9703
f 5546//8500 6645//9704 6657//9705 2852//8501
f 6047//9706 1288//6612 6644//9707 6656//9708
f 4693//5871 6642//9709 6667//9710
f 4162//6611 6651//6611 6640//9711 1288//9712
f 4256//4125 6639//9713 6643//9714 3650//4126
f 4996//8114 6638//9715 6637//9716 4995//6603
f 5573//8549 6659//9717 6635//9718
f 4533//5147 6649//9719 6634//4735 5546//8500
f 6047//7849 6656//9720 6631//9721
f 3719//8305 6047//7849 6631//9722 6626//9723
f 6279//5672 6620//9724 6622//9725 6198//8401
f 4518//8908 6658//9726 6618//9727
f 5688//9080 5252//4721 6617//4721 6627//4721
f 4573//139 6616//139 6666//139 3612//139
f 4526//2628 6615//2628 6633//2628 4144//9000
f 3447//7682 5085//5856 6677//5856 6614//5856
f 5688//9303 6663//9728 6613//9729 3555//5800
f 4341//6244 5647//6530 6611//9730 6619//9731
f 5081//4578 6610//9732 6611//9733 5647//6530
f 4526//9734 6608//9734 6629//9734
f 6097//8660 6607//9735 6608//9736 4526//2628
f 4557//2636 6606//2636 6605//2636 5806//7494
f 5558//7483 6604//9737 6703//4306 4730//4306
f 5573//8549 6602//9738 6606//2636 4557//2636
f 5980//8527 4730//4306 6703//4306 6601//4306
f 5558//9739 6693//9740 6600//9741
f 1294//6635 3719//6636 6626//9742 6599//9743
f 3447//7682 6598//9744 6597//9745 3645//2547
f 4144//9000 6646//9746 6596//9747 6247//8914
f 6247//8914 6596//9748 6595//9749 5627//4735
f 5627//4735 6595//4735 6652//4735
f 1282//9750 6672//9751 6592//9752 3648//5880
f 5616//2623 6680//2623 6591//2623
f 4571//5583 6590//9753 6625//139 4573//139
f 4571//5583 5806//7494 6691//9754 6589//9755
f 3975//7377 6588//9756 6624//9757
f 3648//5880 6586//9758 6638//9759 4996//9760
f 1277//9761 6585//9762 6587//9763
f 3728//9764 6584//9765 6678//9766 6279//5672
f 6198//8401 6622//9767 6583//9768 4184//7726
f 4184//7726 6581//9769 6617//4721 5252//4721
