# Blender 4.0.2
# www.blender.org
mtllib peak2.mtl
o Plane
v -10.426593 0.000000 8.785542
v 10.426593 0.000000 8.785542
v -10.426593 0.000000 -8.785542
v 10.426593 0.000000 -8.785542
v -10.426595 0.000000 -8.236448
v -10.426598 0.000000 -7.687353
v -10.426595 0.000000 -7.138256
v -10.426595 0.000000 -6.589159
v -10.426595 0.000000 -6.040062
v -10.426595 0.000000 -5.490965
v -10.426595 0.000000 -4.941869
v -10.426595 0.000000 -4.392772
v -10.426595 0.000000 -3.843676
v -10.426595 0.000000 -3.294579
v -10.426595 0.000000 -2.745482
v -10.426595 0.000000 -2.196386
v -10.426595 0.000000 -1.647290
v -10.426595 0.000000 -1.098193
v -10.426595 0.000000 -0.549097
v -10.426595 0.000000 0.000000
v -10.426595 0.000000 0.549097
v -10.426595 0.000000 1.098193
v -10.426595 0.000000 1.647290
v -10.426595 0.000000 2.196386
v -10.426595 0.000000 2.745483
v -10.426595 0.000000 3.294579
v -10.426595 0.000000 3.843676
v -10.426595 0.000000 4.392772
v -10.426595 0.000000 4.941869
v -10.426595 0.000000 5.490965
v -10.426595 0.000000 6.040062
v -10.426595 0.000000 6.589159
v -10.426595 0.000000 7.138256
v -10.426595 0.000000 7.687352
v -10.426595 0.000000 8.236448
v -9.774935 0.000000 8.785542
v -9.123271 0.000000 8.785543
v -8.471609 0.000000 8.785544
v -7.819947 0.000000 8.785544
v -7.168284 0.000000 8.785544
v -6.516622 0.000000 8.785544
v -5.864959 0.000000 8.785544
v -5.213297 0.000000 8.785544
v -4.561635 0.000000 8.785544
v -3.909973 0.000000 8.785544
v -3.258311 0.000000 8.785544
v -2.606649 0.000000 8.785544
v -1.954987 0.000000 8.785544
v -1.303324 0.000000 8.785544
v -0.651662 0.000000 8.785544
v -0.000000 0.000000 8.785544
v 0.651662 0.000000 8.785544
v 1.303324 0.000000 8.785544
v 1.954986 0.000000 8.785544
v 2.606648 0.000000 8.785544
v 3.258311 0.000000 8.785544
v 3.909973 0.000000 8.785544
v 4.561635 0.000000 8.785544
v 5.213296 0.000000 8.785544
v 5.864959 0.000000 8.785544
v 6.516622 0.000000 8.785544
v 7.168284 0.000000 8.785544
v 7.819947 0.000000 8.785544
v 8.471609 0.000000 8.785544
v 9.123273 0.000000 8.785547
v 9.774931 0.000000 8.785545
v 10.426594 0.000000 8.236448
v 10.426594 0.000000 7.687352
v 10.426595 0.000000 7.138256
v 10.426595 0.000000 6.589159
v 10.426595 0.000000 6.040062
v 10.426595 0.000000 5.490965
v 10.426595 0.000000 4.941869
v 10.426595 0.000000 4.392772
v 10.426595 0.000000 3.843676
v 10.426595 0.000000 3.294579
v 10.426595 0.000000 2.745483
v 10.426595 0.000000 2.196386
v 10.426595 0.000000 1.647290
v 10.426595 0.000000 1.098193
v 10.426595 0.000000 0.549097
v 10.426595 0.000000 0.000000
v 10.426595 0.000000 -0.549096
v 10.426595 0.000000 -1.098193
v 10.426595 0.000000 -1.647289
v 10.426595 0.000000 -2.196386
v 10.426595 0.000000 -2.745482
v 10.426595 0.000000 -3.294579
v 10.426595 0.000000 -3.843676
v 10.426595 0.000000 -4.392771
v 10.426595 0.000000 -4.941869
v 10.426595 0.000000 -5.490965
v 10.426595 0.000000 -6.040062
v 10.426595 0.000000 -6.589159
v 10.426595 0.000000 -7.138256
v 10.426598 0.000000 -7.687353
v 10.426594 0.000000 -8.236447
v 9.774933 0.000000 -8.785544
v 9.123272 0.000000 -8.785544
v 8.471609 0.000000 -8.785544
v 7.819947 0.000000 -8.785544
v 7.168284 0.000000 -8.785544
v 6.516623 0.000000 -8.785544
v 5.864959 0.000000 -8.785544
v 5.213297 0.000000 -8.785544
v 4.561635 0.000000 -8.785544
v 3.909973 0.000000 -8.785544
v 3.258311 0.000000 -8.785544
v 2.606649 0.000000 -8.785544
v 1.954987 0.000000 -8.785544
v 1.303324 0.000000 -8.785544
v 0.651662 0.000000 -8.785544
v 0.000000 0.000000 -8.785544
v -0.651662 0.000000 -8.785544
v -1.303324 0.000000 -8.785544
v -1.954986 0.000000 -8.785544
v -2.606648 0.000000 -8.785544
v -3.258311 0.000000 -8.785544
v -3.909973 0.000000 -8.785544
v -4.561635 0.000000 -8.785544
v -5.213297 0.000000 -8.785544
v -5.864959 0.000000 -8.785544
v -6.516622 0.000000 -8.785544
v -7.168284 0.000000 -8.785544
v -7.819947 0.000000 -8.785544
v -8.471609 0.000000 -8.785544
v -9.123271 0.000000 -8.785544
v -9.774935 0.000000 -8.785542
v -9.774935 0.000000 8.236445
v -9.123271 0.000000 8.236447
v -8.471609 0.000000 8.236448
v -7.819947 0.000000 8.236448
v -7.168284 0.000000 8.236448
v -6.516621 0.000000 8.236448
v -5.864959 0.000000 8.236448
v -5.213297 0.000000 8.236448
v -4.561635 0.000000 8.236448
v -3.909973 0.000000 8.236448
v -3.258311 0.000000 8.236448
v -2.606649 0.000000 8.236448
v -1.954987 0.000000 8.236448
v -1.303324 0.000000 8.236448
v -0.651662 0.000000 8.236448
v -0.000000 0.000000 8.236448
v 0.651662 0.000000 8.236448
v 1.303324 0.000000 8.236448
v 1.954986 0.000000 8.236448
v 2.606649 0.000000 8.236448
v 3.258311 0.000000 8.236448
v 3.909973 0.000000 8.236448
v 4.561635 0.000000 8.236448
v 5.213297 0.000000 8.236448
v 5.864959 0.000000 8.236448
v 6.516622 0.000000 8.236448
v 7.168284 0.000000 8.236448
v 7.819947 0.000000 8.236449
v 8.471609 0.000000 8.236448
v 9.123271 0.000000 8.236449
v 9.774931 0.000000 8.236449
v -9.774933 0.000000 7.687352
v -9.123271 0.000000 7.687352
v -8.471609 0.000000 7.687352
v -7.819947 0.000000 7.687352
v -7.168284 0.000000 7.687351
v -6.516621 0.000000 7.687352
v -5.864959 0.000000 7.687352
v -5.213297 0.000000 7.687352
v -4.561635 0.000000 7.687352
v -3.909973 0.000000 7.687352
v -3.258311 0.000000 7.687352
v -2.606648 0.000000 7.687352
v -1.954986 0.000000 7.687352
v -1.303324 0.000000 7.687352
v -0.651662 0.000000 7.687352
v 0.000000 0.000000 7.687352
v 0.651662 0.000000 7.687352
v 1.303324 0.000000 7.687352
v 1.954987 0.000000 7.687352
v 2.606649 0.000000 7.687352
v 3.258311 0.000000 7.687352
v 3.909973 0.000000 7.687352
v 4.561635 0.000000 7.687352
v 5.213297 0.000000 7.687352
v 5.864959 0.000000 7.687352
v 6.516622 0.000000 7.687352
v 7.168284 0.000000 7.687352
v 7.819947 0.000000 7.687352
v 8.471609 0.000000 7.687352
v 9.123271 0.000000 7.687352
v 9.774933 0.000000 7.687352
v -9.774933 0.000000 7.138256
v -9.123271 0.000000 7.138256
v -8.471608 0.000000 7.138255
v -7.819946 0.000000 7.138255
v -7.168284 0.000000 7.138255
v -6.516621 0.000000 7.138255
v -5.864959 0.000000 7.138256
v -5.213297 0.000000 7.138256
v -4.561635 0.000000 7.138256
v -3.909973 0.000000 7.138255
v -3.258311 0.000000 7.138255
v -2.606648 0.000000 7.138255
v -1.954986 0.000000 7.138255
v -1.303324 0.000000 7.138255
v -0.651662 0.000000 7.138255
v 0.000000 0.000000 7.138255
v 0.651662 0.000000 7.138255
v 1.303324 0.000000 7.138255
v 1.954987 0.000000 7.138255
v 2.606649 0.000000 7.138255
v 3.258311 0.000000 7.138255
v 3.909973 0.000000 7.138255
v 4.561635 0.000000 7.138256
v 5.213297 0.000000 7.138256
v 5.864959 0.000000 7.138255
v 6.516622 0.000000 7.138255
v 7.168284 0.000000 7.138255
v 7.819947 0.000000 7.138255
v 8.471609 0.000000 7.138256
v 9.123271 0.000000 7.138256
v 9.774933 0.000000 7.138256
v -9.774933 0.000000 6.589159
v -9.123271 0.000000 6.589159
v -8.471608 0.000000 6.589159
v -7.819946 0.000000 6.589159
v -7.168284 0.000000 6.589159
v -6.516622 0.000000 6.589159
v -5.864959 0.000000 6.589159
v -5.213297 0.000000 6.589159
v -4.561635 0.000000 6.589159
v -3.909973 0.000000 6.589159
v -3.258311 0.000000 6.589159
v -2.606648 0.000000 6.589159
v -1.954986 0.000000 6.589159
v -1.303324 0.000000 6.589159
v -0.651662 0.000000 6.589159
v 0.000000 0.000000 6.589159
v 0.651662 0.000000 6.589159
v 1.303324 0.000000 6.589159
v 1.954987 0.000000 6.589159
v 2.606649 0.000000 6.589159
v 3.258311 0.000000 6.589159
v 3.909973 0.000000 6.589159
v 4.561635 0.000000 6.589159
v 5.213297 0.000000 6.589159
v 5.864959 0.000000 6.589159
v 6.516623 0.000000 6.589159
v 7.168284 0.000000 6.589159
v 7.819947 0.000000 6.589159
v 8.471609 0.000000 6.589159
v 9.123271 0.000000 6.589159
v 9.774933 0.000000 6.589159
v -9.774933 0.000000 6.040062
v -9.123271 0.000000 6.040062
v -8.471608 0.000000 6.040062
v -7.819946 0.000000 6.040062
v -7.168284 0.000000 6.040062
v -6.516621 0.000000 6.040062
v -5.864959 0.000000 6.040062
v -5.213297 0.000000 6.040062
v -4.561635 0.000000 6.040062
v -3.909973 0.000000 6.040062
v -3.258311 0.000000 6.040062
v -2.606648 0.000000 6.040062
v -1.954986 0.000000 6.040062
v -1.303324 0.003795 6.040062
v -0.651662 0.041883 6.040062
v 0.000000 0.090757 6.040062
v 0.651662 0.122933 6.040062
v 1.303324 0.124115 6.040062
v 1.954987 0.093815 6.040062
v 2.606649 0.045366 6.040062
v 3.258311 0.005356 6.040062
v 3.909973 0.000000 6.040062
v 4.561635 0.000000 6.040062
v 5.213297 0.000000 6.040062
v 5.864959 0.000000 6.040062
v 6.516622 0.000000 6.040062
v 7.168284 0.000000 6.040062
v 7.819947 0.000000 6.040062
v 8.471608 0.000000 6.040062
v 9.123271 0.000000 6.040062
v 9.774933 0.000000 6.040062
v -9.774933 0.000000 5.490965
v -9.123271 0.000000 5.490965
v -8.471608 0.000000 5.490965
v -7.819946 0.000000 5.490965
v -7.168283 0.000000 5.490965
v -6.516621 0.000000 5.490965
v -5.864959 0.000000 5.490965
v -5.213297 0.000000 5.490965
v -4.561635 0.000000 5.490965
v -3.909972 0.000000 5.490965
v -3.258311 0.000000 5.490965
v -2.606648 0.010799 5.490965
v -1.954986 0.117308 5.490965
v -1.303324 0.287591 5.490965
v -0.651662 0.467381 5.490965
v 0.000000 0.613565 5.490965
v 0.651662 0.695986 5.490965
v 1.303324 0.698888 5.490965
v 1.954987 0.621728 5.490965
v 2.606649 0.479211 5.490965
v 3.258311 0.300519 5.490965
v 3.909973 0.127908 5.490965
v 4.561635 0.014923 5.490965
v 5.213297 0.000000 5.490965
v 5.864959 0.000000 5.490965
v 6.516622 0.000000 5.490965
v 7.168284 0.000000 5.490965
v 7.819947 0.000000 5.490965
v 8.471609 0.000000 5.490965
v 9.123271 0.000000 5.490965
v 9.774933 0.000000 5.490965
v -9.774933 0.000000 4.941869
v -9.123271 0.000000 4.941869
v -8.471608 0.000000 4.941869
v -7.819946 0.000000 4.941869
v -7.168283 0.000000 4.941869
v -6.516621 0.000000 4.941869
v -5.864959 0.000000 4.941869
v -5.213297 0.000000 4.941869
v -4.561635 0.000000 4.941869
v -3.909972 0.000000 4.941869
v -3.258311 0.058856 4.941869
v -2.606648 0.282455 4.941869
v -1.954986 0.603236 4.941869
v -1.303324 0.953085 4.941869
v -0.651662 1.273150 4.941869
v 0.000000 1.516161 4.941869
v 0.651662 1.648750 4.941869
v 1.303324 1.653370 4.941869
v 1.954987 1.529417 4.941869
v 2.606649 1.293269 4.941869
v 3.258311 0.977235 4.941869
v 3.909973 0.627679 4.941869
v 4.561635 0.302716 4.941869
v 5.213297 0.069876 4.941869
v 5.864959 0.000000 4.941869
v 6.516622 0.000000 4.941869
v 7.168284 0.000000 4.941869
v 7.819947 0.000000 4.941869
v 8.471609 0.000000 4.941869
v 9.123271 0.000000 4.941869
v 9.774933 0.000000 4.941869
v -9.774933 0.000000 4.392772
v -9.123271 0.000000 4.392772
v -8.471608 0.000000 4.392772
v -7.819946 0.000000 4.392772
v -7.168284 0.000000 4.392772
v -6.516621 0.000000 4.392772
v -5.864959 0.000000 4.392772
v -5.213297 0.000000 4.392772
v -4.561635 0.000000 4.392772
v -3.909973 0.082396 4.392772
v -3.258311 0.390945 4.392772
v -2.606648 0.849332 4.392772
v -1.954986 1.377806 4.392772
v -1.303324 1.903274 4.392772
v -0.651662 2.361686 4.392772
v 0.000000 2.700864 4.392772
v 0.651662 2.883513 4.392772
v 1.303324 2.889852 4.392772
v 1.954987 2.719195 4.392772
v 2.606649 2.390015 4.392772
v 3.258311 1.938453 4.392772
v 3.909973 1.415734 4.392772
v 4.561635 0.885170 4.392772
v 5.213297 0.419298 4.392772
v 5.864959 0.097470 4.392772
v 6.516622 0.000000 4.392772
v 7.168284 0.000000 4.392772
v 7.819947 0.000000 4.392772
v 8.471609 0.000000 4.392772
v 9.123271 0.000000 4.392772
v 9.774933 0.000000 4.392772
v -9.774933 0.000000 3.843676
v -9.123271 0.000000 3.843676
v -8.471608 0.000000 3.843676
v -7.819946 0.000000 3.843676
v -7.168284 0.000000 3.843676
v -6.516621 0.000000 3.843676
v -5.864959 0.000000 3.843676
v -5.213297 0.000000 3.843676
v -4.561635 0.055932 3.843676
v -3.909972 0.387045 3.843676
v -3.258311 0.937215 3.843676
v -2.606648 1.618199 3.843676
v -1.954986 2.345759 3.843676
v -1.303324 3.041524 3.843676
v -0.651662 3.635606 3.843676
v 0.000000 4.070008 3.843676
v 0.651662 4.302562 3.843676
v 1.303324 4.310616 3.843676
v 1.954987 4.093387 3.843676
v 2.606649 3.672035 3.843676
v 3.258311 3.087467 3.843676
v 3.909973 2.396696 3.843676
v 4.561635 1.668892 3.843676
v 5.213297 0.981924 3.843676
v 5.864959 0.419685 3.843676
v 6.516622 0.070185 3.843676
v 7.168284 0.000000 3.843676
v 7.819947 0.000000 3.843676
v 8.471609 0.000000 3.843676
v 9.123271 0.000000 3.843676
v 9.774933 0.000000 3.843676
v -9.774933 0.000000 3.294579
v -9.123271 0.000000 3.294580
v -8.471608 0.000000 3.294579
v -7.819946 0.000000 3.294579
v -7.168284 0.000000 3.294579
v -6.516621 0.000000 3.294580
v -5.864959 0.000000 3.294579
v -5.213297 0.008430 3.294579
v -4.561635 0.272637 3.294579
v -3.909972 0.837610 3.294579
v -3.258311 1.609869 3.294579
v -2.606648 2.497874 3.294579
v -1.954986 3.413114 3.294579
v -1.303324 4.271832 3.294579
v -0.651662 4.997740 3.294579
v 0.000000 5.525965 3.294579
v 0.651662 5.808183 3.294579
v 1.303324 5.817953 3.294579
v 1.954987 5.554350 3.294579
v 2.606649 5.042102 3.294579
v 3.258311 4.328161 3.294579
v 3.909973 3.476410 3.294579
v 4.561635 2.562480 3.294579
v 5.213297 1.669701 3.294579
v 5.864959 0.886317 3.294579
v 6.516622 0.303696 3.294580
v 7.168284 0.015207 3.294579
v 7.819947 0.000000 3.294579
v 8.471609 0.000000 3.294579
v 9.123271 0.000000 3.294580
v 9.774933 0.000000 3.294579
v -9.774933 0.000000 2.745483
v -9.123271 0.000000 2.745483
v -8.471608 0.000000 2.745483
v -7.819946 0.000000 2.745483
v -7.168284 0.000000 2.745483
v -6.516621 0.000000 2.745483
v -5.864959 0.000000 2.745483
v -5.213297 0.107032 2.745483
v -4.561635 0.583775 2.745483
v -3.909973 1.354997 2.745483
v -3.258311 2.325270 2.745483
v -2.606648 3.400356 2.745483
v -1.954986 4.487997 2.745483
v -1.303324 5.499314 2.745483
v -0.651662 6.351321 2.745483
v 0.000000 6.971168 2.745483
v 0.651662 7.302664 2.745483
v 1.303324 7.314145 2.745483
v 1.954987 7.004496 2.745483
v 2.606649 6.403366 2.745483
v 3.258311 5.565485 2.745483
v 3.909973 4.562762 2.745483
v 4.561635 3.477643 2.745483
v 5.213297 2.398679 2.745483
v 5.864959 1.417952 2.745483
v 6.516622 0.629592 2.745483
v 7.168284 0.128958 2.745483
v 7.819947 0.000000 2.745483
v 8.471609 0.000000 2.745483
v 9.123271 0.000000 2.745483
v 9.774933 0.000000 2.745483
v -9.774933 0.000000 2.196386
v -9.123271 0.000000 2.196386
v -8.471608 0.000000 2.196386
v -7.819946 0.000000 2.196386
v -7.168284 0.000000 2.196386
v -6.516622 0.000000 2.196386
v -5.864959 0.001639 2.196386
v -5.213297 0.267947 2.196386
v -4.561635 0.922072 2.196386
v -3.909973 1.866953 2.196386
v -3.258311 3.005855 2.196386
v -2.606648 4.242627 2.196386
v -1.954986 5.482141 2.196386
v -1.303324 6.631203 2.196386
v -0.651662 7.600436 2.196386
v 0.000000 8.308223 2.196386
v 0.651662 8.688294 2.196386
v 1.303324 8.701484 2.196386
v 1.954987 8.346374 2.196386
v 2.606649 7.659755 2.196386
v 3.258311 6.706394 2.196386
v 3.909973 5.567137 2.196386
v 4.561635 4.330975 2.196386
v 5.213297 3.090911 2.196386
v 5.864959 1.941973 2.196386
v 6.516622 0.980261 2.196386
v 7.168284 0.302473 2.196386
v 7.819947 0.005655 2.196386
v 8.471609 0.000000 2.196386
v 9.123271 0.000000 2.196386
v 9.774933 0.000000 2.196386
v -9.774933 0.000000 1.647290
v -9.123271 0.000000 1.647290
v -8.471608 0.000000 1.647290
v -7.819946 0.000000 1.647290
v -7.168284 0.000000 1.647290
v -6.516622 0.000000 1.647290
v -5.864959 0.032514 1.647290
v -5.213297 0.437842 1.647290
v -4.561635 1.229665 1.647290
v -3.909973 2.310455 1.647290
v -3.258311 3.582788 1.647290
v -2.606648 4.949427 1.647290
v -1.954986 6.313497 1.647290
v -1.303324 7.578866 1.647290
v -0.651662 8.651114 1.647290
v 0.000000 9.440144 1.647290
v 0.651662 9.867376 1.647290
v 1.303324 9.882260 1.647290
v 1.954987 9.482892 1.647290
v 2.606649 8.716991 1.647290
v 3.258311 7.661827 1.647290
v 3.909973 6.407001 1.647290
v 4.561635 5.046751 1.647290
v 5.213297 3.677126 1.647290
v 5.864959 2.394969 1.647290
v 6.516622 1.297493 1.647290
v 7.168284 0.482116 1.647290
v 7.819947 0.046361 1.647290
v 8.471609 0.000000 1.647290
v 9.123271 0.000000 1.647290
v 9.774933 0.000000 1.647290
v -9.774933 0.000000 1.098193
v -9.123271 0.000000 1.098193
v -8.471608 0.000000 1.098193
v -7.819946 0.000000 1.098193
v -7.168284 0.000000 1.098193
v -6.516622 0.000000 1.098193
v -5.864959 0.074923 1.098193
v -5.213297 0.574627 1.098193
v -4.561635 1.460392 1.098193
v -3.909973 2.634532 1.098193
v -3.258311 3.999371 1.098193
v -2.606648 5.457262 1.098193
v -1.954986 6.910616 1.098193
v -1.303324 8.261974 1.098193
v -0.651662 9.414216 1.098193
v 0.000000 10.271355 1.098193
v 0.651662 10.742241 1.098193
v 1.303324 10.758793 1.098193
v 1.954987 10.318184 1.098193
v 2.606649 9.485382 1.098193
v 3.258311 8.350811 1.098193
v 3.909973 7.010311 1.098193
v 4.561635 5.560952 1.098193
v 5.213297 4.100186 1.098193
v 5.864959 2.725595 1.098193
v 6.516622 1.534820 1.098193
v 7.168284 0.625537 1.098193
v 7.819947 0.095432 1.098193
v 8.471609 0.000000 1.098193
v 9.123271 0.000000 1.098193
v 9.774933 0.000000 1.098193
v -9.774933 0.000000 0.549097
v -9.123271 0.000000 0.549097
v -8.471608 0.000000 0.549097
v -7.819946 0.000000 0.549097
v -7.168284 0.000000 0.549097
v -6.516622 0.000000 0.549097
v -5.864959 0.102356 0.549097
v -5.213297 0.649216 0.549097
v -4.561635 1.582075 0.549097
v -3.909973 2.803216 0.549097
v -3.258311 4.214929 0.549097
v -2.606648 5.719497 0.549097
v -1.954986 7.219208 0.549097
v -1.303324 8.616349 0.549097
v -0.651662 9.813217 0.549097
v 0.000000 10.712118 0.549097
v 0.651662 11.215543 0.549097
v 1.303324 11.233584 0.549097
v 1.954987 10.761679 0.549097
v 2.606649 9.887449 0.549097
v 3.258311 8.708380 0.549097
v 3.909973 7.322150 0.549097
v 4.561635 5.826466 0.549097
v 5.213297 4.319041 0.549097
v 5.864959 2.897587 0.549097
v 6.516622 1.659818 0.549097
v 7.168284 0.703446 0.549097
v 7.819947 0.126188 0.549097
v 8.471609 0.000000 0.549097
v 9.123271 0.000000 0.549097
v 9.774933 0.000000 0.549097
v -9.774933 0.000000 0.000000
v -9.123271 0.000000 0.000000
v -8.471609 0.000000 0.000000
v -7.819947 0.000000 0.000000
v -7.168284 0.000000 0.000000
v -6.516622 0.000000 0.000000
v -5.864959 0.101470 0.000000
v -5.213297 0.646910 0.000000
v -4.561635 1.578349 0.000000
v -3.909973 2.798073 0.000000
v -3.258311 4.208368 0.000000
v -2.606648 5.711518 0.000000
v -1.954986 7.209816 0.000000
v -1.303324 8.605546 0.000000
v -0.651662 9.801011 0.000000
v 0.000000 10.698538 0.000000
v 0.651662 11.200703 0.000000
v 1.303324 11.218678 0.000000
v 1.954987 10.748002 0.000000
v 2.606649 9.875147 0.000000
v 3.258311 8.697479 0.000000
v 3.909973 7.312657 0.000000
v 4.561635 5.818389 0.000000
v 5.213297 4.312381 0.000000
v 5.864959 2.892344 0.000000
v 6.516622 1.655993 0.000000
v 7.168284 0.701041 0.000000
v 7.819947 0.125203 0.000000
v 8.471609 0.000000 0.000000
v 9.123271 0.000000 0.000000
v 9.774933 0.000000 0.000000
v -9.774933 0.000000 -0.549096
v -9.123271 0.000000 -0.549096
v -8.471608 0.000000 -0.549096
v -7.819946 0.000000 -0.549096
v -7.168284 0.000000 -0.549096
v -6.516621 0.000000 -0.549096
v -5.864959 0.072670 -0.549096
v -5.213297 0.568156 -0.549096
v -4.561635 1.449714 -0.549096
v -3.909973 2.619661 -0.549096
v -3.258311 3.980330 -0.549096
v -2.606649 5.434083 -0.549096
v -1.954986 6.883352 -0.549096
v -1.303324 8.230715 -0.549096
v -0.651662 9.379143 -0.549097
v 0.000000 10.232871 -0.549097
v 0.651662 10.701399 -0.549097
v 1.303324 10.717853 -0.549097
v 1.954987 10.279487 -0.549097
v 2.606649 9.450051 -0.549096
v 3.258311 8.319278 -0.549096
v 3.909973 6.982761 -0.549096
v 4.561635 5.537485 -0.549096
v 5.213297 4.080852 -0.549096
v 5.864959 2.710430 -0.549096
v 6.516622 1.523846 -0.549096
v 7.168284 0.618768 -0.549096
v 7.819947 0.092881 -0.549096
v 8.471609 0.000000 -0.549096
v 9.123271 0.000000 -0.549096
v 9.774933 0.000000 -0.549096
v -9.774933 0.000000 -1.098193
v -9.123271 0.000000 -1.098193
v -8.471608 0.000000 -1.098193
v -7.819946 0.000000 -1.098193
v -7.168284 0.000000 -1.098193
v -6.516621 0.000000 -1.098193
v -5.864959 0.030082 -1.098193
v -5.213297 0.428514 -1.098193
v -4.561635 1.213486 -1.098193
v -3.909973 2.287491 -1.098193
v -3.258311 3.553128 -1.098193
v -2.606649 4.913203 -1.098193
v -1.954986 6.270912 -1.098193
v -1.303324 7.530247 -1.098193
v -0.651662 8.597028 -1.098193
v 0.000000 9.381604 -1.098193
v 0.651662 9.806153 -1.098193
v 1.303324 9.820943 -1.098193
v 1.954987 9.424099 -1.098193
v 2.606649 8.662553 -1.098193
v 3.258311 7.612801 -1.098193
v 3.909973 6.363980 -1.098193
v 4.561635 5.010070 -1.098193
v 5.213297 3.646999 -1.098193
v 5.864959 2.371529 -1.098193
v 6.516622 1.280835 -1.098193
v 7.168284 0.472304 -1.098193
v 7.819947 0.043442 -1.098193
v 8.471609 0.000000 -1.098193
v 9.123271 0.000000 -1.098193
v 9.774933 0.000000 -1.098193
v -9.774933 0.000000 -1.647289
v -9.123271 0.000000 -1.647289
v -8.471608 0.000000 -1.647289
v -7.819946 0.000000 -1.647289
v -7.168284 0.000000 -1.647289
v -6.516621 0.000000 -1.647289
v -5.864959 0.000958 -1.647289
v -5.213297 0.257872 -1.647289
v -4.561635 0.902720 -1.647289
v -3.909973 1.838477 -1.647289
v -3.258311 2.968475 -1.647289
v -2.606649 4.196644 -1.647289
v -1.954986 5.427998 -1.647289
v -1.303324 6.569556 -1.647289
v -0.651662 7.532291 -1.647290
v 0.000000 8.235101 -1.647290
v 0.651662 8.612377 -1.647290
v 1.303324 8.625467 -1.647290
v 1.954987 8.272978 -1.647290
v 2.606649 7.591201 -1.647290
v 3.258311 6.644250 -1.647289
v 3.909973 5.512438 -1.647289
v 4.561635 4.284403 -1.647289
v 5.213297 3.052914 -1.647289
v 5.864959 1.912863 -1.647289
v 6.516622 0.960258 -1.647289
v 7.168284 0.291738 -1.647289
v 7.819947 0.004308 -1.647289
v 8.471609 0.000000 -1.647289
v 9.123271 0.000000 -1.647289
v 9.774933 0.000000 -1.647289
v -9.774933 0.000000 -2.196386
v -9.123271 0.000000 -2.196386
v -8.471608 0.000000 -2.196386
v -7.819946 0.000000 -2.196386
v -7.168284 0.000000 -2.196386
v -6.516622 0.000000 -2.196386
v -5.864959 0.000000 -2.196386
v -5.213297 0.099021 -2.196386
v -4.561635 0.564314 -2.196386
v -3.909973 1.324377 -2.196386
v -3.258311 2.283878 -2.196386
v -2.606649 3.348716 -2.196386
v -1.954986 4.426828 -2.196386
v -1.303324 5.429620 -2.196386
v -0.651662 6.274495 -2.196386
v 0.000000 6.889093 -2.196386
v 0.651662 7.217733 -2.196386
v 1.303324 7.229116 -2.196386
v 1.954987 6.922134 -2.196386
v 2.606649 6.326101 -2.196386
v 3.258311 5.495237 -2.196386
v 3.909973 4.500959 -2.196386
v 4.561635 3.425303 -2.196386
v 5.213297 2.356546 -2.196386
v 5.864959 1.386560 -2.196386
v 6.516622 0.609334 -2.196386
v 7.168284 0.120132 -2.196386
v 7.819947 0.000000 -2.196386
v 8.471609 0.000000 -2.196386
v 9.123271 0.000000 -2.196386
v 9.774933 0.000000 -2.196386
v -9.774933 0.000000 -2.745482
v -9.123271 0.000000 -2.745482
v -8.471608 0.000000 -2.745482
v -7.819946 0.000000 -2.745482
v -7.168284 0.000000 -2.745482
v -6.516621 0.000000 -2.745482
v -5.864959 0.000000 -2.745482
v -5.213297 0.005895 -2.745482
v -4.561635 0.256748 -2.745482
v -3.909973 0.808822 -2.745482
v -3.258310 1.568771 -2.745482
v -2.606648 2.445228 -2.745482
v -1.954986 3.349921 -2.745482
v -1.303324 4.199405 -2.745482
v -0.651662 4.917775 -2.745482
v 0.000000 5.440590 -2.745482
v 0.651662 5.719927 -2.745482
v 1.303324 5.729599 -2.745482
v 1.954987 5.468687 -2.745482
v 2.606649 4.961682 -2.745482
v 3.258311 4.255144 -2.745482
v 3.909973 3.412521 -2.745482
v 4.561635 2.509055 -2.745482
v 5.213297 1.627761 -2.745482
v 5.864959 0.856641 -2.745482
v 6.516622 0.286882 -2.745482
v 7.168284 0.011718 -2.745482
v 7.819947 0.000000 -2.745482
v 8.471609 0.000000 -2.745482
v 9.123271 0.000000 -2.745482
v 9.774933 0.000000 -2.745482
v -9.774933 0.000000 -3.294579
v -9.123271 0.000000 -3.294579
v -8.471608 0.000000 -3.294579
v -7.819946 0.000000 -3.294579
v -7.168283 0.000000 -3.294579
v -6.516621 0.000000 -3.294579
v -5.864959 0.000000 -3.294579
v -5.213297 0.000000 -3.294579
v -4.561635 0.047774 -3.294579
v -3.909972 0.364526 -3.294579
v -3.258311 0.901130 -3.294579
v -2.606648 1.569552 -3.294579
v -1.954986 2.285808 -3.294579
v -1.303324 2.971840 -3.294579
v -0.651662 3.558118 -3.294579
v 0.000000 3.987012 -3.294579
v 0.651662 4.216667 -3.294579
v 1.303324 4.224622 -3.294579
v 1.954987 4.010098 -3.294579
v 2.606649 3.594079 -3.294579
v 3.258311 3.017165 -3.294579
v 3.909973 2.336003 -3.294579
v 4.561635 1.619403 -3.294579
v 5.213297 0.944919 -3.294579
v 5.864959 0.396182 -3.294579
v 6.516622 0.060992 -3.294579
v 7.168284 0.000000 -3.294579
v 7.819947 0.000000 -3.294579
v 8.471609 0.000000 -3.294579
v 9.123271 0.000000 -3.294579
v 9.774933 0.000000 -3.294579
v -9.774933 0.000000 -3.843676
v -9.123271 0.000000 -3.843676
v -8.471608 0.000000 -3.843676
v -7.819946 0.000000 -3.843676
v -7.168283 0.000000 -3.843676
v -6.516621 0.000000 -3.843676
v -5.864959 0.000000 -3.843676
v -5.213297 0.000000 -3.843676
v -4.561635 0.000000 -3.843676
v -3.909972 0.070916 -3.843676
v -3.258311 0.364885 -3.843676
v -2.606648 0.809915 -3.843676
v -1.954986 1.326516 -3.843676
v -1.303324 1.841894 -3.843676
v -0.651662 2.292321 -3.843676
v 0.000000 2.625925 -3.843676
v 0.651662 2.805665 -3.843676
v 1.303324 2.811903 -3.843676
v 1.954987 2.643961 -3.843676
v 2.606649 2.320174 -3.843676
v 3.258311 1.876440 -3.843676
v 3.909973 1.363671 -3.843676
v 4.561635 0.844865 -3.843676
v 5.213297 0.392255 -3.843676
v 5.864959 0.084928 -3.843676
v 6.516622 0.000000 -3.843676
v 7.168284 0.000000 -3.843675
v 7.819947 0.000000 -3.843675
v 8.471609 0.000000 -3.843675
v 9.123271 0.000000 -3.843676
v 9.774933 0.000000 -3.843676
v -9.774933 0.000000 -4.392772
v -9.123271 0.000000 -4.392772
v -8.471608 0.000000 -4.392772
v -7.819946 0.000000 -4.392772
v -7.168284 0.000000 -4.392772
v -6.516621 0.000000 -4.392772
v -5.864959 0.000000 -4.392772
v -5.213297 0.000000 -4.392772
v -4.561635 0.000000 -4.392772
v -3.909973 0.000000 -4.392772
v -3.258311 0.048028 -4.392772
v -2.606648 0.257648 -4.392772
v -1.954986 0.566124 -4.392772
v -1.303324 0.905620 -4.392772
v -0.651662 1.217568 -4.392772
v 0.000000 1.454961 -4.392772
v 0.651662 1.584635 -4.392772
v 1.303324 1.589155 -4.392772
v 1.954987 1.467922 -4.392772
v 2.606649 1.237207 -4.392772
v 3.258311 0.929121 -4.392772
v 3.909973 0.589770 -4.392772
v 4.561635 0.276984 -4.392772
v 5.213297 0.058015 -4.392772
v 5.864959 0.000000 -4.392772
v 6.516622 0.000000 -4.392772
v 7.168284 0.000000 -4.392772
v 7.819947 0.000000 -4.392772
v 8.471609 0.000000 -4.392772
v 9.123271 0.000000 -4.392772
v 9.774933 0.000000 -4.392772
v -9.774933 0.000000 -4.941869
v -9.123271 0.000000 -4.941869
v -8.471608 0.000000 -4.941869
v -7.819946 0.000000 -4.941869
v -7.168284 0.000000 -4.941869
v -6.516621 0.000000 -4.941869
v -5.864959 0.000000 -4.941868
v -5.213297 0.000000 -4.941869
v -4.561635 0.000000 -4.941868
v -3.909972 0.000000 -4.941869
v -3.258310 0.000000 -4.941869
v -2.606648 0.006073 -4.941869
v -1.954986 0.099943 -4.941869
v -1.303324 0.259677 -4.941869
v -0.651662 0.431256 -4.941869
v 0.000000 0.571789 -4.941869
v 0.651662 0.651289 -4.941869
v 1.303324 0.654090 -4.941869
v 1.954987 0.579655 -4.941869
v 2.606649 0.442602 -4.941869
v 3.258311 0.271947 -4.941869
v 3.909973 0.109729 -4.941869
v 4.561635 0.009244 -4.941868
v 5.213297 0.000000 -4.941869
v 5.864959 0.000000 -4.941868
v 6.516622 0.000000 -4.941868
v 7.168284 0.000000 -4.941868
v 7.819947 0.000000 -4.941869
v 8.471609 0.000000 -4.941868
v 9.123271 0.000000 -4.941869
v 9.774933 0.000000 -4.941868
v -9.774933 0.000000 -5.490965
v -9.123271 0.000000 -5.490965
v -8.471608 0.000000 -5.490965
v -7.819946 0.000000 -5.490965
v -7.168284 0.000000 -5.490965
v -6.516621 0.000000 -5.490965
v -5.864959 0.000000 -5.490965
v -5.213297 0.000000 -5.490965
v -4.561635 0.000000 -5.490965
v -3.909972 0.000000 -5.490965
v -3.258311 0.000000 -5.490965
v -2.606648 0.000000 -5.490965
v -1.954986 0.000000 -5.490965
v -1.303324 0.001086 -5.490965
v -0.651662 0.030891 -5.490965
v 0.000000 0.074091 -5.490965
v 0.651662 0.103341 -5.490965
v 1.303324 0.104424 -5.490965
v 1.954987 0.076851 -5.490965
v 2.606649 0.033887 -5.490965
v 3.258311 0.001982 -5.490965
v 3.909973 0.000000 -5.490965
v 4.561635 0.000000 -5.490965
v 5.213297 0.000000 -5.490965
v 5.864959 0.000000 -5.490965
v 6.516622 0.000000 -5.490964
v 7.168284 0.000000 -5.490965
v 7.819947 0.000000 -5.490965
v 8.471609 0.000000 -5.490965
v 9.123271 0.000000 -5.490965
v 9.774933 0.000000 -5.490965
v -9.774933 0.000000 -6.040062
v -9.123271 0.000000 -6.040062
v -8.471608 0.000000 -6.040062
v -7.819946 0.000000 -6.040062
v -7.168284 0.000000 -6.040061
v -6.516621 0.000000 -6.040062
v -5.864959 0.000000 -6.040061
v -5.213297 0.000000 -6.040062
v -4.561635 0.000000 -6.040061
v -3.909973 0.000000 -6.040062
v -3.258311 0.000000 -6.040062
v -2.606648 0.000000 -6.040062
v -1.954986 0.000000 -6.040062
v -1.303324 0.000000 -6.040062
v -0.651662 0.000000 -6.040062
v 0.000000 0.000000 -6.040062
v 0.651662 0.000000 -6.040062
v 1.303324 0.000000 -6.040062
v 1.954987 0.000000 -6.040062
v 2.606649 0.000000 -6.040062
v 3.258311 0.000000 -6.040061
v 3.909973 0.000000 -6.040062
v 4.561635 0.000000 -6.040061
v 5.213297 0.000000 -6.040062
v 5.864959 0.000000 -6.040061
v 6.516622 0.000000 -6.040061
v 7.168284 0.000000 -6.040061
v 7.819947 0.000000 -6.040062
v 8.471609 0.000000 -6.040062
v 9.123271 0.000000 -6.040062
v 9.774933 0.000000 -6.040062
v -9.774933 0.000000 -6.589159
v -9.123271 0.000000 -6.589159
v -8.471608 0.000000 -6.589159
v -7.819946 0.000000 -6.589159
v -7.168284 0.000000 -6.589159
v -6.516622 0.000000 -6.589159
v -5.864959 0.000000 -6.589159
v -5.213297 0.000000 -6.589159
v -4.561635 0.000000 -6.589159
v -3.909973 0.000000 -6.589159
v -3.258311 0.000000 -6.589159
v -2.606648 0.000000 -6.589159
v -1.954986 0.000000 -6.589159
v -1.303324 0.000000 -6.589159
v -0.651662 0.000000 -6.589159
v 0.000000 0.000000 -6.589159
v 0.651662 0.000000 -6.589159
v 1.303324 0.000000 -6.589159
v 1.954987 0.000000 -6.589159
v 2.606649 0.000000 -6.589159
v 3.258311 0.000000 -6.589159
v 3.909973 0.000000 -6.589159
v 4.561635 0.000000 -6.589159
v 5.213297 0.000000 -6.589159
v 5.864959 0.000000 -6.589159
v 6.516622 0.000000 -6.589159
v 7.168284 0.000000 -6.589159
v 7.819947 0.000000 -6.589159
v 8.471609 0.000000 -6.589159
v 9.123271 0.000000 -6.589159
v 9.774933 0.000000 -6.589159
v -9.774933 0.000000 -7.138256
v -9.123271 0.000000 -7.138256
v -8.471608 0.000000 -7.138256
v -7.819946 0.000000 -7.138256
v -7.168284 0.000000 -7.138255
v -6.516622 0.000000 -7.138255
v -5.864959 0.000000 -7.138255
v -5.213297 0.000000 -7.138255
v -4.561635 0.000000 -7.138255
v -3.909973 0.000000 -7.138255
v -3.258311 0.000000 -7.138255
v -2.606648 0.000000 -7.138256
v -1.954986 0.000000 -7.138256
v -1.303324 0.000000 -7.138256
v -0.651662 0.000000 -7.138256
v 0.000000 0.000000 -7.138256
v 0.651662 0.000000 -7.138256
v 1.303324 0.000000 -7.138256
v 1.954987 0.000000 -7.138256
v 2.606649 0.000000 -7.138256
v 3.258311 0.000000 -7.138255
v 3.909973 0.000000 -7.138255
v 4.561635 0.000000 -7.138255
v 5.213297 0.000000 -7.138255
v 5.864959 0.000000 -7.138255
v 6.516622 0.000000 -7.138255
v 7.168284 0.000000 -7.138255
v 7.819946 0.000000 -7.138255
v 8.471609 0.000000 -7.138256
v 9.123271 0.000000 -7.138256
v 9.774933 0.000000 -7.138256
v -9.774934 0.000000 -7.687352
v -9.123271 0.000000 -7.687352
v -8.471609 0.000000 -7.687352
v -7.819946 0.000000 -7.687352
v -7.168284 0.000000 -7.687352
v -6.516622 0.000000 -7.687351
v -5.864959 0.000000 -7.687351
v -5.213297 0.000000 -7.687352
v -4.561635 0.000000 -7.687351
v -3.909973 0.000000 -7.687351
v -3.258311 0.000000 -7.687352
v -2.606648 0.000000 -7.687352
v -1.954986 0.000000 -7.687352
v -1.303324 0.000000 -7.687352
v -0.651662 0.000000 -7.687352
v 0.000000 0.000000 -7.687352
v 0.651662 0.000000 -7.687352
v 1.303324 0.000000 -7.687352
v 1.954987 0.000000 -7.687352
v 2.606649 0.000000 -7.687352
v 3.258311 0.000000 -7.687352
v 3.909973 0.000000 -7.687351
v 4.561635 0.000000 -7.687351
v 5.213297 0.000000 -7.687352
v 5.864959 0.000000 -7.687351
v 6.516622 0.000000 -7.687351
v 7.168284 0.000000 -7.687351
v 7.819947 0.000000 -7.687352
v 8.471609 0.000000 -7.687352
v 9.123271 0.000000 -7.687352
v 9.774933 0.000000 -7.687352
v -9.774933 0.000000 -8.236448
v -9.123271 0.000000 -8.236448
v -8.471609 0.000000 -8.236448
v -7.819947 0.000000 -8.236448
v -7.168284 0.000000 -8.236448
v -6.516622 0.000000 -8.236448
v -5.864959 0.000000 -8.236447
v -5.213297 0.000000 -8.236448
v -4.561635 0.000000 -8.236447
v -3.909973 0.000000 -8.236448
v -3.258311 0.000000 -8.236448
v -2.606648 0.000000 -8.236448
v -1.954986 0.000000 -8.236448
v -1.303324 0.000000 -8.236448
v -0.651662 0.000000 -8.236448
v 0.000000 0.000000 -8.236448
v 0.651662 0.000000 -8.236448
v 1.303324 0.000000 -8.236448
v 1.954987 0.000000 -8.236448
v 2.606649 0.000000 -8.236448
v 3.258311 0.000000 -8.236448
v 3.909973 0.000000 -8.236448
v 4.561635 0.000000 -8.236447
v 5.213297 0.000000 -8.236448
v 5.864959 0.000000 -8.236447
v 6.516622 0.000000 -8.236448
v 7.168284 0.000000 -8.236447
v 7.819947 0.000000 -8.236448
v 8.471609 0.000000 -8.236448
v 9.123271 0.000000 -8.236448
v 9.774932 0.000000 -8.236448
vn -0.0000 1.0000 -0.0000
vn -0.0000 1.0000 0.0069
vn -0.0000 0.9971 0.0761
vn -0.0000 0.9866 0.1631
vn -0.0000 0.9758 0.2185
vn 0.0453 0.9744 0.2202
vn 0.0731 0.9831 0.1680
vn 0.0611 0.9947 0.0822
vn 0.0082 0.9999 0.0098
vn -0.0000 0.9998 0.0197
vn -0.0057 0.9779 0.2089
vn -0.0519 0.8872 0.4585
vn -0.0592 0.7891 0.6115
vn -0.0357 0.7238 0.6891
vn -0.0013 0.6919 0.7220
vn 0.0815 0.6885 0.7207
vn 0.1557 0.7121 0.6846
vn 0.2103 0.7671 0.6061
vn 0.2272 0.8578 0.4611
vn 0.1665 0.9603 0.2237
vn 0.0229 0.9994 0.0272
vn -0.0165 0.9942 0.1066
vn -0.1449 0.8868 0.4388
vn -0.1920 0.7349 0.6504
vn -0.1729 0.6268 0.7597
vn -0.1253 0.5587 0.8199
vn -0.0656 0.5186 0.8525
vn -0.0022 0.4993 0.8664
vn 0.0944 0.4964 0.8629
vn 0.1844 0.5087 0.8410
vn 0.2617 0.5397 0.8001
vn 0.3202 0.5969 0.7356
vn 0.3460 0.6939 0.6315
vn 0.3017 0.8444 0.4426
vn 0.1058 0.9864 0.1255
vn -0.0890 0.9850 0.1478
vn -0.2817 0.8210 0.4965
vn -0.3240 0.6582 0.6795
vn -0.2965 0.5523 0.7791
vn -0.2386 0.4859 0.8408
vn -0.1656 0.4442 0.8805
vn -0.0852 0.4190 0.9040
vn -0.0029 0.4063 0.9137
vn 0.1057 0.4036 0.9088
vn 0.2071 0.4100 0.8883
vn 0.2963 0.4276 0.8540
vn 0.3697 0.4609 0.8068
vn 0.4220 0.5183 0.7438
vn 0.4403 0.6159 0.6533
vn 0.3846 0.7788 0.4956
vn 0.1457 0.9741 0.1729
vn -0.1248 0.9871 0.1005
vn -0.3825 0.8079 0.4483
vn -0.4463 0.6344 0.6312
vn -0.4263 0.5257 0.7361
vn -0.3697 0.4585 0.8082
vn -0.2923 0.4155 0.8613
vn -0.2018 0.3877 0.8994
vn -0.1038 0.3702 0.9231
vn -0.0035 0.3609 0.9326
vn 0.1193 0.3579 0.9261
vn 0.2333 0.3608 0.9030
vn 0.3330 0.3712 0.8668
vn 0.4157 0.3922 0.8206
vn 0.4789 0.4288 0.7660
vn 0.5176 0.4910 0.7008
vn 0.5161 0.5982 0.6130
vn 0.4198 0.7828 0.4593
vn 0.1062 0.9863 0.1261
vn -0.0855 0.9962 0.0153
vn -0.4273 0.8410 0.3319
vn -0.5466 0.6474 0.5312
vn -0.5513 0.5276 0.6463
vn -0.5089 0.4558 0.7302
vn -0.4389 0.4111 0.7990
vn -0.3483 0.3820 0.8560
vn -0.2418 0.3628 0.8999
vn -0.1249 0.3501 0.9283
vn -0.0042 0.3426 0.9395
vn 0.1371 0.3390 0.9307
vn 0.2665 0.3391 0.9022
vn 0.3774 0.3445 0.8596
vn 0.4676 0.3577 0.8083
vn 0.5365 0.3825 0.7522
vn 0.5828 0.4254 0.6923
vn 0.6000 0.4991 0.6252
vn 0.5630 0.6298 0.5352
vn 0.3773 0.8522 0.3624
vn 0.0233 0.9993 0.0277
vn -0.0129 0.9999 -0.0000
vn -0.3706 0.9142 0.1642
vn -0.6022 0.6946 0.3936
vn -0.6531 0.5511 0.5193
vn -0.6385 0.4686 0.6105
vn -0.5896 0.4198 0.6900
vn -0.5142 0.3902 0.7638
vn -0.4140 0.3717 0.8309
vn -0.2915 0.3596 0.8864
vn -0.1520 0.3510 0.9239
vn -0.0052 0.3449 0.9386
vn 0.1616 0.3400 0.9264
vn 0.3105 0.3366 0.8890
vn 0.4335 0.3371 0.8357
vn 0.5295 0.3441 0.7754
vn 0.6006 0.3607 0.7136
vn 0.6485 0.3917 0.6528
vn 0.6712 0.4460 0.5921
vn 0.6560 0.5423 0.5250
vn 0.5512 0.7175 0.4258
vn 0.1902 0.9613 0.1991
vn -0.1621 0.9868 0.0029
vn -0.5746 0.7854 0.2302
vn -0.7098 0.5997 0.3695
vn -0.7366 0.4947 0.4612
vn -0.7195 0.4361 0.5405
vn -0.6736 0.4036 0.6191
vn -0.6002 0.3867 0.7002
vn -0.4956 0.3791 0.7814
vn -0.3575 0.3758 0.8550
vn -0.1897 0.3730 0.9082
vn -0.0065 0.3684 0.9296
vn 0.1966 0.3608 0.9117
vn 0.3706 0.3517 0.8596
vn 0.5055 0.3455 0.7906
vn 0.6041 0.3456 0.7180
vn 0.6730 0.3548 0.6490
vn 0.7174 0.3770 0.5859
vn 0.7386 0.4189 0.5281
vn 0.7298 0.4945 0.4720
vn 0.6592 0.6338 0.4047
vn 0.3984 0.8746 0.2764
vn 0.0087 0.9999 0.0103
vn -0.0025 1.0000 -0.0000
vn -0.3778 0.9244 0.0520
vn -0.6921 0.6895 0.2133
vn -0.7845 0.5410 0.3031
vn -0.8056 0.4609 0.3723
vn -0.7945 0.4186 0.4399
vn -0.7593 0.3992 0.5139
vn -0.6969 0.3952 0.5984
vn -0.5978 0.4019 0.6936
vn -0.4494 0.4138 0.7917
vn -0.2467 0.4230 0.8719
vn -0.0085 0.4221 0.9065
vn 0.2502 0.4083 0.8779
vn 0.4552 0.3873 0.8017
vn 0.5981 0.3694 0.7112
vn 0.6923 0.3595 0.6256
vn 0.7524 0.3605 0.5513
vn 0.7879 0.3749 0.4886
vn 0.8025 0.4079 0.4354
vn 0.7924 0.4705 0.3882
vn 0.7348 0.5873 0.3393
vn 0.5364 0.8021 0.2624
vn 0.0708 0.9948 0.0737
vn -0.0498 0.9988 -0.0000
vn -0.5270 0.8473 0.0654
vn -0.7626 0.6276 0.1564
vn -0.8369 0.5046 0.2120
vn -0.8595 0.4402 0.2598
vn -0.8580 0.4091 0.3104
vn -0.8382 0.4004 0.3703
vn -0.7958 0.4099 0.4457
vn -0.7178 0.4362 0.5427
vn -0.5774 0.4769 0.6627
vn -0.3399 0.5184 0.7847
vn -0.0121 0.5316 0.8469
vn 0.3378 0.4997 0.7976
vn 0.5746 0.4496 0.6839
vn 0.7114 0.4086 0.5718
vn 0.7885 0.3833 0.4810
vn 0.8315 0.3739 0.4108
vn 0.8533 0.3806 0.3565
vn 0.8581 0.4068 0.3134
vn 0.8427 0.4612 0.2777
vn 0.7882 0.5649 0.2442
vn 0.6185 0.7603 0.1986
vn 0.1443 0.9856 0.0881
vn -0.1142 0.9935 -0.0000
vn -0.6080 0.7929 0.0396
vn -0.8029 0.5907 0.0802
vn -0.8693 0.4825 0.1069
vn -0.8946 0.4271 0.1312
vn -0.9015 0.4029 0.1582
vn -0.8955 0.4015 0.1918
vn -0.8750 0.4220 0.2371
vn -0.8296 0.4692 0.3028
vn -0.7287 0.5540 0.4026
vn -0.4909 0.6794 0.5454
vn -0.0192 0.7573 0.6528
vn 0.4804 0.6634 0.5736
vn 0.7220 0.5382 0.4347
vn 0.8250 0.4560 0.3339
vn 0.8721 0.4100 0.2670
vn 0.8940 0.3895 0.2212
vn 0.9015 0.3897 0.1884
vn 0.8967 0.4111 0.1639
vn 0.8756 0.4610 0.1444
vn 0.8197 0.5585 0.1271
vn 0.6594 0.7444 0.1056
vn 0.1898 0.9803 0.0549
vn -0.1539 0.9881 -0.0000
vn -0.6418 0.7668 -0.0012
vn -0.8194 0.5733 -0.0024
vn -0.8820 0.4712 -0.0032
vn -0.9078 0.4195 -0.0039
vn -0.9175 0.3978 -0.0048
vn -0.9170 0.3988 -0.0058
vn -0.9061 0.4230 -0.0072
vn -0.8780 0.4786 -0.0094
vn -0.8091 0.5875 -0.0131
vn -0.6103 0.7920 -0.0196
vn -0.0276 0.9993 -0.0270
vn 0.5864 0.8097 -0.0220
vn 0.8017 0.5976 -0.0149
vn 0.8752 0.4837 -0.0108
vn 0.9050 0.4254 -0.0084
vn 0.9167 0.3994 -0.0069
vn 0.9179 0.3968 -0.0058
vn 0.9090 0.4167 -0.0051
vn 0.8848 0.4659 -0.0044
vn 0.8264 0.5631 -0.0039
vn 0.6631 0.7485 -0.0033
vn 0.1901 0.9818 -0.0018
vn -0.1108 0.9938 -0.0000
vn -0.6047 0.7953 -0.0417
vn -0.8012 0.5923 -0.0850
vn -0.8680 0.4835 -0.1133
vn -0.8931 0.4278 -0.1390
vn -0.8996 0.4033 -0.1675
vn -0.8931 0.4016 -0.2029
vn -0.8715 0.4215 -0.2506
vn -0.8242 0.4677 -0.3193
vn -0.7205 0.5499 -0.4225
vn -0.4808 0.6687 -0.5671
vn -0.0187 0.7397 -0.6726
vn 0.4708 0.6518 -0.5945
vn 0.7137 0.5328 -0.4546
vn 0.8193 0.4534 -0.3510
vn 0.8683 0.4086 -0.2814
vn 0.8913 0.3887 -0.2335
vn 0.8994 0.3892 -0.1991
vn 0.8951 0.4108 -0.1732
vn 0.8743 0.4608 -0.1527
vn 0.8185 0.5586 -0.1344
vn 0.6580 0.7447 -0.1116
vn 0.1884 0.9804 -0.0577
vn -0.0461 0.9989 -0.0000
vn -0.5205 0.8513 -0.0660
vn -0.7595 0.6305 -0.1603
vn -0.8344 0.5063 -0.2178
vn -0.8568 0.4412 -0.2669
vn -0.8548 0.4096 -0.3187
vn -0.8340 0.4003 -0.3797
vn -0.7904 0.4090 -0.4562
vn -0.7106 0.4341 -0.5537
vn -0.5689 0.4725 -0.6731
vn -0.3330 0.5111 -0.7924
vn -0.0119 0.5228 -0.8524
vn 0.3314 0.4926 -0.8047
vn 0.5666 0.4451 -0.6934
vn 0.7044 0.4060 -0.5822
vn 0.7830 0.3818 -0.4912
vn 0.8272 0.3730 -0.4203
vn 0.8498 0.3802 -0.3652
vn 0.8552 0.4067 -0.3213
vn 0.8402 0.4614 -0.2848
vn 0.7857 0.5657 -0.2504
vn 0.6149 0.7620 -0.2032
vn 0.1405 0.9861 -0.0888
vn -0.0015 1.0000 -0.0000
vn -0.3663 0.9292 -0.0493
vn -0.6868 0.6941 -0.2157
vn -0.7808 0.5437 -0.3077
vn -0.8019 0.4625 -0.3782
vn -0.7904 0.4194 -0.4465
vn -0.7544 0.3993 -0.5210
vn -0.6911 0.3945 -0.6056
vn -0.5912 0.4002 -0.7002
vn -0.4431 0.4109 -0.7967
vn -0.2426 0.4190 -0.8750
vn -0.0084 0.4179 -0.9085
vn 0.2463 0.4045 -0.8807
vn 0.4495 0.3846 -0.8063
vn 0.5921 0.3676 -0.7172
vn 0.6869 0.3584 -0.6322
vn 0.7477 0.3599 -0.5581
vn 0.7838 0.3747 -0.4952
vn 0.7990 0.4082 -0.4416
vn 0.7891 0.4715 -0.3938
vn 0.7311 0.5892 -0.3440
vn 0.5301 0.8055 -0.2649
vn 0.0663 0.9953 -0.0709
vn -0.1502 0.9886 -0.0017
vn -0.5656 0.7922 -0.2292
vn -0.7046 0.6041 -0.3723
vn -0.7321 0.4972 -0.4655
vn -0.7149 0.4375 -0.5455
vn -0.6687 0.4042 -0.6241
vn -0.5948 0.3866 -0.7048
vn -0.4904 0.3782 -0.7852
vn -0.3530 0.3743 -0.8575
vn -0.1871 0.3711 -0.9096
vn -0.0064 0.3663 -0.9305
vn 0.1942 0.3590 -0.9129
vn 0.3665 0.3504 -0.8619
vn 0.5008 0.3446 -0.7940
vn 0.5994 0.3451 -0.7222
vn 0.6686 0.3548 -0.6535
vn 0.7133 0.3775 -0.5905
vn 0.7348 0.4200 -0.5326
vn 0.7259 0.4966 -0.4759
vn 0.6540 0.6375 -0.4074
vn 0.3880 0.8797 -0.2749
vn 0.0066 0.9999 -0.0078
vn -0.0090 1.0000 -0.0000
vn -0.3548 0.9218 -0.1563
vn -0.5944 0.7016 -0.3930
vn -0.6477 0.5554 -0.5215
vn -0.6337 0.4711 -0.6136
vn -0.5848 0.4213 -0.6932
vn -0.5095 0.3909 -0.7666
vn -0.4098 0.3718 -0.8330
vn -0.2882 0.3592 -0.8876
vn -0.1502 0.3504 -0.9245
vn -0.0051 0.3442 -0.9389
vn 0.1599 0.3394 -0.9269
vn 0.3076 0.3363 -0.8901
vn 0.4298 0.3371 -0.8376
vn 0.5255 0.3445 -0.7779
vn 0.5966 0.3615 -0.7165
vn 0.6446 0.3930 -0.6558
vn 0.6672 0.4482 -0.5949
vn 0.6513 0.5460 -0.5270
vn 0.5434 0.7239 -0.4251
vn 0.1780 0.9654 -0.1906
vn -0.0731 0.9973 -0.0107
vn -0.4136 0.8509 -0.3238
vn -0.5391 0.6547 -0.5298
vn -0.5459 0.5322 -0.6471
vn -0.5042 0.4588 -0.7316
vn -0.4347 0.4130 -0.8003
vn -0.3448 0.3833 -0.8569
vn -0.2393 0.3636 -0.9003
vn -0.1236 0.3507 -0.9283
vn -0.0042 0.3431 -0.9393
vn 0.1360 0.3396 -0.9307
vn 0.2644 0.3398 -0.9026
vn 0.3746 0.3455 -0.8604
vn 0.4643 0.3591 -0.8096
vn 0.5330 0.3845 -0.7537
vn 0.5791 0.4282 -0.6938
vn 0.5956 0.5034 -0.6260
vn 0.5566 0.6366 -0.5338
vn 0.3637 0.8615 -0.3544
vn 0.0180 0.9996 -0.0213
vn -0.1078 0.9904 -0.0862
vn -0.3696 0.8194 -0.4381
vn -0.4390 0.6428 -0.6278
vn -0.4212 0.5313 -0.7350
vn -0.3657 0.4624 -0.8078
vn -0.2892 0.4184 -0.8610
vn -0.1996 0.3900 -0.8989
vn -0.1026 0.3722 -0.9225
vn -0.0035 0.3627 -0.9319
vn 0.1184 0.3597 -0.9255
vn 0.2316 0.3628 -0.9026
vn 0.3307 0.3736 -0.8667
vn 0.4129 0.3950 -0.8206
vn 0.4756 0.4325 -0.7659
vn 0.5136 0.4962 -0.7000
vn 0.5104 0.6061 -0.6100
vn 0.4084 0.7941 -0.4501
vn 0.0926 0.9896 -0.1099
vn -0.0729 0.9891 -0.1277
vn -0.2684 0.8344 -0.4815
vn -0.3166 0.6688 -0.6727
vn -0.2917 0.5600 -0.7755
vn -0.2354 0.4917 -0.8384
vn -0.1635 0.4488 -0.8785
vn -0.0842 0.4231 -0.9022
vn -0.0028 0.4101 -0.9120
vn 0.1050 0.4074 -0.9072
vn 0.2057 0.4140 -0.8867
vn 0.2943 0.4322 -0.8524
vn 0.3671 0.4665 -0.8048
vn 0.4184 0.5256 -0.7407
vn 0.4348 0.6260 -0.6474
vn 0.3737 0.7923 -0.4823
vn 0.1277 0.9802 -0.1516
vn -0.0093 0.9962 -0.0871
vn -0.1298 0.9014 -0.4130
vn -0.1837 0.7493 -0.6362
vn -0.1681 0.6385 -0.7511
vn -0.1225 0.5682 -0.8137
vn -0.0643 0.5269 -0.8475
vn -0.0022 0.5071 -0.8619
vn 0.0938 0.5041 -0.8585
vn 0.1830 0.5169 -0.8362
vn 0.2596 0.5490 -0.7945
vn 0.3167 0.6082 -0.7279
vn 0.3399 0.7081 -0.6190
vn 0.2891 0.8605 -0.4196
vn 0.0882 0.9906 -0.1047
vn -0.0000 0.9999 -0.0111
vn -0.0016 0.9838 -0.1791
vn -0.0413 0.9039 -0.4257
vn -0.0535 0.8069 -0.5883
vn -0.0332 0.7405 -0.6712
vn -0.0012 0.7078 -0.7064
vn 0.0805 0.7044 -0.7052
vn 0.1533 0.7288 -0.6674
vn 0.2056 0.7850 -0.5843
vn 0.2180 0.8758 -0.4306
vn 0.1495 0.9696 -0.1938
vn 0.0142 0.9998 -0.0168
vn -0.0000 1.0000 -0.0020
vn -0.0000 0.9984 -0.0562
vn -0.0000 0.9910 -0.1337
vn -0.0000 0.9827 -0.1850
vn 0.0415 0.9815 -0.1867
vn 0.0652 0.9882 -0.1383
vn 0.0488 0.9969 -0.0615
vn 0.0030 1.0000 -0.0036
vn -0.0058 1.0000 0.0069
vn -0.0582 0.9954 0.0759
vn -0.0738 0.9839 0.1626
vn -0.0481 0.9747 0.2182
vn -0.0018 0.9754 0.2205
vn -0.0000 0.9857 0.1684
vn -0.0000 0.9966 0.0823
vn -0.0000 1.0000 0.0098
vn -0.0166 0.9997 0.0197
vn -0.1578 0.9657 0.2063
vn -0.2261 0.8654 0.4472
vn -0.2131 0.7723 0.5985
vn -0.1604 0.7149 0.6806
vn -0.0872 0.6892 0.7193
vn -0.0031 0.6908 0.7231
vn 0.0335 0.7205 0.6927
vn 0.0582 0.7833 0.6189
vn 0.0540 0.8795 0.4728
vn 0.0080 0.9739 0.2269
vn -0.0000 0.9996 0.0272
vn -0.0894 0.9903 0.1061
vn -0.2940 0.8567 0.4238
vn -0.3459 0.7026 0.6218
vn -0.3233 0.6022 0.7299
vn -0.2666 0.5428 0.7965
vn -0.1903 0.5102 0.8387
vn -0.1011 0.4968 0.8620
vn -0.0035 0.4987 0.8668
vn 0.0612 0.5166 0.8540
vn 0.1214 0.5551 0.8229
vn 0.1703 0.6209 0.7652
vn 0.1922 0.7257 0.6606
vn 0.1518 0.8755 0.4588
vn 0.0227 0.9917 0.1262
vn -0.1241 0.9813 0.1472
vn -0.3755 0.7931 0.4796
vn -0.4396 0.6249 0.6452
vn -0.4246 0.5236 0.7386
vn -0.3741 0.4640 0.8029
vn -0.3020 0.4293 0.8511
vn -0.2138 0.4108 0.8863
vn -0.1132 0.4037 0.9079
vn -0.0039 0.4059 0.9139
vn 0.0795 0.4177 0.9051
vn 0.1601 0.4419 0.8827
vn 0.2339 0.4823 0.8442
vn 0.2932 0.5466 0.7844
vn 0.3237 0.6490 0.6885
vn 0.2886 0.8078 0.5140
vn 0.1050 0.9792 0.1738
vn -0.0851 0.9912 0.1010
vn -0.4060 0.7991 0.4434
vn -0.5136 0.6083 0.6052
vn -0.5191 0.4967 0.6956
vn -0.4825 0.4322 0.7618
vn -0.4208 0.3941 0.8170
vn -0.3394 0.3723 0.8638
vn -0.2408 0.3613 0.9008
vn -0.1277 0.3579 0.9250
vn -0.0045 0.3605 0.9328
vn 0.0967 0.3693 0.9243
vn 0.1951 0.3862 0.9016
vn 0.2863 0.4131 0.8645
vn 0.3648 0.4548 0.8125
vn 0.4233 0.5199 0.7420
vn 0.4467 0.6249 0.6403
vn 0.3919 0.7935 0.4656
vn 0.1468 0.9812 0.1254
vn -0.0129 0.9998 0.0154
vn -0.3529 0.8703 0.3435
vn -0.5567 0.6422 0.5269
vn -0.5997 0.5060 0.6199
vn -0.5851 0.4294 0.6879
vn -0.5405 0.3849 0.7481
vn -0.4731 0.3591 0.8045
vn -0.3845 0.3451 0.8562
vn -0.2750 0.3393 0.8996
vn -0.1468 0.3389 0.9293
vn -0.0051 0.3423 0.9396
vn 0.1165 0.3494 0.9297
vn 0.2339 0.3617 0.9025
vn 0.3412 0.3804 0.8596
vn 0.4331 0.4086 0.8034
vn 0.5048 0.4520 0.7355
vn 0.5495 0.5213 0.6529
vn 0.5494 0.6367 0.5411
vn 0.4426 0.8252 0.3509
vn 0.1070 0.9939 0.0275
vn -0.1596 0.9716 0.1745
vn -0.5370 0.7340 0.4159
vn -0.6526 0.5514 0.5196
vn -0.6716 0.4511 0.5877
vn -0.6510 0.3946 0.6485
vn -0.6047 0.3623 0.7093
vn -0.5353 0.3449 0.7710
vn -0.4411 0.3374 0.8316
vn -0.3201 0.3365 0.8856
vn -0.1728 0.3397 0.9245
vn -0.0061 0.3445 0.9388
vn 0.1418 0.3505 0.9258
vn 0.2821 0.3589 0.8897
vn 0.4061 0.3707 0.8353
vn 0.5079 0.3886 0.7688
vn 0.5851 0.4172 0.6954
vn 0.6360 0.4643 0.6164
vn 0.6536 0.5437 0.5264
vn 0.6095 0.6817 0.4046
vn 0.3977 0.8984 0.1861
vn 0.0233 0.9997 -0.0000
vn -0.0025 1.0000 0.0030
vn -0.3651 0.8934 0.2618
vn -0.6497 0.6472 0.3988
vn -0.7276 0.5018 0.4678
vn -0.7391 0.4229 0.5242
vn -0.7197 0.3792 0.5816
vn -0.6769 0.3559 0.6443
vn -0.6099 0.3459 0.7130
vn -0.5136 0.3453 0.7855
vn -0.3814 0.3512 0.8551
vn -0.2101 0.3602 0.9089
vn -0.0074 0.3680 0.9298
vn 0.1771 0.3727 0.9109
vn 0.3465 0.3757 0.8595
vn 0.4870 0.3788 0.7870
vn 0.5939 0.3859 0.7060
vn 0.6694 0.4020 0.6247
vn 0.7171 0.4331 0.5460
vn 0.7365 0.4894 0.4670
vn 0.7139 0.5901 0.3769
vn 0.5909 0.7692 0.2431
vn 0.1941 0.9809 0.0101
vn -0.0498 0.9972 0.0561
vn -0.5108 0.8213 0.2541
vn -0.7274 0.5987 0.3354
vn -0.7904 0.4766 0.3849
vn -0.8027 0.4111 0.4320
vn -0.7896 0.3765 0.4846
vn -0.7556 0.3610 0.5466
vn -0.6975 0.3592 0.6200
vn -0.6061 0.3684 0.7049
vn -0.4672 0.3859 0.7955
vn -0.2667 0.4069 0.8737
vn -0.0096 0.4216 0.9067
vn 0.2307 0.4233 0.8761
vn 0.4368 0.4146 0.7983
vn 0.5891 0.4027 0.7006
vn 0.6913 0.3954 0.6048
vn 0.7559 0.3985 0.5194
vn 0.7928 0.4166 0.4448
vn 0.8057 0.4570 0.3770
vn 0.7875 0.5336 0.3083
vn 0.7030 0.6759 0.2211
vn 0.4136 0.9080 0.0673
vn 0.0087 1.0000 -0.0000
vn -0.1139 0.9905 0.0765
vn -0.5970 0.7785 0.1939
vn -0.7816 0.5750 0.2416
vn -0.8406 0.4665 0.2753
vn -0.8577 0.4095 0.3107
vn -0.8541 0.3818 0.3531
vn -0.8337 0.3738 0.4065
vn -0.7924 0.3821 0.4754
vn -0.7184 0.4063 0.5646
vn -0.5870 0.4463 0.6755
vn -0.3586 0.4962 0.7907
vn -0.0135 0.5308 0.8474
vn 0.3190 0.5206 0.7919
vn 0.5642 0.4800 0.6718
vn 0.7103 0.4387 0.5505
vn 0.7917 0.4112 0.4518
vn 0.8360 0.4005 0.3751
vn 0.8573 0.4079 0.3143
vn 0.8600 0.4371 0.2632
vn 0.8396 0.4986 0.2155
vn 0.7710 0.6162 0.1609
vn 0.5543 0.8290 0.0741
vn 0.0710 0.9975 -0.0000
vn -0.1550 0.9867 0.0493
vn -0.6394 0.7619 0.1035
vn -0.8133 0.5681 0.1259
vn -0.8732 0.4660 0.1431
vn -0.8959 0.4136 0.1623
vn -0.9015 0.3905 0.1865
vn -0.8950 0.3889 0.2186
vn -0.8743 0.4078 0.2632
vn -0.8296 0.4517 0.3282
vn -0.7324 0.5310 0.4262
vn -0.5050 0.6538 0.5635
vn -0.0209 0.7563 0.6539
vn 0.4655 0.6885 0.5561
vn 0.7178 0.5617 0.4113
vn 0.8248 0.4738 0.3085
vn 0.8729 0.4243 0.2410
vn 0.8946 0.4022 0.1945
vn 0.9014 0.4021 0.1603
vn 0.8956 0.4246 0.1330
vn 0.8720 0.4772 0.1086
vn 0.8101 0.5805 0.0824
vn 0.6304 0.7750 0.0434
vn 0.1449 0.9894 -0.0000
vn -0.1552 0.9879 -0.0016
vn -0.6428 0.7660 -0.0032
vn -0.8198 0.5727 -0.0039
vn -0.8822 0.4708 -0.0044
vn -0.9079 0.4191 -0.0050
vn -0.9176 0.3974 -0.0058
vn -0.9171 0.3985 -0.0068
vn -0.9062 0.4227 -0.0083
vn -0.8782 0.4782 -0.0106
vn -0.8095 0.5869 -0.0145
vn -0.6112 0.7912 -0.0214
vn -0.0277 0.9992 -0.0271
vn 0.5854 0.8105 -0.0202
vn 0.8012 0.5982 -0.0134
vn 0.8749 0.4841 -0.0096
vn 0.9048 0.4258 -0.0074
vn 0.9166 0.3997 -0.0059
vn 0.9178 0.3971 -0.0048
vn 0.9089 0.4171 -0.0040
vn 0.8846 0.4663 -0.0032
vn 0.8260 0.5637 -0.0025
vn 0.6622 0.7494 -0.0013
vn 0.1887 0.9820 -0.0000
vn -0.1536 0.9868 -0.0518
vn -0.6380 0.7622 -0.1093
vn -0.8121 0.5682 -0.1331
vn -0.8718 0.4658 -0.1513
vn -0.8943 0.4132 -0.1716
vn -0.8995 0.3900 -0.1970
vn -0.8923 0.3881 -0.2307
vn -0.8705 0.4064 -0.2775
vn -0.8241 0.4492 -0.3451
vn -0.7243 0.5259 -0.4460
vn -0.4953 0.6427 -0.5845
vn -0.0204 0.7387 -0.6737
vn 0.4555 0.6772 -0.5778
vn 0.7094 0.5573 -0.4315
vn 0.8193 0.4722 -0.3252
vn 0.8692 0.4238 -0.2546
vn 0.8921 0.4022 -0.2058
vn 0.8996 0.4024 -0.1697
vn 0.8941 0.4252 -0.1409
vn 0.8707 0.4782 -0.1151
vn 0.8084 0.5821 -0.0872
vn 0.6273 0.7774 -0.0458
vn 0.1411 0.9900 -0.0000
vn -0.1105 0.9909 -0.0769
vn -0.5932 0.7802 -0.1984
vn -0.7791 0.5759 -0.2478
vn -0.8381 0.4668 -0.2824
vn -0.8549 0.4094 -0.3186
vn -0.8507 0.3813 -0.3617
vn -0.8294 0.3729 -0.4160
vn -0.7870 0.3806 -0.4856
vn -0.7115 0.4037 -0.5751
vn -0.5790 0.4420 -0.6852
vn -0.3519 0.4894 -0.7979
vn -0.0132 0.5221 -0.8528
vn 0.3125 0.5132 -0.7994
vn 0.5557 0.4755 -0.6820
vn 0.7030 0.4364 -0.5615
vn 0.7861 0.4102 -0.4623
vn 0.8318 0.4003 -0.3845
vn 0.8540 0.4083 -0.3226
vn 0.8573 0.4380 -0.2704
vn 0.8372 0.5002 -0.2214
vn 0.7679 0.6189 -0.1651
vn 0.5482 0.8330 -0.0750
vn 0.0665 0.9978 -0.0000
vn -0.0460 0.9975 -0.0529
vn -0.5042 0.8247 -0.2563
vn -0.7236 0.6007 -0.3400
vn -0.7871 0.4776 -0.3905
vn -0.7992 0.4115 -0.4381
vn -0.7855 0.3764 -0.4912
vn -0.7510 0.3604 -0.5533
vn -0.6921 0.3582 -0.6266
vn -0.6002 0.3666 -0.7109
vn -0.4614 0.3832 -0.8002
vn -0.2627 0.4032 -0.8766
vn -0.0095 0.4174 -0.9087
vn 0.2268 0.4193 -0.8791
vn 0.4307 0.4116 -0.8032
vn 0.5825 0.4009 -0.7071
vn 0.6854 0.3946 -0.6120
vn 0.7509 0.3985 -0.5266
vn 0.7886 0.4173 -0.4515
vn 0.8020 0.4584 -0.3829
vn 0.7839 0.5362 -0.3131
vn 0.6979 0.6803 -0.2237
vn 0.4027 0.9130 -0.0651
vn 0.0066 1.0000 -0.0000
vn -0.0015 1.0000 -0.0017
vn -0.3542 0.8983 -0.2599
vn -0.6443 0.6511 -0.4013
vn -0.7236 0.5039 -0.4718
vn -0.7353 0.4240 -0.5287
vn -0.7156 0.3797 -0.5863
vn -0.6725 0.3559 -0.6489
vn -0.6052 0.3455 -0.7172
vn -0.5088 0.3444 -0.7890
vn -0.3773 0.3498 -0.8575
vn -0.2075 0.3584 -0.9102
vn -0.0074 0.3659 -0.9306
vn 0.1747 0.3708 -0.9122
vn 0.3422 0.3741 -0.8619
vn 0.4818 0.3778 -0.7907
vn 0.5885 0.3857 -0.7105
vn 0.6644 0.4025 -0.6297
vn 0.7125 0.4345 -0.5510
vn 0.7321 0.4918 -0.4714
vn 0.7089 0.5943 -0.3798
vn 0.5824 0.7759 -0.2425
vn 0.1813 0.9834 -0.0077
vn -0.1482 0.9750 -0.1654
vn -0.5287 0.7405 -0.4148
vn -0.6478 0.5554 -0.5215
vn -0.6676 0.4534 -0.5905
vn -0.6471 0.3960 -0.6516
vn -0.6008 0.3631 -0.7122
vn -0.5313 0.3453 -0.7736
vn -0.4374 0.3374 -0.8336
vn -0.3171 0.3362 -0.8868
vn -0.1710 0.3391 -0.9251
vn -0.0060 0.3438 -0.9390
vn 0.1401 0.3499 -0.9262
vn 0.2789 0.3585 -0.8909
vn 0.4019 0.3707 -0.8373
vn 0.5033 0.3892 -0.7715
vn 0.5804 0.4186 -0.6985
vn 0.6312 0.4667 -0.6195
vn 0.6483 0.5479 -0.5287
vn 0.6020 0.6885 -0.4043
vn 0.3827 0.9064 -0.1790
vn 0.0180 0.9998 -0.0000
vn -0.0090 0.9999 -0.0107
vn -0.3385 0.8794 -0.3347
vn -0.5500 0.6492 -0.5253
vn -0.5952 0.5104 -0.6206
vn -0.5814 0.4323 -0.6893
vn -0.5370 0.3868 -0.7496
vn -0.4699 0.3604 -0.8058
vn -0.3816 0.3461 -0.8571
vn -0.2728 0.3400 -0.9000
vn -0.1455 0.3394 -0.9293
vn -0.0051 0.3427 -0.9394
vn 0.1152 0.3500 -0.9296
vn 0.2314 0.3625 -0.9028
vn 0.3378 0.3816 -0.8604
vn 0.4290 0.4104 -0.8047
vn 0.5001 0.4548 -0.7369
vn 0.5442 0.5258 -0.6538
vn 0.5422 0.6439 -0.5399
vn 0.4296 0.8351 -0.3436
vn 0.0932 0.9954 -0.0212
vn -0.0728 0.9936 -0.0864
vn -0.3940 0.8105 -0.4334
vn -0.5076 0.6164 -0.6020
vn -0.5151 0.5021 -0.6947
vn -0.4792 0.4360 -0.7617
vn -0.4180 0.3971 -0.8171
vn -0.3371 0.3747 -0.8637
vn -0.2391 0.3633 -0.9005
vn -0.1268 0.3597 -0.9244
vn -0.0044 0.3623 -0.9321
vn 0.0957 0.3712 -0.9236
vn 0.1930 0.3884 -0.9011
vn 0.2832 0.4160 -0.8641
vn 0.3609 0.4586 -0.8121
vn 0.4182 0.5253 -0.7410
vn 0.4397 0.6330 -0.6371
vn 0.3796 0.8048 -0.4562
vn 0.1285 0.9857 -0.1095
vn -0.1073 0.9860 -0.1273
vn -0.3639 0.8067 -0.4655
vn -0.4338 0.6353 -0.6389
vn -0.4210 0.5310 -0.7354
vn -0.3715 0.4697 -0.8009
vn -0.3000 0.4340 -0.8495
vn -0.2124 0.4149 -0.8847
vn -0.1124 0.4075 -0.9062
vn -0.0039 0.4097 -0.9122
vn 0.0785 0.4218 -0.9033
vn 0.1581 0.4465 -0.8807
vn 0.2307 0.4880 -0.8418
vn 0.2885 0.5541 -0.7809
vn 0.3165 0.6594 -0.6819
vn 0.2759 0.8210 -0.4998
vn 0.0876 0.9844 -0.1523
vn -0.0732 0.9935 -0.0869
vn -0.2807 0.8726 -0.3998
vn -0.3394 0.7171 -0.6088
vn -0.3197 0.6137 -0.7219
vn -0.2643 0.5522 -0.7907
vn -0.1889 0.5185 -0.8340
vn -0.1004 0.5045 -0.8576
vn -0.0035 0.5064 -0.8623
vn 0.0600 0.5249 -0.8491
vn 0.1187 0.5645 -0.8169
vn 0.1656 0.6323 -0.7568
vn 0.1842 0.7400 -0.6469
vn 0.1373 0.8903 -0.4341
vn 0.0141 0.9944 -0.1051
vn -0.0093 0.9999 -0.0111
vn -0.1403 0.9741 -0.1773
vn -0.2165 0.8832 -0.4160
vn -0.2081 0.7903 -0.5763
vn -0.1578 0.7317 -0.6632
vn -0.0860 0.7052 -0.7037
vn -0.0030 0.7067 -0.7075
vn 0.0312 0.7372 -0.6750
vn 0.0528 0.8011 -0.5963
vn 0.0439 0.8965 -0.4408
vn 0.0030 0.9806 -0.1960
vn -0.0000 0.9999 -0.0168
vn -0.0017 1.0000 -0.0020
vn -0.0456 0.9974 -0.0561
vn -0.0656 0.9889 -0.1334
vn -0.0441 0.9818 -0.1848
vn -0.0016 0.9824 -0.1868
vn -0.0000 0.9903 -0.1386
vn -0.0000 0.9981 -0.0616
vn -0.0000 1.0000 -0.0036
vt 0.062500 0.031250
vt 0.031250 0.062500
vt 0.031250 0.031250
vt 0.093750 0.062500
vt 0.062500 0.062500
vt 0.093750 0.031250
vt 0.125000 0.062500
vt 0.156250 0.031250
vt 0.125000 0.031250
vt 0.187500 0.062500
vt 0.156250 0.062500
vt 0.218750 0.031250
vt 0.187500 0.031250
vt 0.250000 0.062500
vt 0.218750 0.062500
vt 0.250000 0.031250
vt 0.281250 0.062500
vt 0.281250 0.031250
vt 0.312500 0.062500
vt 0.343750 0.031250
vt 0.312500 0.031250
vt 0.375000 0.031250
vt 0.343750 0.062500
vt 0.406250 0.031250
vt 0.375000 0.062500
vt 0.437500 0.031250
vt 0.406250 0.062500
vt 0.468750 0.031250
vt 0.437500 0.062500
vt 0.500000 0.031250
vt 0.468750 0.062500
vt 0.531250 0.031250
vt 0.500000 0.062500
vt 0.562500 0.031250
vt 0.531250 0.062500
vt 0.593750 0.031250
vt 0.562500 0.062500
vt 0.625000 0.031250
vt 0.593750 0.062500
vt 0.656250 0.031250
vt 0.625000 0.062500
vt 0.687500 0.062500
vt 0.656250 0.062500
vt 0.718750 0.031250
vt 0.687500 0.031250
vt 0.750000 0.062500
vt 0.718750 0.062500
vt 0.781250 0.031250
vt 0.750000 0.031250
vt 0.812500 0.031250
vt 0.781250 0.062500
vt 0.843750 0.031250
vt 0.812500 0.062500
vt 0.875000 0.062500
vt 0.843750 0.062500
vt 0.906250 0.031250
vt 0.875000 0.031250
vt 0.937500 0.062500
vt 0.906250 0.062500
vt 0.968750 0.031250
vt 0.937500 0.031250
vt 0.031250 0.093750
vt 0.062500 0.093750
vt 0.093750 0.093750
vt 0.125000 0.093750
vt 0.156250 0.093750
vt 0.218750 0.093750
vt 0.187500 0.093750
vt 0.250000 0.093750
vt 0.281250 0.093750
vt 0.312500 0.093750
vt 0.343750 0.093750
vt 0.375000 0.093750
vt 0.406250 0.093750
vt 0.437500 0.093750
vt 0.468750 0.093750
vt 0.500000 0.093750
vt 0.531250 0.093750
vt 0.562500 0.093750
vt 0.593750 0.093750
vt 0.625000 0.093750
vt 0.656250 0.093750
vt 0.718750 0.093750
vt 0.687500 0.093750
vt 0.750000 0.093750
vt 0.781250 0.093750
vt 0.812500 0.093750
vt 0.843750 0.093750
vt 0.906250 0.093750
vt 0.875000 0.093750
vt 0.937500 0.093750
vt 0.968750 0.062500
vt 0.031250 0.125000
vt 0.062500 0.125000
vt 0.093750 0.125000
vt 0.156250 0.125000
vt 0.125000 0.125000
vt 0.187500 0.125000
vt 0.218750 0.125000
vt 0.250000 0.125000
vt 0.281250 0.125000
vt 0.312500 0.125000
vt 0.343750 0.125000
vt 0.375000 0.125000
vt 0.406250 0.125000
vt 0.437500 0.125000
vt 0.468750 0.125000
vt 0.500000 0.125000
vt 0.531250 0.125000
vt 0.562500 0.125000
vt 0.593750 0.125000
vt 0.625000 0.125000
vt 0.656250 0.125000
vt 0.718750 0.125000
vt 0.687500 0.125000
vt 0.750000 0.125000
vt 0.781250 0.125000
vt 0.812500 0.125000
vt 0.875000 0.125000
vt 0.843750 0.125000
vt 0.906250 0.125000
vt 0.937500 0.125000
vt 0.968750 0.093750
vt 0.031250 0.156250
vt 0.062500 0.156250
vt 0.125000 0.156250
vt 0.093750 0.156250
vt 0.156250 0.156250
vt 0.187500 0.156250
vt 0.250000 0.156250
vt 0.218750 0.156250
vt 0.281250 0.156250
vt 0.312500 0.156250
vt 0.343750 0.156250
vt 0.375000 0.156250
vt 0.406250 0.156250
vt 0.437500 0.156250
vt 0.468750 0.156250
vt 0.500000 0.156250
vt 0.531250 0.156250
vt 0.593750 0.156250
vt 0.562500 0.156250
vt 0.625000 0.156250
vt 0.656250 0.156250
vt 0.687500 0.156250
vt 0.718750 0.156250
vt 0.750000 0.156250
vt 0.812500 0.156250
vt 0.781250 0.156250
vt 0.843750 0.156250
vt 0.875000 0.156250
vt 0.906250 0.156250
vt 0.937500 0.156250
vt 0.968750 0.125000
vt 0.031250 0.187500
vt 0.062500 0.187500
vt 0.125000 0.187500
vt 0.093750 0.187500
vt 0.156250 0.187500
vt 0.187500 0.187500
vt 0.250000 0.187500
vt 0.218750 0.187500
vt 0.281250 0.187500
vt 0.312500 0.187500
vt 0.343750 0.187500
vt 0.375000 0.187500
vt 0.406250 0.187500
vt 0.437500 0.187500
vt 0.468750 0.187500
vt 0.500000 0.187500
vt 0.531250 0.187500
vt 0.593750 0.187500
vt 0.562500 0.187500
vt 0.625000 0.187500
vt 0.656250 0.187500
vt 0.687500 0.187500
vt 0.718750 0.187500
vt 0.750000 0.187500
vt 0.781250 0.187500
vt 0.812500 0.187500
vt 0.875000 0.187500
vt 0.843750 0.187500
vt 0.906250 0.187500
vt 0.968750 0.156250
vt 0.937500 0.187500
vt 0.031250 0.218750
vt 0.062500 0.218750
vt 0.093750 0.218750
vt 0.125000 0.218750
vt 0.187500 0.218750
vt 0.156250 0.218750
vt 0.218750 0.218750
vt 0.250000 0.218750
vt 0.281250 0.218750
vt 0.312500 0.218750
vt 0.343750 0.218750
vt 0.375000 0.218750
vt 0.406250 0.218750
vt 0.437500 0.218750
vt 0.468750 0.218750
vt 0.500000 0.218750
vt 0.531250 0.218750
vt 0.593750 0.218750
vt 0.562500 0.218750
vt 0.625000 0.218750
vt 0.656250 0.218750
vt 0.687500 0.218750
vt 0.718750 0.218750
vt 0.750000 0.218750
vt 0.781250 0.218750
vt 0.812500 0.218750
vt 0.875000 0.218750
vt 0.843750 0.218750
vt 0.906250 0.218750
vt 0.937500 0.218750
vt 0.968750 0.187500
vt 0.031250 0.250000
vt 0.062500 0.250000
vt 0.093750 0.250000
vt 0.156250 0.250000
vt 0.125000 0.250000
vt 0.187500 0.250000
vt 0.218750 0.250000
vt 0.250000 0.250000
vt 0.281250 0.250000
vt 0.312500 0.250000
vt 0.343750 0.250000
vt 0.375000 0.250000
vt 0.406250 0.250000
vt 0.437500 0.250000
vt 0.468750 0.250000
vt 0.500000 0.250000
vt 0.531250 0.250000
vt 0.593750 0.250000
vt 0.562500 0.250000
vt 0.625000 0.250000
vt 0.656250 0.250000
vt 0.687500 0.250000
vt 0.718750 0.250000
vt 0.750000 0.250000
vt 0.781250 0.250000
vt 0.812500 0.250000
vt 0.843750 0.250000
vt 0.875000 0.250000
vt 0.906250 0.250000
vt 0.968750 0.218750
vt 0.937500 0.250000
vt 0.062500 0.281250
vt 0.031250 0.281250
vt 0.125000 0.281250
vt 0.093750 0.281250
vt 0.187500 0.281250
vt 0.156250 0.281250
vt 0.218750 0.281250
vt 0.250000 0.281250
vt 0.281250 0.281250
vt 0.312500 0.281250
vt 0.343750 0.281250
vt 0.375000 0.281250
vt 0.406250 0.281250
vt 0.437500 0.281250
vt 0.468750 0.281250
vt 0.500000 0.281250
vt 0.531250 0.281250
vt 0.593750 0.281250
vt 0.562500 0.281250
vt 0.625000 0.281250
vt 0.656250 0.281250
vt 0.687500 0.281250
vt 0.718750 0.281250
vt 0.750000 0.281250
vt 0.781250 0.281250
vt 0.812500 0.281250
vt 0.843750 0.281250
vt 0.875000 0.281250
vt 0.906250 0.281250
vt 0.937500 0.281250
vt 0.968750 0.250000
vt 0.062500 0.312500
vt 0.031250 0.312500
vt 0.125000 0.312500
vt 0.093750 0.312500
vt 0.187500 0.312500
vt 0.156250 0.312500
vt 0.218750 0.312500
vt 0.250000 0.312500
vt 0.281250 0.312500
vt 0.312500 0.312500
vt 0.343750 0.312500
vt 0.375000 0.312500
vt 0.406250 0.312500
vt 0.437500 0.312500
vt 0.468750 0.312500
vt 0.500000 0.312500
vt 0.531250 0.312500
vt 0.593750 0.312500
vt 0.562500 0.312500
vt 0.625000 0.312500
vt 0.656250 0.312500
vt 0.687500 0.312500
vt 0.718750 0.312500
vt 0.750000 0.312500
vt 0.781250 0.312500
vt 0.812500 0.312500
vt 0.843750 0.312500
vt 0.875000 0.312500
vt 0.906250 0.312500
vt 0.968750 0.281250
vt 0.937500 0.312500
vt 0.062500 0.343750
vt 0.031250 0.343750
vt 0.093750 0.343750
vt 0.125000 0.343750
vt 0.187500 0.343750
vt 0.156250 0.343750
vt 0.218750 0.343750
vt 0.250000 0.343750
vt 0.281250 0.343750
vt 0.312500 0.343750
vt 0.343750 0.343750
vt 0.375000 0.343750
vt 0.406250 0.343750
vt 0.437500 0.343750
vt 0.468750 0.343750
vt 0.500000 0.343750
vt 0.531250 0.343750
vt 0.593750 0.343750
vt 0.562500 0.343750
vt 0.625000 0.343750
vt 0.656250 0.343750
vt 0.687500 0.343750
vt 0.718750 0.343750
vt 0.750000 0.343750
vt 0.781250 0.343750
vt 0.812500 0.343750
vt 0.843750 0.343750
vt 0.875000 0.343750
vt 0.906250 0.343750
vt 0.937500 0.343750
vt 0.968750 0.312500
vt 0.062500 0.375000
vt 0.031250 0.375000
vt 0.093750 0.375000
vt 0.156250 0.375000
vt 0.125000 0.375000
vt 0.187500 0.375000
vt 0.218750 0.375000
vt 0.250000 0.375000
vt 0.281250 0.375000
vt 0.312500 0.375000
vt 0.343750 0.375000
vt 0.375000 0.375000
vt 0.406250 0.375000
vt 0.437500 0.375000
vt 0.468750 0.375000
vt 0.500000 0.375000
vt 0.531250 0.375000
vt 0.593750 0.375000
vt 0.562500 0.375000
vt 0.625000 0.375000
vt 0.656250 0.375000
vt 0.687500 0.375000
vt 0.718750 0.375000
vt 0.750000 0.375000
vt 0.781250 0.375000
vt 0.812500 0.375000
vt 0.843750 0.375000
vt 0.875000 0.375000
vt 0.906250 0.375000
vt 0.968750 0.343750
vt 0.937500 0.375000
vt 0.031250 0.406250
vt 0.062500 0.406250
vt 0.093750 0.406250
vt 0.125000 0.406250
vt 0.156250 0.406250
vt 0.187500 0.406250
vt 0.218750 0.406250
vt 0.250000 0.406250
vt 0.281250 0.406250
vt 0.312500 0.406250
vt 0.343750 0.406250
vt 0.375000 0.406250
vt 0.406250 0.406250
vt 0.437500 0.406250
vt 0.468750 0.406250
vt 0.500000 0.406250
vt 0.531250 0.406250
vt 0.593750 0.406250
vt 0.562500 0.406250
vt 0.625000 0.406250
vt 0.656250 0.406250
vt 0.687500 0.406250
vt 0.718750 0.406250
vt 0.750000 0.406250
vt 0.781250 0.406250
vt 0.812500 0.406250
vt 0.843750 0.406250
vt 0.875000 0.406250
vt 0.906250 0.406250
vt 0.937500 0.406250
vt 0.968750 0.375000
vt 0.031250 0.437500
vt 0.062500 0.437500
vt 0.093750 0.437500
vt 0.156250 0.437500
vt 0.125000 0.437500
vt 0.187500 0.437500
vt 0.218750 0.437500
vt 0.250000 0.437500
vt 0.281250 0.437500
vt 0.312500 0.437500
vt 0.343750 0.437500
vt 0.375000 0.437500
vt 0.406250 0.437500
vt 0.437500 0.437500
vt 0.468750 0.437500
vt 0.500000 0.437500
vt 0.531250 0.437500
vt 0.593750 0.437500
vt 0.562500 0.437500
vt 0.625000 0.437500
vt 0.656250 0.437500
vt 0.687500 0.437500
vt 0.718750 0.437500
vt 0.750000 0.437500
vt 0.781250 0.437500
vt 0.812500 0.437500
vt 0.843750 0.437500
vt 0.875000 0.437500
vt 0.906250 0.437500
vt 0.968750 0.406250
vt 0.937500 0.437500
vt 0.062500 0.468750
vt 0.031250 0.468750
vt 0.093750 0.468750
vt 0.125000 0.468750
vt 0.156250 0.468750
vt 0.187500 0.468750
vt 0.218750 0.468750
vt 0.250000 0.468750
vt 0.281250 0.468750
vt 0.312500 0.468750
vt 0.343750 0.468750
vt 0.375000 0.468750
vt 0.406250 0.468750
vt 0.437500 0.468750
vt 0.468750 0.468750
vt 0.500000 0.468750
vt 0.531250 0.468750
vt 0.593750 0.468750
vt 0.562500 0.468750
vt 0.625000 0.468750
vt 0.656250 0.468750
vt 0.687500 0.468750
vt 0.718750 0.468750
vt 0.750000 0.468750
vt 0.781250 0.468750
vt 0.812500 0.468750
vt 0.843750 0.468750
vt 0.875000 0.468750
vt 0.906250 0.468750
vt 0.937500 0.468750
vt 0.968750 0.437500
vt 0.031250 0.500000
vt 0.093750 0.500000
vt 0.062500 0.500000
vt 0.125000 0.500000
vt 0.156250 0.500000
vt 0.187500 0.500000
vt 0.218750 0.500000
vt 0.250000 0.500000
vt 0.281250 0.500000
vt 0.312500 0.500000
vt 0.343750 0.500000
vt 0.375000 0.500000
vt 0.406250 0.500000
vt 0.437500 0.500000
vt 0.468750 0.500000
vt 0.500000 0.500000
vt 0.531250 0.500000
vt 0.562500 0.500000
vt 0.593750 0.500000
vt 0.625000 0.500000
vt 0.656250 0.500000
vt 0.687500 0.500000
vt 0.718750 0.500000
vt 0.750000 0.500000
vt 0.781250 0.500000
vt 0.812500 0.500000
vt 0.843750 0.500000
vt 0.875000 0.500000
vt 0.906250 0.500000
vt 0.968750 0.468750
vt 0.937500 0.500000
vt 0.031250 0.531250
vt 0.062500 0.531250
vt 0.093750 0.531250
vt 0.125000 0.531250
vt 0.156250 0.531250
vt 0.218750 0.531250
vt 0.187500 0.531250
vt 0.250000 0.531250
vt 0.281250 0.531250
vt 0.312500 0.531250
vt 0.343750 0.531250
vt 0.375000 0.531250
vt 0.406250 0.531250
vt 0.437500 0.531250
vt 0.468750 0.531250
vt 0.500000 0.531250
vt 0.531250 0.531250
vt 0.562500 0.531250
vt 0.593750 0.531250
vt 0.625000 0.531250
vt 0.656250 0.531250
vt 0.687500 0.531250
vt 0.718750 0.531250
vt 0.750000 0.531250
vt 0.781250 0.531250
vt 0.812500 0.531250
vt 0.843750 0.531250
vt 0.875000 0.531250
vt 0.937500 0.531250
vt 0.906250 0.531250
vt 0.968750 0.500000
vt 0.031250 0.562500
vt 0.062500 0.562500
vt 0.093750 0.562500
vt 0.156250 0.562500
vt 0.125000 0.562500
vt 0.218750 0.562500
vt 0.187500 0.562500
vt 0.250000 0.562500
vt 0.281250 0.562500
vt 0.312500 0.562500
vt 0.343750 0.562500
vt 0.375000 0.562500
vt 0.406250 0.562500
vt 0.437500 0.562500
vt 0.468750 0.562500
vt 0.500000 0.562500
vt 0.531250 0.562500
vt 0.562500 0.562500
vt 0.593750 0.562500
vt 0.625000 0.562500
vt 0.656250 0.562500
vt 0.687500 0.562500
vt 0.718750 0.562500
vt 0.750000 0.562500
vt 0.781250 0.562500
vt 0.812500 0.562500
vt 0.843750 0.562500
vt 0.875000 0.562500
vt 0.906250 0.562500
vt 0.968750 0.531250
vt 0.937500 0.562500
vt 0.062500 0.593750
vt 0.031250 0.593750
vt 0.093750 0.593750
vt 0.125000 0.593750
vt 0.156250 0.593750
vt 0.218750 0.593750
vt 0.187500 0.593750
vt 0.250000 0.593750
vt 0.281250 0.593750
vt 0.312500 0.593750
vt 0.343750 0.593750
vt 0.375000 0.593750
vt 0.406250 0.593750
vt 0.437500 0.593750
vt 0.468750 0.593750
vt 0.500000 0.593750
vt 0.531250 0.593750
vt 0.562500 0.593750
vt 0.593750 0.593750
vt 0.625000 0.593750
vt 0.656250 0.593750
vt 0.687500 0.593750
vt 0.718750 0.593750
vt 0.750000 0.593750
vt 0.781250 0.593750
vt 0.812500 0.593750
vt 0.843750 0.593750
vt 0.875000 0.593750
vt 0.937500 0.593750
vt 0.906250 0.593750
vt 0.968750 0.562500
vt 0.031250 0.625000
vt 0.062500 0.625000
vt 0.093750 0.625000
vt 0.156250 0.625000
vt 0.125000 0.625000
vt 0.187500 0.625000
vt 0.218750 0.625000
vt 0.250000 0.625000
vt 0.281250 0.625000
vt 0.312500 0.625000
vt 0.343750 0.625000
vt 0.375000 0.625000
vt 0.406250 0.625000
vt 0.437500 0.625000
vt 0.468750 0.625000
vt 0.500000 0.625000
vt 0.531250 0.625000
vt 0.562500 0.625000
vt 0.593750 0.625000
vt 0.625000 0.625000
vt 0.656250 0.625000
vt 0.687500 0.625000
vt 0.718750 0.625000
vt 0.750000 0.625000
vt 0.781250 0.625000
vt 0.812500 0.625000
vt 0.843750 0.625000
vt 0.875000 0.625000
vt 0.906250 0.625000
vt 0.968750 0.593750
vt 0.937500 0.625000
vt 0.031250 0.656250
vt 0.062500 0.656250
vt 0.093750 0.656250
vt 0.125000 0.656250
vt 0.156250 0.656250
vt 0.187500 0.656250
vt 0.250000 0.656250
vt 0.218750 0.656250
vt 0.281250 0.656250
vt 0.312500 0.656250
vt 0.343750 0.656250
vt 0.375000 0.656250
vt 0.406250 0.656250
vt 0.437500 0.656250
vt 0.468750 0.656250
vt 0.500000 0.656250
vt 0.531250 0.656250
vt 0.562500 0.656250
vt 0.593750 0.656250
vt 0.625000 0.656250
vt 0.656250 0.656250
vt 0.687500 0.656250
vt 0.718750 0.656250
vt 0.750000 0.656250
vt 0.781250 0.656250
vt 0.812500 0.656250
vt 0.843750 0.656250
vt 0.906250 0.656250
vt 0.875000 0.656250
vt 0.968750 0.656250
vt 0.937500 0.656250
vt 0.031250 0.687500
vt 0.062500 0.687500
vt 0.093750 0.687500
vt 0.125000 0.687500
vt 0.156250 0.687500
vt 0.187500 0.687500
vt 0.250000 0.687500
vt 0.218750 0.687500
vt 0.281250 0.687500
vt 0.312500 0.687500
vt 0.343750 0.687500
vt 0.375000 0.687500
vt 0.406250 0.687500
vt 0.437500 0.687500
vt 0.468750 0.687500
vt 0.500000 0.687500
vt 0.531250 0.687500
vt 0.562500 0.687500
vt 0.593750 0.687500
vt 0.625000 0.687500
vt 0.656250 0.687500
vt 0.687500 0.687500
vt 0.718750 0.687500
vt 0.750000 0.687500
vt 0.781250 0.687500
vt 0.812500 0.687500
vt 0.843750 0.687500
vt 0.875000 0.687500
vt 0.906250 0.687500
vt 0.968750 0.687500
vt 0.937500 0.687500
vt 0.031250 0.718750
vt 0.093750 0.718750
vt 0.062500 0.718750
vt 0.125000 0.718750
vt 0.187500 0.718750
vt 0.156250 0.718750
vt 0.218750 0.718750
vt 0.281250 0.718750
vt 0.250000 0.718750
vt 0.312500 0.718750
vt 0.343750 0.718750
vt 0.375000 0.718750
vt 0.406250 0.718750
vt 0.437500 0.718750
vt 0.468750 0.718750
vt 0.500000 0.718750
vt 0.531250 0.718750
vt 0.562500 0.718750
vt 0.593750 0.718750
vt 0.625000 0.718750
vt 0.656250 0.718750
vt 0.687500 0.718750
vt 0.718750 0.718750
vt 0.750000 0.718750
vt 0.781250 0.718750
vt 0.812500 0.718750
vt 0.843750 0.718750
vt 0.906250 0.718750
vt 0.875000 0.718750
vt 0.968750 0.718750
vt 0.937500 0.718750
vt 0.031250 0.750000
vt 0.093750 0.750000
vt 0.062500 0.750000
vt 0.156250 0.750000
vt 0.125000 0.750000
vt 0.187500 0.750000
vt 0.218750 0.750000
vt 0.250000 0.750000
vt 0.281250 0.750000
vt 0.312500 0.750000
vt 0.343750 0.750000
vt 0.375000 0.750000
vt 0.406250 0.750000
vt 0.437500 0.750000
vt 0.468750 0.750000
vt 0.500000 0.750000
vt 0.531250 0.750000
vt 0.562500 0.750000
vt 0.593750 0.750000
vt 0.625000 0.750000
vt 0.656250 0.750000
vt 0.687500 0.750000
vt 0.718750 0.750000
vt 0.750000 0.750000
vt 0.781250 0.750000
vt 0.843750 0.750000
vt 0.812500 0.750000
vt 0.875000 0.750000
vt 0.906250 0.750000
vt 0.937500 0.750000
vt 0.031250 0.781250
vt 0.062500 0.781250
vt 0.093750 0.781250
vt 0.125000 0.781250
vt 0.187500 0.781250
vt 0.156250 0.781250
vt 0.218750 0.781250
vt 0.281250 0.781250
vt 0.250000 0.781250
vt 0.343750 0.781250
vt 0.312500 0.781250
vt 0.375000 0.781250
vt 0.406250 0.781250
vt 0.437500 0.781250
vt 0.468750 0.781250
vt 0.500000 0.781250
vt 0.531250 0.781250
vt 0.562500 0.781250
vt 0.593750 0.781250
vt 0.625000 0.781250
vt 0.656250 0.781250
vt 0.687500 0.781250
vt 0.718750 0.781250
vt 0.750000 0.781250
vt 0.781250 0.781250
vt 0.812500 0.781250
vt 0.843750 0.781250
vt 0.875000 0.781250
vt 0.906250 0.781250
vt 0.968750 0.781250
vt 0.937500 0.781250
vt 0.031250 0.812500
vt 0.062500 0.812500
vt 0.093750 0.812500
vt 0.156250 0.812500
vt 0.125000 0.812500
vt 0.218750 0.812500
vt 0.187500 0.812500
vt 0.281250 0.812500
vt 0.250000 0.812500
vt 0.343750 0.812500
vt 0.312500 0.812500
vt 0.375000 0.812500
vt 0.406250 0.812500
vt 0.437500 0.812500
vt 0.468750 0.812500
vt 0.500000 0.812500
vt 0.531250 0.812500
vt 0.562500 0.812500
vt 0.593750 0.812500
vt 0.625000 0.812500
vt 0.656250 0.812500
vt 0.687500 0.812500
vt 0.718750 0.812500
vt 0.781250 0.812500
vt 0.750000 0.812500
vt 0.812500 0.812500
vt 0.843750 0.812500
vt 0.906250 0.812500
vt 0.875000 0.812500
vt 0.968750 0.812500
vt 0.937500 0.812500
vt 0.031250 0.843750
vt 0.062500 0.843750
vt 0.093750 0.843750
vt 0.156250 0.843750
vt 0.125000 0.843750
vt 0.218750 0.843750
vt 0.187500 0.843750
vt 0.281250 0.843750
vt 0.250000 0.843750
vt 0.343750 0.843750
vt 0.312500 0.843750
vt 0.406250 0.843750
vt 0.375000 0.843750
vt 0.437500 0.843750
vt 0.468750 0.843750
vt 0.500000 0.843750
vt 0.531250 0.843750
vt 0.562500 0.843750
vt 0.593750 0.843750
vt 0.625000 0.843750
vt 0.656250 0.843750
vt 0.718750 0.843750
vt 0.687500 0.843750
vt 0.781250 0.843750
vt 0.750000 0.843750
vt 0.812500 0.843750
vt 0.843750 0.843750
vt 0.875000 0.843750
vt 0.906250 0.843750
vt 0.937500 0.843750
vt 0.031250 0.875000
vt 0.062500 0.875000
vt 0.125000 0.875000
vt 0.093750 0.875000
vt 0.156250 0.875000
vt 0.187500 0.875000
vt 0.218750 0.875000
vt 0.281250 0.875000
vt 0.250000 0.875000
vt 0.343750 0.875000
vt 0.312500 0.875000
vt 0.406250 0.875000
vt 0.375000 0.875000
vt 0.468750 0.875000
vt 0.437500 0.875000
vt 0.531250 0.875000
vt 0.500000 0.875000
vt 0.593750 0.875000
vt 0.562500 0.875000
vt 0.656250 0.875000
vt 0.625000 0.875000
vt 0.718750 0.875000
vt 0.687500 0.875000
vt 0.781250 0.875000
vt 0.750000 0.875000
vt 0.812500 0.875000
vt 0.843750 0.875000
vt 0.875000 0.875000
vt 0.906250 0.875000
vt 0.968750 0.843750
vt 0.937500 0.875000
vt 0.062500 0.906250
vt 0.031250 0.906250
vt 0.093750 0.906250
vt 0.125000 0.906250
vt 0.156250 0.906250
vt 0.187500 0.906250
vt 0.218750 0.906250
vt 0.250000 0.906250
vt 0.281250 0.906250
vt 0.312500 0.906250
vt 0.343750 0.906250
vt 0.406250 0.906250
vt 0.375000 0.906250
vt 0.468750 0.906250
vt 0.437500 0.906250
vt 0.531250 0.906250
vt 0.500000 0.906250
vt 0.593750 0.906250
vt 0.562500 0.906250
vt 0.656250 0.906250
vt 0.625000 0.906250
vt 0.687500 0.906250
vt 0.718750 0.906250
vt 0.750000 0.906250
vt 0.781250 0.906250
vt 0.812500 0.906250
vt 0.875000 0.906250
vt 0.843750 0.906250
vt 0.906250 0.906250
vt 0.968750 0.875000
vt 0.937500 0.906250
vt 0.062500 0.937500
vt 0.031250 0.937500
vt 0.093750 0.937500
vt 0.125000 0.937500
vt 0.156250 0.937500
vt 0.187500 0.937500
vt 0.218750 0.937500
vt 0.281250 0.937500
vt 0.250000 0.937500
vt 0.312500 0.937500
vt 0.343750 0.937500
vt 0.406250 0.937500
vt 0.375000 0.937500
vt 0.468750 0.937500
vt 0.437500 0.937500
vt 0.531250 0.937500
vt 0.500000 0.937500
vt 0.593750 0.937500
vt 0.562500 0.937500
vt 0.656250 0.937500
vt 0.625000 0.937500
vt 0.687500 0.937500
vt 0.718750 0.937500
vt 0.781250 0.937500
vt 0.750000 0.937500
vt 0.812500 0.937500
vt 0.843750 0.937500
vt 0.875000 0.937500
vt 0.906250 0.937500
vt 0.968750 0.937500
vt 0.937500 0.937500
vt 0.031250 0.968750
vt 0.062500 0.968750
vt 0.125000 0.968750
vt 0.093750 0.968750
vt 0.156250 0.968750
vt 0.218750 0.968750
vt 0.187500 0.968750
vt 0.281250 0.968750
vt 0.250000 0.968750
vt 0.312500 0.968750
vt 0.343750 0.968750
vt 0.375000 0.968750
vt 0.437500 0.968750
vt 0.406250 0.968750
vt 0.468750 0.968750
vt 0.500000 0.968750
vt 0.531250 0.968750
vt 0.562500 0.968750
vt 0.593750 0.968750
vt 0.656250 0.968750
vt 0.625000 0.968750
vt 0.687500 0.968750
vt 0.718750 0.968750
vt 0.781250 0.968750
vt 0.750000 0.968750
vt 0.843750 0.968750
vt 0.812500 0.968750
vt 0.875000 0.968750
vt 0.906250 0.968750
vt 0.968750 0.968750
vt 0.937500 0.968750
vt 0.031250 0.000000
vt 0.000000 0.031250
vt 0.000000 0.000000
vt 0.062500 0.000000
vt 0.125000 0.000000
vt 0.093750 0.000000
vt 0.156250 0.000000
vt 0.187500 0.000000
vt 0.218750 0.000000
vt 0.281250 0.000000
vt 0.250000 0.000000
vt 0.312500 0.000000
vt 0.343750 0.000000
vt 0.375000 0.000000
vt 0.406250 0.000000
vt 0.437500 0.000000
vt 0.468750 0.000000
vt 0.500000 0.000000
vt 0.531250 0.000000
vt 0.562500 0.000000
vt 0.593750 0.000000
vt 0.625000 0.000000
vt 0.656250 0.000000
vt 0.718750 0.000000
vt 0.687500 0.000000
vt 0.750000 0.000000
vt 0.781250 0.000000
vt 0.812500 0.000000
vt 0.843750 0.000000
vt 0.906250 0.000000
vt 0.875000 0.000000
vt 0.968750 0.000000
vt 0.937500 0.000000
vt 1.000000 0.000000
vt 1.000000 0.031250
vt 1.000000 0.062500
vt 1.000000 0.093750
vt 1.000000 0.125000
vt 1.000000 0.156250
vt 1.000000 0.187500
vt 1.000000 0.218750
vt 1.000000 0.281250
vt 1.000000 0.312500
vt 1.000000 0.343750
vt 1.000000 0.375000
vt 1.000000 0.406250
vt 1.000000 0.437500
vt 1.000000 0.468750
vt 1.000000 0.500000
vt 1.000000 0.531250
vt 1.000000 0.562500
vt 1.000000 0.593750
vt 0.968750 0.625000
vt 1.000000 0.625000
vt 1.000000 0.656250
vt 1.000000 0.687500
vt 1.000000 0.750000
vt 0.968750 0.750000
vt 1.000000 0.781250
vt 1.000000 0.812500
vt 1.000000 0.843750
vt 1.000000 0.875000
vt 0.968750 0.906250
vt 1.000000 0.906250
vt 1.000000 0.968750
vt 1.000000 1.000000
vt 0.968750 1.000000
vt 0.937500 1.000000
vt 0.906250 1.000000
vt 0.875000 1.000000
vt 0.843750 1.000000
vt 0.812500 1.000000
vt 0.781250 1.000000
vt 0.750000 1.000000
vt 0.718750 1.000000
vt 0.687500 1.000000
vt 0.656250 1.000000
vt 0.625000 1.000000
vt 0.593750 1.000000
vt 0.562500 1.000000
vt 0.531250 1.000000
vt 0.500000 1.000000
vt 0.468750 1.000000
vt 0.437500 1.000000
vt 0.406250 1.000000
vt 0.375000 1.000000
vt 0.343750 1.000000
vt 0.312500 1.000000
vt 0.281250 1.000000
vt 0.250000 1.000000
vt 0.218750 1.000000
vt 0.187500 1.000000
vt 0.156250 1.000000
vt 0.125000 1.000000
vt 0.093750 1.000000
vt 0.062500 1.000000
vt 0.031250 1.000000
vt 0.000000 0.968750
vt 0.000000 1.000000
vt 0.000000 0.937500
vt 0.000000 0.906250
vt 0.000000 0.875000
vt 0.000000 0.843750
vt 0.000000 0.812500
vt 0.000000 0.781250
vt 0.000000 0.750000
vt 0.000000 0.718750
vt 0.000000 0.687500
vt 0.000000 0.656250
vt 0.000000 0.625000
vt 0.000000 0.593750
vt 0.000000 0.562500
vt 0.000000 0.531250
vt 0.000000 0.500000
vt 0.000000 0.468750
vt 0.000000 0.437500
vt 0.000000 0.406250
vt 0.000000 0.375000
vt 0.000000 0.343750
vt 0.000000 0.312500
vt 0.000000 0.281250
vt 0.000000 0.250000
vt 0.000000 0.218750
vt 0.000000 0.187500
vt 0.000000 0.156250
vt 0.000000 0.125000
vt 0.000000 0.093750
vt 0.000000 0.062500
vt 1.000000 0.250000
vt 1.000000 0.718750
vt 1.000000 0.937500
s 0
f 130/1/1 160/2/1 129/3/1
f 130/1/1 162/4/1 161/5/1
f 131/6/1 163/7/1 162/4/1
f 133/8/1 163/7/1 132/9/1
f 133/8/1 165/10/1 164/11/1
f 135/12/1 165/10/1 134/13/1
f 135/12/1 167/14/1 166/15/1
f 136/16/1 168/17/1 167/14/1
f 137/18/1 169/19/1 168/17/1
f 139/20/1 169/19/1 138/21/1
f 140/22/1 170/23/1 139/20/1
f 141/24/1 171/25/1 140/22/1
f 142/26/1 172/27/1 141/24/1
f 143/28/1 173/29/1 142/26/1
f 144/30/1 174/31/1 143/28/1
f 145/32/1 175/33/1 144/30/1
f 146/34/1 176/35/1 145/32/1
f 147/36/1 177/37/1 146/34/1
f 148/38/1 178/39/1 147/36/1
f 149/40/1 179/41/1 148/38/1
f 149/40/1 181/42/1 180/43/1
f 151/44/1 181/42/1 150/45/1
f 151/44/1 183/46/1 182/47/1
f 153/48/1 183/46/1 152/49/1
f 154/50/1 184/51/1 153/48/1
f 155/52/1 185/53/1 154/50/1
f 155/52/1 187/54/1 186/55/1
f 157/56/1 187/54/1 156/57/1
f 157/56/1 189/58/1 188/59/1
f 159/60/1 189/58/1 158/61/1
f 161/5/1 191/62/1 160/2/1
f 162/4/1 192/63/1 161/5/1
f 163/7/1 193/64/1 162/4/1
f 164/11/1 194/65/1 163/7/1
f 165/10/1 195/66/1 164/11/1
f 165/10/1 197/67/1 196/68/1
f 166/15/1 198/69/1 197/67/1
f 168/17/1 198/69/1 167/14/1
f 169/19/1 199/70/1 168/17/1
f 170/23/1 200/71/1 169/19/1
f 171/25/1 201/72/1 170/23/1
f 172/27/1 202/73/1 171/25/1
f 173/29/1 203/74/1 172/27/1
f 174/31/1 204/75/1 173/29/1
f 175/33/1 205/76/1 174/31/1
f 176/35/1 206/77/1 175/33/1
f 177/37/1 207/78/1 176/35/1
f 178/39/1 208/79/1 177/37/1
f 179/41/1 209/80/1 178/39/1
f 180/43/1 210/81/1 179/41/1
f 181/42/1 211/82/1 180/43/1
f 181/42/1 213/83/1 212/84/1
f 183/46/1 213/83/1 182/47/1
f 184/51/1 214/85/1 183/46/1
f 185/53/1 215/86/1 184/51/1
f 186/55/1 216/87/1 185/53/1
f 187/54/1 217/88/1 186/55/1
f 187/54/1 219/89/1 218/90/1
f 188/59/1 220/91/1 219/89/1
f 190/92/1 220/91/1 189/58/1
f 192/63/1 222/93/1 191/62/1
f 193/64/1 223/94/1 192/63/1
f 194/65/1 224/95/1 193/64/1
f 194/65/1 226/96/1 225/97/1
f 195/66/1 227/98/1 226/96/1
f 196/68/1 228/99/1 227/98/1
f 197/67/1 229/100/1 228/99/1
f 199/70/1 229/100/1 198/69/1
f 200/71/1 230/101/1 199/70/1
f 201/72/1 231/102/1 200/71/1
f 202/73/1 232/103/1 201/72/1
f 203/74/1 233/104/1 202/73/1
f 204/75/1 234/105/1 203/74/1
f 205/76/1 235/106/1 204/75/1
f 206/77/1 236/107/1 205/76/1
f 207/78/1 237/108/1 206/77/1
f 208/79/1 238/109/1 207/78/1
f 209/80/1 239/110/1 208/79/1
f 210/81/1 240/111/1 209/80/1
f 211/82/1 241/112/1 210/81/1
f 212/84/1 242/113/1 211/82/1
f 212/84/1 244/114/1 243/115/1
f 213/83/1 245/116/1 244/114/1
f 215/86/1 245/116/1 214/85/1
f 216/87/1 246/117/1 215/86/1
f 217/88/1 247/118/1 216/87/1
f 217/88/1 249/119/1 248/120/1
f 218/90/1 250/121/1 249/119/1
f 219/89/1 251/122/1 250/121/1
f 221/123/1 251/122/1 220/91/1
f 223/94/1 253/124/1 222/93/1
f 224/95/1 254/125/1 223/94/1
f 224/95/1 256/126/1 255/127/1
f 226/96/1 256/126/1 225/97/1
f 227/98/1 257/128/1 226/96/1
f 228/99/1 258/129/1 227/98/1
f 228/99/1 260/130/1 259/131/1
f 230/101/1 260/130/1 229/100/1
f 231/102/1 261/132/1 230/101/1
f 232/103/1 262/133/1 231/102/1
f 233/104/1 263/134/1 232/103/1
f 234/105/1 264/135/1 233/104/1
f 235/106/1 265/136/1 234/105/1
f 236/107/2 266/137/2 235/106/2
f 237/108/3 267/138/3 236/107/3
f 238/109/4 268/139/4 237/108/4
f 239/110/5 269/140/5 238/109/5
f 239/110/6 271/141/6 270/142/6
f 240/111/7 272/143/7 271/141/7
f 241/112/8 273/144/8 272/143/8
f 242/113/9 274/145/9 273/144/9
f 243/115/1 275/146/1 274/145/1
f 244/114/1 276/147/1 275/146/1
f 246/117/1 276/147/1 245/116/1
f 246/117/1 278/148/1 277/149/1
f 247/118/1 279/150/1 278/148/1
f 248/120/1 280/151/1 279/150/1
f 249/119/1 281/152/1 280/151/1
f 250/121/1 282/153/1 281/152/1
f 252/154/1 282/153/1 251/122/1
f 254/125/1 284/155/1 253/124/1
f 255/127/1 285/156/1 254/125/1
f 255/127/1 287/157/1 286/158/1
f 257/128/1 287/157/1 256/126/1
f 258/129/1 288/159/1 257/128/1
f 259/131/1 289/160/1 258/129/1
f 259/131/1 291/161/1 290/162/1
f 261/132/1 291/161/1 260/130/1
f 262/133/1 292/163/1 261/132/1
f 263/134/1 293/164/1 262/133/1
f 264/135/1 294/165/1 263/134/1
f 265/136/10 295/166/10 264/135/10
f 266/137/11 296/167/11 265/136/11
f 267/138/12 297/168/12 266/137/12
f 268/139/13 298/169/13 267/138/13
f 269/140/14 299/170/14 268/139/14
f 270/142/15 300/171/15 269/140/15
f 270/142/16 302/172/16 301/173/16
f 271/141/17 303/174/17 302/172/17
f 272/143/18 304/175/18 303/174/18
f 273/144/19 305/176/19 304/175/19
f 274/145/20 306/177/20 305/176/20
f 275/146/21 307/178/21 306/177/21
f 277/149/1 307/178/1 276/147/1
f 278/148/1 308/179/1 277/149/1
f 279/150/1 309/180/1 278/148/1
f 279/150/1 311/181/1 310/182/1
f 281/152/1 311/181/1 280/151/1
f 282/153/1 312/183/1 281/152/1
f 283/184/1 313/185/1 282/153/1
f 285/156/1 315/186/1 284/155/1
f 286/158/1 316/187/1 285/156/1
f 287/157/1 317/188/1 286/158/1
f 288/159/1 318/189/1 287/157/1
f 288/159/1 320/190/1 319/191/1
f 289/160/1 321/192/1 320/190/1
f 290/162/1 322/193/1 321/192/1
f 292/163/1 322/193/1 291/161/1
f 293/164/1 323/194/1 292/163/1
f 294/165/1 324/195/1 293/164/1
f 295/166/22 325/196/22 294/165/22
f 296/167/23 326/197/23 295/166/23
f 297/168/24 327/198/24 296/167/24
f 298/169/25 328/199/25 297/168/25
f 299/170/26 329/200/26 298/169/26
f 300/171/27 330/201/27 299/170/27
f 301/173/28 331/202/28 300/171/28
f 301/173/29 333/203/29 332/204/29
f 302/172/30 334/205/30 333/203/30
f 303/174/31 335/206/31 334/205/31
f 304/175/32 336/207/32 335/206/32
f 305/176/33 337/208/33 336/207/33
f 306/177/34 338/209/34 337/208/34
f 307/178/35 339/210/35 338/209/35
f 309/180/1 339/210/1 308/179/1
f 310/182/1 340/211/1 309/180/1
f 310/182/1 342/212/1 341/213/1
f 311/181/1 343/214/1 342/212/1
f 312/183/1 344/215/1 343/214/1
f 314/216/1 344/215/1 313/185/1
f 316/187/1 346/217/1 315/186/1
f 317/188/1 347/218/1 316/187/1
f 318/189/1 348/219/1 317/188/1
f 318/189/1 350/220/1 349/221/1
f 319/191/1 351/222/1 350/220/1
f 320/190/1 352/223/1 351/222/1
f 321/192/1 353/224/1 352/223/1
f 322/193/1 354/225/1 353/224/1
f 324/195/1 354/225/1 323/194/1
f 325/196/36 355/226/36 324/195/36
f 326/197/37 356/227/37 325/196/37
f 327/198/38 357/228/38 326/197/38
f 328/199/39 358/229/39 327/198/39
f 329/200/40 359/230/40 328/199/40
f 330/201/41 360/231/41 329/200/41
f 331/202/42 361/232/42 330/201/42
f 332/204/43 362/233/43 331/202/43
f 332/204/44 364/234/44 363/235/44
f 333/203/45 365/236/45 364/234/45
f 334/205/46 366/237/46 365/236/46
f 335/206/47 367/238/47 366/237/47
f 336/207/48 368/239/48 367/238/48
f 337/208/49 369/240/49 368/239/49
f 338/209/50 370/241/50 369/240/50
f 339/210/51 371/242/51 370/241/51
f 341/213/1 371/242/1 340/211/1
f 342/212/1 372/243/1 341/213/1
f 343/214/1 373/244/1 342/212/1
f 344/215/1 374/245/1 343/214/1
f 345/246/1 375/247/1 344/215/1
f 346/217/1 378/248/1 377/249/1
f 348/219/1 378/248/1 347/218/1
f 348/219/1 380/250/1 379/251/1
f 350/220/1 380/250/1 349/221/1
f 350/220/1 382/252/1 381/253/1
f 352/223/1 382/252/1 351/222/1
f 353/224/1 383/254/1 352/223/1
f 354/225/1 384/255/1 353/224/1
f 355/226/52 385/256/52 354/225/52
f 356/227/53 386/257/53 355/226/53
f 357/228/54 387/258/54 356/227/54
f 358/229/55 388/259/55 357/228/55
f 359/230/56 389/260/56 358/229/56
f 360/231/57 390/261/57 359/230/57
f 361/232/58 391/262/58 360/231/58
f 362/233/59 392/263/59 361/232/59
f 363/235/60 393/264/60 362/233/60
f 363/235/61 395/265/61 394/266/61
f 364/234/62 396/267/62 395/265/62
f 365/236/63 397/268/63 396/267/63
f 366/237/64 398/269/64 397/268/64
f 367/238/65 399/270/65 398/269/65
f 368/239/66 400/271/66 399/270/66
f 369/240/67 401/272/67 400/271/67
f 370/241/68 402/273/68 401/272/68
f 371/242/69 403/274/69 402/273/69
f 372/243/1 404/275/1 403/274/1
f 373/244/1 405/276/1 404/275/1
f 374/245/1 406/277/1 405/276/1
f 376/278/1 406/277/1 375/247/1
f 377/249/1 409/279/1 408/280/1
f 379/251/1 409/279/1 378/248/1
f 379/251/1 411/281/1 410/282/1
f 381/253/1 411/281/1 380/250/1
f 381/253/1 413/283/1 412/284/1
f 383/254/1 413/283/1 382/252/1
f 384/255/1 414/285/1 383/254/1
f 385/256/70 415/286/70 384/255/70
f 386/257/71 416/287/71 385/256/71
f 387/258/72 417/288/72 386/257/72
f 388/259/73 418/289/73 387/258/73
f 389/260/74 419/290/74 388/259/74
f 390/261/75 420/291/75 389/260/75
f 391/262/76 421/292/76 390/261/76
f 392/263/77 422/293/77 391/262/77
f 393/264/78 423/294/78 392/263/78
f 394/266/79 424/295/79 393/264/79
f 394/266/80 426/296/80 425/297/80
f 395/265/81 427/298/81 426/296/81
f 396/267/82 428/299/82 427/298/82
f 397/268/83 429/300/83 428/299/83
f 398/269/84 430/301/84 429/300/84
f 399/270/85 431/302/85 430/301/85
f 400/271/86 432/303/86 431/302/86
f 401/272/87 433/304/87 432/303/87
f 402/273/88 434/305/88 433/304/88
f 403/274/89 435/306/89 434/305/89
f 405/276/1 435/306/1 404/275/1
f 406/277/1 436/307/1 405/276/1
f 407/308/1 437/309/1 406/277/1
f 408/280/1 440/310/1 439/311/1
f 410/282/1 440/310/1 409/279/1
f 411/281/1 441/312/1 410/282/1
f 412/284/1 442/313/1 411/281/1
f 412/284/1 444/314/1 443/315/1
f 414/285/1 444/314/1 413/283/1
f 415/286/90 445/316/90 414/285/90
f 416/287/91 446/317/91 415/286/91
f 417/288/92 447/318/92 416/287/92
f 418/289/93 448/319/93 417/288/93
f 419/290/94 449/320/94 418/289/94
f 420/291/95 450/321/95 419/290/95
f 421/292/96 451/322/96 420/291/96
f 422/293/97 452/323/97 421/292/97
f 423/294/98 453/324/98 422/293/98
f 424/295/99 454/325/99 423/294/99
f 425/297/100 455/326/100 424/295/100
f 425/297/101 457/327/101 456/328/101
f 426/296/102 458/329/102 457/327/102
f 427/298/103 459/330/103 458/329/103
f 428/299/104 460/331/104 459/330/104
f 429/300/105 461/332/105 460/331/105
f 430/301/106 462/333/106 461/332/106
f 431/302/107 463/334/107 462/333/107
f 432/303/108 464/335/108 463/334/108
f 433/304/109 465/336/109 464/335/109
f 434/305/110 466/337/110 465/336/110
f 435/306/1 467/338/1 466/337/1
f 436/307/1 468/339/1 467/338/1
f 438/340/1 468/339/1 437/309/1
f 439/311/1 471/341/1 470/342/1
f 441/312/1 471/341/1 440/310/1
f 442/313/1 472/343/1 441/312/1
f 442/313/1 474/344/1 473/345/1
f 443/315/1 475/346/1 474/344/1
f 445/316/1 475/346/1 444/314/1
f 446/317/111 476/347/111 445/316/111
f 447/318/112 477/348/112 446/317/112
f 448/319/113 478/349/113 447/318/113
f 449/320/114 479/350/114 448/319/114
f 450/321/115 480/351/115 449/320/115
f 451/322/116 481/352/116 450/321/116
f 452/323/117 482/353/117 451/322/117
f 453/324/118 483/354/118 452/323/118
f 454/325/119 484/355/119 453/324/119
f 455/326/120 485/356/120 454/325/120
f 456/328/121 486/357/121 455/326/121
f 456/328/122 488/358/122 487/359/122
f 457/327/123 489/360/123 488/358/123
f 458/329/124 490/361/124 489/360/124
f 459/330/125 491/362/125 490/361/125
f 460/331/126 492/363/126 491/362/126
f 461/332/127 493/364/127 492/363/127
f 462/333/128 494/365/128 493/364/128
f 463/334/129 495/366/129 494/365/129
f 464/335/130 496/367/130 495/366/130
f 465/336/131 497/368/131 496/367/131
f 466/337/132 498/369/132 497/368/132
f 468/339/1 498/369/1 467/338/1
f 469/370/1 499/371/1 468/339/1
f 471/341/1 501/372/1 470/342/1
f 472/343/1 502/373/1 471/341/1
f 473/345/1 503/374/1 472/343/1
f 474/344/1 504/375/1 473/345/1
f 475/346/1 505/376/1 474/344/1
f 476/347/133 506/377/133 475/346/133
f 477/348/134 507/378/134 476/347/134
f 478/349/135 508/379/135 477/348/135
f 479/350/136 509/380/136 478/349/136
f 480/351/137 510/381/137 479/350/137
f 481/352/138 511/382/138 480/351/138
f 482/353/139 512/383/139 481/352/139
f 483/354/140 513/384/140 482/353/140
f 484/355/141 514/385/141 483/354/141
f 485/356/142 515/386/142 484/355/142
f 486/357/143 516/387/143 485/356/143
f 487/359/144 517/388/144 486/357/144
f 487/359/145 519/389/145 518/390/145
f 488/358/146 520/391/146 519/389/146
f 489/360/147 521/392/147 520/391/147
f 490/361/148 522/393/148 521/392/148
f 491/362/149 523/394/149 522/393/149
f 492/363/150 524/395/150 523/394/150
f 493/364/151 525/396/151 524/395/151
f 494/365/152 526/397/152 525/396/152
f 495/366/153 527/398/153 526/397/153
f 496/367/154 528/399/154 527/398/154
f 497/368/155 529/400/155 528/399/155
f 498/369/1 530/401/1 529/400/1
f 500/402/1 530/401/1 499/371/1
f 502/373/1 532/403/1 501/372/1
f 503/374/1 533/404/1 502/373/1
f 504/375/1 534/405/1 503/374/1
f 504/375/1 536/406/1 535/407/1
f 505/376/1 537/408/1 536/406/1
f 507/378/156 537/408/156 506/377/156
f 508/379/157 538/409/157 507/378/157
f 509/380/158 539/410/158 508/379/158
f 510/381/159 540/411/159 509/380/159
f 511/382/160 541/412/160 510/381/160
f 512/383/161 542/413/161 511/382/161
f 513/384/162 543/414/162 512/383/162
f 514/385/163 544/415/163 513/384/163
f 515/386/164 545/416/164 514/385/164
f 516/387/165 546/417/165 515/386/165
f 517/388/166 547/418/166 516/387/166
f 518/390/167 548/419/167 517/388/167
f 518/390/168 550/420/168 549/421/168
f 519/389/169 551/422/169 550/420/169
f 520/391/170 552/423/170 551/422/170
f 521/392/171 553/424/171 552/423/171
f 522/393/172 554/425/172 553/424/172
f 523/394/173 555/426/173 554/425/173
f 524/395/174 556/427/174 555/426/174
f 525/396/175 557/428/175 556/427/175
f 526/397/176 558/429/176 557/428/176
f 527/398/177 559/430/177 558/429/177
f 528/399/178 560/431/178 559/430/178
f 530/401/1 560/431/1 529/400/1
f 531/432/1 561/433/1 530/401/1
f 532/403/1 564/434/1 563/435/1
f 533/404/1 565/436/1 564/434/1
f 535/407/1 565/436/1 534/405/1
f 536/406/1 566/437/1 535/407/1
f 537/408/1 567/438/1 536/406/1
f 538/409/179 568/439/179 537/408/179
f 539/410/180 569/440/180 538/409/180
f 540/411/181 570/441/181 539/410/181
f 541/412/182 571/442/182 540/411/182
f 542/413/183 572/443/183 541/412/183
f 543/414/184 573/444/184 542/413/184
f 544/415/185 574/445/185 543/414/185
f 545/416/186 575/446/186 544/415/186
f 546/417/187 576/447/187 545/416/187
f 547/418/188 577/448/188 546/417/188
f 548/419/189 578/449/189 547/418/189
f 549/421/190 579/450/190 548/419/190
f 549/421/191 581/451/191 580/452/191
f 550/420/192 582/453/192 581/451/192
f 551/422/193 583/454/193 582/453/193
f 552/423/194 584/455/194 583/454/194
f 553/424/195 585/456/195 584/455/195
f 554/425/196 586/457/196 585/456/196
f 555/426/197 587/458/197 586/457/197
f 556/427/198 588/459/198 587/458/198
f 557/428/199 589/460/199 588/459/199
f 558/429/200 590/461/200 589/460/200
f 559/430/201 591/462/201 590/461/201
f 560/431/1 592/463/1 591/462/1
f 562/464/1 592/463/1 561/433/1
f 564/434/1 594/465/1 563/435/1
f 564/434/1 596/466/1 595/467/1
f 565/436/1 597/468/1 596/466/1
f 566/437/1 598/469/1 597/468/1
f 567/438/1 599/470/1 598/469/1
f 568/439/202 600/471/202 599/470/202
f 569/440/203 601/472/203 600/471/203
f 570/441/204 602/473/204 601/472/204
f 571/442/205 603/474/205 602/473/205
f 572/443/206 604/475/206 603/474/206
f 573/444/207 605/476/207 604/475/207
f 574/445/208 606/477/208 605/476/208
f 575/446/209 607/478/209 606/477/209
f 576/447/210 608/479/210 607/478/210
f 577/448/211 609/480/211 608/479/211
f 578/449/212 610/481/212 609/480/212
f 579/450/213 611/482/213 610/481/213
f 581/451/214 611/482/214 580/452/214
f 582/453/215 612/483/215 581/451/215
f 583/454/216 613/484/216 582/453/216
f 584/455/217 614/485/217 583/454/217
f 585/456/218 615/486/218 584/455/218
f 586/457/219 616/487/219 585/456/219
f 587/458/220 617/488/220 586/457/220
f 588/459/221 618/489/221 587/458/221
f 589/460/222 619/490/222 588/459/222
f 590/461/223 620/491/223 589/460/223
f 591/462/224 621/492/224 590/461/224
f 592/463/1 622/493/1 591/462/1
f 593/494/1 623/495/1 592/463/1
f 595/467/1 625/496/1 594/465/1
f 596/466/1 626/497/1 595/467/1
f 597/468/1 627/498/1 596/466/1
f 598/469/1 628/499/1 597/468/1
f 599/470/1 629/500/1 598/469/1
f 599/470/225 631/501/225 630/502/225
f 600/471/226 632/503/226 631/501/226
f 601/472/227 633/504/227 632/503/227
f 602/473/228 634/505/228 633/504/228
f 603/474/229 635/506/229 634/505/229
f 604/475/230 636/507/230 635/506/230
f 605/476/231 637/508/231 636/507/231
f 606/477/232 638/509/232 637/508/232
f 607/478/233 639/510/233 638/509/233
f 608/479/234 640/511/234 639/510/234
f 609/480/235 641/512/235 640/511/235
f 610/481/236 642/513/236 641/512/236
f 612/483/237 642/513/237 611/482/237
f 613/484/238 643/514/238 612/483/238
f 614/485/239 644/515/239 613/484/239
f 615/486/240 645/516/240 614/485/240
f 616/487/241 646/517/241 615/486/241
f 617/488/242 647/518/242 616/487/242
f 618/489/243 648/519/243 617/488/243
f 619/490/244 649/520/244 618/489/244
f 620/491/245 650/521/245 619/490/245
f 621/492/246 651/522/246 620/491/246
f 622/493/247 652/523/247 621/492/247
f 622/493/1 654/524/1 653/525/1
f 624/526/1 654/524/1 623/495/1
f 626/497/1 656/527/1 625/496/1
f 627/498/1 657/528/1 626/497/1
f 628/499/1 658/529/1 627/498/1
f 628/499/1 660/530/1 659/531/1
f 630/502/1 660/530/1 629/500/1
f 630/502/248 662/532/248 661/533/248
f 631/501/249 663/534/249 662/532/249
f 632/503/250 664/535/250 663/534/250
f 633/504/251 665/536/251 664/535/251
f 634/505/252 666/537/252 665/536/252
f 635/506/253 667/538/253 666/537/253
f 636/507/254 668/539/254 667/538/254
f 637/508/255 669/540/255 668/539/255
f 638/509/256 670/541/256 669/540/256
f 639/510/257 671/542/257 670/541/257
f 640/511/258 672/543/258 671/542/258
f 641/512/259 673/544/259 672/543/259
f 643/514/260 673/544/260 642/513/260
f 644/515/261 674/545/261 643/514/261
f 645/516/262 675/546/262 644/515/262
f 646/517/263 676/547/263 645/516/263
f 647/518/264 677/548/264 646/517/264
f 648/519/265 678/549/265 647/518/265
f 649/520/266 679/550/266 648/519/266
f 650/521/267 680/551/267 649/520/267
f 651/522/268 681/552/268 650/521/268
f 652/523/269 682/553/269 651/522/269
f 653/525/270 683/554/270 652/523/270
f 654/524/1 684/555/1 653/525/1
f 655/556/1 685/557/1 654/524/1
f 656/527/1 688/558/1 687/559/1
f 658/529/1 688/558/1 657/528/1
f 659/531/1 689/560/1 658/529/1
f 660/530/1 690/561/1 659/531/1
f 661/533/1 691/562/1 660/530/1
f 661/533/271 693/563/271 692/564/271
f 662/532/272 694/565/272 693/563/272
f 663/534/273 695/566/273 694/565/273
f 664/535/274 696/567/274 695/566/274
f 665/536/275 697/568/275 696/567/275
f 666/537/276 698/569/276 697/568/276
f 667/538/277 699/570/277 698/569/277
f 668/539/278 700/571/278 699/570/278
f 669/540/279 701/572/279 700/571/279
f 670/541/280 702/573/280 701/572/280
f 671/542/281 703/574/281 702/573/281
f 672/543/282 704/575/282 703/574/282
f 674/545/283 704/575/283 673/544/283
f 675/546/284 705/576/284 674/545/284
f 676/547/285 706/577/285 675/546/285
f 677/548/286 707/578/286 676/547/286
f 678/549/287 708/579/287 677/548/287
f 679/550/288 709/580/288 678/549/288
f 680/551/289 710/581/289 679/550/289
f 681/552/290 711/582/290 680/551/290
f 682/553/291 712/583/291 681/552/291
f 683/554/292 713/584/292 682/553/292
f 684/555/293 714/585/293 683/554/293
f 684/555/1 716/586/1 715/587/1
f 686/588/1 716/586/1 685/557/1
f 688/558/1 718/589/1 687/559/1
f 689/560/1 719/590/1 688/558/1
f 690/561/1 720/591/1 689/560/1
f 690/561/1 722/592/1 721/593/1
f 691/562/1 723/594/1 722/592/1
f 692/564/1 724/595/1 723/594/1
f 693/563/294 725/596/294 724/595/294
f 694/565/295 726/597/295 725/596/295
f 695/566/296 727/598/296 726/597/296
f 696/567/297 728/599/297 727/598/297
f 697/568/298 729/600/298 728/599/298
f 698/569/299 730/601/299 729/600/299
f 699/570/300 731/602/300 730/601/300
f 700/571/301 732/603/301 731/602/301
f 701/572/302 733/604/302 732/603/302
f 702/573/303 734/605/303 733/604/303
f 703/574/304 735/606/304 734/605/304
f 705/576/305 735/606/305 704/575/305
f 706/577/306 736/607/306 705/576/306
f 707/578/307 737/608/307 706/577/307
f 708/579/308 738/609/308 707/578/308
f 709/580/309 739/610/309 708/579/309
f 710/581/310 740/611/310 709/580/310
f 711/582/311 741/612/311 710/581/311
f 712/583/312 742/613/312 711/582/312
f 713/584/313 743/614/313 712/583/313
f 714/585/314 744/615/314 713/584/314
f 715/587/315 745/616/315 714/585/315
f 716/586/1 746/617/1 715/587/1
f 717/618/1 747/619/1 716/586/1
f 719/590/1 749/620/1 718/589/1
f 720/591/1 750/621/1 719/590/1
f 721/593/1 751/622/1 720/591/1
f 722/592/1 752/623/1 721/593/1
f 723/594/1 753/624/1 722/592/1
f 724/595/1 754/625/1 723/594/1
f 724/595/316 756/626/316 755/627/316
f 725/596/317 757/628/317 756/626/317
f 726/597/318 758/629/318 757/628/318
f 727/598/319 759/630/319 758/629/319
f 728/599/320 760/631/320 759/630/320
f 729/600/321 761/632/321 760/631/321
f 730/601/322 762/633/322 761/632/322
f 731/602/323 763/634/323 762/633/323
f 732/603/324 764/635/324 763/634/324
f 733/604/325 765/636/325 764/635/325
f 734/605/326 766/637/326 765/636/326
f 736/607/327 766/637/327 735/606/327
f 737/608/328 767/638/328 736/607/328
f 738/609/329 768/639/329 737/608/329
f 739/610/330 769/640/330 738/609/330
f 740/611/331 770/641/331 739/610/331
f 741/612/332 771/642/332 740/611/332
f 742/613/333 772/643/333 741/612/333
f 743/614/334 773/644/334 742/613/334
f 744/615/335 774/645/335 743/614/335
f 745/616/336 775/646/336 744/615/336
f 745/616/1 777/647/1 776/648/1
f 747/619/1 777/647/1 746/617/1
f 747/619/1 779/649/1 778/650/1
f 750/621/1 780/651/1 749/620/1
f 751/622/1 781/652/1 750/621/1
f 752/623/1 782/653/1 751/622/1
f 753/624/1 783/654/1 752/623/1
f 754/625/1 784/655/1 753/624/1
f 755/627/1 785/656/1 754/625/1
f 755/627/1 787/657/1 786/658/1
f 756/626/337 788/659/337 787/657/337
f 757/628/338 789/660/338 788/659/338
f 758/629/339 790/661/339 789/660/339
f 759/630/340 791/662/340 790/661/340
f 760/631/341 792/663/341 791/662/341
f 761/632/342 793/664/342 792/663/342
f 762/633/343 794/665/343 793/664/343
f 763/634/344 795/666/344 794/665/344
f 764/635/345 796/667/345 795/666/345
f 765/636/346 797/668/346 796/667/346
f 767/638/347 797/668/347 766/637/347
f 768/639/348 798/669/348 767/638/348
f 769/640/349 799/670/349 768/639/349
f 770/641/350 800/671/350 769/640/350
f 771/642/351 801/672/351 770/641/351
f 772/643/352 802/673/352 771/642/352
f 773/644/353 803/674/353 772/643/353
f 774/645/354 804/675/354 773/644/354
f 775/646/355 805/676/355 774/645/355
f 776/648/356 806/677/356 775/646/356
f 777/647/1 807/678/1 776/648/1
f 778/650/1 808/679/1 777/647/1
f 778/650/1 810/680/1 809/681/1
f 781/652/1 811/682/1 780/651/1
f 781/652/1 813/683/1 812/684/1
f 783/654/1 813/683/1 782/653/1
f 784/655/1 814/685/1 783/654/1
f 784/655/1 816/686/1 815/687/1
f 785/656/1 817/688/1 816/686/1
f 787/657/1 817/688/1 786/658/1
f 787/657/1 819/689/1 818/690/1
f 788/659/357 820/691/357 819/689/357
f 789/660/358 821/692/358 820/691/358
f 790/661/359 822/693/359 821/692/359
f 791/662/360 823/694/360 822/693/360
f 792/663/361 824/695/361 823/694/361
f 793/664/362 825/696/362 824/695/362
f 794/665/363 826/697/363 825/696/363
f 795/666/364 827/698/364 826/697/364
f 796/667/365 828/699/365 827/698/365
f 798/669/366 828/699/366 797/668/366
f 799/670/367 829/700/367 798/669/367
f 800/671/368 830/701/368 799/670/368
f 801/672/369 831/702/369 800/671/369
f 802/673/370 832/703/370 801/672/370
f 803/674/371 833/704/371 802/673/371
f 804/675/372 834/705/372 803/674/372
f 805/676/373 835/706/373 804/675/373
f 806/677/374 836/707/374 805/676/374
f 807/678/1 837/708/1 806/677/1
f 807/678/1 839/709/1 838/710/1
f 809/681/1 839/709/1 808/679/1
f 809/681/1 841/711/1 840/712/1
f 812/684/1 842/713/1 811/682/1
f 812/684/1 844/714/1 843/715/1
f 814/685/1 844/714/1 813/683/1
f 814/685/1 846/716/1 845/717/1
f 815/687/1 847/718/1 846/716/1
f 816/686/1 848/719/1 847/718/1
f 817/688/1 849/720/1 848/719/1
f 818/690/1 850/721/1 849/720/1
f 819/689/1 851/722/1 850/721/1
f 820/691/375 852/723/375 851/722/375
f 821/692/376 853/724/376 852/723/376
f 822/693/377 854/725/377 853/724/377
f 823/694/378 855/726/378 854/725/378
f 824/695/379 856/727/379 855/726/379
f 825/696/380 857/728/380 856/727/380
f 826/697/381 858/729/381 857/728/381
f 827/698/382 859/730/382 858/729/382
f 829/700/383 859/730/383 828/699/383
f 830/701/384 860/731/384 829/700/384
f 831/702/385 861/732/385 830/701/385
f 832/703/386 862/733/386 831/702/386
f 833/704/387 863/734/387 832/703/387
f 834/705/388 864/735/388 833/704/388
f 835/706/389 865/736/389 834/705/389
f 836/707/390 866/737/390 835/706/390
f 836/707/1 868/738/1 867/739/1
f 838/710/1 868/738/1 837/708/1
f 839/709/1 869/740/1 838/710/1
f 840/712/1 870/741/1 839/709/1
f 841/711/1 871/742/1 840/712/1
f 843/715/1 873/743/1 842/713/1
f 844/714/1 874/744/1 843/715/1
f 845/717/1 875/745/1 844/714/1
f 846/716/1 876/746/1 845/717/1
f 846/716/1 878/747/1 877/748/1
f 847/718/1 879/749/1 878/747/1
f 849/720/1 879/749/1 848/719/1
f 849/720/1 881/750/1 880/751/1
f 851/722/1 881/750/1 850/721/1
f 851/722/1 883/752/1 882/753/1
f 852/723/391 884/754/391 883/752/391
f 853/724/392 885/755/392 884/754/392
f 854/725/393 886/756/393 885/755/393
f 855/726/394 887/757/394 886/756/394
f 856/727/395 888/758/395 887/757/395
f 857/728/396 889/759/396 888/758/396
f 858/729/397 890/760/397 889/759/397
f 860/731/398 890/760/398 859/730/398
f 861/732/399 891/761/399 860/731/399
f 862/733/400 892/762/400 861/732/400
f 863/734/401 893/763/401 862/733/401
f 864/735/402 894/764/402 863/734/402
f 865/736/403 895/765/403 864/735/403
f 866/737/404 896/766/404 865/736/404
f 867/739/1 897/767/1 866/737/1
f 868/738/1 898/768/1 867/739/1
f 869/740/1 899/769/1 868/738/1
f 870/741/1 900/770/1 869/740/1
f 871/742/1 901/771/1 870/741/1
f 871/742/1 903/772/1 902/773/1
f 874/744/1 904/774/1 873/743/1
f 875/745/1 905/775/1 874/744/1
f 876/746/1 906/776/1 875/745/1
f 876/746/1 908/777/1 907/778/1
f 878/747/1 908/777/1 877/748/1
f 878/747/1 910/779/1 909/780/1
f 880/751/1 910/779/1 879/749/1
f 880/751/1 912/781/1 911/782/1
f 882/753/1 912/781/1 881/750/1
f 882/753/1 914/783/1 913/784/1
f 883/752/1 915/785/1 914/783/1
f 884/754/405 916/786/405 915/785/405
f 885/755/406 917/787/406 916/786/406
f 886/756/407 918/788/407 917/787/407
f 887/757/408 919/789/408 918/788/408
f 888/758/409 920/790/409 919/789/409
f 889/759/410 921/791/410 920/790/410
f 891/761/411 921/791/411 890/760/411
f 892/762/412 922/792/412 891/761/412
f 893/763/413 923/793/413 892/762/413
f 894/764/414 924/794/414 893/763/414
f 895/765/415 925/795/415 894/764/415
f 896/766/416 926/796/416 895/765/416
f 896/766/1 928/797/1 927/798/1
f 897/767/1 929/799/1 928/797/1
f 899/769/1 929/799/1 898/768/1
f 900/770/1 930/800/1 899/769/1
f 900/770/1 932/801/1 931/802/1
f 902/773/1 932/801/1 901/771/1
f 902/773/1 934/803/1 933/804/1
f 905/775/1 935/805/1 904/774/1
f 906/776/1 936/806/1 905/775/1
f 907/778/1 937/807/1 906/776/1
f 907/778/1 939/808/1 938/809/1
f 909/780/1 939/808/1 908/777/1
f 909/780/1 941/810/1 940/811/1
f 911/782/1 941/810/1 910/779/1
f 911/782/1 943/812/1 942/813/1
f 913/784/1 943/812/1 912/781/1
f 913/784/1 945/814/1 944/815/1
f 915/785/1 945/814/1 914/783/1
f 915/785/1 947/816/1 946/817/1
f 916/786/1 948/818/1 947/816/1
f 917/787/417 949/819/417 948/818/417
f 918/788/418 950/820/418 949/819/418
f 919/789/419 951/821/419 950/820/419
f 920/790/420 952/822/420 951/821/420
f 922/792/421 952/822/421 921/791/421
f 923/793/422 953/823/422 922/792/422
f 924/794/423 954/824/423 923/793/423
f 925/795/424 955/825/424 924/794/424
f 925/795/1 957/826/1 956/827/1
f 927/798/1 957/826/1 926/796/1
f 927/798/1 959/828/1 958/829/1
f 928/797/1 960/830/1 959/828/1
f 930/800/1 960/830/1 929/799/1
f 931/802/1 961/831/1 930/800/1
f 932/801/1 962/832/1 931/802/1
f 933/804/1 963/833/1 932/801/1
f 934/803/1 964/834/1 933/804/1
f 936/806/1 966/835/1 935/805/1
f 937/807/1 967/836/1 936/806/1
f 937/807/1 969/837/1 968/838/1
f 938/809/1 970/839/1 969/837/1
f 939/808/1 971/840/1 970/839/1
f 940/811/1 972/841/1 971/840/1
f 942/813/1 972/841/1 941/810/1
f 942/813/1 974/842/1 973/843/1
f 944/815/1 974/842/1 943/812/1
f 944/815/1 976/844/1 975/845/1
f 946/817/1 976/844/1 945/814/1
f 946/817/1 978/846/1 977/847/1
f 948/818/1 978/846/1 947/816/1
f 948/818/1 980/848/1 979/849/1
f 950/820/1 980/848/1 949/819/1
f 950/820/1 982/850/1 981/851/1
f 952/822/1 982/850/1 951/821/1
f 952/822/1 984/852/1 983/853/1
f 954/824/1 984/852/1 953/823/1
f 954/824/1 986/854/1 985/855/1
f 956/827/1 986/854/1 955/825/1
f 956/827/1 988/856/1 987/857/1
f 958/829/1 988/856/1 957/826/1
f 958/829/1 990/858/1 989/859/1
f 960/830/1 990/858/1 959/828/1
f 961/831/1 991/860/1 960/830/1
f 962/832/1 992/861/1 961/831/1
f 963/833/1 993/862/1 962/832/1
f 964/834/1 994/863/1 963/833/1
f 965/864/1 995/865/1 964/834/1
f 966/835/1 998/866/1 997/867/1
f 967/836/1 999/868/1 998/866/1
f 968/838/1 1000/869/1 999/868/1
f 969/837/1 1001/870/1 1000/869/1
f 971/840/1 1001/870/1 970/839/1
f 972/841/1 1002/871/1 971/840/1
f 973/843/1 1003/872/1 972/841/1
f 974/842/1 1004/873/1 973/843/1
f 975/845/1 1005/874/1 974/842/1
f 976/844/1 1006/875/1 975/845/1
f 977/847/1 1007/876/1 976/844/1
f 977/847/1 1009/877/1 1008/878/1
f 979/849/1 1009/877/1 978/846/1
f 979/849/1 1011/879/1 1010/880/1
f 981/851/1 1011/879/1 980/848/1
f 981/851/1 1013/881/1 1012/882/1
f 983/853/1 1013/881/1 982/850/1
f 983/853/1 1015/883/1 1014/884/1
f 985/855/1 1015/883/1 984/852/1
f 985/855/1 1017/885/1 1016/886/1
f 986/854/1 1018/887/1 1017/885/1
f 987/857/1 1019/888/1 1018/887/1
f 988/856/1 1020/889/1 1019/888/1
f 990/858/1 1020/889/1 989/859/1
f 991/860/1 1021/890/1 990/858/1
f 992/861/1 1022/891/1 991/860/1
f 992/861/1 1024/892/1 1023/893/1
f 994/863/1 1024/892/1 993/862/1
f 995/865/1 1025/894/1 994/863/1
f 996/895/1 1026/896/1 995/865/1
f 997/867/1 1029/897/1 1028/898/1
f 998/866/1 1030/899/1 1029/897/1
f 999/868/1 1031/900/1 1030/899/1
f 1000/869/1 1032/901/1 1031/900/1
f 1001/870/1 1033/902/1 1032/901/1
f 1003/872/1 1033/902/1 1002/871/1
f 1004/873/1 1034/903/1 1003/872/1
f 1004/873/1 1036/904/1 1035/905/1
f 1005/874/1 1037/906/1 1036/904/1
f 1007/876/1 1037/906/1 1006/875/1
f 1008/878/1 1038/907/1 1007/876/1
f 1008/878/1 1040/908/1 1039/909/1
f 1010/880/1 1040/908/1 1009/877/1
f 1010/880/1 1042/910/1 1041/911/1
f 1012/882/1 1042/910/1 1011/879/1
f 1012/882/1 1044/912/1 1043/913/1
f 1014/884/1 1044/912/1 1013/881/1
f 1014/884/1 1046/914/1 1045/915/1
f 1016/886/1 1046/914/1 1015/883/1
f 1016/886/1 1048/916/1 1047/917/1
f 1017/885/1 1049/918/1 1048/916/1
f 1019/888/1 1049/918/1 1018/887/1
f 1020/889/1 1050/919/1 1019/888/1
f 1020/889/1 1052/920/1 1051/921/1
f 1022/891/1 1052/920/1 1021/890/1
f 1023/893/1 1053/922/1 1022/891/1
f 1024/892/1 1054/923/1 1023/893/1
f 1025/894/1 1055/924/1 1024/892/1
f 1026/896/1 1056/925/1 1025/894/1
f 1026/896/1 1058/926/1 1057/927/1
f 1029/897/1 1059/928/1 1028/898/1
f 1030/899/1 1060/929/1 1029/897/1
f 1030/899/1 1062/930/1 1061/931/1
f 1031/900/1 1063/932/1 1062/930/1
f 1033/902/1 1063/932/1 1032/901/1
f 1033/902/1 1065/933/1 1064/934/1
f 1035/905/1 1065/933/1 1034/903/1
f 1035/905/1 1067/935/1 1066/936/1
f 1037/906/1 1067/935/1 1036/904/1
f 1038/907/1 1068/937/1 1037/906/1
f 1039/909/1 1069/938/1 1038/907/1
f 1040/908/1 1070/939/1 1039/909/1
f 1040/908/1 1072/940/1 1071/941/1
f 1041/911/1 1073/942/1 1072/940/1
f 1043/913/1 1073/942/1 1042/910/1
f 1044/912/1 1074/943/1 1043/913/1
f 1045/915/1 1075/944/1 1044/912/1
f 1046/914/1 1076/945/1 1045/915/1
f 1047/917/1 1077/946/1 1046/914/1
f 1047/917/1 1079/947/1 1078/948/1
f 1048/916/1 1080/949/1 1079/947/1
f 1049/918/1 1081/950/1 1080/949/1
f 1051/921/1 1081/950/1 1050/919/1
f 1051/921/1 1083/951/1 1082/952/1
f 1053/922/1 1083/951/1 1052/920/1
f 1053/922/1 1085/953/1 1084/954/1
f 1055/924/1 1085/953/1 1054/923/1
f 1056/925/1 1086/955/1 1055/924/1
f 1057/927/1 1087/956/1 1056/925/1
f 1057/927/1 1089/957/1 1088/958/1
f 36/959/1 35/960/1 1/961/1
f 36/959/1 130/1/1 129/3/1
f 37/962/1 131/6/1 130/1/1
f 39/963/1 131/6/1 38/964/1
f 40/965/1 132/9/1 39/963/1
f 41/966/1 133/8/1 40/965/1
f 42/967/1 134/13/1 41/966/1
f 42/967/1 136/16/1 135/12/1
f 44/968/1 136/16/1 43/969/1
f 45/970/1 137/18/1 44/968/1
f 46/971/1 138/21/1 45/970/1
f 47/972/1 139/20/1 46/971/1
f 48/973/1 140/22/1 47/972/1
f 49/974/1 141/24/1 48/973/1
f 50/975/1 142/26/1 49/974/1
f 51/976/1 143/28/1 50/975/1
f 52/977/1 144/30/1 51/976/1
f 53/978/1 145/32/1 52/977/1
f 54/979/1 146/34/1 53/978/1
f 55/980/1 147/36/1 54/979/1
f 56/981/1 148/38/1 55/980/1
f 56/981/1 150/45/1 149/40/1
f 58/982/1 150/45/1 57/983/1
f 59/984/1 151/44/1 58/982/1
f 60/985/1 152/49/1 59/984/1
f 61/986/1 153/48/1 60/985/1
f 62/987/1 154/50/1 61/986/1
f 62/987/1 156/57/1 155/52/1
f 64/988/1 156/57/1 63/989/1
f 64/988/1 158/61/1 157/56/1
f 66/990/1 158/61/1 65/991/1
f 2/992/1 159/60/1 66/990/1
f 67/993/1 190/92/1 159/60/1
f 68/994/1 221/123/1 190/92/1
f 69/995/1 252/154/1 221/123/1
f 70/996/1 283/184/1 252/154/1
f 71/997/1 314/216/1 283/184/1
f 72/998/1 345/246/1 314/216/1
f 73/999/1 376/278/1 345/246/1
f 376/278/1 75/1000/1 407/308/1
f 407/308/1 76/1001/1 438/340/1
f 76/1001/1 469/370/1 438/340/1
f 77/1002/1 500/402/1 469/370/1
f 78/1003/1 531/432/1 500/402/1
f 79/1004/1 562/464/1 531/432/1
f 80/1005/1 593/494/1 562/464/1
f 81/1006/1 624/526/1 593/494/1
f 82/1007/1 655/556/1 624/526/1
f 83/1008/1 686/588/1 655/556/1
f 84/1009/1 717/618/1 686/588/1
f 85/1010/1 748/1011/1 717/618/1
f 86/1012/1 779/649/1 748/1011/1
f 87/1013/1 810/680/1 779/649/1
f 88/1014/1 841/711/1 810/680/1
f 841/711/1 90/1015/1 872/1016/1
f 90/1015/1 903/772/1 872/1016/1
f 91/1017/1 934/803/1 903/772/1
f 92/1018/1 965/864/1 934/803/1
f 93/1019/1 996/895/1 965/864/1
f 94/1020/1 1027/1021/1 996/895/1
f 95/1022/1 1058/926/1 1027/1021/1
f 1058/926/1 97/1023/1 1089/957/1
f 1089/957/1 4/1024/1 98/1025/1
f 1089/957/1 99/1026/1 1088/958/1
f 1088/958/1 100/1027/1 1087/956/1
f 1087/956/1 101/1028/1 1086/955/1
f 1086/955/1 102/1029/1 1085/953/1
f 1085/953/1 103/1030/1 1084/954/1
f 1084/954/1 104/1031/1 1083/951/1
f 1082/952/1 104/1031/1 105/1032/1
f 1082/952/1 106/1033/1 1081/950/1
f 1080/949/1 106/1033/1 107/1034/1
f 1080/949/1 108/1035/1 1079/947/1
f 1078/948/1 108/1035/1 109/1036/1
f 1078/948/1 110/1037/1 1077/946/1
f 1077/946/1 111/1038/1 1076/945/1
f 1076/945/1 112/1039/1 1075/944/1
f 1075/944/1 113/1040/1 1074/943/1
f 1073/942/1 113/1040/1 114/1041/1
f 1072/940/1 114/1041/1 115/1042/1
f 1071/941/1 115/1042/1 116/1043/1
f 1070/939/1 116/1043/1 117/1044/1
f 1070/939/1 118/1045/1 1069/938/1
f 1069/938/1 119/1046/1 1068/937/1
f 1068/937/1 120/1047/1 1067/935/1
f 1066/936/1 120/1047/1 121/1048/1
f 1066/936/1 122/1049/1 1065/933/1
f 1064/934/1 122/1049/1 123/1050/1
f 1063/932/1 123/1050/1 124/1051/1
f 1062/930/1 124/1051/1 125/1052/1
f 1061/931/1 125/1052/1 126/1053/1
f 1060/929/1 126/1053/1 127/1054/1
f 1060/929/1 128/1055/1 1059/928/1
f 5/1056/1 128/1055/1 3/1057/1
f 1028/898/1 5/1056/1 6/1058/1
f 7/1059/1 1028/898/1 6/1058/1
f 966/835/1 7/1059/1 8/1060/1
f 935/805/1 8/1060/1 9/1061/1
f 904/774/1 9/1061/1 10/1062/1
f 873/743/1 10/1062/1 11/1063/1
f 842/713/1 11/1063/1 12/1064/1
f 13/1065/1 842/713/1 12/1064/1
f 14/1066/1 811/682/1 13/1065/1
f 749/620/1 14/1066/1 15/1067/1
f 718/589/1 15/1067/1 16/1068/1
f 17/1069/1 718/589/1 16/1068/1
f 18/1070/1 687/559/1 17/1069/1
f 19/1071/1 656/527/1 18/1070/1
f 20/1072/1 625/496/1 19/1071/1
f 563/435/1 20/1072/1 21/1073/1
f 532/403/1 21/1073/1 22/1074/1
f 501/372/1 22/1074/1 23/1075/1
f 470/342/1 23/1075/1 24/1076/1
f 439/311/1 24/1076/1 25/1077/1
f 408/280/1 25/1077/1 26/1078/1
f 377/249/1 26/1078/1 27/1079/1
f 346/217/1 27/1079/1 28/1080/1
f 315/186/1 28/1080/1 29/1081/1
f 284/155/1 29/1081/1 30/1082/1
f 253/124/1 30/1082/1 31/1083/1
f 222/93/1 31/1083/1 32/1084/1
f 191/62/1 32/1084/1 33/1085/1
f 160/2/1 33/1085/1 34/1086/1
f 129/3/1 34/1086/1 35/960/1
f 130/1/1 161/5/1 160/2/1
f 130/1/1 131/6/1 162/4/1
f 131/6/1 132/9/1 163/7/1
f 133/8/1 164/11/1 163/7/1
f 133/8/1 134/13/1 165/10/1
f 135/12/1 166/15/1 165/10/1
f 135/12/1 136/16/1 167/14/1
f 136/16/1 137/18/1 168/17/1
f 137/18/1 138/21/1 169/19/1
f 139/20/1 170/23/1 169/19/1
f 140/22/1 171/25/1 170/23/1
f 141/24/1 172/27/1 171/25/1
f 142/26/1 173/29/1 172/27/1
f 143/28/1 174/31/1 173/29/1
f 144/30/1 175/33/1 174/31/1
f 145/32/1 176/35/1 175/33/1
f 146/34/1 177/37/1 176/35/1
f 147/36/1 178/39/1 177/37/1
f 148/38/1 179/41/1 178/39/1
f 149/40/1 180/43/1 179/41/1
f 149/40/1 150/45/1 181/42/1
f 151/44/1 182/47/1 181/42/1
f 151/44/1 152/49/1 183/46/1
f 153/48/1 184/51/1 183/46/1
f 154/50/1 185/53/1 184/51/1
f 155/52/1 186/55/1 185/53/1
f 155/52/1 156/57/1 187/54/1
f 157/56/1 188/59/1 187/54/1
f 157/56/1 158/61/1 189/58/1
f 159/60/1 190/92/1 189/58/1
f 161/5/1 192/63/1 191/62/1
f 162/4/1 193/64/1 192/63/1
f 163/7/1 194/65/1 193/64/1
f 164/11/1 195/66/1 194/65/1
f 165/10/1 196/68/1 195/66/1
f 165/10/1 166/15/1 197/67/1
f 166/15/1 167/14/1 198/69/1
f 168/17/1 199/70/1 198/69/1
f 169/19/1 200/71/1 199/70/1
f 170/23/1 201/72/1 200/71/1
f 171/25/1 202/73/1 201/72/1
f 172/27/1 203/74/1 202/73/1
f 173/29/1 204/75/1 203/74/1
f 174/31/1 205/76/1 204/75/1
f 175/33/1 206/77/1 205/76/1
f 176/35/1 207/78/1 206/77/1
f 177/37/1 208/79/1 207/78/1
f 178/39/1 209/80/1 208/79/1
f 179/41/1 210/81/1 209/80/1
f 180/43/1 211/82/1 210/81/1
f 181/42/1 212/84/1 211/82/1
f 181/42/1 182/47/1 213/83/1
f 183/46/1 214/85/1 213/83/1
f 184/51/1 215/86/1 214/85/1
f 185/53/1 216/87/1 215/86/1
f 186/55/1 217/88/1 216/87/1
f 187/54/1 218/90/1 217/88/1
f 187/54/1 188/59/1 219/89/1
f 188/59/1 189/58/1 220/91/1
f 190/92/1 221/123/1 220/91/1
f 192/63/1 223/94/1 222/93/1
f 193/64/1 224/95/1 223/94/1
f 194/65/1 225/97/1 224/95/1
f 194/65/1 195/66/1 226/96/1
f 195/66/1 196/68/1 227/98/1
f 196/68/1 197/67/1 228/99/1
f 197/67/1 198/69/1 229/100/1
f 199/70/1 230/101/1 229/100/1
f 200/71/1 231/102/1 230/101/1
f 201/72/1 232/103/1 231/102/1
f 202/73/1 233/104/1 232/103/1
f 203/74/1 234/105/1 233/104/1
f 204/75/1 235/106/1 234/105/1
f 205/76/1 236/107/1 235/106/1
f 206/77/1 237/108/1 236/107/1
f 207/78/1 238/109/1 237/108/1
f 208/79/1 239/110/1 238/109/1
f 209/80/1 240/111/1 239/110/1
f 210/81/1 241/112/1 240/111/1
f 211/82/1 242/113/1 241/112/1
f 212/84/1 243/115/1 242/113/1
f 212/84/1 213/83/1 244/114/1
f 213/83/1 214/85/1 245/116/1
f 215/86/1 246/117/1 245/116/1
f 216/87/1 247/118/1 246/117/1
f 217/88/1 248/120/1 247/118/1
f 217/88/1 218/90/1 249/119/1
f 218/90/1 219/89/1 250/121/1
f 219/89/1 220/91/1 251/122/1
f 221/123/1 252/154/1 251/122/1
f 223/94/1 254/125/1 253/124/1
f 224/95/1 255/127/1 254/125/1
f 224/95/1 225/97/1 256/126/1
f 226/96/1 257/128/1 256/126/1
f 227/98/1 258/129/1 257/128/1
f 228/99/1 259/131/1 258/129/1
f 228/99/1 229/100/1 260/130/1
f 230/101/1 261/132/1 260/130/1
f 231/102/1 262/133/1 261/132/1
f 232/103/1 263/134/1 262/133/1
f 233/104/1 264/135/1 263/134/1
f 234/105/1 265/136/1 264/135/1
f 235/106/425 266/137/425 265/136/425
f 236/107/426 267/138/426 266/137/426
f 237/108/427 268/139/427 267/138/427
f 238/109/428 269/140/428 268/139/428
f 239/110/429 270/142/429 269/140/429
f 239/110/430 240/111/430 271/141/430
f 240/111/431 241/112/431 272/143/431
f 241/112/432 242/113/432 273/144/432
f 242/113/1 243/115/1 274/145/1
f 243/115/1 244/114/1 275/146/1
f 244/114/1 245/116/1 276/147/1
f 246/117/1 277/149/1 276/147/1
f 246/117/1 247/118/1 278/148/1
f 247/118/1 248/120/1 279/150/1
f 248/120/1 249/119/1 280/151/1
f 249/119/1 250/121/1 281/152/1
f 250/121/1 251/122/1 282/153/1
f 252/154/1 283/184/1 282/153/1
f 254/125/1 285/156/1 284/155/1
f 255/127/1 286/158/1 285/156/1
f 255/127/1 256/126/1 287/157/1
f 257/128/1 288/159/1 287/157/1
f 258/129/1 289/160/1 288/159/1
f 259/131/1 290/162/1 289/160/1
f 259/131/1 260/130/1 291/161/1
f 261/132/1 292/163/1 291/161/1
f 262/133/1 293/164/1 292/163/1
f 263/134/1 294/165/1 293/164/1
f 264/135/433 295/166/433 294/165/433
f 265/136/434 296/167/434 295/166/434
f 266/137/435 297/168/435 296/167/435
f 267/138/436 298/169/436 297/168/436
f 268/139/437 299/170/437 298/169/437
f 269/140/438 300/171/438 299/170/438
f 270/142/439 301/173/439 300/171/439
f 270/142/440 271/141/440 302/172/440
f 271/141/441 272/143/441 303/174/441
f 272/143/442 273/144/442 304/175/442
f 273/144/443 274/145/443 305/176/443
f 274/145/444 275/146/444 306/177/444
f 275/146/1 276/147/1 307/178/1
f 277/149/1 308/179/1 307/178/1
f 278/148/1 309/180/1 308/179/1
f 279/150/1 310/182/1 309/180/1
f 279/150/1 280/151/1 311/181/1
f 281/152/1 312/183/1 311/181/1
f 282/153/1 313/185/1 312/183/1
f 283/184/1 314/216/1 313/185/1
f 285/156/1 316/187/1 315/186/1
f 286/158/1 317/188/1 316/187/1
f 287/157/1 318/189/1 317/188/1
f 288/159/1 319/191/1 318/189/1
f 288/159/1 289/160/1 320/190/1
f 289/160/1 290/162/1 321/192/1
f 290/162/1 291/161/1 322/193/1
f 292/163/1 323/194/1 322/193/1
f 293/164/1 324/195/1 323/194/1
f 294/165/445 325/196/445 324/195/445
f 295/166/446 326/197/446 325/196/446
f 296/167/447 327/198/447 326/197/447
f 297/168/448 328/199/448 327/198/448
f 298/169/449 329/200/449 328/199/449
f 299/170/450 330/201/450 329/200/450
f 300/171/451 331/202/451 330/201/451
f 301/173/452 332/204/452 331/202/452
f 301/173/453 302/172/453 333/203/453
f 302/172/454 303/174/454 334/205/454
f 303/174/455 304/175/455 335/206/455
f 304/175/456 305/176/456 336/207/456
f 305/176/457 306/177/457 337/208/457
f 306/177/458 307/178/458 338/209/458
f 307/178/1 308/179/1 339/210/1
f 309/180/1 340/211/1 339/210/1
f 310/182/1 341/213/1 340/211/1
f 310/182/1 311/181/1 342/212/1
f 311/181/1 312/183/1 343/214/1
f 312/183/1 313/185/1 344/215/1
f 314/216/1 345/246/1 344/215/1
f 316/187/1 347/218/1 346/217/1
f 317/188/1 348/219/1 347/218/1
f 318/189/1 349/221/1 348/219/1
f 318/189/1 319/191/1 350/220/1
f 319/191/1 320/190/1 351/222/1
f 320/190/1 321/192/1 352/223/1
f 321/192/1 322/193/1 353/224/1
f 322/193/1 323/194/1 354/225/1
f 324/195/459 355/226/459 354/225/459
f 325/196/460 356/227/460 355/226/460
f 326/197/461 357/228/461 356/227/461
f 327/198/462 358/229/462 357/228/462
f 328/199/463 359/230/463 358/229/463
f 329/200/464 360/231/464 359/230/464
f 330/201/465 361/232/465 360/231/465
f 331/202/466 362/233/466 361/232/466
f 332/204/467 363/235/467 362/233/467
f 332/204/468 333/203/468 364/234/468
f 333/203/469 334/205/469 365/236/469
f 334/205/470 335/206/470 366/237/470
f 335/206/471 336/207/471 367/238/471
f 336/207/472 337/208/472 368/239/472
f 337/208/473 338/209/473 369/240/473
f 338/209/474 339/210/474 370/241/474
f 339/210/1 340/211/1 371/242/1
f 341/213/1 372/243/1 371/242/1
f 342/212/1 373/244/1 372/243/1
f 343/214/1 374/245/1 373/244/1
f 344/215/1 375/247/1 374/245/1
f 345/246/1 376/278/1 375/247/1
f 346/217/1 347/218/1 378/248/1
f 348/219/1 379/251/1 378/248/1
f 348/219/1 349/221/1 380/250/1
f 350/220/1 381/253/1 380/250/1
f 350/220/1 351/222/1 382/252/1
f 352/223/1 383/254/1 382/252/1
f 353/224/1 384/255/1 383/254/1
f 354/225/475 385/256/475 384/255/475
f 355/226/476 386/257/476 385/256/476
f 356/227/477 387/258/477 386/257/477
f 357/228/478 388/259/478 387/258/478
f 358/229/479 389/260/479 388/259/479
f 359/230/480 390/261/480 389/260/480
f 360/231/481 391/262/481 390/261/481
f 361/232/482 392/263/482 391/262/482
f 362/233/483 393/264/483 392/263/483
f 363/235/484 394/266/484 393/264/484
f 363/235/485 364/234/485 395/265/485
f 364/234/486 365/236/486 396/267/486
f 365/236/487 366/237/487 397/268/487
f 366/237/488 367/238/488 398/269/488
f 367/238/489 368/239/489 399/270/489
f 368/239/490 369/240/490 400/271/490
f 369/240/491 370/241/491 401/272/491
f 370/241/492 371/242/492 402/273/492
f 371/242/1 372/243/1 403/274/1
f 372/243/1 373/244/1 404/275/1
f 373/244/1 374/245/1 405/276/1
f 374/245/1 375/247/1 406/277/1
f 376/278/1 407/308/1 406/277/1
f 377/249/1 378/248/1 409/279/1
f 379/251/1 410/282/1 409/279/1
f 379/251/1 380/250/1 411/281/1
f 381/253/1 412/284/1 411/281/1
f 381/253/1 382/252/1 413/283/1
f 383/254/1 414/285/1 413/283/1
f 384/255/493 415/286/493 414/285/493
f 385/256/494 416/287/494 415/286/494
f 386/257/495 417/288/495 416/287/495
f 387/258/496 418/289/496 417/288/496
f 388/259/497 419/290/497 418/289/497
f 389/260/498 420/291/498 419/290/498
f 390/261/499 421/292/499 420/291/499
f 391/262/500 422/293/500 421/292/500
f 392/263/501 423/294/501 422/293/501
f 393/264/502 424/295/502 423/294/502
f 394/266/503 425/297/503 424/295/503
f 394/266/504 395/265/504 426/296/504
f 395/265/505 396/267/505 427/298/505
f 396/267/506 397/268/506 428/299/506
f 397/268/507 398/269/507 429/300/507
f 398/269/508 399/270/508 430/301/508
f 399/270/509 400/271/509 431/302/509
f 400/271/510 401/272/510 432/303/510
f 401/272/511 402/273/511 433/304/511
f 402/273/512 403/274/512 434/305/512
f 403/274/1 404/275/1 435/306/1
f 405/276/1 436/307/1 435/306/1
f 406/277/1 437/309/1 436/307/1
f 407/308/1 438/340/1 437/309/1
f 408/280/1 409/279/1 440/310/1
f 410/282/1 441/312/1 440/310/1
f 411/281/1 442/313/1 441/312/1
f 412/284/1 443/315/1 442/313/1
f 412/284/1 413/283/1 444/314/1
f 414/285/1 445/316/1 444/314/1
f 415/286/513 446/317/513 445/316/513
f 416/287/514 447/318/514 446/317/514
f 417/288/515 448/319/515 447/318/515
f 418/289/516 449/320/516 448/319/516
f 419/290/517 450/321/517 449/320/517
f 420/291/518 451/322/518 450/321/518
f 421/292/519 452/323/519 451/322/519
f 422/293/520 453/324/520 452/323/520
f 423/294/521 454/325/521 453/324/521
f 424/295/522 455/326/522 454/325/522
f 425/297/523 456/328/523 455/326/523
f 425/297/524 426/296/524 457/327/524
f 426/296/525 427/298/525 458/329/525
f 427/298/526 428/299/526 459/330/526
f 428/299/527 429/300/527 460/331/527
f 429/300/528 430/301/528 461/332/528
f 430/301/529 431/302/529 462/333/529
f 431/302/530 432/303/530 463/334/530
f 432/303/531 433/304/531 464/335/531
f 433/304/532 434/305/532 465/336/532
f 434/305/533 435/306/533 466/337/533
f 435/306/1 436/307/1 467/338/1
f 436/307/1 437/309/1 468/339/1
f 438/340/1 469/370/1 468/339/1
f 439/311/1 440/310/1 471/341/1
f 441/312/1 472/343/1 471/341/1
f 442/313/1 473/345/1 472/343/1
f 442/313/1 443/315/1 474/344/1
f 443/315/1 444/314/1 475/346/1
f 445/316/534 476/347/534 475/346/534
f 446/317/535 477/348/535 476/347/535
f 447/318/536 478/349/536 477/348/536
f 448/319/537 479/350/537 478/349/537
f 449/320/538 480/351/538 479/350/538
f 450/321/539 481/352/539 480/351/539
f 451/322/540 482/353/540 481/352/540
f 452/323/541 483/354/541 482/353/541
f 453/324/542 484/355/542 483/354/542
f 454/325/543 485/356/543 484/355/543
f 455/326/544 486/357/544 485/356/544
f 456/328/545 487/359/545 486/357/545
f 456/328/546 457/327/546 488/358/546
f 457/327/547 458/329/547 489/360/547
f 458/329/548 459/330/548 490/361/548
f 459/330/549 460/331/549 491/362/549
f 460/331/550 461/332/550 492/363/550
f 461/332/551 462/333/551 493/364/551
f 462/333/552 463/334/552 494/365/552
f 463/334/553 464/335/553 495/366/553
f 464/335/554 465/336/554 496/367/554
f 465/336/555 466/337/555 497/368/555
f 466/337/1 467/338/1 498/369/1
f 468/339/1 499/371/1 498/369/1
f 469/370/1 500/402/1 499/371/1
f 471/341/1 502/373/1 501/372/1
f 472/343/1 503/374/1 502/373/1
f 473/345/1 504/375/1 503/374/1
f 474/344/1 505/376/1 504/375/1
f 475/346/1 506/377/1 505/376/1
f 476/347/556 507/378/556 506/377/556
f 477/348/557 508/379/557 507/378/557
f 478/349/558 509/380/558 508/379/558
f 479/350/559 510/381/559 509/380/559
f 480/351/560 511/382/560 510/381/560
f 481/352/561 512/383/561 511/382/561
f 482/353/562 513/384/562 512/383/562
f 483/354/563 514/385/563 513/384/563
f 484/355/564 515/386/564 514/385/564
f 485/356/565 516/387/565 515/386/565
f 486/357/566 517/388/566 516/387/566
f 487/359/567 518/390/567 517/388/567
f 487/359/568 488/358/568 519/389/568
f 488/358/569 489/360/569 520/391/569
f 489/360/570 490/361/570 521/392/570
f 490/361/571 491/362/571 522/393/571
f 491/362/572 492/363/572 523/394/572
f 492/363/573 493/364/573 524/395/573
f 493/364/574 494/365/574 525/396/574
f 494/365/575 495/366/575 526/397/575
f 495/366/576 496/367/576 527/398/576
f 496/367/577 497/368/577 528/399/577
f 497/368/578 498/369/578 529/400/578
f 498/369/1 499/371/1 530/401/1
f 500/402/1 531/432/1 530/401/1
f 502/373/1 533/404/1 532/403/1
f 503/374/1 534/405/1 533/404/1
f 504/375/1 535/407/1 534/405/1
f 504/375/1 505/376/1 536/406/1
f 505/376/1 506/377/1 537/408/1
f 507/378/579 538/409/579 537/408/579
f 508/379/580 539/410/580 538/409/580
f 509/380/581 540/411/581 539/410/581
f 510/381/582 541/412/582 540/411/582
f 511/382/583 542/413/583 541/412/583
f 512/383/584 543/414/584 542/413/584
f 513/384/585 544/415/585 543/414/585
f 514/385/586 545/416/586 544/415/586
f 515/386/587 546/417/587 545/416/587
f 516/387/588 547/418/588 546/417/588
f 517/388/589 548/419/589 547/418/589
f 518/390/590 549/421/590 548/419/590
f 518/390/591 519/389/591 550/420/591
f 519/389/592 520/391/592 551/422/592
f 520/391/593 521/392/593 552/423/593
f 521/392/594 522/393/594 553/424/594
f 522/393/595 523/394/595 554/425/595
f 523/394/596 524/395/596 555/426/596
f 524/395/597 525/396/597 556/427/597
f 525/396/598 526/397/598 557/428/598
f 526/397/599 527/398/599 558/429/599
f 527/398/600 528/399/600 559/430/600
f 528/399/601 529/400/601 560/431/601
f 530/401/1 561/433/1 560/431/1
f 531/432/1 562/464/1 561/433/1
f 532/403/1 533/404/1 564/434/1
f 533/404/1 534/405/1 565/436/1
f 535/407/1 566/437/1 565/436/1
f 536/406/1 567/438/1 566/437/1
f 537/408/1 568/439/1 567/438/1
f 538/409/602 569/440/602 568/439/602
f 539/410/603 570/441/603 569/440/603
f 540/411/604 571/442/604 570/441/604
f 541/412/605 572/443/605 571/442/605
f 542/413/606 573/444/606 572/443/606
f 543/414/607 574/445/607 573/444/607
f 544/415/608 575/446/608 574/445/608
f 545/416/609 576/447/609 575/446/609
f 546/417/610 577/448/610 576/447/610
f 547/418/611 578/449/611 577/448/611
f 548/419/612 579/450/612 578/449/612
f 549/421/613 580/452/613 579/450/613
f 549/421/614 550/420/614 581/451/614
f 550/420/615 551/422/615 582/453/615
f 551/422/616 552/423/616 583/454/616
f 552/423/617 553/424/617 584/455/617
f 553/424/618 554/425/618 585/456/618
f 554/425/619 555/426/619 586/457/619
f 555/426/620 556/427/620 587/458/620
f 556/427/621 557/428/621 588/459/621
f 557/428/622 558/429/622 589/460/622
f 558/429/623 559/430/623 590/461/623
f 559/430/624 560/431/624 591/462/624
f 560/431/1 561/433/1 592/463/1
f 562/464/1 593/494/1 592/463/1
f 564/434/1 595/467/1 594/465/1
f 564/434/1 565/436/1 596/466/1
f 565/436/1 566/437/1 597/468/1
f 566/437/1 567/438/1 598/469/1
f 567/438/1 568/439/1 599/470/1
f 568/439/625 569/440/625 600/471/625
f 569/440/626 570/441/626 601/472/626
f 570/441/627 571/442/627 602/473/627
f 571/442/628 572/443/628 603/474/628
f 572/443/629 573/444/629 604/475/629
f 573/444/630 574/445/630 605/476/630
f 574/445/631 575/446/631 606/477/631
f 575/446/632 576/447/632 607/478/632
f 576/447/633 577/448/633 608/479/633
f 577/448/634 578/449/634 609/480/634
f 578/449/635 579/450/635 610/481/635
f 579/450/636 580/452/636 611/482/636
f 581/451/637 612/483/637 611/482/637
f 582/453/638 613/484/638 612/483/638
f 583/454/639 614/485/639 613/484/639
f 584/455/640 615/486/640 614/485/640
f 585/456/641 616/487/641 615/486/641
f 586/457/642 617/488/642 616/487/642
f 587/458/643 618/489/643 617/488/643
f 588/459/644 619/490/644 618/489/644
f 589/460/645 620/491/645 619/490/645
f 590/461/646 621/492/646 620/491/646
f 591/462/647 622/493/647 621/492/647
f 592/463/1 623/495/1 622/493/1
f 593/494/1 624/526/1 623/495/1
f 595/467/1 626/497/1 625/496/1
f 596/466/1 627/498/1 626/497/1
f 597/468/1 628/499/1 627/498/1
f 598/469/1 629/500/1 628/499/1
f 599/470/1 630/502/1 629/500/1
f 599/470/648 600/471/648 631/501/648
f 600/471/649 601/472/649 632/503/649
f 601/472/650 602/473/650 633/504/650
f 602/473/651 603/474/651 634/505/651
f 603/474/652 604/475/652 635/506/652
f 604/475/653 605/476/653 636/507/653
f 605/476/654 606/477/654 637/508/654
f 606/477/655 607/478/655 638/509/655
f 607/478/656 608/479/656 639/510/656
f 608/479/657 609/480/657 640/511/657
f 609/480/658 610/481/658 641/512/658
f 610/481/659 611/482/659 642/513/659
f 612/483/660 643/514/660 642/513/660
f 613/484/661 644/515/661 643/514/661
f 614/485/662 645/516/662 644/515/662
f 615/486/663 646/517/663 645/516/663
f 616/487/664 647/518/664 646/517/664
f 617/488/665 648/519/665 647/518/665
f 618/489/666 649/520/666 648/519/666
f 619/490/667 650/521/667 649/520/667
f 620/491/668 651/522/668 650/521/668
f 621/492/669 652/523/669 651/522/669
f 622/493/670 653/525/670 652/523/670
f 622/493/1 623/495/1 654/524/1
f 624/526/1 655/556/1 654/524/1
f 626/497/1 657/528/1 656/527/1
f 627/498/1 658/529/1 657/528/1
f 628/499/1 659/531/1 658/529/1
f 628/499/1 629/500/1 660/530/1
f 630/502/1 661/533/1 660/530/1
f 630/502/671 631/501/671 662/532/671
f 631/501/672 632/503/672 663/534/672
f 632/503/673 633/504/673 664/535/673
f 633/504/674 634/505/674 665/536/674
f 634/505/675 635/506/675 666/537/675
f 635/506/676 636/507/676 667/538/676
f 636/507/677 637/508/677 668/539/677
f 637/508/678 638/509/678 669/540/678
f 638/509/679 639/510/679 670/541/679
f 639/510/680 640/511/680 671/542/680
f 640/511/681 641/512/681 672/543/681
f 641/512/682 642/513/682 673/544/682
f 643/514/683 674/545/683 673/544/683
f 644/515/684 675/546/684 674/545/684
f 645/516/685 676/547/685 675/546/685
f 646/517/686 677/548/686 676/547/686
f 647/518/687 678/549/687 677/548/687
f 648/519/688 679/550/688 678/549/688
f 649/520/689 680/551/689 679/550/689
f 650/521/690 681/552/690 680/551/690
f 651/522/691 682/553/691 681/552/691
f 652/523/692 683/554/692 682/553/692
f 653/525/693 684/555/693 683/554/693
f 654/524/1 685/557/1 684/555/1
f 655/556/1 686/588/1 685/557/1
f 656/527/1 657/528/1 688/558/1
f 658/529/1 689/560/1 688/558/1
f 659/531/1 690/561/1 689/560/1
f 660/530/1 691/562/1 690/561/1
f 661/533/1 692/564/1 691/562/1
f 661/533/694 662/532/694 693/563/694
f 662/532/695 663/534/695 694/565/695
f 663/534/696 664/535/696 695/566/696
f 664/535/697 665/536/697 696/567/697
f 665/536/698 666/537/698 697/568/698
f 666/537/699 667/538/699 698/569/699
f 667/538/700 668/539/700 699/570/700
f 668/539/701 669/540/701 700/571/701
f 669/540/702 670/541/702 701/572/702
f 670/541/703 671/542/703 702/573/703
f 671/542/704 672/543/704 703/574/704
f 672/543/705 673/544/705 704/575/705
f 674/545/706 705/576/706 704/575/706
f 675/546/707 706/577/707 705/576/707
f 676/547/708 707/578/708 706/577/708
f 677/548/709 708/579/709 707/578/709
f 678/549/710 709/580/710 708/579/710
f 679/550/711 710/581/711 709/580/711
f 680/551/712 711/582/712 710/581/712
f 681/552/713 712/583/713 711/582/713
f 682/553/714 713/584/714 712/583/714
f 683/554/715 714/585/715 713/584/715
f 684/555/716 715/587/716 714/585/716
f 684/555/1 685/557/1 716/586/1
f 686/588/1 717/618/1 716/586/1
f 688/558/1 719/590/1 718/589/1
f 689/560/1 720/591/1 719/590/1
f 690/561/1 721/593/1 720/591/1
f 690/561/1 691/562/1 722/592/1
f 691/562/1 692/564/1 723/594/1
f 692/564/717 693/563/717 724/595/717
f 693/563/718 694/565/718 725/596/718
f 694/565/719 695/566/719 726/597/719
f 695/566/720 696/567/720 727/598/720
f 696/567/721 697/568/721 728/599/721
f 697/568/722 698/569/722 729/600/722
f 698/569/723 699/570/723 730/601/723
f 699/570/724 700/571/724 731/602/724
f 700/571/725 701/572/725 732/603/725
f 701/572/726 702/573/726 733/604/726
f 702/573/727 703/574/727 734/605/727
f 703/574/728 704/575/728 735/606/728
f 705/576/729 736/607/729 735/606/729
f 706/577/730 737/608/730 736/607/730
f 707/578/731 738/609/731 737/608/731
f 708/579/732 739/610/732 738/609/732
f 709/580/733 740/611/733 739/610/733
f 710/581/734 741/612/734 740/611/734
f 711/582/735 742/613/735 741/612/735
f 712/583/736 743/614/736 742/613/736
f 713/584/737 744/615/737 743/614/737
f 714/585/738 745/616/738 744/615/738
f 715/587/1 746/617/1 745/616/1
f 716/586/1 747/619/1 746/617/1
f 717/618/1 748/1011/1 747/619/1
f 719/590/1 750/621/1 749/620/1
f 720/591/1 751/622/1 750/621/1
f 721/593/1 752/623/1 751/622/1
f 722/592/1 753/624/1 752/623/1
f 723/594/1 754/625/1 753/624/1
f 724/595/1 755/627/1 754/625/1
f 724/595/739 725/596/739 756/626/739
f 725/596/740 726/597/740 757/628/740
f 726/597/741 727/598/741 758/629/741
f 727/598/742 728/599/742 759/630/742
f 728/599/743 729/600/743 760/631/743
f 729/600/744 730/601/744 761/632/744
f 730/601/745 731/602/745 762/633/745
f 731/602/746 732/603/746 763/634/746
f 732/603/747 733/604/747 764/635/747
f 733/604/748 734/605/748 765/636/748
f 734/605/749 735/606/749 766/637/749
f 736/607/750 767/638/750 766/637/750
f 737/608/751 768/639/751 767/638/751
f 738/609/752 769/640/752 768/639/752
f 739/610/753 770/641/753 769/640/753
f 740/611/754 771/642/754 770/641/754
f 741/612/755 772/643/755 771/642/755
f 742/613/756 773/644/756 772/643/756
f 743/614/757 774/645/757 773/644/757
f 744/615/758 775/646/758 774/645/758
f 745/616/759 776/648/759 775/646/759
f 745/616/1 746/617/1 777/647/1
f 747/619/1 778/650/1 777/647/1
f 747/619/1 748/1011/1 779/649/1
f 750/621/1 781/652/1 780/651/1
f 751/622/1 782/653/1 781/652/1
f 752/623/1 783/654/1 782/653/1
f 753/624/1 784/655/1 783/654/1
f 754/625/1 785/656/1 784/655/1
f 755/627/1 786/658/1 785/656/1
f 755/627/760 756/626/760 787/657/760
f 756/626/761 757/628/761 788/659/761
f 757/628/762 758/629/762 789/660/762
f 758/629/763 759/630/763 790/661/763
f 759/630/764 760/631/764 791/662/764
f 760/631/765 761/632/765 792/663/765
f 761/632/766 762/633/766 793/664/766
f 762/633/767 763/634/767 794/665/767
f 763/634/768 764/635/768 795/666/768
f 764/635/769 765/636/769 796/667/769
f 765/636/770 766/637/770 797/668/770
f 767/638/771 798/669/771 797/668/771
f 768/639/772 799/670/772 798/669/772
f 769/640/773 800/671/773 799/670/773
f 770/641/774 801/672/774 800/671/774
f 771/642/775 802/673/775 801/672/775
f 772/643/776 803/674/776 802/673/776
f 773/644/777 804/675/777 803/674/777
f 774/645/778 805/676/778 804/675/778
f 775/646/779 806/677/779 805/676/779
f 776/648/1 807/678/1 806/677/1
f 777/647/1 808/679/1 807/678/1
f 778/650/1 809/681/1 808/679/1
f 778/650/1 779/649/1 810/680/1
f 781/652/1 812/684/1 811/682/1
f 781/652/1 782/653/1 813/683/1
f 783/654/1 814/685/1 813/683/1
f 784/655/1 815/687/1 814/685/1
f 784/655/1 785/656/1 816/686/1
f 785/656/1 786/658/1 817/688/1
f 787/657/1 818/690/1 817/688/1
f 787/657/780 788/659/780 819/689/780
f 788/659/781 789/660/781 820/691/781
f 789/660/782 790/661/782 821/692/782
f 790/661/783 791/662/783 822/693/783
f 791/662/784 792/663/784 823/694/784
f 792/663/785 793/664/785 824/695/785
f 793/664/786 794/665/786 825/696/786
f 794/665/787 795/666/787 826/697/787
f 795/666/788 796/667/788 827/698/788
f 796/667/789 797/668/789 828/699/789
f 798/669/790 829/700/790 828/699/790
f 799/670/791 830/701/791 829/700/791
f 800/671/792 831/702/792 830/701/792
f 801/672/793 832/703/793 831/702/793
f 802/673/794 833/704/794 832/703/794
f 803/674/795 834/705/795 833/704/795
f 804/675/796 835/706/796 834/705/796
f 805/676/797 836/707/797 835/706/797
f 806/677/1 837/708/1 836/707/1
f 807/678/1 838/710/1 837/708/1
f 807/678/1 808/679/1 839/709/1
f 809/681/1 840/712/1 839/709/1
f 809/681/1 810/680/1 841/711/1
f 812/684/1 843/715/1 842/713/1
f 812/684/1 813/683/1 844/714/1
f 814/685/1 845/717/1 844/714/1
f 814/685/1 815/687/1 846/716/1
f 815/687/1 816/686/1 847/718/1
f 816/686/1 817/688/1 848/719/1
f 817/688/1 818/690/1 849/720/1
f 818/690/1 819/689/1 850/721/1
f 819/689/798 820/691/798 851/722/798
f 820/691/799 821/692/799 852/723/799
f 821/692/800 822/693/800 853/724/800
f 822/693/801 823/694/801 854/725/801
f 823/694/802 824/695/802 855/726/802
f 824/695/803 825/696/803 856/727/803
f 825/696/804 826/697/804 857/728/804
f 826/697/805 827/698/805 858/729/805
f 827/698/806 828/699/806 859/730/806
f 829/700/807 860/731/807 859/730/807
f 830/701/808 861/732/808 860/731/808
f 831/702/809 862/733/809 861/732/809
f 832/703/810 863/734/810 862/733/810
f 833/704/811 864/735/811 863/734/811
f 834/705/812 865/736/812 864/735/812
f 835/706/813 866/737/813 865/736/813
f 836/707/1 867/739/1 866/737/1
f 836/707/1 837/708/1 868/738/1
f 838/710/1 869/740/1 868/738/1
f 839/709/1 870/741/1 869/740/1
f 840/712/1 871/742/1 870/741/1
f 841/711/1 872/1016/1 871/742/1
f 843/715/1 874/744/1 873/743/1
f 844/714/1 875/745/1 874/744/1
f 845/717/1 876/746/1 875/745/1
f 846/716/1 877/748/1 876/746/1
f 846/716/1 847/718/1 878/747/1
f 847/718/1 848/719/1 879/749/1
f 849/720/1 880/751/1 879/749/1
f 849/720/1 850/721/1 881/750/1
f 851/722/1 882/753/1 881/750/1
f 851/722/814 852/723/814 883/752/814
f 852/723/815 853/724/815 884/754/815
f 853/724/816 854/725/816 885/755/816
f 854/725/817 855/726/817 886/756/817
f 855/726/818 856/727/818 887/757/818
f 856/727/819 857/728/819 888/758/819
f 857/728/820 858/729/820 889/759/820
f 858/729/821 859/730/821 890/760/821
f 860/731/822 891/761/822 890/760/822
f 861/732/823 892/762/823 891/761/823
f 862/733/824 893/763/824 892/762/824
f 863/734/825 894/764/825 893/763/825
f 864/735/826 895/765/826 894/764/826
f 865/736/827 896/766/827 895/765/827
f 866/737/1 897/767/1 896/766/1
f 867/739/1 898/768/1 897/767/1
f 868/738/1 899/769/1 898/768/1
f 869/740/1 900/770/1 899/769/1
f 870/741/1 901/771/1 900/770/1
f 871/742/1 902/773/1 901/771/1
f 871/742/1 872/1016/1 903/772/1
f 874/744/1 905/775/1 904/774/1
f 875/745/1 906/776/1 905/775/1
f 876/746/1 907/778/1 906/776/1
f 876/746/1 877/748/1 908/777/1
f 878/747/1 909/780/1 908/777/1
f 878/747/1 879/749/1 910/779/1
f 880/751/1 911/782/1 910/779/1
f 880/751/1 881/750/1 912/781/1
f 882/753/1 913/784/1 912/781/1
f 882/753/1 883/752/1 914/783/1
f 883/752/828 884/754/828 915/785/828
f 884/754/829 885/755/829 916/786/829
f 885/755/830 886/756/830 917/787/830
f 886/756/831 887/757/831 918/788/831
f 887/757/832 888/758/832 919/789/832
f 888/758/833 889/759/833 920/790/833
f 889/759/834 890/760/834 921/791/834
f 891/761/835 922/792/835 921/791/835
f 892/762/836 923/793/836 922/792/836
f 893/763/837 924/794/837 923/793/837
f 894/764/838 925/795/838 924/794/838
f 895/765/839 926/796/839 925/795/839
f 896/766/1 927/798/1 926/796/1
f 896/766/1 897/767/1 928/797/1
f 897/767/1 898/768/1 929/799/1
f 899/769/1 930/800/1 929/799/1
f 900/770/1 931/802/1 930/800/1
f 900/770/1 901/771/1 932/801/1
f 902/773/1 933/804/1 932/801/1
f 902/773/1 903/772/1 934/803/1
f 905/775/1 936/806/1 935/805/1
f 906/776/1 937/807/1 936/806/1
f 907/778/1 938/809/1 937/807/1
f 907/778/1 908/777/1 939/808/1
f 909/780/1 940/811/1 939/808/1
f 909/780/1 910/779/1 941/810/1
f 911/782/1 942/813/1 941/810/1
f 911/782/1 912/781/1 943/812/1
f 913/784/1 944/815/1 943/812/1
f 913/784/1 914/783/1 945/814/1
f 915/785/1 946/817/1 945/814/1
f 915/785/1 916/786/1 947/816/1
f 916/786/840 917/787/840 948/818/840
f 917/787/841 918/788/841 949/819/841
f 918/788/842 919/789/842 950/820/842
f 919/789/843 920/790/843 951/821/843
f 920/790/844 921/791/844 952/822/844
f 922/792/845 953/823/845 952/822/845
f 923/793/846 954/824/846 953/823/846
f 924/794/847 955/825/847 954/824/847
f 925/795/1 956/827/1 955/825/1
f 925/795/1 926/796/1 957/826/1
f 927/798/1 958/829/1 957/826/1
f 927/798/1 928/797/1 959/828/1
f 928/797/1 929/799/1 960/830/1
f 930/800/1 961/831/1 960/830/1
f 931/802/1 962/832/1 961/831/1
f 932/801/1 963/833/1 962/832/1
f 933/804/1 964/834/1 963/833/1
f 934/803/1 965/864/1 964/834/1
f 936/806/1 967/836/1 966/835/1
f 937/807/1 968/838/1 967/836/1
f 937/807/1 938/809/1 969/837/1
f 938/809/1 939/808/1 970/839/1
f 939/808/1 940/811/1 971/840/1
f 940/811/1 941/810/1 972/841/1
f 942/813/1 973/843/1 972/841/1
f 942/813/1 943/812/1 974/842/1
f 944/815/1 975/845/1 974/842/1
f 944/815/1 945/814/1 976/844/1
f 946/817/1 977/847/1 976/844/1
f 946/817/1 947/816/1 978/846/1
f 948/818/1 979/849/1 978/846/1
f 948/818/1 949/819/1 980/848/1
f 950/820/1 981/851/1 980/848/1
f 950/820/1 951/821/1 982/850/1
f 952/822/1 983/853/1 982/850/1
f 952/822/1 953/823/1 984/852/1
f 954/824/1 985/855/1 984/852/1
f 954/824/1 955/825/1 986/854/1
f 956/827/1 987/857/1 986/854/1
f 956/827/1 957/826/1 988/856/1
f 958/829/1 989/859/1 988/856/1
f 958/829/1 959/828/1 990/858/1
f 960/830/1 991/860/1 990/858/1
f 961/831/1 992/861/1 991/860/1
f 962/832/1 993/862/1 992/861/1
f 963/833/1 994/863/1 993/862/1
f 964/834/1 995/865/1 994/863/1
f 965/864/1 996/895/1 995/865/1
f 966/835/1 967/836/1 998/866/1
f 967/836/1 968/838/1 999/868/1
f 968/838/1 969/837/1 1000/869/1
f 969/837/1 970/839/1 1001/870/1
f 971/840/1 1002/871/1 1001/870/1
f 972/841/1 1003/872/1 1002/871/1
f 973/843/1 1004/873/1 1003/872/1
f 974/842/1 1005/874/1 1004/873/1
f 975/845/1 1006/875/1 1005/874/1
f 976/844/1 1007/876/1 1006/875/1
f 977/847/1 1008/878/1 1007/876/1
f 977/847/1 978/846/1 1009/877/1
f 979/849/1 1010/880/1 1009/877/1
f 979/849/1 980/848/1 1011/879/1
f 981/851/1 1012/882/1 1011/879/1
f 981/851/1 982/850/1 1013/881/1
f 983/853/1 1014/884/1 1013/881/1
f 983/853/1 984/852/1 1015/883/1
f 985/855/1 1016/886/1 1015/883/1
f 985/855/1 986/854/1 1017/885/1
f 986/854/1 987/857/1 1018/887/1
f 987/857/1 988/856/1 1019/888/1
f 988/856/1 989/859/1 1020/889/1
f 990/858/1 1021/890/1 1020/889/1
f 991/860/1 1022/891/1 1021/890/1
f 992/861/1 1023/893/1 1022/891/1
f 992/861/1 993/862/1 1024/892/1
f 994/863/1 1025/894/1 1024/892/1
f 995/865/1 1026/896/1 1025/894/1
f 996/895/1 1027/1021/1 1026/896/1
f 997/867/1 998/866/1 1029/897/1
f 998/866/1 999/868/1 1030/899/1
f 999/868/1 1000/869/1 1031/900/1
f 1000/869/1 1001/870/1 1032/901/1
f 1001/870/1 1002/871/1 1033/902/1
f 1003/872/1 1034/903/1 1033/902/1
f 1004/873/1 1035/905/1 1034/903/1
f 1004/873/1 1005/874/1 1036/904/1
f 1005/874/1 1006/875/1 1037/906/1
f 1007/876/1 1038/907/1 1037/906/1
f 1008/878/1 1039/909/1 1038/907/1
f 1008/878/1 1009/877/1 1040/908/1
f 1010/880/1 1041/911/1 1040/908/1
f 1010/880/1 1011/879/1 1042/910/1
f 1012/882/1 1043/913/1 1042/910/1
f 1012/882/1 1013/881/1 1044/912/1
f 1014/884/1 1045/915/1 1044/912/1
f 1014/884/1 1015/883/1 1046/914/1
f 1016/886/1 1047/917/1 1046/914/1
f 1016/886/1 1017/885/1 1048/916/1
f 1017/885/1 1018/887/1 1049/918/1
f 1019/888/1 1050/919/1 1049/918/1
f 1020/889/1 1051/921/1 1050/919/1
f 1020/889/1 1021/890/1 1052/920/1
f 1022/891/1 1053/922/1 1052/920/1
f 1023/893/1 1054/923/1 1053/922/1
f 1024/892/1 1055/924/1 1054/923/1
f 1025/894/1 1056/925/1 1055/924/1
f 1026/896/1 1057/927/1 1056/925/1
f 1026/896/1 1027/1021/1 1058/926/1
f 1029/897/1 1060/929/1 1059/928/1
f 1030/899/1 1061/931/1 1060/929/1
f 1030/899/1 1031/900/1 1062/930/1
f 1031/900/1 1032/901/1 1063/932/1
f 1033/902/1 1064/934/1 1063/932/1
f 1033/902/1 1034/903/1 1065/933/1
f 1035/905/1 1066/936/1 1065/933/1
f 1035/905/1 1036/904/1 1067/935/1
f 1037/906/1 1068/937/1 1067/935/1
f 1038/907/1 1069/938/1 1068/937/1
f 1039/909/1 1070/939/1 1069/938/1
f 1040/908/1 1071/941/1 1070/939/1
f 1040/908/1 1041/911/1 1072/940/1
f 1041/911/1 1042/910/1 1073/942/1
f 1043/913/1 1074/943/1 1073/942/1
f 1044/912/1 1075/944/1 1074/943/1
f 1045/915/1 1076/945/1 1075/944/1
f 1046/914/1 1077/946/1 1076/945/1
f 1047/917/1 1078/948/1 1077/946/1
f 1047/917/1 1048/916/1 1079/947/1
f 1048/916/1 1049/918/1 1080/949/1
f 1049/918/1 1050/919/1 1081/950/1
f 1051/921/1 1082/952/1 1081/950/1
f 1051/921/1 1052/920/1 1083/951/1
f 1053/922/1 1084/954/1 1083/951/1
f 1053/922/1 1054/923/1 1085/953/1
f 1055/924/1 1086/955/1 1085/953/1
f 1056/925/1 1087/956/1 1086/955/1
f 1057/927/1 1088/958/1 1087/956/1
f 1057/927/1 1058/926/1 1089/957/1
f 36/959/1 129/3/1 35/960/1
f 36/959/1 37/962/1 130/1/1
f 37/962/1 38/964/1 131/6/1
f 39/963/1 132/9/1 131/6/1
f 40/965/1 133/8/1 132/9/1
f 41/966/1 134/13/1 133/8/1
f 42/967/1 135/12/1 134/13/1
f 42/967/1 43/969/1 136/16/1
f 44/968/1 137/18/1 136/16/1
f 45/970/1 138/21/1 137/18/1
f 46/971/1 139/20/1 138/21/1
f 47/972/1 140/22/1 139/20/1
f 48/973/1 141/24/1 140/22/1
f 49/974/1 142/26/1 141/24/1
f 50/975/1 143/28/1 142/26/1
f 51/976/1 144/30/1 143/28/1
f 52/977/1 145/32/1 144/30/1
f 53/978/1 146/34/1 145/32/1
f 54/979/1 147/36/1 146/34/1
f 55/980/1 148/38/1 147/36/1
f 56/981/1 149/40/1 148/38/1
f 56/981/1 57/983/1 150/45/1
f 58/982/1 151/44/1 150/45/1
f 59/984/1 152/49/1 151/44/1
f 60/985/1 153/48/1 152/49/1
f 61/986/1 154/50/1 153/48/1
f 62/987/1 155/52/1 154/50/1
f 62/987/1 63/989/1 156/57/1
f 64/988/1 157/56/1 156/57/1
f 64/988/1 65/991/1 158/61/1
f 66/990/1 159/60/1 158/61/1
f 2/992/1 67/993/1 159/60/1
f 67/993/1 68/994/1 190/92/1
f 68/994/1 69/995/1 221/123/1
f 69/995/1 70/996/1 252/154/1
f 70/996/1 71/997/1 283/184/1
f 71/997/1 72/998/1 314/216/1
f 72/998/1 73/999/1 345/246/1
f 73/999/1 74/1087/1 376/278/1
f 376/278/1 74/1087/1 75/1000/1
f 407/308/1 75/1000/1 76/1001/1
f 76/1001/1 77/1002/1 469/370/1
f 77/1002/1 78/1003/1 500/402/1
f 78/1003/1 79/1004/1 531/432/1
f 79/1004/1 80/1005/1 562/464/1
f 80/1005/1 81/1006/1 593/494/1
f 81/1006/1 82/1007/1 624/526/1
f 82/1007/1 83/1008/1 655/556/1
f 83/1008/1 84/1009/1 686/588/1
f 84/1009/1 85/1010/1 717/618/1
f 85/1010/1 86/1012/1 748/1011/1
f 86/1012/1 87/1013/1 779/649/1
f 87/1013/1 88/1014/1 810/680/1
f 88/1014/1 89/1088/1 841/711/1
f 841/711/1 89/1088/1 90/1015/1
f 90/1015/1 91/1017/1 903/772/1
f 91/1017/1 92/1018/1 934/803/1
f 92/1018/1 93/1019/1 965/864/1
f 93/1019/1 94/1020/1 996/895/1
f 94/1020/1 95/1022/1 1027/1021/1
f 95/1022/1 96/1089/1 1058/926/1
f 1058/926/1 96/1089/1 97/1023/1
f 1089/957/1 97/1023/1 4/1024/1
f 1089/957/1 98/1025/1 99/1026/1
f 1088/958/1 99/1026/1 100/1027/1
f 1087/956/1 100/1027/1 101/1028/1
f 1086/955/1 101/1028/1 102/1029/1
f 1085/953/1 102/1029/1 103/1030/1
f 1084/954/1 103/1030/1 104/1031/1
f 1082/952/1 1083/951/1 104/1031/1
f 1082/952/1 105/1032/1 106/1033/1
f 1080/949/1 1081/950/1 106/1033/1
f 1080/949/1 107/1034/1 108/1035/1
f 1078/948/1 1079/947/1 108/1035/1
f 1078/948/1 109/1036/1 110/1037/1
f 1077/946/1 110/1037/1 111/1038/1
f 1076/945/1 111/1038/1 112/1039/1
f 1075/944/1 112/1039/1 113/1040/1
f 1073/942/1 1074/943/1 113/1040/1
f 1072/940/1 1073/942/1 114/1041/1
f 1071/941/1 1072/940/1 115/1042/1
f 1070/939/1 1071/941/1 116/1043/1
f 1070/939/1 117/1044/1 118/1045/1
f 1069/938/1 118/1045/1 119/1046/1
f 1068/937/1 119/1046/1 120/1047/1
f 1066/936/1 1067/935/1 120/1047/1
f 1066/936/1 121/1048/1 122/1049/1
f 1064/934/1 1065/933/1 122/1049/1
f 1063/932/1 1064/934/1 123/1050/1
f 1062/930/1 1063/932/1 124/1051/1
f 1061/931/1 1062/930/1 125/1052/1
f 1060/929/1 1061/931/1 126/1053/1
f 1060/929/1 127/1054/1 128/1055/1
f 5/1056/1 1059/928/1 128/1055/1
f 1028/898/1 1059/928/1 5/1056/1
f 7/1059/1 997/867/1 1028/898/1
f 966/835/1 997/867/1 7/1059/1
f 935/805/1 966/835/1 8/1060/1
f 904/774/1 935/805/1 9/1061/1
f 873/743/1 904/774/1 10/1062/1
f 842/713/1 873/743/1 11/1063/1
f 13/1065/1 811/682/1 842/713/1
f 14/1066/1 780/651/1 811/682/1
f 749/620/1 780/651/1 14/1066/1
f 718/589/1 749/620/1 15/1067/1
f 17/1069/1 687/559/1 718/589/1
f 18/1070/1 656/527/1 687/559/1
f 19/1071/1 625/496/1 656/527/1
f 20/1072/1 594/465/1 625/496/1
f 563/435/1 594/465/1 20/1072/1
f 532/403/1 563/435/1 21/1073/1
f 501/372/1 532/403/1 22/1074/1
f 470/342/1 501/372/1 23/1075/1
f 439/311/1 470/342/1 24/1076/1
f 408/280/1 439/311/1 25/1077/1
f 377/249/1 408/280/1 26/1078/1
f 346/217/1 377/249/1 27/1079/1
f 315/186/1 346/217/1 28/1080/1
f 284/155/1 315/186/1 29/1081/1
f 253/124/1 284/155/1 30/1082/1
f 222/93/1 253/124/1 31/1083/1
f 191/62/1 222/93/1 32/1084/1
f 160/2/1 191/62/1 33/1085/1
f 129/3/1 160/2/1 34/1086/1
