# Blender 4.0.2
# www.blender.org
mtllib peak.mtl
o Plane
v -10.426593 0.000000 8.785542
v 10.426593 0.000000 8.785542
v -10.426593 0.000000 -8.785542
v 10.426593 0.000000 -8.785542
v -10.426595 0.000000 -8.236448
v -10.426598 0.000000 -7.687353
v -10.426595 0.000000 -7.138256
v -10.426595 0.000000 -6.589159
v -10.426595 0.000000 -6.040062
v -10.426595 0.000000 -5.490965
v -10.426595 0.000000 -4.941869
v -10.426595 0.000000 -4.392772
v -10.426595 0.000000 -3.843676
v -10.426595 0.000000 -3.294579
v -10.426595 0.000000 -2.745482
v -10.426595 0.000000 -2.196386
v -10.426595 0.000000 -1.647290
v -10.426595 0.000000 -1.098193
v -10.426595 0.000000 -0.549097
v -10.426595 0.000000 0.000000
v -10.426595 0.000000 0.549097
v -10.426595 0.000000 1.098193
v -10.426595 0.000000 1.647290
v -10.426595 0.000000 2.196386
v -10.426595 0.000000 2.745483
v -10.426595 0.000000 3.294579
v -10.426595 0.000000 3.843676
v -10.426595 0.000000 4.392772
v -10.426595 0.000000 4.941869
v -10.426595 0.000000 5.490965
v -10.426595 0.000000 6.040062
v -10.426595 0.000000 6.589159
v -10.426595 0.000000 7.138256
v -10.426595 0.000000 7.687352
v -10.426595 0.000000 8.236448
v -9.774935 0.000000 8.785542
v -9.123271 0.000000 8.785543
v -8.471609 0.000000 8.785544
v -7.819947 0.000000 8.785544
v -7.168284 0.000000 8.785544
v -6.516622 0.000000 8.785544
v -5.864959 0.000000 8.785544
v -5.213297 0.000000 8.785544
v -4.561635 0.000000 8.785544
v -3.909973 0.000000 8.785544
v -3.258311 0.000000 8.785544
v -2.606649 0.000000 8.785544
v -1.954987 0.000000 8.785544
v -1.303324 0.000000 8.785544
v -0.651662 0.000000 8.785544
v -0.000000 0.000000 8.785544
v 0.651662 0.000000 8.785544
v 1.303324 0.000000 8.785544
v 1.954986 0.000000 8.785544
v 2.606648 0.000000 8.785544
v 3.258311 0.000000 8.785544
v 3.909973 0.000000 8.785544
v 4.561635 0.000000 8.785544
v 5.213296 0.000000 8.785544
v 5.864959 0.000000 8.785544
v 6.516622 0.000000 8.785544
v 7.168284 0.000000 8.785544
v 7.819947 0.000000 8.785544
v 8.471609 0.000000 8.785544
v 9.123273 0.000000 8.785547
v 9.774931 0.000000 8.785545
v 10.426594 0.000000 8.236448
v 10.426594 0.000000 7.687352
v 10.426595 0.000000 7.138256
v 10.426595 0.000000 6.589159
v 10.426595 0.000000 6.040062
v 10.426595 0.000000 5.490965
v 10.426595 0.000000 4.941869
v 10.426595 0.000000 4.392772
v 10.426595 0.000000 3.843676
v 10.426595 0.000000 3.294579
v 10.426595 0.000000 2.745483
v 10.426595 0.000000 2.196386
v 10.426595 0.000000 1.647290
v 10.426595 0.000000 1.098193
v 10.426595 0.000000 0.549097
v 10.426595 0.000000 0.000000
v 10.426595 0.000000 -0.549096
v 10.426595 0.000000 -1.098193
v 10.426595 0.000000 -1.647289
v 10.426595 0.000000 -2.196386
v 10.426595 0.000000 -2.745482
v 10.426595 0.000000 -3.294579
v 10.426595 0.000000 -3.843676
v 10.426595 0.000000 -4.392771
v 10.426595 0.000000 -4.941869
v 10.426595 0.000000 -5.490965
v 10.426595 0.000000 -6.040062
v 10.426595 0.000000 -6.589159
v 10.426595 0.000000 -7.138256
v 10.426598 0.000000 -7.687353
v 10.426594 0.000000 -8.236447
v 9.774933 0.000000 -8.785544
v 9.123272 0.000000 -8.785544
v 8.471609 0.000000 -8.785544
v 7.819947 0.000000 -8.785544
v 7.168284 0.000000 -8.785544
v 6.516623 0.000000 -8.785544
v 5.864959 0.000000 -8.785544
v 5.213297 0.000000 -8.785544
v 4.561635 0.000000 -8.785544
v 3.909973 0.000000 -8.785544
v 3.258311 0.000000 -8.785544
v 2.606649 0.000000 -8.785544
v 1.954987 0.000000 -8.785544
v 1.303324 0.000000 -8.785544
v 0.651662 0.000000 -8.785544
v 0.000000 0.000000 -8.785544
v -0.651662 0.000000 -8.785544
v -1.303324 0.000000 -8.785544
v -1.954986 0.000000 -8.785544
v -2.606648 0.000000 -8.785544
v -3.258311 0.000000 -8.785544
v -3.909973 0.000000 -8.785544
v -4.561635 0.000000 -8.785544
v -5.213297 0.000000 -8.785544
v -5.864959 0.000000 -8.785544
v -6.516622 0.000000 -8.785544
v -7.168284 0.000000 -8.785544
v -7.819947 0.000000 -8.785544
v -8.471609 0.000000 -8.785544
v -9.123271 0.000000 -8.785544
v -9.774935 0.000000 -8.785542
v -9.774935 0.000000 8.236445
v -9.123271 0.000000 8.236447
v -8.471609 0.000000 8.236448
v -7.819947 0.000000 8.236448
v -7.168284 0.000000 8.236448
v -6.516621 0.000000 8.236448
v -5.864959 0.000000 8.236448
v -5.213297 0.000000 8.236448
v -4.561635 0.000000 8.236448
v -3.909973 0.000000 8.236448
v -3.258311 0.000000 8.236448
v -2.606649 0.000000 8.236448
v -1.954987 0.000000 8.236448
v -1.303324 0.000000 8.236448
v -0.651662 0.000000 8.236448
v -0.000000 0.000000 8.236448
v 0.651662 0.000000 8.236448
v 1.303324 0.000000 8.236448
v 1.954986 0.000000 8.236448
v 2.606649 0.000000 8.236448
v 3.258311 0.000000 8.236448
v 3.909973 0.000000 8.236448
v 4.561635 0.000000 8.236448
v 5.213297 0.000000 8.236448
v 5.864959 0.000000 8.236448
v 6.516622 0.000000 8.236448
v 7.168284 0.000000 8.236448
v 7.819947 0.000000 8.236449
v 8.471609 0.000000 8.236448
v 9.123271 0.000000 8.236449
v 9.774931 0.000000 8.236449
v -9.774933 0.000000 7.687352
v -9.123271 0.000000 7.687352
v -8.471609 0.000000 7.687352
v -7.819947 0.000000 7.687352
v -7.168284 0.000000 7.687351
v -6.516621 0.000000 7.687352
v -5.864959 0.000000 7.687352
v -5.213297 0.000000 7.687352
v -4.561635 0.000000 7.687352
v -3.909973 0.000000 7.687352
v -3.258311 0.000000 7.687352
v -2.606648 0.000000 7.687352
v -1.954986 0.000000 7.687352
v -1.303324 0.000000 7.687352
v -0.651662 0.000000 7.687352
v 0.000000 0.000000 7.687352
v 0.651662 0.000000 7.687352
v 1.303324 0.000000 7.687352
v 1.954987 0.000000 7.687352
v 2.606649 0.000000 7.687352
v 3.258311 0.000000 7.687352
v 3.909973 0.000000 7.687352
v 4.561635 0.000000 7.687352
v 5.213297 0.000000 7.687352
v 5.864959 0.000000 7.687352
v 6.516622 0.000000 7.687352
v 7.168284 0.000000 7.687352
v 7.819947 0.000000 7.687352
v 8.471609 0.000000 7.687352
v 9.123271 0.000000 7.687352
v 9.774933 0.000000 7.687352
v -9.774933 0.000000 7.138256
v -9.123271 0.000000 7.138256
v -8.471608 0.000000 7.138255
v -7.819946 0.000000 7.138255
v -7.168284 0.000000 7.138255
v -6.516621 0.000000 7.138255
v -5.864959 0.000000 7.138256
v -5.213297 0.000000 7.138256
v -4.561635 0.000000 7.138256
v -3.909973 0.000000 7.138255
v -3.258311 0.000000 7.138255
v -2.606648 0.000000 7.138255
v -1.954986 0.000000 7.138255
v -1.303324 0.000000 7.138255
v -0.651662 0.000000 7.138255
v 0.000000 0.000000 7.138255
v 0.651662 0.000000 7.138255
v 1.303324 0.000000 7.138255
v 1.954987 0.000000 7.138255
v 2.606649 0.000000 7.138255
v 3.258311 0.000000 7.138255
v 3.909973 0.000000 7.138255
v 4.561635 0.000000 7.138256
v 5.213297 0.000000 7.138256
v 5.864959 0.000000 7.138255
v 6.516622 0.000000 7.138255
v 7.168284 0.000000 7.138255
v 7.819947 0.000000 7.138255
v 8.471609 0.000000 7.138256
v 9.123271 0.000000 7.138256
v 9.774933 0.000000 7.138256
v -9.774933 0.000000 6.589159
v -9.123271 0.000000 6.589159
v -8.471608 0.000000 6.589159
v -7.819946 0.000000 6.589159
v -7.168284 0.000000 6.589159
v -6.516622 0.000000 6.589159
v -5.864959 0.000000 6.589159
v -5.213297 0.000000 6.589159
v -4.561635 0.000000 6.589159
v -3.909973 0.000000 6.589159
v -3.258311 0.000000 6.589159
v -2.606648 0.000000 6.589159
v -1.954986 0.000000 6.589159
v -1.303324 0.000000 6.589159
v -0.651662 0.000000 6.589159
v 0.000000 0.000000 6.589159
v 0.651662 0.000000 6.589159
v 1.303324 0.000000 6.589159
v 1.954987 0.000000 6.589159
v 2.606649 0.000000 6.589159
v 3.258311 0.000000 6.589159
v 3.909973 0.000000 6.589159
v 4.561635 0.000000 6.589159
v 5.213297 0.000000 6.589159
v 5.864959 0.000000 6.589159
v 6.516623 0.000000 6.589159
v 7.168284 0.000000 6.589159
v 7.819947 0.000000 6.589159
v 8.471609 0.000000 6.589159
v 9.123271 0.000000 6.589159
v 9.774933 0.000000 6.589159
v -9.774933 0.000000 6.040062
v -9.123271 0.000000 6.040062
v -8.471608 0.000000 6.040062
v -7.819946 0.000000 6.040062
v -7.168284 0.000000 6.040062
v -6.516621 0.000000 6.040062
v -5.864959 0.000000 6.040062
v -5.213297 0.000000 6.040062
v -4.561635 0.000000 6.040062
v -3.909973 0.000000 6.040062
v -3.258311 0.000000 6.040062
v -2.606648 0.000122 6.040062
v -1.954986 0.007359 6.040062
v -1.303324 0.017417 6.040062
v -0.651662 0.022271 6.040062
v 0.000000 0.018883 6.040062
v 0.651662 0.009336 6.040062
v 1.303324 0.000739 6.040062
v 1.954987 0.000000 6.040062
v 2.606649 0.000000 6.040062
v 3.258311 0.000000 6.040062
v 3.909973 0.000000 6.040062
v 4.561635 0.000000 6.040062
v 5.213297 0.000000 6.040062
v 5.864959 0.000000 6.040062
v 6.516622 0.000000 6.040062
v 7.168284 0.000000 6.040062
v 7.819947 0.000000 6.040062
v 8.471608 0.000000 6.040062
v 9.123271 0.000000 6.040062
v 9.774933 0.000000 6.040062
v -9.774933 0.000000 5.490965
v -9.123271 0.000000 5.490965
v -8.471608 0.000000 5.490965
v -7.819946 0.000000 5.490965
v -7.168283 0.000000 5.490965
v -6.516621 0.000000 5.490965
v -5.864959 0.000000 5.490965
v -5.213297 0.000000 5.490965
v -4.561635 0.000000 5.490965
v -3.909972 0.005206 5.490965
v -3.258311 0.042308 5.490965
v -2.606648 0.096965 5.490965
v -1.954986 0.150856 5.490965
v -1.303324 0.190125 5.490965
v -0.651662 0.205971 5.490965
v 0.000000 0.195052 5.490965
v 0.651662 0.159659 5.490965
v 1.303324 0.107597 5.490965
v 1.954987 0.051815 5.490965
v 2.606649 0.009848 5.490965
v 3.258311 0.000000 5.490965
v 3.909973 0.000000 5.490965
v 4.561635 0.000000 5.490965
v 5.213297 0.000000 5.490965
v 5.864959 0.000000 5.490965
v 6.516622 0.000000 5.490965
v 7.168284 0.000000 5.490965
v 7.819947 0.000000 5.490965
v 8.471609 0.000000 5.490965
v 9.123271 0.000000 5.490965
v 9.774933 0.000000 5.490965
v -9.774933 0.000000 4.941869
v -9.123271 0.000000 4.941869
v -8.471608 0.000000 4.941869
v -7.819946 0.000000 4.941869
v -7.168283 0.000000 4.941869
v -6.516621 0.000000 4.941869
v -5.864959 0.000000 4.941869
v -5.213297 0.000000 4.941869
v -4.561635 0.032413 4.941869
v -3.909972 0.118773 4.941869
v -3.258311 0.232278 4.941869
v -2.606648 0.349109 4.941869
v -1.954986 0.449331 4.941869
v -1.303324 0.517728 4.941869
v -0.651662 0.544557 4.941869
v 0.000000 0.526111 4.941869
v 0.651662 0.464933 4.941869
v 1.303324 0.369669 4.941869
v 1.954987 0.254562 4.941869
v 2.606649 0.138726 4.941869
v 3.258311 0.045318 4.941869
v 3.909973 0.000728 4.941869
v 4.561635 0.000000 4.941869
v 5.213297 0.000000 4.941869
v 5.864959 0.000000 4.941869
v 6.516622 0.000000 4.941869
v 7.168284 0.000000 4.941869
v 7.819947 0.000000 4.941869
v 8.471609 0.000000 4.941869
v 9.123271 0.000000 4.941869
v 9.774933 0.000000 4.941869
v -9.774933 0.000000 4.392772
v -9.123271 0.000000 4.392772
v -8.471608 0.000000 4.392772
v -7.819946 0.000000 4.392772
v -7.168284 0.000000 4.392772
v -6.516621 0.000000 4.392772
v -5.864959 0.000098 4.392772
v -5.213297 0.053008 4.392772
v -4.561635 0.181110 4.392772
v -3.909973 0.353525 4.392772
v -3.258311 0.541578 4.392772
v -2.606648 0.719563 4.392772
v -1.954986 0.865681 4.392772
v -1.303324 0.963089 4.392772
v -0.651662 1.000894 4.392772
v 0.000000 0.974925 4.392772
v 0.651662 0.888044 4.392772
v 1.303324 0.749931 4.392772
v 1.954987 0.576390 4.392772
v 2.606649 0.388371 4.392772
v 3.258311 0.210923 4.392772
v 3.909973 0.072230 4.392772
v 4.561635 0.002808 4.392772
v 5.213297 0.000000 4.392772
v 5.864959 0.000000 4.392772
v 6.516622 0.000000 4.392772
v 7.168284 0.000000 4.392772
v 7.819947 0.000000 4.392772
v 8.471609 0.000000 4.392772
v 9.123271 0.000000 4.392772
v 9.774933 0.000000 4.392772
v -9.774933 0.000000 3.843676
v -9.123271 0.000000 3.843676
v -8.471608 0.000000 3.843676
v -7.819946 0.000000 3.843676
v -7.168284 0.000000 3.843676
v -6.516621 0.000000 3.843676
v -5.864959 0.049241 3.843676
v -5.213297 0.199827 3.843676
v -4.561635 0.418724 3.843676
v -3.909972 0.673502 3.843676
v -3.258311 0.933654 3.843676
v -2.606648 1.171409 3.843676
v -1.954986 1.362822 3.843676
v -1.303324 1.489077 3.843676
v -0.651662 1.537843 3.843676
v 0.000000 1.504357 3.843676
v 0.651662 1.391891 3.843676
v 1.303324 1.211425 3.843676
v 1.954987 0.980662 3.843676
v 2.606649 0.722690 3.843676
v 3.258311 0.464653 3.843676
v 3.909973 0.236618 3.843676
v 4.561635 0.070704 3.843676
v 5.213297 0.000458 3.843676
v 5.864959 0.000000 3.843676
v 6.516622 0.000000 3.843676
v 7.168284 0.000000 3.843676
v 7.819947 0.000000 3.843676
v 8.471609 0.000000 3.843676
v 9.123271 0.000000 3.843676
v 9.774933 0.000000 3.843676
v -9.774933 0.000000 3.294579
v -9.123271 0.000000 3.294580
v -8.471608 0.000000 3.294579
v -7.819946 0.000000 3.294579
v -7.168284 0.000000 3.294579
v -6.516621 0.024081 3.294580
v -5.864959 0.166930 3.294579
v -5.213297 0.407513 3.294579
v -4.561635 0.710930 3.294579
v -3.909972 1.043293 3.294579
v -3.258311 1.372261 3.294579
v -2.606648 1.667863 3.294579
v -1.954986 1.903700 3.294579
v -1.303324 2.058561 3.294579
v -0.651662 2.118268 3.294579
v 0.000000 2.077276 3.294579
v 0.651662 1.939396 3.294579
v 1.303324 1.717295 3.294579
v 1.954987 1.431008 3.294579
v 2.606649 1.106096 3.294579
v 3.258311 0.771966 3.294579
v 3.909973 0.460587 3.294579
v 4.561635 0.205607 3.294579
v 5.213297 0.041766 3.294579
v 5.864959 0.000000 3.294579
v 6.516622 0.000000 3.294580
v 7.168284 0.000000 3.294579
v 7.819947 0.000000 3.294579
v 8.471609 0.000000 3.294579
v 9.123271 0.000000 3.294580
v 9.774933 0.000000 3.294579
v -9.774933 0.000000 2.745483
v -9.123271 0.000000 2.745483
v -8.471608 0.000000 2.745483
v -7.819946 0.000000 2.745483
v -7.168284 0.000972 2.745483
v -6.516621 0.096693 2.745483
v -5.864959 0.323312 2.745483
v -5.213297 0.644575 2.745483
v -4.561635 1.024647 2.745483
v -3.909973 1.428365 2.745483
v -3.258311 1.821676 2.745483
v -2.606648 2.172371 2.745483
v -1.954986 2.451327 2.745483
v -1.303324 2.634416 2.745483
v -0.651662 2.705029 2.745483
v 0.000000 2.656546 2.745483
v 0.651662 2.493527 2.745483
v 1.303324 2.230878 2.745483
v 1.954987 1.891521 2.745483
v 2.606649 1.503812 2.745483
v 3.258311 1.099494 2.745483
v 3.909973 0.712344 2.745483
v 4.561635 0.377357 2.745483
v 5.213297 0.130265 2.745483
v 5.864959 0.007260 2.745483
v 6.516622 0.000000 2.745483
v 7.168284 0.000000 2.745483
v 7.819947 0.000000 2.745483
v 8.471609 0.000000 2.745483
v 9.123271 0.000000 2.745483
v 9.774933 0.000000 2.745483
v -9.774933 0.000000 2.196386
v -9.123271 0.000000 2.196386
v -8.471608 0.000000 2.196386
v -7.819946 0.000000 2.196386
v -7.168284 0.024309 2.196386
v -6.516622 0.192941 2.196386
v -5.864959 0.490994 2.196386
v -5.213297 0.881737 2.196386
v -4.561635 1.328657 2.196386
v -3.909973 1.795608 2.196386
v -3.258311 2.247095 2.196386
v -2.606648 2.648835 2.196386
v -1.954986 2.968851 2.196386
v -1.303324 3.179530 2.196386
v -0.651662 3.260991 2.196386
v 0.000000 3.205046 2.196386
v 0.651662 3.017352 2.196386
v 1.303324 2.715888 2.196386
v 1.954987 2.327114 2.196386
v 2.606649 1.882385 2.196386
v 3.258311 1.415657 2.196386
v 3.909973 0.962249 2.196386
v 4.561635 0.558215 2.196386
v 5.213297 0.240016 2.196386
v 5.864959 0.044346 2.196386
v 6.516622 0.000000 2.196386
v 7.168284 0.000000 2.196386
v 7.819947 0.000000 2.196386
v 8.471609 0.000000 2.196386
v 9.123271 0.000000 2.196386
v 9.774933 0.000000 2.196386
v -9.774933 0.000000 1.647290
v -9.123271 0.000000 1.647290
v -8.471608 0.000000 1.647290
v -7.819946 0.000000 1.647290
v -7.168284 0.063873 1.647290
v -6.516622 0.290526 1.647290
v -5.864959 0.645841 1.647290
v -5.213297 1.092815 1.647290
v -4.561635 1.594532 1.647290
v -3.909973 2.114214 1.647290
v -3.258311 2.615366 1.647290
v -2.606648 3.062075 1.647290
v -1.954986 3.419729 1.647290
v -1.303324 3.656823 1.647290
v -0.651662 3.749014 1.647290
v 0.000000 3.685664 1.647290
v 0.651662 3.474169 1.647290
v 1.303324 3.136834 1.647290
v 1.954987 2.704228 1.647290
v 2.606649 2.210564 1.647290
v 3.258311 1.691586 1.647290
v 3.909973 1.183713 1.647290
v 4.561635 0.723681 1.647290
v 5.213297 0.348388 1.647290
v 5.864959 0.094823 1.647290
v 6.516622 0.000024 1.647290
v 7.168284 0.000000 1.647290
v 7.819947 0.000000 1.647290
v 8.471609 0.000000 1.647290
v 9.123271 0.000000 1.647290
v 9.774933 0.000000 1.647290
v -9.774933 0.000000 1.098193
v -9.123271 0.000000 1.098193
v -8.471608 0.000000 1.098193
v -7.819946 0.000145 1.098193
v -7.168284 0.102947 1.098193
v -6.516622 0.371239 1.098193
v -5.864959 0.767901 1.098193
v -5.213297 1.255822 1.098193
v -4.561635 1.797906 1.098193
v -3.909973 2.357091 1.098193
v -3.258311 2.896375 1.098193
v -2.606648 3.378913 1.098193
v -1.954986 3.768265 1.098193
v -1.303324 4.029331 1.098193
v -0.651662 4.131962 1.098193
v 0.000000 4.061350 1.098193
v 0.651662 3.827930 1.098193
v 1.303324 3.460002 1.098193
v 1.954987 2.992161 1.098193
v 2.606649 2.460706 1.098193
v 3.258311 1.902436 1.098193
v 3.909973 1.354330 1.098193
v 4.561635 0.853444 1.098193
v 5.213297 0.436869 1.098193
v 5.864959 0.141713 1.098193
v 6.516622 0.005096 1.098193
v 7.168284 0.000000 1.098193
v 7.819947 0.000000 1.098193
v 8.471609 0.000000 1.098193
v 9.123271 0.000000 1.098193
v 9.774933 0.000000 1.098193
v -9.774933 0.000000 0.549097
v -9.123271 0.000000 0.549097
v -8.471608 0.000000 0.549097
v -7.819946 0.002473 0.549097
v -7.168284 0.129379 0.549097
v -6.516622 0.421729 0.549097
v -5.864959 0.842388 0.549097
v -5.213297 1.354218 0.549097
v -4.561635 1.920086 0.549097
v -3.909973 2.502854 0.549097
v -3.258311 3.065393 0.549097
v -2.606648 3.570580 0.549097
v -1.954986 3.981317 0.549097
v -1.303324 4.260626 0.549097
v -0.651662 4.372698 0.549097
v 0.000000 4.295359 0.549097
v 0.651662 4.044731 0.549097
v 1.303324 3.655801 0.549097
v 1.954987 3.165479 0.549097
v 2.606649 2.610855 0.549097
v 3.258311 2.029049 0.549097
v 3.909973 1.457192 0.549097
v 4.561635 0.932416 0.549097
v 5.213297 0.491858 0.549097
v 5.864959 0.172654 0.549097
v 6.516622 0.011940 0.549097
v 7.168284 0.000000 0.549097
v 7.819947 0.000000 0.549097
v 8.471609 0.000000 0.549097
v 9.123271 0.000000 0.549097
v 9.774933 0.000000 0.549097
v -9.774933 0.000000 0.000000
v -9.123271 0.000000 0.000000
v -8.471609 0.000000 0.000000
v -7.819947 0.003440 0.000000
v -7.168284 0.136082 0.000000
v -6.516622 0.434167 0.000000
v -5.864959 0.860558 0.000000
v -5.213297 1.378116 0.000000
v -4.561635 1.949705 0.000000
v -3.909973 2.538187 0.000000
v -3.258311 3.106425 0.000000
v -2.606648 3.617281 0.000000
v -1.954986 4.033616 0.000000
v -1.303324 4.318296 0.000000
v -0.651662 4.434201 0.000000
v 0.000000 4.353961 0.000000
v 0.651662 4.098063 0.000000
v 1.303324 3.703556 0.000000
v 1.954987 3.207575 0.000000
v 2.606649 2.647257 0.000000
v 3.258311 2.059740 0.000000
v 3.909973 1.482161 0.000000
v 4.561635 0.951658 0.000000
v 5.213297 0.505369 0.000000
v 5.864959 0.180431 0.000000
v 6.516622 0.013982 0.000000
v 7.168284 0.000000 0.000000
v 7.819947 0.000000 0.000000
v 8.471609 0.000000 0.000000
v 9.123271 0.000000 0.000000
v 9.774933 0.000000 0.000000
v -9.774933 0.000000 -0.549096
v -9.123271 0.000000 -0.549096
v -8.471608 0.000000 -0.549096
v -7.819946 0.001501 -0.549096
v -7.168284 0.121361 -0.549096
v -6.516621 0.406673 -0.549096
v -5.864959 0.820302 -0.549096
v -5.213297 1.325117 -0.549096
v -4.561635 1.883989 -0.549096
v -3.909973 2.459795 -0.549096
v -3.258311 3.015425 -0.549096
v -2.606649 3.513805 -0.549096
v -1.954986 3.917966 -0.549096
v -1.303324 4.191363 -0.549096
v -0.651662 4.300066 -0.549097
v 0.000000 4.225163 -0.549097
v 0.651662 3.980198 -0.549097
v 1.303324 3.597770 -0.549097
v 1.954987 3.114226 -0.549097
v 2.606649 2.566497 -0.549096
v 3.258311 1.991646 -0.549096
v 3.909973 1.426779 -0.549096
v 4.561635 0.909015 -0.549096
v 5.213297 0.475485 -0.549096
v 5.864959 0.163318 -0.549096
v 6.516622 0.009649 -0.549096
v 7.168284 0.000000 -0.549096
v 7.819947 0.000000 -0.549096
v 8.471609 0.000000 -0.549096
v 9.123271 0.000000 -0.549096
v 9.774933 0.000000 -0.549096
v -9.774933 0.000000 -1.098193
v -9.123271 0.000000 -1.098193
v -8.471608 0.000000 -1.098193
v -7.819946 0.000000 -1.098193
v -7.168284 0.088990 -1.098193
v -6.516621 0.343427 -1.098193
v -5.864959 0.726304 -1.098193
v -5.213297 1.200540 -1.098193
v -4.561635 1.729085 -1.098193
v -3.909973 2.274951 -1.098193
v -3.258311 2.801274 -1.098193
v -2.606649 3.271474 -1.098193
v -1.954986 3.649676 -1.098193
v -1.303324 3.902032 -1.098193
v -0.651662 4.000739 -1.098193
v 0.000000 3.932867 -1.098193
v 0.651662 3.707467 -1.098193
v 1.303324 3.350358 -1.098193
v 1.954987 2.894691 -1.098193
v 2.606649 2.376106 -1.098193
v 3.258311 1.831101 -1.098193
v 3.909973 1.296500 -1.098193
v 4.561635 0.809276 -1.098193
v 5.213297 0.406469 -1.098193
v 5.864959 0.125157 -1.098193
v 6.516622 0.002439 -1.098193
v 7.168284 0.000000 -1.098193
v 7.819947 0.000000 -1.098193
v 8.471609 0.000000 -1.098193
v 9.123271 0.000000 -1.098193
v 9.774933 0.000000 -1.098193
v -9.774933 0.000000 -1.647289
v -9.123271 0.000000 -1.647289
v -8.471608 0.000000 -1.647289
v -7.819946 0.000000 -1.647289
v -7.168284 0.048035 -1.647289
v -6.516621 0.254427 -1.647289
v -5.864959 0.589700 -1.647289
v -5.213297 1.016934 -1.647289
v -4.561635 1.499336 -1.647289
v -3.909973 2.000324 -1.647289
v -3.258311 2.483727 -1.647289
v -2.606649 2.914180 -1.647289
v -1.954986 3.258016 -1.647289
v -1.303324 3.485235 -1.647289
v -0.651662 3.573356 -1.647290
v 0.000000 3.512819 -1.647290
v 0.651662 3.310251 -1.647290
v 1.303324 2.986129 -1.647290
v 1.954987 2.569409 -1.647290
v 2.606649 2.093266 -1.647290
v 3.258311 1.592835 -1.647289
v 3.909973 1.104178 -1.647289
v 4.561635 0.663818 -1.647289
v 5.213297 0.308517 -1.647289
v 5.864959 0.075177 -1.647289
v 6.516622 0.000000 -1.647289
v 7.168284 0.000000 -1.647289
v 7.819947 0.000000 -1.647289
v 8.471609 0.000000 -1.647289
v 9.123271 0.000000 -1.647289
v 9.774933 0.000000 -1.647289
v -9.774933 0.000000 -2.196386
v -9.123271 0.000000 -2.196386
v -8.471608 0.000000 -2.196386
v -7.819946 0.000000 -2.196386
v -7.168284 0.012457 -2.196386
v -6.516622 0.154964 -2.196386
v -5.864959 0.427358 -2.196386
v -5.213297 0.793065 -2.196386
v -4.561635 1.215797 -2.196386
v -3.909973 1.659743 -2.196386
v -3.258311 2.089914 -2.196386
v -2.606649 2.472782 -2.196386
v -1.954986 2.777457 -2.196386
v -1.303324 2.977720 -2.196386
v -0.651662 3.055055 -2.196386
v 0.000000 3.001950 -2.196386
v 0.651662 2.823588 -2.196386
v 1.303324 2.536656 -2.196386
v 1.954987 2.166187 -2.196386
v 2.606649 1.742381 -2.196386
v 3.258311 1.298385 -2.196386
v 3.909973 0.868975 -2.196386
v 4.561635 0.489839 -2.196386
v 5.213297 0.197194 -2.196386
v 5.864959 0.027571 -2.196386
v 6.516622 0.000000 -2.196386
v 7.168284 0.000000 -2.196386
v 7.819947 0.000000 -2.196386
v 8.471609 0.000000 -2.196386
v 9.123271 0.000000 -2.196386
v 9.774933 0.000000 -2.196386
v -9.774933 0.000000 -2.745482
v -9.123271 0.000000 -2.745482
v -8.471608 0.000000 -2.745482
v -7.819946 0.000000 -2.745482
v -7.168284 0.000000 -2.745482
v -6.516621 0.064900 -2.745482
v -5.864959 0.260942 -2.745482
v -5.213297 0.552663 -2.745482
v -4.561635 0.904558 -2.745482
v -3.909973 1.281921 -2.745482
v -3.258310 1.651327 -2.745482
v -2.606648 1.981414 -2.745482
v -1.954986 2.244125 -2.745482
v -1.303324 2.416512 -2.745482
v -0.651662 2.482973 -2.745482
v 0.000000 2.437342 -2.745482
v 0.651662 2.283865 -2.745482
v 1.303324 2.036511 -2.745482
v 1.954987 1.717031 -2.745482
v 2.606649 1.352681 -2.745482
v 3.258311 0.974314 -2.745482
v 3.909973 0.615039 -2.745482
v 4.561635 0.309367 -2.745482
v 5.213297 0.092679 -2.745482
v 5.864959 0.000914 -2.745482
v 6.516622 0.000000 -2.745482
v 7.168284 0.000000 -2.745482
v 7.819947 0.000000 -2.745482
v 8.471609 0.000000 -2.745482
v 9.123271 0.000000 -2.745482
v 9.774933 0.000000 -2.745482
v -9.774933 0.000000 -3.294579
v -9.123271 0.000000 -3.294579
v -8.471608 0.000000 -3.294579
v -7.819946 0.000000 -3.294579
v -7.168283 0.000000 -3.294579
v -6.516621 0.007886 -3.294579
v -5.864959 0.115929 -3.294579
v -5.213297 0.323209 -3.294579
v -4.561635 0.595241 -3.294579
v -3.909972 0.898676 -3.294579
v -3.258311 1.201864 -3.294579
v -2.606648 1.475687 -3.294579
v -1.954986 1.694715 -3.294579
v -1.303324 1.838707 -3.294579
v -0.651662 1.894247 -3.294579
v 0.000000 1.856114 -3.294579
v 0.651662 1.727896 -3.294579
v 1.303324 1.521562 -3.294579
v 1.954987 1.256200 -3.294579
v 2.606649 0.956388 -3.294579
v 3.258311 0.650654 -3.294579
v 3.909973 0.370246 -3.294579
v 4.561635 0.148244 -3.294579
v 5.213297 0.018954 -3.294579
v 5.864959 0.000000 -3.294579
v 6.516622 0.000000 -3.294579
v 7.168284 0.000000 -3.294579
v 7.819947 0.000000 -3.294579
v 8.471609 0.000000 -3.294579
v 9.123271 0.000000 -3.294579
v 9.774933 0.000000 -3.294579
v -9.774933 0.000000 -3.843676
v -9.123271 0.000000 -3.843676
v -8.471608 0.000000 -3.843676
v -7.819946 0.000000 -3.843676
v -7.168283 0.000000 -3.843676
v -6.516621 0.000000 -3.843676
v -5.864959 0.020737 -3.843676
v -5.213297 0.134915 -3.843676
v -4.561635 0.319865 -3.843676
v -3.909972 0.543745 -3.843676
v -3.258311 0.776747 -3.843676
v -2.606648 0.991910 -3.843676
v -1.954986 1.166143 -3.843676
v -1.303324 1.281424 -3.843676
v -0.651662 1.326015 -3.843676
v 0.000000 1.295393 -3.843676
v 0.651662 1.192663 -3.843676
v 1.303324 1.028272 -3.843676
v 1.954987 0.819152 -3.843676
v 2.606649 0.587539 -3.843676
v 3.258311 0.359757 -3.843676
v 3.909973 0.165145 -3.843676
v 4.561635 0.035218 -3.843676
v 5.213297 0.000000 -3.843676
v 5.864959 0.000000 -3.843676
v 6.516622 0.000000 -3.843676
v 7.168284 0.000000 -3.843675
v 7.819947 0.000000 -3.843675
v 8.471609 0.000000 -3.843675
v 9.123271 0.000000 -3.843676
v 9.774933 0.000000 -3.843676
v -9.774933 0.000000 -4.392772
v -9.123271 0.000000 -4.392772
v -8.471608 0.000000 -4.392772
v -7.819946 0.000000 -4.392772
v -7.168284 0.000000 -4.392772
v -6.516621 0.000000 -4.392772
v -5.864959 0.000000 -4.392772
v -5.213297 0.019933 -4.392772
v -4.561635 0.112046 -4.392772
v -3.909973 0.252043 -4.392772
v -3.258311 0.411931 -4.392772
v -2.606648 0.566744 -4.392772
v -1.954986 0.695427 -4.392772
v -1.303324 0.781792 -4.392772
v -0.651662 0.815415 -4.392772
v 0.000000 0.792313 -4.392772
v 0.651662 0.715218 -4.392772
v 1.303324 0.593389 -4.392772
v 1.954987 0.442001 -4.392772
v 2.606649 0.281269 -4.392772
v 3.258311 0.135497 -4.392772
v 3.909973 0.032172 -4.392772
v 4.561635 0.000000 -4.392772
v 5.213297 0.000000 -4.392772
v 5.864959 0.000000 -4.392772
v 6.516622 0.000000 -4.392772
v 7.168284 0.000000 -4.392772
v 7.819947 0.000000 -4.392772
v 8.471609 0.000000 -4.392772
v 9.123271 0.000000 -4.392772
v 9.774933 0.000000 -4.392772
v -9.774933 0.000000 -4.941869
v -9.123271 0.000000 -4.941869
v -8.471608 0.000000 -4.941869
v -7.819946 0.000000 -4.941869
v -7.168284 0.000000 -4.941869
v -6.516621 0.000000 -4.941869
v -5.864959 0.000000 -4.941868
v -5.213297 0.000000 -4.941869
v -4.561635 0.006463 -4.941868
v -3.909972 0.059222 -4.941869
v -3.258310 0.143796 -4.941869
v -2.606648 0.237031 -4.941869
v -1.954986 0.319636 -4.941869
v -1.303324 0.376940 -4.941869
v -0.651662 0.399584 -4.941869
v 0.000000 0.384007 -4.941869
v 0.651662 0.332650 -4.941869
v 1.303324 0.253818 -4.941869
v 1.954987 0.161234 -4.941869
v 2.606649 0.073383 -4.941869
v 3.258311 0.012751 -4.941869
v 3.909973 0.000000 -4.941869
v 4.561635 0.000000 -4.941868
v 5.213297 0.000000 -4.941869
v 5.864959 0.000000 -4.941868
v 6.516622 0.000000 -4.941868
v 7.168284 0.000000 -4.941868
v 7.819947 0.000000 -4.941869
v 8.471609 0.000000 -4.941868
v 9.123271 0.000000 -4.941869
v 9.774933 0.000000 -4.941868
v -9.774933 0.000000 -5.490965
v -9.123271 0.000000 -5.490965
v -8.471608 0.000000 -5.490965
v -7.819946 0.000000 -5.490965
v -7.168284 0.000000 -5.490965
v -6.516621 0.000000 -5.490965
v -5.864959 0.000000 -5.490965
v -5.213297 0.000000 -5.490965
v -4.561635 0.000000 -5.490965
v -3.909972 0.000000 -5.490965
v -3.258311 0.008979 -5.490965
v -2.606648 0.039721 -5.490965
v -1.954986 0.075861 -5.490965
v -1.303324 0.104004 -5.490965
v -0.651662 0.115660 -5.490965
v 0.000000 0.107611 -5.490965
v 0.651662 0.082065 -5.490965
v 1.303324 0.046545 -5.490965
v 1.954987 0.013563 -5.490965
v 2.606649 0.000000 -5.490965
v 3.258311 0.000000 -5.490965
v 3.909973 0.000000 -5.490965
v 4.561635 0.000000 -5.490965
v 5.213297 0.000000 -5.490965
v 5.864959 0.000000 -5.490965
v 6.516622 0.000000 -5.490964
v 7.168284 0.000000 -5.490965
v 7.819947 0.000000 -5.490965
v 8.471609 0.000000 -5.490965
v 9.123271 0.000000 -5.490965
v 9.774933 0.000000 -5.490965
v -9.774933 0.000000 -6.040062
v -9.123271 0.000000 -6.040062
v -8.471608 0.000000 -6.040062
v -7.819946 0.000000 -6.040062
v -7.168284 0.000000 -6.040061
v -6.516621 0.000000 -6.040062
v -5.864959 0.000000 -6.040061
v -5.213297 0.000000 -6.040062
v -4.561635 0.000000 -6.040061
v -3.909973 0.000000 -6.040062
v -3.258311 0.000000 -6.040062
v -2.606648 0.000000 -6.040062
v -1.954986 0.000000 -6.040062
v -1.303324 0.000118 -6.040062
v -0.651662 0.000780 -6.040062
v 0.000000 0.000264 -6.040062
v 0.651662 0.000000 -6.040062
v 1.303324 0.000000 -6.040062
v 1.954987 0.000000 -6.040062
v 2.606649 0.000000 -6.040062
v 3.258311 0.000000 -6.040061
v 3.909973 0.000000 -6.040062
v 4.561635 0.000000 -6.040061
v 5.213297 0.000000 -6.040062
v 5.864959 0.000000 -6.040061
v 6.516622 0.000000 -6.040061
v 7.168284 0.000000 -6.040061
v 7.819947 0.000000 -6.040062
v 8.471609 0.000000 -6.040062
v 9.123271 0.000000 -6.040062
v 9.774933 0.000000 -6.040062
v -9.774933 0.000000 -6.589159
v -9.123271 0.000000 -6.589159
v -8.471608 0.000000 -6.589159
v -7.819946 0.000000 -6.589159
v -7.168284 0.000000 -6.589159
v -6.516622 0.000000 -6.589159
v -5.864959 0.000000 -6.589159
v -5.213297 0.000000 -6.589159
v -4.561635 0.000000 -6.589159
v -3.909973 0.000000 -6.589159
v -3.258311 0.000000 -6.589159
v -2.606648 0.000000 -6.589159
v -1.954986 0.000000 -6.589159
v -1.303324 0.000000 -6.589159
v -0.651662 0.000000 -6.589159
v 0.000000 0.000000 -6.589159
v 0.651662 0.000000 -6.589159
v 1.303324 0.000000 -6.589159
v 1.954987 0.000000 -6.589159
v 2.606649 0.000000 -6.589159
v 3.258311 0.000000 -6.589159
v 3.909973 0.000000 -6.589159
v 4.561635 0.000000 -6.589159
v 5.213297 0.000000 -6.589159
v 5.864959 0.000000 -6.589159
v 6.516622 0.000000 -6.589159
v 7.168284 0.000000 -6.589159
v 7.819947 0.000000 -6.589159
v 8.471609 0.000000 -6.589159
v 9.123271 0.000000 -6.589159
v 9.774933 0.000000 -6.589159
v -9.774933 0.000000 -7.138256
v -9.123271 0.000000 -7.138256
v -8.471608 0.000000 -7.138256
v -7.819946 0.000000 -7.138256
v -7.168284 0.000000 -7.138255
v -6.516622 0.000000 -7.138255
v -5.864959 0.000000 -7.138255
v -5.213297 0.000000 -7.138255
v -4.561635 0.000000 -7.138255
v -3.909973 0.000000 -7.138255
v -3.258311 0.000000 -7.138255
v -2.606648 0.000000 -7.138256
v -1.954986 0.000000 -7.138256
v -1.303324 0.000000 -7.138256
v -0.651662 0.000000 -7.138256
v 0.000000 0.000000 -7.138256
v 0.651662 0.000000 -7.138256
v 1.303324 0.000000 -7.138256
v 1.954987 0.000000 -7.138256
v 2.606649 0.000000 -7.138256
v 3.258311 0.000000 -7.138255
v 3.909973 0.000000 -7.138255
v 4.561635 0.000000 -7.138255
v 5.213297 0.000000 -7.138255
v 5.864959 0.000000 -7.138255
v 6.516622 0.000000 -7.138255
v 7.168284 0.000000 -7.138255
v 7.819946 0.000000 -7.138255
v 8.471609 0.000000 -7.138256
v 9.123271 0.000000 -7.138256
v 9.774933 0.000000 -7.138256
v -9.774934 0.000000 -7.687352
v -9.123271 0.000000 -7.687352
v -8.471609 0.000000 -7.687352
v -7.819946 0.000000 -7.687352
v -7.168284 0.000000 -7.687352
v -6.516622 0.000000 -7.687351
v -5.864959 0.000000 -7.687351
v -5.213297 0.000000 -7.687352
v -4.561635 0.000000 -7.687351
v -3.909973 0.000000 -7.687351
v -3.258311 0.000000 -7.687352
v -2.606648 0.000000 -7.687352
v -1.954986 0.000000 -7.687352
v -1.303324 0.000000 -7.687352
v -0.651662 0.000000 -7.687352
v 0.000000 0.000000 -7.687352
v 0.651662 0.000000 -7.687352
v 1.303324 0.000000 -7.687352
v 1.954987 0.000000 -7.687352
v 2.606649 0.000000 -7.687352
v 3.258311 0.000000 -7.687352
v 3.909973 0.000000 -7.687351
v 4.561635 0.000000 -7.687351
v 5.213297 0.000000 -7.687352
v 5.864959 0.000000 -7.687351
v 6.516622 0.000000 -7.687351
v 7.168284 0.000000 -7.687351
v 7.819947 0.000000 -7.687352
v 8.471609 0.000000 -7.687352
v 9.123271 0.000000 -7.687352
v 9.774933 0.000000 -7.687352
v -9.774933 0.000000 -8.236448
v -9.123271 0.000000 -8.236448
v -8.471609 0.000000 -8.236448
v -7.819947 0.000000 -8.236448
v -7.168284 0.000000 -8.236448
v -6.516622 0.000000 -8.236448
v -5.864959 0.000000 -8.236447
v -5.213297 0.000000 -8.236448
v -4.561635 0.000000 -8.236447
v -3.909973 0.000000 -8.236448
v -3.258311 0.000000 -8.236448
v -2.606648 0.000000 -8.236448
v -1.954986 0.000000 -8.236448
v -1.303324 0.000000 -8.236448
v -0.651662 0.000000 -8.236448
v 0.000000 0.000000 -8.236448
v 0.651662 0.000000 -8.236448
v 1.303324 0.000000 -8.236448
v 1.954987 0.000000 -8.236448
v 2.606649 0.000000 -8.236448
v 3.258311 0.000000 -8.236448
v 3.909973 0.000000 -8.236448
v 4.561635 0.000000 -8.236447
v 5.213297 0.000000 -8.236448
v 5.864959 0.000000 -8.236447
v 6.516622 0.000000 -8.236448
v 7.168284 0.000000 -8.236447
v 7.819947 0.000000 -8.236448
v 8.471609 0.000000 -8.236448
v 9.123271 0.000000 -8.236448
v 9.774932 0.000000 -8.236448
vn -0.0000 1.0000 -0.0000
vn -0.0000 1.0000 0.0002
vn -0.0000 0.9999 0.0134
vn -0.0000 0.9995 0.0317
vn 0.0052 0.9992 0.0405
vn 0.0146 0.9993 0.0344
vn 0.0132 0.9998 0.0170
vn 0.0011 1.0000 0.0013
vn -0.0000 1.0000 0.0095
vn -0.0002 0.9970 0.0768
vn -0.0109 0.9847 0.1737
vn -0.0149 0.9674 0.2528
vn -0.0071 0.9539 0.3000
vn 0.0159 0.9482 0.3172
vn 0.0516 0.9509 0.3051
vn 0.0768 0.9617 0.2633
vn 0.0837 0.9781 0.1904
vn 0.0640 0.9935 0.0938
vn 0.0151 0.9997 0.0179
vn -0.0080 0.9982 0.0589
vn -0.0557 0.9778 0.2022
vn -0.0790 0.9421 0.3259
vn -0.0749 0.9062 0.4161
vn -0.0529 0.8774 0.4769
vn -0.0209 0.8586 0.5122
vn 0.0241 0.8509 0.5247
vn 0.0801 0.8536 0.5147
vn 0.1267 0.8670 0.4820
vn 0.1574 0.8912 0.4254
vn 0.1645 0.9253 0.3417
vn 0.1382 0.9642 0.2263
vn 0.0680 0.9943 0.0821
vn -0.0494 0.9942 0.0960
vn -0.1269 0.9574 0.2593
vn -0.1581 0.9079 0.3882
vn -0.1543 0.8608 0.4849
vn -0.1265 0.8223 0.5548
vn -0.0833 0.7941 0.6021
vn -0.0320 0.7763 0.6296
vn 0.0306 0.7687 0.6389
vn 0.1027 0.7702 0.6295
vn 0.1656 0.7812 0.6019
vn 0.2139 0.8031 0.5562
vn 0.2415 0.8372 0.4907
vn 0.2406 0.8836 0.4017
vn 0.1997 0.9381 0.2829
vn 0.1051 0.9861 0.1284
vn 0.0043 1.0000 0.0051
vn -0.0001 1.0000 -0.0000
vn -0.0806 0.9928 0.0889
vn -0.1866 0.9491 0.2538
vn -0.2360 0.8918 0.3859
vn -0.2419 0.8383 0.4885
vn -0.2170 0.7944 0.5673
vn -0.1706 0.7609 0.6261
vn -0.1101 0.7368 0.6671
vn -0.0419 0.7215 0.6911
vn 0.0367 0.7145 0.6987
vn 0.1233 0.7144 0.6888
vn 0.1999 0.7219 0.6624
vn 0.2616 0.7389 0.6210
vn 0.3037 0.7672 0.5649
vn 0.3204 0.8091 0.4926
vn 0.3027 0.8652 0.3998
vn 0.2370 0.9307 0.2786
vn 0.1064 0.9868 0.1220
vn 0.0007 1.0000 0.0008
vn -0.0753 0.9962 0.0437
vn -0.2204 0.9538 0.2044
vn -0.2997 0.8923 0.3375
vn -0.3263 0.8345 0.4441
vn -0.3143 0.7874 0.5303
vn -0.2741 0.7514 0.6002
vn -0.2129 0.7248 0.6553
vn -0.1367 0.7057 0.6952
vn -0.0519 0.6932 0.7189
vn 0.0432 0.6866 0.7258
vn 0.1449 0.6846 0.7143
vn 0.2346 0.6884 0.6864
vn 0.3075 0.6998 0.6447
vn 0.3597 0.7215 0.5917
vn 0.3875 0.7558 0.5278
vn 0.3848 0.8054 0.4508
vn 0.3406 0.8706 0.3551
vn 0.2372 0.9434 0.2318
vn 0.0638 0.9952 0.0749
vn -0.0369 0.9993 0.0018
vn -0.2124 0.9688 0.1281
vn -0.3346 0.9063 0.2581
vn -0.3931 0.8442 0.3645
vn -0.4049 0.7939 0.4536
vn -0.3820 0.7567 0.5306
vn -0.3312 0.7302 0.5976
vn -0.2575 0.7115 0.6538
vn -0.1659 0.6982 0.6964
vn -0.0631 0.6887 0.7223
vn 0.0508 0.6824 0.7292
vn 0.1696 0.6780 0.7152
vn 0.2729 0.6772 0.6834
vn 0.3555 0.6826 0.6385
vn 0.4148 0.6972 0.5847
vn 0.4490 0.7237 0.5242
vn 0.4545 0.7650 0.4563
vn 0.4233 0.8235 0.3776
vn 0.3403 0.8974 0.2807
vn 0.1832 0.9706 0.1564
vn 0.0111 0.9999 0.0132
vn -0.0015 1.0000 -0.0000
vn -0.1452 0.9885 0.0420
vn -0.3240 0.9318 0.1633
vn -0.4265 0.8651 0.2642
vn -0.4720 0.8093 0.3496
vn -0.4765 0.7692 0.4258
vn -0.4484 0.7430 0.4969
vn -0.3915 0.7274 0.5636
vn -0.3076 0.7187 0.6236
vn -0.2003 0.7130 0.6720
vn -0.0767 0.7076 0.7025
vn 0.0602 0.7014 0.7102
vn 0.1997 0.6932 0.6925
vn 0.3174 0.6861 0.6546
vn 0.4082 0.6842 0.6044
vn 0.4715 0.6909 0.5481
vn 0.5079 0.7092 0.4889
vn 0.5164 0.7421 0.4273
vn 0.4915 0.7927 0.3608
vn 0.4207 0.8616 0.2838
vn 0.2825 0.9407 0.1880
vn 0.0677 0.9954 0.0672
vn -0.0373 0.9993 -0.0000
vn -0.2499 0.9658 0.0696
vn -0.4106 0.8977 0.1595
vn -0.4998 0.8336 0.2351
vn -0.5391 0.7861 0.3022
vn -0.5420 0.7564 0.3662
vn -0.5140 0.7419 0.4305
vn -0.4557 0.7392 0.4958
vn -0.3653 0.7438 0.5598
vn -0.2424 0.7498 0.6157
vn -0.0939 0.7514 0.6531
vn 0.0725 0.7455 0.6626
vn 0.2372 0.7310 0.6398
vn 0.3697 0.7143 0.5942
vn 0.4661 0.7021 0.5383
vn 0.5297 0.6992 0.4802
vn 0.5643 0.7086 0.4235
vn 0.5715 0.7333 0.3685
vn 0.5477 0.7759 0.3129
vn 0.4829 0.8385 0.2527
vn 0.3566 0.9166 0.1809
vn 0.1434 0.9855 0.0906
vn -0.0975 0.9952 0.0003
vn -0.3278 0.9424 0.0671
vn -0.4748 0.8708 0.1280
vn -0.5564 0.8111 0.1803
vn -0.5938 0.7713 0.2290
vn -0.5989 0.7510 0.2781
vn -0.5753 0.7480 0.3309
vn -0.5209 0.7599 0.3889
vn -0.4293 0.7823 0.4514
vn -0.2936 0.8071 0.5123
vn -0.1163 0.8219 0.5576
vn 0.0885 0.8170 0.5698
vn 0.2835 0.7915 0.5415
vn 0.4288 0.7594 0.4893
vn 0.5262 0.7329 0.4313
vn 0.5855 0.7179 0.3765
vn 0.6148 0.7177 0.3269
vn 0.6176 0.7342 0.2819
vn 0.5917 0.7698 0.2392
vn 0.5282 0.8263 0.1953
vn 0.4082 0.9013 0.1452
vn 0.2045 0.9753 0.0833
vn 0.0078 0.9999 0.0092
vn -0.0002 1.0000 -0.0000
vn -0.1558 0.9878 0.0042
vn -0.3803 0.9238 0.0445
vn -0.5183 0.8516 0.0783
vn -0.5958 0.7958 0.1080
vn -0.6335 0.7616 0.1365
vn -0.6421 0.7483 0.1665
vn -0.6246 0.7548 0.2004
vn -0.5777 0.7801 0.2401
vn -0.4913 0.8223 0.2870
vn -0.3499 0.8734 0.3389
vn -0.1436 0.9120 0.3842
vn 0.1081 0.9105 0.3992
vn 0.3335 0.8673 0.3696
vn 0.4854 0.8132 0.3211
vn 0.5782 0.7685 0.2740
vn 0.6302 0.7404 0.2337
vn 0.6526 0.7309 0.1999
vn 0.6499 0.7406 0.1708
vn 0.6206 0.7707 0.1444
vn 0.5561 0.8226 0.1183
vn 0.4381 0.8944 0.0896
vn 0.2391 0.9695 0.0546
vn 0.0183 0.9998 0.0125
vn -0.0038 1.0000 -0.0000
vn -0.1911 0.9816 0.0017
vn -0.4093 0.9123 0.0111
vn -0.5422 0.8400 0.0190
vn -0.6175 0.7862 0.0260
vn -0.6553 0.7547 0.0328
vn -0.6661 0.7448 0.0402
vn -0.6527 0.7561 0.0487
vn -0.6116 0.7890 0.0590
vn -0.5318 0.8438 0.0718
vn -0.3924 0.9156 0.0872
vn -0.1686 0.9803 0.1030
vn 0.1215 0.9864 0.1105
vn 0.3637 0.9262 0.0989
vn 0.5161 0.8525 0.0828
vn 0.6042 0.7938 0.0690
vn 0.6509 0.7570 0.0580
vn 0.6688 0.7418 0.0492
vn 0.6627 0.7477 0.0418
vn 0.6309 0.7750 0.0352
vn 0.5648 0.8247 0.0289
vn 0.4461 0.8947 0.0220
vn 0.2475 0.9688 0.0137
vn 0.0215 0.9998 0.0037
vn -0.0023 1.0000 -0.0000
vn -0.1809 0.9835 -0.0035
vn -0.4009 0.9158 -0.0246
vn -0.5354 0.8435 -0.0422
vn -0.6114 0.7892 -0.0579
vn -0.6493 0.7571 -0.0731
vn -0.6595 0.7464 -0.0893
vn -0.6450 0.7565 -0.1080
vn -0.6023 0.7875 -0.1305
vn -0.5204 0.8391 -0.1581
vn -0.3798 0.9052 -0.1907
vn -0.1604 0.9617 -0.2223
vn 0.1188 0.9646 -0.2356
vn 0.3571 0.9094 -0.2133
vn 0.5094 0.8414 -0.1806
vn 0.5986 0.7866 -0.1515
vn 0.6466 0.7520 -0.1278
vn 0.6656 0.7383 -0.1086
vn 0.6604 0.7452 -0.0924
vn 0.6294 0.7732 -0.0780
vn 0.5639 0.8234 -0.0639
vn 0.4457 0.8939 -0.0486
vn 0.2474 0.9685 -0.0302
vn 0.0214 0.9997 -0.0079
vn -0.1353 0.9908 -0.0027
vn -0.3632 0.9301 -0.0548
vn -0.5041 0.8580 -0.0988
vn -0.5829 0.8009 -0.1371
vn -0.6204 0.7649 -0.1735
vn -0.6276 0.7493 -0.2114
vn -0.6078 0.7526 -0.2533
vn -0.5579 0.7732 -0.3016
vn -0.4690 0.8080 -0.3566
vn -0.3286 0.8486 -0.4146
vn -0.1328 0.8769 -0.4620
vn 0.1004 0.8736 -0.4762
vn 0.3149 0.8378 -0.4460
vn 0.4652 0.7928 -0.3938
vn 0.5603 0.7551 -0.3403
vn 0.6152 0.7320 -0.2927
vn 0.6402 0.7258 -0.2517
vn 0.6396 0.7378 -0.2157
vn 0.6116 0.7698 -0.1826
vn 0.5477 0.8232 -0.1495
vn 0.4293 0.8961 -0.1126
vn 0.2290 0.9711 -0.0675
vn 0.0148 0.9998 -0.0131
vn -0.0735 0.9973 -0.0000
vn -0.3012 0.9509 -0.0709
vn -0.4528 0.8801 -0.1427
vn -0.5368 0.8188 -0.2037
vn -0.5746 0.7762 -0.2595
vn -0.5785 0.7525 -0.3148
vn -0.5528 0.7453 -0.3727
vn -0.4964 0.7515 -0.4346
vn -0.4045 0.7666 -0.4988
vn -0.2731 0.7832 -0.5586
vn -0.1071 0.7919 -0.6011
vn 0.0819 0.7865 -0.6122
vn 0.2649 0.7659 -0.5859
vn 0.4058 0.7405 -0.5357
vn 0.5035 0.7200 -0.4776
vn 0.5649 0.7099 -0.4205
vn 0.5967 0.7134 -0.3675
vn 0.6013 0.7330 -0.3181
vn 0.5765 0.7711 -0.2701
vn 0.5129 0.8298 -0.2198
vn 0.3911 0.9060 -0.1616
vn 0.1843 0.9788 -0.0891
vn 0.0037 1.0000 -0.0044
vn -0.0191 0.9998 -0.0000
vn -0.2132 0.9750 -0.0632
vn -0.3804 0.9100 -0.1648
vn -0.4739 0.8444 -0.2497
vn -0.5149 0.7938 -0.3236
vn -0.5178 0.7601 -0.3925
vn -0.4892 0.7412 -0.4597
vn -0.4308 0.7333 -0.5259
vn -0.3424 0.7323 -0.5887
vn -0.2253 0.7332 -0.6416
vn -0.0868 0.7316 -0.6762
vn 0.0674 0.7256 -0.6849
vn 0.2219 0.7139 -0.6642
vn 0.3488 0.7014 -0.6216
vn 0.4435 0.6935 -0.5677
vn 0.5075 0.6945 -0.5100
vn 0.5433 0.7074 -0.4521
vn 0.5513 0.7352 -0.3943
vn 0.5277 0.7808 -0.3345
vn 0.4612 0.8459 -0.2680
vn 0.3311 0.9248 -0.1875
vn 0.1142 0.9897 -0.0858
vn -0.0991 0.9948 -0.0226
vn -0.2846 0.9460 -0.1552
vn -0.3938 0.8797 -0.2666
vn -0.4434 0.8211 -0.3595
vn -0.4499 0.7769 -0.4404
vn -0.4231 0.7464 -0.5136
vn -0.3680 0.7265 -0.5803
vn -0.2877 0.7137 -0.6387
vn -0.1864 0.7048 -0.6845
vn -0.0711 0.6976 -0.7130
vn 0.0563 0.6914 -0.7203
vn 0.1874 0.6848 -0.7042
vn 0.2996 0.6804 -0.6688
vn 0.3875 0.6815 -0.6208
vn 0.4496 0.6914 -0.5655
vn 0.4857 0.7129 -0.5059
vn 0.4936 0.7490 -0.4421
vn 0.4670 0.8026 -0.3712
vn 0.3924 0.8738 -0.2872
vn 0.2477 0.9517 -0.1812
vn 0.0422 0.9979 -0.0484
vn -0.0121 0.9999 -0.0000
vn -0.1627 0.9814 -0.1019
vn -0.2939 0.9241 -0.2441
vn -0.3594 0.8610 -0.3598
vn -0.3759 0.8074 -0.4548
vn -0.3565 0.7662 -0.5347
vn -0.3092 0.7359 -0.6024
vn -0.2400 0.7141 -0.6577
vn -0.1543 0.6984 -0.6988
vn -0.0586 0.6877 -0.7236
vn 0.0477 0.6813 -0.7305
vn 0.1597 0.6779 -0.7176
vn 0.2577 0.6790 -0.6875
vn 0.3367 0.6868 -0.6441
vn 0.3937 0.7041 -0.5909
vn 0.4260 0.7336 -0.5295
vn 0.4290 0.7782 -0.4587
vn 0.3938 0.8395 -0.3743
vn 0.3040 0.9141 -0.2682
vn 0.1382 0.9816 -0.1318
vn 0.0014 1.0000 -0.0017
vn -0.0318 0.9994 -0.0144
vn -0.1701 0.9709 -0.1683
vn -0.2593 0.9136 -0.3133
vn -0.2936 0.8545 -0.4285
vn -0.2876 0.8043 -0.5199
vn -0.2526 0.7651 -0.5923
vn -0.1967 0.7357 -0.6482
vn -0.1264 0.7147 -0.6879
vn -0.0480 0.7010 -0.7115
vn 0.0406 0.6943 -0.7185
vn 0.1364 0.6931 -0.7078
vn 0.2211 0.6984 -0.6807
vn 0.2899 0.7119 -0.6396
vn 0.3387 0.7362 -0.5859
vn 0.3629 0.7735 -0.5196
vn 0.3554 0.8260 -0.4376
vn 0.3040 0.8924 -0.3333
vn 0.1908 0.9615 -0.1979
vn 0.0291 0.9990 -0.0345
vn -0.0306 0.9988 -0.0377
vn -0.1370 0.9695 -0.2030
vn -0.1970 0.9169 -0.3470
vn -0.2118 0.8631 -0.4585
vn -0.1941 0.8171 -0.5429
vn -0.1543 0.7812 -0.6049
vn -0.1001 0.7554 -0.6476
vn -0.0381 0.7391 -0.6725
vn 0.0344 0.7319 -0.6806
vn 0.1155 0.7324 -0.6710
vn 0.1870 0.7413 -0.6446
vn 0.2440 0.7602 -0.6021
vn 0.2811 0.7910 -0.5433
vn 0.2920 0.8353 -0.4659
vn 0.2665 0.8923 -0.3644
vn 0.1902 0.9542 -0.2311
vn 0.0539 0.9965 -0.0639
vn -0.0099 0.9993 -0.0363
vn -0.0793 0.9789 -0.1882
vn -0.1215 0.9365 -0.3289
vn -0.1275 0.8913 -0.4352
vn -0.1080 0.8523 -0.5118
vn -0.0724 0.8231 -0.5633
vn -0.0280 0.8046 -0.5932
vn 0.0283 0.7969 -0.6035
vn 0.0945 0.7989 -0.5940
vn 0.1516 0.8110 -0.5650
vn 0.1938 0.8344 -0.5160
vn 0.2145 0.8696 -0.4447
vn 0.2048 0.9154 -0.3466
vn 0.1529 0.9644 -0.2156
vn 0.0492 0.9971 -0.0584
vn -0.0000 0.9999 -0.0118
vn -0.0137 0.9941 -0.1072
vn -0.0458 0.9701 -0.2382
vn -0.0521 0.9398 -0.3377
vn -0.0394 0.9133 -0.4054
vn -0.0160 0.8954 -0.4451
vn 0.0212 0.8881 -0.4592
vn 0.0702 0.8910 -0.4485
vn 0.1094 0.9043 -0.4127
vn 0.1318 0.9274 -0.3501
vn 0.1291 0.9576 -0.2575
vn 0.0918 0.9870 -0.1319
vn 0.0196 0.9995 -0.0232
vn -0.0000 0.9999 -0.0163
vn -0.0000 0.9974 -0.0722
vn -0.0002 0.9906 -0.1369
vn -0.0010 0.9826 -0.1859
vn 0.0121 0.9787 -0.2048
vn 0.0384 0.9807 -0.1917
vn 0.0538 0.9876 -0.1476
vn 0.0504 0.9952 -0.0844
vn 0.0208 0.9995 -0.0247
vn -0.0000 1.0000 -0.0002
vn 0.0008 1.0000 -0.0014
vn 0.0004 1.0000 -0.0005
vn -0.0002 1.0000 0.0002
vn -0.0111 0.9998 0.0134
vn -0.0154 0.9994 0.0317
vn -0.0074 0.9992 0.0405
vn -0.0000 0.9994 0.0344
vn -0.0000 0.9999 0.0170
vn -0.0000 1.0000 0.0013
vn -0.0080 0.9999 0.0095
vn -0.0567 0.9954 0.0767
vn -0.0823 0.9815 0.1731
vn -0.0798 0.9644 0.2520
vn -0.0574 0.9524 0.2995
vn -0.0231 0.9481 0.3172
vn 0.0049 0.9522 0.3055
vn 0.0141 0.9644 0.2640
vn 0.0129 0.9815 0.1910
vn 0.0011 0.9956 0.0939
vn -0.0000 0.9998 0.0179
vn -0.0496 0.9970 0.0589
vn -0.1287 0.9711 0.2009
vn -0.1624 0.9325 0.3226
vn -0.1608 0.8969 0.4119
vn -0.1339 0.8707 0.4733
vn -0.0898 0.8553 0.5103
vn -0.0350 0.8507 0.5245
vn 0.0143 0.8563 0.5163
vn 0.0474 0.8730 0.4854
vn 0.0719 0.9001 0.4296
vn 0.0800 0.9351 0.3453
vn 0.0626 0.9716 0.2281
vn 0.0151 0.9965 0.0822
vn -0.0001 1.0000 0.0002
vn -0.0806 0.9921 0.0958
vn -0.1864 0.9483 0.2568
vn -0.2364 0.8934 0.3820
vn -0.2438 0.8450 0.4760
vn -0.2208 0.8085 0.5455
vn -0.1759 0.7844 0.5948
vn -0.1153 0.7715 0.6257
vn -0.0446 0.7683 0.6385
vn 0.0219 0.7741 0.6327
vn 0.0742 0.7899 0.6087
vn 0.1193 0.8162 0.5653
vn 0.1507 0.8529 0.4999
vn 0.1597 0.8986 0.4086
vn 0.1360 0.9485 0.2861
vn 0.0677 0.9894 0.1288
vn 0.0011 1.0000 0.0051
vn -0.0750 0.9932 0.0889
vn -0.2179 0.9429 0.2521
vn -0.2946 0.8770 0.3795
vn -0.3200 0.8186 0.4770
vn -0.3090 0.7740 0.5527
vn -0.2712 0.7432 0.6116
vn -0.2128 0.7243 0.6558
vn -0.1386 0.7152 0.6851
vn -0.0534 0.7139 0.6982
vn 0.0287 0.7196 0.6938
vn 0.0978 0.7333 0.6729
vn 0.1602 0.7556 0.6351
vn 0.2097 0.7874 0.5797
vn 0.2393 0.8293 0.5049
vn 0.2400 0.8812 0.4072
vn 0.1998 0.9387 0.2810
vn 0.1051 0.9869 0.1220
vn 0.0043 1.0000 0.0008
vn -0.0369 0.9984 0.0438
vn -0.2096 0.9561 0.2049
vn -0.3264 0.8841 0.3344
vn -0.3802 0.8165 0.4345
vn -0.3896 0.7639 0.5145
vn -0.3669 0.7268 0.5806
vn -0.3189 0.7030 0.6356
vn -0.2497 0.6899 0.6795
vn -0.1627 0.6848 0.7103
vn -0.0628 0.6859 0.7250
vn 0.0355 0.6915 0.7215
vn 0.1213 0.7029 0.7009
vn 0.1996 0.7207 0.6639
vn 0.2641 0.7458 0.6116
vn 0.3087 0.7799 0.5445
vn 0.3266 0.8248 0.4616
vn 0.3082 0.8809 0.3593
vn 0.2400 0.9427 0.2316
vn 0.1069 0.9915 0.0746
vn 0.0007 1.0000 -0.0000
vn -0.0015 1.0000 0.0018
vn -0.1441 0.9810 0.1297
vn -0.3172 0.9121 0.2598
vn -0.4123 0.8364 0.3611
vn -0.4518 0.7746 0.4426
vn -0.4524 0.7302 0.5121
vn -0.4232 0.7011 0.5739
vn -0.3684 0.6846 0.6290
vn -0.2901 0.6776 0.6758
vn -0.1903 0.6775 0.7105
vn -0.0738 0.6814 0.7282
vn 0.0432 0.6873 0.7251
vn 0.1473 0.6962 0.7026
vn 0.2415 0.7087 0.6629
vn 0.3190 0.7262 0.6090
vn 0.3744 0.7510 0.5439
vn 0.4030 0.7860 0.4688
vn 0.3984 0.8338 0.3823
vn 0.3498 0.8941 0.2797
vn 0.2409 0.9582 0.1544
vn 0.0640 0.9979 0.0132
vn -0.0372 0.9984 0.0424
vn -0.2470 0.9545 0.1673
vn -0.4008 0.8762 0.2676
vn -0.4822 0.8042 0.3474
vn -0.5145 0.7502 0.4153
vn -0.5117 0.7141 0.4776
vn -0.4804 0.6933 0.5372
vn -0.4221 0.6847 0.5941
vn -0.3365 0.6853 0.6459
vn -0.2236 0.6917 0.6867
vn -0.0875 0.7000 0.7088
vn 0.0526 0.7065 0.7057
vn 0.1781 0.7120 0.6792
vn 0.2892 0.7175 0.6337
vn 0.3777 0.7254 0.5754
vn 0.4399 0.7394 0.5098
vn 0.4736 0.7633 0.4395
vn 0.4756 0.8006 0.3644
vn 0.4387 0.8535 0.2811
vn 0.3485 0.9191 0.1837
vn 0.1851 0.9805 0.0662
vn 0.0111 0.9999 -0.0000
vn -0.0973 0.9927 0.0715
vn -0.3240 0.9315 0.1655
vn -0.4647 0.8522 0.2403
vn -0.5392 0.7861 0.3022
vn -0.5696 0.7398 0.3582
vn -0.5678 0.7120 0.4131
vn -0.5383 0.6999 0.4694
vn -0.4804 0.7008 0.5274
vn -0.3905 0.7115 0.5842
vn -0.2648 0.7278 0.6326
vn -0.1052 0.7433 0.6606
vn 0.0645 0.7509 0.6573
vn 0.2162 0.7506 0.6244
vn 0.3446 0.7450 0.5711
vn 0.4413 0.7397 0.5080
vn 0.5055 0.7406 0.4427
vn 0.5390 0.7526 0.3782
vn 0.5422 0.7793 0.3143
vn 0.5105 0.8233 0.2481
vn 0.4320 0.8848 0.1746
vn 0.2865 0.9541 0.0877
vn 0.0679 0.9977 -0.0000
vn -0.0002 1.0000 0.0003
vn -0.1554 0.9854 0.0701
vn -0.3772 0.9163 0.1347
vn -0.5108 0.8392 0.1865
vn -0.5831 0.7788 0.2312
vn -0.6151 0.7394 0.2739
vn -0.6174 0.7194 0.3182
vn -0.5931 0.7167 0.3668
vn -0.5399 0.7291 0.4207
vn -0.4504 0.7538 0.4785
vn -0.3147 0.7855 0.5329
vn -0.1281 0.8135 0.5673
vn 0.0800 0.8227 0.5629
vn 0.2632 0.8110 0.5225
vn 0.4074 0.7870 0.4632
vn 0.5068 0.7635 0.4003
vn 0.5676 0.7492 0.3413
vn 0.5966 0.7492 0.2877
vn 0.5970 0.7661 0.2380
vn 0.5663 0.8021 0.1896
vn 0.4943 0.8582 0.1383
vn 0.3615 0.9290 0.0793
vn 0.1440 0.9895 0.0091
vn -0.0038 1.0000 0.0042
vn -0.1909 0.9805 0.0472
vn -0.4079 0.9092 0.0836
vn -0.5388 0.8348 0.1132
vn -0.6116 0.7787 0.1395
vn -0.6466 0.7446 0.1657
vn -0.6539 0.7312 0.1941
vn -0.6364 0.7372 0.2269
vn -0.5906 0.7619 0.2659
vn -0.5066 0.8038 0.3119
vn -0.3674 0.8571 0.3610
vn -0.1556 0.9047 0.3966
vn 0.0992 0.9154 0.3901
vn 0.3161 0.8824 0.3484
vn 0.4695 0.8316 0.2965
vn 0.5649 0.7869 0.2484
vn 0.6183 0.7581 0.2073
vn 0.6408 0.7480 0.1725
vn 0.6372 0.7575 0.1419
vn 0.6055 0.7877 0.1133
vn 0.5367 0.8396 0.0841
vn 0.4120 0.9097 0.0513
vn 0.2052 0.9787 0.0122
vn 0.0078 1.0000 -0.0000
vn -0.0053 1.0000 0.0018
vn -0.1994 0.9798 0.0120
vn -0.4159 0.9092 0.0206
vn -0.5473 0.8365 0.0277
vn -0.6216 0.7826 0.0341
vn -0.6589 0.7512 0.0405
vn -0.6695 0.7413 0.0477
vn -0.6562 0.7525 0.0562
vn -0.6156 0.7852 0.0668
vn -0.5367 0.8400 0.0800
vn -0.3985 0.9122 0.0958
vn -0.1741 0.9786 0.1096
vn 0.1172 0.9875 0.1054
vn 0.3575 0.9295 0.0903
vn 0.5111 0.8563 0.0745
vn 0.6001 0.7976 0.0611
vn 0.6473 0.7606 0.0504
vn 0.6654 0.7453 0.0417
vn 0.6592 0.7512 0.0342
vn 0.6270 0.7786 0.0273
vn 0.5600 0.8283 0.0204
vn 0.4399 0.8980 0.0127
vn 0.2394 0.9709 0.0036
vn 0.0183 0.9998 -0.0000
vn -0.0053 1.0000 -0.0035
vn -0.1994 0.9796 -0.0263
vn -0.4155 0.9084 -0.0455
vn -0.5465 0.8352 -0.0612
vn -0.6202 0.7808 -0.0754
vn -0.6568 0.7488 -0.0896
vn -0.6665 0.7380 -0.1054
vn -0.6521 0.7479 -0.1239
vn -0.6103 0.7785 -0.1467
vn -0.5301 0.8297 -0.1748
vn -0.3916 0.8965 -0.2072
vn -0.1703 0.9573 -0.2338
vn 0.1112 0.9675 -0.2269
vn 0.3450 0.9177 -0.1970
vn 0.4993 0.8508 -0.1639
vn 0.5904 0.7957 -0.1353
vn 0.6394 0.7607 -0.1119
vn 0.6587 0.7467 -0.0926
vn 0.6531 0.7535 -0.0760
vn 0.6209 0.7815 -0.0607
vn 0.5533 0.8317 -0.0453
vn 0.4319 0.9015 -0.0281
vn 0.2295 0.9733 -0.0077
vn 0.0148 0.9999 -0.0000
vn -0.0023 1.0000 -0.0027
vn -0.1806 0.9819 -0.0579
vn -0.3989 0.9110 -0.1049
vn -0.5304 0.8356 -0.1430
vn -0.6028 0.7781 -0.1765
vn -0.6366 0.7423 -0.2094
vn -0.6420 0.7266 -0.2446
vn -0.6220 0.7295 -0.2845
vn -0.5733 0.7496 -0.3308
vn -0.4868 0.7849 -0.3835
vn -0.3480 0.8294 -0.4370
vn -0.1449 0.8687 -0.4736
vn 0.0916 0.8790 -0.4679
vn 0.2959 0.8555 -0.4249
vn 0.4469 0.8156 -0.3675
vn 0.5446 0.7788 -0.3114
vn 0.6010 0.7552 -0.2618
vn 0.6260 0.7485 -0.2188
vn 0.6238 0.7604 -0.1804
vn 0.5926 0.7926 -0.1440
vn 0.5228 0.8458 -0.1063
vn 0.3955 0.9162 -0.0637
vn 0.1850 0.9826 -0.0129
vn 0.0037 1.0000 -0.0000
vn -0.1349 0.9881 -0.0737
vn -0.3596 0.9211 -0.1493
vn -0.4953 0.8430 -0.2097
vn -0.5680 0.7805 -0.2610
vn -0.5991 0.7386 -0.3091
vn -0.5996 0.7158 -0.3580
vn -0.5730 0.7095 -0.4103
vn -0.5175 0.7172 -0.4667
vn -0.4272 0.7361 -0.5250
vn -0.2948 0.7611 -0.5777
vn -0.1187 0.7836 -0.6099
vn 0.0736 0.7921 -0.6059
vn 0.2442 0.7857 -0.5684
vn 0.3829 0.7698 -0.5106
vn 0.4820 0.7538 -0.4466
vn 0.5447 0.7455 -0.3840
vn 0.5759 0.7500 -0.3254
vn 0.5777 0.7704 -0.2698
vn 0.5469 0.8093 -0.2144
vn 0.4729 0.8674 -0.1547
vn 0.3359 0.9380 -0.0854
vn 0.1146 0.9934 -0.0044
vn -0.0734 0.9952 -0.0645
vn -0.2975 0.9394 -0.1702
vn -0.4425 0.8600 -0.2543
vn -0.5189 0.7915 -0.3227
vn -0.5495 0.7423 -0.3833
vn -0.5469 0.7114 -0.4413
vn -0.5163 0.6959 -0.4991
vn -0.4577 0.6930 -0.5570
vn -0.3690 0.6994 -0.6121
vn -0.2481 0.7114 -0.6575
vn -0.0979 0.7237 -0.6831
vn 0.0596 0.7308 -0.6800
vn 0.2007 0.7331 -0.6498
vn 0.3225 0.7325 -0.5996
vn 0.4166 0.7328 -0.5381
vn 0.4806 0.7390 -0.4722
vn 0.5148 0.7555 -0.4052
vn 0.5181 0.7862 -0.3368
vn 0.4850 0.8337 -0.2641
vn 0.4028 0.8970 -0.1819
vn 0.2510 0.9644 -0.0836
vn 0.0423 0.9991 -0.0000
vn -0.0191 0.9996 -0.0227
vn -0.2109 0.9646 -0.1582
vn -0.3714 0.8886 -0.2693
vn -0.4572 0.8147 -0.3567
vn -0.4915 0.7576 -0.4294
vn -0.4894 0.7184 -0.4943
vn -0.4584 0.6944 -0.5547
vn -0.4011 0.6826 -0.6109
vn -0.3180 0.6801 -0.6606
vn -0.2101 0.6837 -0.6988
vn -0.0819 0.6901 -0.7190
vn 0.0488 0.6964 -0.7160
vn 0.1656 0.7033 -0.6913
vn 0.2702 0.7118 -0.6483
vn 0.3548 0.7237 -0.5920
vn 0.4149 0.7420 -0.5266
vn 0.4472 0.7703 -0.4546
vn 0.4475 0.8117 -0.3754
vn 0.4070 0.8677 -0.2852
vn 0.3105 0.9338 -0.1777
vn 0.1393 0.9891 -0.0480
vn 0.0014 1.0000 -0.0000
vn -0.0986 0.9898 -0.1028
vn -0.2793 0.9284 -0.2452
vn -0.3818 0.8528 -0.3564
vn -0.4257 0.7884 -0.4441
vn -0.4289 0.7407 -0.5170
vn -0.4017 0.7086 -0.5801
vn -0.3491 0.6893 -0.6348
vn -0.2741 0.6798 -0.6802
vn -0.1793 0.6777 -0.7131
vn -0.0694 0.6804 -0.7295
vn 0.0402 0.6862 -0.7263
vn 0.1370 0.6961 -0.7048
vn 0.2250 0.7107 -0.6665
vn 0.2978 0.7312 -0.6137
vn 0.3495 0.7597 -0.5483
vn 0.3747 0.7987 -0.4708
vn 0.3658 0.8501 -0.3790
vn 0.3107 0.9121 -0.2676
vn 0.1929 0.9725 -0.1306
vn 0.0291 0.9996 -0.0017
vn -0.0121 0.9998 -0.0144
vn -0.1612 0.9724 -0.1686
vn -0.2881 0.9058 -0.3106
vn -0.3496 0.8375 -0.4200
vn -0.3642 0.7821 -0.5056
vn -0.3453 0.7421 -0.5745
vn -0.3007 0.7156 -0.6305
vn -0.2353 0.7002 -0.6740
vn -0.1533 0.6936 -0.7039
vn -0.0591 0.6937 -0.7179
vn 0.0329 0.6993 -0.7141
vn 0.1122 0.7116 -0.6936
vn 0.1844 0.7311 -0.6568
vn 0.2435 0.7589 -0.6040
vn 0.2830 0.7962 -0.5348
vn 0.2951 0.8443 -0.4473
vn 0.2694 0.9021 -0.3370
vn 0.1917 0.9613 -0.1979
vn 0.0539 0.9980 -0.0344
vn -0.0318 0.9988 -0.0377
vn -0.1690 0.9647 -0.2020
vn -0.2566 0.9040 -0.3421
vn -0.2903 0.8451 -0.4489
vn -0.2854 0.7983 -0.5304
vn -0.2526 0.7650 -0.5924
vn -0.1989 0.7440 -0.6378
vn -0.1297 0.7334 -0.6673
vn -0.0500 0.7314 -0.6801
vn 0.0261 0.7371 -0.6753
vn 0.0889 0.7516 -0.6536
vn 0.1450 0.7756 -0.6143
vn 0.1881 0.8096 -0.5561
vn 0.2106 0.8538 -0.4762
vn 0.2028 0.9065 -0.3702
vn 0.1523 0.9606 -0.2326
vn 0.0492 0.9967 -0.0639
vn -0.0306 0.9989 -0.0363
vn -0.1375 0.9727 -0.1870
vn -0.1987 0.9247 -0.3247
vn -0.2153 0.8775 -0.4285
vn -0.1996 0.8401 -0.5044
vn -0.1608 0.8145 -0.5574
vn -0.1061 0.8003 -0.5901
vn -0.0411 0.7965 -0.6032
vn 0.0192 0.8023 -0.5966
vn 0.0645 0.8188 -0.5705
vn 0.1023 0.8460 -0.5232
vn 0.1255 0.8833 -0.4517
vn 0.1251 0.9279 -0.3513
vn 0.0904 0.9719 -0.2173
vn 0.0195 0.9981 -0.0585
vn -0.0099 0.9999 -0.0118
vn -0.0802 0.9910 -0.1069
vn -0.1250 0.9635 -0.2366
vn -0.1334 0.9327 -0.3351
vn -0.1151 0.9079 -0.4031
vn -0.0785 0.8927 -0.4437
vn -0.0309 0.8879 -0.4591
vn 0.0110 0.8932 -0.4496
vn 0.0356 0.9092 -0.4149
vn 0.0509 0.9343 -0.3527
vn 0.0488 0.9645 -0.2594
vn 0.0206 0.9910 -0.1324
vn -0.0000 0.9997 -0.0232
vn -0.0138 0.9998 -0.0163
vn -0.0470 0.9963 -0.0721
vn -0.0549 0.9891 -0.1367
vn -0.0424 0.9817 -0.1857
vn -0.0175 0.9787 -0.2048
vn 0.0008 0.9814 -0.1919
vn 0.0004 0.9890 -0.1478
vn -0.0000 0.9964 -0.0845
vn -0.0000 0.9997 -0.0247
vn -0.0002 1.0000 -0.0002
vn -0.0010 1.0000 -0.0014
vn -0.0000 1.0000 -0.0005
vt 0.062500 0.031250
vt 0.031250 0.062500
vt 0.031250 0.031250
vt 0.093750 0.062500
vt 0.062500 0.062500
vt 0.093750 0.031250
vt 0.125000 0.062500
vt 0.156250 0.031250
vt 0.125000 0.031250
vt 0.187500 0.062500
vt 0.156250 0.062500
vt 0.218750 0.031250
vt 0.187500 0.031250
vt 0.250000 0.062500
vt 0.218750 0.062500
vt 0.250000 0.031250
vt 0.281250 0.062500
vt 0.281250 0.031250
vt 0.312500 0.062500
vt 0.343750 0.031250
vt 0.312500 0.031250
vt 0.375000 0.031250
vt 0.343750 0.062500
vt 0.406250 0.031250
vt 0.375000 0.062500
vt 0.437500 0.031250
vt 0.406250 0.062500
vt 0.468750 0.031250
vt 0.437500 0.062500
vt 0.500000 0.031250
vt 0.468750 0.062500
vt 0.531250 0.031250
vt 0.500000 0.062500
vt 0.562500 0.031250
vt 0.531250 0.062500
vt 0.593750 0.031250
vt 0.562500 0.062500
vt 0.625000 0.031250
vt 0.593750 0.062500
vt 0.656250 0.031250
vt 0.625000 0.062500
vt 0.687500 0.062500
vt 0.656250 0.062500
vt 0.718750 0.031250
vt 0.687500 0.031250
vt 0.750000 0.062500
vt 0.718750 0.062500
vt 0.781250 0.031250
vt 0.750000 0.031250
vt 0.812500 0.031250
vt 0.781250 0.062500
vt 0.843750 0.031250
vt 0.812500 0.062500
vt 0.875000 0.062500
vt 0.843750 0.062500
vt 0.906250 0.031250
vt 0.875000 0.031250
vt 0.937500 0.062500
vt 0.906250 0.062500
vt 0.968750 0.031250
vt 0.937500 0.031250
vt 0.031250 0.093750
vt 0.062500 0.093750
vt 0.093750 0.093750
vt 0.125000 0.093750
vt 0.156250 0.093750
vt 0.218750 0.093750
vt 0.187500 0.093750
vt 0.250000 0.093750
vt 0.281250 0.093750
vt 0.312500 0.093750
vt 0.343750 0.093750
vt 0.375000 0.093750
vt 0.406250 0.093750
vt 0.437500 0.093750
vt 0.468750 0.093750
vt 0.500000 0.093750
vt 0.531250 0.093750
vt 0.562500 0.093750
vt 0.593750 0.093750
vt 0.625000 0.093750
vt 0.656250 0.093750
vt 0.718750 0.093750
vt 0.687500 0.093750
vt 0.750000 0.093750
vt 0.781250 0.093750
vt 0.812500 0.093750
vt 0.843750 0.093750
vt 0.906250 0.093750
vt 0.875000 0.093750
vt 0.937500 0.093750
vt 0.968750 0.062500
vt 0.031250 0.125000
vt 0.062500 0.125000
vt 0.093750 0.125000
vt 0.156250 0.125000
vt 0.125000 0.125000
vt 0.187500 0.125000
vt 0.218750 0.125000
vt 0.250000 0.125000
vt 0.281250 0.125000
vt 0.312500 0.125000
vt 0.343750 0.125000
vt 0.375000 0.125000
vt 0.406250 0.125000
vt 0.437500 0.125000
vt 0.468750 0.125000
vt 0.500000 0.125000
vt 0.531250 0.125000
vt 0.562500 0.125000
vt 0.593750 0.125000
vt 0.625000 0.125000
vt 0.656250 0.125000
vt 0.718750 0.125000
vt 0.687500 0.125000
vt 0.750000 0.125000
vt 0.781250 0.125000
vt 0.812500 0.125000
vt 0.875000 0.125000
vt 0.843750 0.125000
vt 0.906250 0.125000
vt 0.937500 0.125000
vt 0.968750 0.093750
vt 0.031250 0.156250
vt 0.062500 0.156250
vt 0.125000 0.156250
vt 0.093750 0.156250
vt 0.156250 0.156250
vt 0.187500 0.156250
vt 0.250000 0.156250
vt 0.218750 0.156250
vt 0.281250 0.156250
vt 0.312500 0.156250
vt 0.343750 0.156250
vt 0.375000 0.156250
vt 0.406250 0.156250
vt 0.437500 0.156250
vt 0.500000 0.156250
vt 0.468750 0.156250
vt 0.531250 0.156250
vt 0.562500 0.156250
vt 0.593750 0.156250
vt 0.625000 0.156250
vt 0.656250 0.156250
vt 0.718750 0.156250
vt 0.687500 0.156250
vt 0.750000 0.156250
vt 0.812500 0.156250
vt 0.781250 0.156250
vt 0.843750 0.156250
vt 0.875000 0.156250
vt 0.906250 0.156250
vt 0.937500 0.156250
vt 0.968750 0.125000
vt 0.031250 0.187500
vt 0.062500 0.187500
vt 0.125000 0.187500
vt 0.093750 0.187500
vt 0.156250 0.187500
vt 0.187500 0.187500
vt 0.250000 0.187500
vt 0.218750 0.187500
vt 0.281250 0.187500
vt 0.312500 0.187500
vt 0.343750 0.187500
vt 0.375000 0.187500
vt 0.406250 0.187500
vt 0.437500 0.187500
vt 0.500000 0.187500
vt 0.468750 0.187500
vt 0.531250 0.187500
vt 0.562500 0.187500
vt 0.593750 0.187500
vt 0.625000 0.187500
vt 0.656250 0.187500
vt 0.687500 0.187500
vt 0.750000 0.187500
vt 0.718750 0.187500
vt 0.781250 0.187500
vt 0.812500 0.187500
vt 0.875000 0.187500
vt 0.843750 0.187500
vt 0.906250 0.187500
vt 0.968750 0.156250
vt 0.937500 0.187500
vt 0.031250 0.218750
vt 0.062500 0.218750
vt 0.093750 0.218750
vt 0.125000 0.218750
vt 0.187500 0.218750
vt 0.156250 0.218750
vt 0.218750 0.218750
vt 0.250000 0.218750
vt 0.281250 0.218750
vt 0.312500 0.218750
vt 0.343750 0.218750
vt 0.375000 0.218750
vt 0.406250 0.218750
vt 0.437500 0.218750
vt 0.500000 0.218750
vt 0.468750 0.218750
vt 0.531250 0.218750
vt 0.562500 0.218750
vt 0.593750 0.218750
vt 0.625000 0.218750
vt 0.656250 0.218750
vt 0.687500 0.218750
vt 0.718750 0.218750
vt 0.750000 0.218750
vt 0.781250 0.218750
vt 0.812500 0.218750
vt 0.875000 0.218750
vt 0.843750 0.218750
vt 0.906250 0.218750
vt 0.937500 0.218750
vt 0.968750 0.187500
vt 0.031250 0.250000
vt 0.062500 0.250000
vt 0.093750 0.250000
vt 0.156250 0.250000
vt 0.125000 0.250000
vt 0.187500 0.250000
vt 0.218750 0.250000
vt 0.250000 0.250000
vt 0.281250 0.250000
vt 0.312500 0.250000
vt 0.343750 0.250000
vt 0.375000 0.250000
vt 0.406250 0.250000
vt 0.437500 0.250000
vt 0.500000 0.250000
vt 0.468750 0.250000
vt 0.531250 0.250000
vt 0.562500 0.250000
vt 0.593750 0.250000
vt 0.625000 0.250000
vt 0.656250 0.250000
vt 0.687500 0.250000
vt 0.718750 0.250000
vt 0.750000 0.250000
vt 0.781250 0.250000
vt 0.812500 0.250000
vt 0.843750 0.250000
vt 0.875000 0.250000
vt 0.906250 0.250000
vt 0.968750 0.218750
vt 0.937500 0.250000
vt 0.062500 0.281250
vt 0.031250 0.281250
vt 0.125000 0.281250
vt 0.093750 0.281250
vt 0.187500 0.281250
vt 0.156250 0.281250
vt 0.218750 0.281250
vt 0.250000 0.281250
vt 0.281250 0.281250
vt 0.312500 0.281250
vt 0.343750 0.281250
vt 0.375000 0.281250
vt 0.406250 0.281250
vt 0.437500 0.281250
vt 0.500000 0.281250
vt 0.468750 0.281250
vt 0.531250 0.281250
vt 0.562500 0.281250
vt 0.593750 0.281250
vt 0.625000 0.281250
vt 0.656250 0.281250
vt 0.687500 0.281250
vt 0.718750 0.281250
vt 0.750000 0.281250
vt 0.781250 0.281250
vt 0.812500 0.281250
vt 0.875000 0.281250
vt 0.843750 0.281250
vt 0.906250 0.281250
vt 0.937500 0.281250
vt 0.968750 0.250000
vt 0.062500 0.312500
vt 0.031250 0.312500
vt 0.125000 0.312500
vt 0.093750 0.312500
vt 0.156250 0.312500
vt 0.187500 0.312500
vt 0.218750 0.312500
vt 0.250000 0.312500
vt 0.281250 0.312500
vt 0.312500 0.312500
vt 0.343750 0.312500
vt 0.375000 0.312500
vt 0.406250 0.312500
vt 0.437500 0.312500
vt 0.500000 0.312500
vt 0.468750 0.312500
vt 0.531250 0.312500
vt 0.562500 0.312500
vt 0.593750 0.312500
vt 0.625000 0.312500
vt 0.656250 0.312500
vt 0.687500 0.312500
vt 0.718750 0.312500
vt 0.750000 0.312500
vt 0.781250 0.312500
vt 0.812500 0.312500
vt 0.875000 0.312500
vt 0.843750 0.312500
vt 0.906250 0.312500
vt 0.968750 0.281250
vt 0.937500 0.312500
vt 0.062500 0.343750
vt 0.031250 0.343750
vt 0.093750 0.343750
vt 0.125000 0.343750
vt 0.156250 0.343750
vt 0.187500 0.343750
vt 0.218750 0.343750
vt 0.250000 0.343750
vt 0.281250 0.343750
vt 0.312500 0.343750
vt 0.343750 0.343750
vt 0.375000 0.343750
vt 0.406250 0.343750
vt 0.437500 0.343750
vt 0.500000 0.343750
vt 0.468750 0.343750
vt 0.531250 0.343750
vt 0.562500 0.343750
vt 0.593750 0.343750
vt 0.625000 0.343750
vt 0.656250 0.343750
vt 0.687500 0.343750
vt 0.718750 0.343750
vt 0.750000 0.343750
vt 0.781250 0.343750
vt 0.812500 0.343750
vt 0.843750 0.343750
vt 0.906250 0.343750
vt 0.875000 0.343750
vt 0.937500 0.343750
vt 0.968750 0.312500
vt 0.062500 0.375000
vt 0.031250 0.375000
vt 0.093750 0.375000
vt 0.125000 0.375000
vt 0.156250 0.375000
vt 0.187500 0.375000
vt 0.218750 0.375000
vt 0.250000 0.375000
vt 0.281250 0.375000
vt 0.312500 0.375000
vt 0.343750 0.375000
vt 0.375000 0.375000
vt 0.406250 0.375000
vt 0.437500 0.375000
vt 0.500000 0.375000
vt 0.468750 0.375000
vt 0.531250 0.375000
vt 0.562500 0.375000
vt 0.593750 0.375000
vt 0.625000 0.375000
vt 0.656250 0.375000
vt 0.687500 0.375000
vt 0.718750 0.375000
vt 0.750000 0.375000
vt 0.781250 0.375000
vt 0.812500 0.375000
vt 0.843750 0.375000
vt 0.875000 0.375000
vt 0.906250 0.375000
vt 0.968750 0.343750
vt 0.937500 0.375000
vt 0.031250 0.406250
vt 0.062500 0.406250
vt 0.093750 0.406250
vt 0.125000 0.406250
vt 0.156250 0.406250
vt 0.187500 0.406250
vt 0.218750 0.406250
vt 0.250000 0.406250
vt 0.281250 0.406250
vt 0.312500 0.406250
vt 0.343750 0.406250
vt 0.375000 0.406250
vt 0.406250 0.406250
vt 0.437500 0.406250
vt 0.500000 0.406250
vt 0.468750 0.406250
vt 0.531250 0.406250
vt 0.562500 0.406250
vt 0.593750 0.406250
vt 0.625000 0.406250
vt 0.656250 0.406250
vt 0.687500 0.406250
vt 0.718750 0.406250
vt 0.750000 0.406250
vt 0.781250 0.406250
vt 0.812500 0.406250
vt 0.843750 0.406250
vt 0.906250 0.406250
vt 0.875000 0.406250
vt 0.937500 0.406250
vt 0.968750 0.375000
vt 0.031250 0.437500
vt 0.062500 0.437500
vt 0.093750 0.437500
vt 0.125000 0.437500
vt 0.156250 0.437500
vt 0.187500 0.437500
vt 0.218750 0.437500
vt 0.250000 0.437500
vt 0.281250 0.437500
vt 0.312500 0.437500
vt 0.343750 0.437500
vt 0.375000 0.437500
vt 0.406250 0.437500
vt 0.437500 0.437500
vt 0.500000 0.437500
vt 0.468750 0.437500
vt 0.531250 0.437500
vt 0.562500 0.437500
vt 0.593750 0.437500
vt 0.625000 0.437500
vt 0.656250 0.437500
vt 0.687500 0.437500
vt 0.718750 0.437500
vt 0.750000 0.437500
vt 0.781250 0.437500
vt 0.812500 0.437500
vt 0.843750 0.437500
vt 0.875000 0.437500
vt 0.906250 0.437500
vt 0.968750 0.406250
vt 0.937500 0.437500
vt 0.062500 0.468750
vt 0.031250 0.468750
vt 0.093750 0.468750
vt 0.125000 0.468750
vt 0.156250 0.468750
vt 0.187500 0.468750
vt 0.218750 0.468750
vt 0.250000 0.468750
vt 0.281250 0.468750
vt 0.312500 0.468750
vt 0.343750 0.468750
vt 0.375000 0.468750
vt 0.406250 0.468750
vt 0.437500 0.468750
vt 0.500000 0.468750
vt 0.468750 0.468750
vt 0.531250 0.468750
vt 0.562500 0.468750
vt 0.593750 0.468750
vt 0.625000 0.468750
vt 0.656250 0.468750
vt 0.687500 0.468750
vt 0.718750 0.468750
vt 0.750000 0.468750
vt 0.781250 0.468750
vt 0.812500 0.468750
vt 0.843750 0.468750
vt 0.906250 0.468750
vt 0.875000 0.468750
vt 0.937500 0.468750
vt 0.968750 0.437500
vt 0.031250 0.500000
vt 0.093750 0.500000
vt 0.062500 0.500000
vt 0.125000 0.500000
vt 0.156250 0.500000
vt 0.187500 0.500000
vt 0.218750 0.500000
vt 0.250000 0.500000
vt 0.281250 0.500000
vt 0.312500 0.500000
vt 0.343750 0.500000
vt 0.375000 0.500000
vt 0.406250 0.500000
vt 0.437500 0.500000
vt 0.500000 0.500000
vt 0.468750 0.500000
vt 0.531250 0.500000
vt 0.562500 0.500000
vt 0.593750 0.500000
vt 0.625000 0.500000
vt 0.656250 0.500000
vt 0.687500 0.500000
vt 0.718750 0.500000
vt 0.750000 0.500000
vt 0.781250 0.500000
vt 0.812500 0.500000
vt 0.843750 0.500000
vt 0.875000 0.500000
vt 0.906250 0.500000
vt 0.968750 0.468750
vt 0.937500 0.500000
vt 0.031250 0.531250
vt 0.062500 0.531250
vt 0.125000 0.531250
vt 0.093750 0.531250
vt 0.156250 0.531250
vt 0.187500 0.531250
vt 0.218750 0.531250
vt 0.250000 0.531250
vt 0.281250 0.531250
vt 0.312500 0.531250
vt 0.343750 0.531250
vt 0.375000 0.531250
vt 0.406250 0.531250
vt 0.437500 0.531250
vt 0.468750 0.531250
vt 0.500000 0.531250
vt 0.531250 0.531250
vt 0.562500 0.531250
vt 0.593750 0.531250
vt 0.625000 0.531250
vt 0.656250 0.531250
vt 0.687500 0.531250
vt 0.718750 0.531250
vt 0.750000 0.531250
vt 0.781250 0.531250
vt 0.812500 0.531250
vt 0.843750 0.531250
vt 0.906250 0.531250
vt 0.875000 0.531250
vt 0.937500 0.531250
vt 0.968750 0.500000
vt 0.031250 0.562500
vt 0.062500 0.562500
vt 0.125000 0.562500
vt 0.093750 0.562500
vt 0.156250 0.562500
vt 0.187500 0.562500
vt 0.218750 0.562500
vt 0.250000 0.562500
vt 0.281250 0.562500
vt 0.312500 0.562500
vt 0.343750 0.562500
vt 0.375000 0.562500
vt 0.406250 0.562500
vt 0.437500 0.562500
vt 0.468750 0.562500
vt 0.500000 0.562500
vt 0.531250 0.562500
vt 0.562500 0.562500
vt 0.593750 0.562500
vt 0.625000 0.562500
vt 0.656250 0.562500
vt 0.687500 0.562500
vt 0.718750 0.562500
vt 0.750000 0.562500
vt 0.781250 0.562500
vt 0.812500 0.562500
vt 0.843750 0.562500
vt 0.875000 0.562500
vt 0.906250 0.562500
vt 0.968750 0.531250
vt 0.937500 0.562500
vt 0.062500 0.593750
vt 0.031250 0.593750
vt 0.093750 0.593750
vt 0.156250 0.593750
vt 0.125000 0.593750
vt 0.187500 0.593750
vt 0.218750 0.593750
vt 0.250000 0.593750
vt 0.281250 0.593750
vt 0.312500 0.593750
vt 0.343750 0.593750
vt 0.375000 0.593750
vt 0.406250 0.593750
vt 0.437500 0.593750
vt 0.468750 0.593750
vt 0.500000 0.593750
vt 0.531250 0.593750
vt 0.562500 0.593750
vt 0.593750 0.593750
vt 0.625000 0.593750
vt 0.656250 0.593750
vt 0.687500 0.593750
vt 0.718750 0.593750
vt 0.750000 0.593750
vt 0.781250 0.593750
vt 0.812500 0.593750
vt 0.843750 0.593750
vt 0.906250 0.593750
vt 0.875000 0.593750
vt 0.937500 0.593750
vt 0.968750 0.562500
vt 0.031250 0.625000
vt 0.062500 0.625000
vt 0.093750 0.625000
vt 0.156250 0.625000
vt 0.125000 0.625000
vt 0.187500 0.625000
vt 0.218750 0.625000
vt 0.250000 0.625000
vt 0.281250 0.625000
vt 0.312500 0.625000
vt 0.343750 0.625000
vt 0.375000 0.625000
vt 0.406250 0.625000
vt 0.437500 0.625000
vt 0.468750 0.625000
vt 0.500000 0.625000
vt 0.531250 0.625000
vt 0.562500 0.625000
vt 0.593750 0.625000
vt 0.625000 0.625000
vt 0.656250 0.625000
vt 0.687500 0.625000
vt 0.718750 0.625000
vt 0.750000 0.625000
vt 0.781250 0.625000
vt 0.843750 0.625000
vt 0.812500 0.625000
vt 0.875000 0.625000
vt 0.906250 0.625000
vt 0.968750 0.593750
vt 0.937500 0.625000
vt 0.031250 0.656250
vt 0.062500 0.656250
vt 0.093750 0.656250
vt 0.156250 0.656250
vt 0.125000 0.656250
vt 0.187500 0.656250
vt 0.218750 0.656250
vt 0.250000 0.656250
vt 0.281250 0.656250
vt 0.312500 0.656250
vt 0.343750 0.656250
vt 0.375000 0.656250
vt 0.406250 0.656250
vt 0.437500 0.656250
vt 0.468750 0.656250
vt 0.500000 0.656250
vt 0.531250 0.656250
vt 0.562500 0.656250
vt 0.593750 0.656250
vt 0.625000 0.656250
vt 0.656250 0.656250
vt 0.687500 0.656250
vt 0.718750 0.656250
vt 0.750000 0.656250
vt 0.781250 0.656250
vt 0.843750 0.656250
vt 0.812500 0.656250
vt 0.906250 0.656250
vt 0.875000 0.656250
vt 0.968750 0.656250
vt 0.937500 0.656250
vt 0.031250 0.687500
vt 0.062500 0.687500
vt 0.093750 0.687500
vt 0.125000 0.687500
vt 0.187500 0.687500
vt 0.156250 0.687500
vt 0.218750 0.687500
vt 0.250000 0.687500
vt 0.281250 0.687500
vt 0.312500 0.687500
vt 0.343750 0.687500
vt 0.375000 0.687500
vt 0.406250 0.687500
vt 0.437500 0.687500
vt 0.468750 0.687500
vt 0.500000 0.687500
vt 0.531250 0.687500
vt 0.562500 0.687500
vt 0.593750 0.687500
vt 0.625000 0.687500
vt 0.656250 0.687500
vt 0.687500 0.687500
vt 0.718750 0.687500
vt 0.750000 0.687500
vt 0.781250 0.687500
vt 0.843750 0.687500
vt 0.812500 0.687500
vt 0.875000 0.687500
vt 0.906250 0.687500
vt 0.968750 0.687500
vt 0.937500 0.687500
vt 0.031250 0.718750
vt 0.093750 0.718750
vt 0.062500 0.718750
vt 0.125000 0.718750
vt 0.187500 0.718750
vt 0.156250 0.718750
vt 0.218750 0.718750
vt 0.250000 0.718750
vt 0.281250 0.718750
vt 0.312500 0.718750
vt 0.343750 0.718750
vt 0.375000 0.718750
vt 0.406250 0.718750
vt 0.437500 0.718750
vt 0.468750 0.718750
vt 0.500000 0.718750
vt 0.531250 0.718750
vt 0.562500 0.718750
vt 0.593750 0.718750
vt 0.625000 0.718750
vt 0.656250 0.718750
vt 0.687500 0.718750
vt 0.718750 0.718750
vt 0.750000 0.718750
vt 0.781250 0.718750
vt 0.843750 0.718750
vt 0.812500 0.718750
vt 0.906250 0.718750
vt 0.875000 0.718750
vt 0.968750 0.718750
vt 0.937500 0.718750
vt 0.031250 0.750000
vt 0.093750 0.750000
vt 0.062500 0.750000
vt 0.156250 0.750000
vt 0.125000 0.750000
vt 0.187500 0.750000
vt 0.218750 0.750000
vt 0.250000 0.750000
vt 0.281250 0.750000
vt 0.312500 0.750000
vt 0.343750 0.750000
vt 0.375000 0.750000
vt 0.406250 0.750000
vt 0.437500 0.750000
vt 0.468750 0.750000
vt 0.500000 0.750000
vt 0.531250 0.750000
vt 0.562500 0.750000
vt 0.593750 0.750000
vt 0.625000 0.750000
vt 0.656250 0.750000
vt 0.687500 0.750000
vt 0.718750 0.750000
vt 0.750000 0.750000
vt 0.781250 0.750000
vt 0.843750 0.750000
vt 0.812500 0.750000
vt 0.875000 0.750000
vt 0.906250 0.750000
vt 0.937500 0.750000
vt 0.031250 0.781250
vt 0.062500 0.781250
vt 0.093750 0.781250
vt 0.125000 0.781250
vt 0.187500 0.781250
vt 0.156250 0.781250
vt 0.218750 0.781250
vt 0.250000 0.781250
vt 0.281250 0.781250
vt 0.312500 0.781250
vt 0.343750 0.781250
vt 0.375000 0.781250
vt 0.406250 0.781250
vt 0.437500 0.781250
vt 0.468750 0.781250
vt 0.500000 0.781250
vt 0.531250 0.781250
vt 0.562500 0.781250
vt 0.593750 0.781250
vt 0.625000 0.781250
vt 0.656250 0.781250
vt 0.687500 0.781250
vt 0.718750 0.781250
vt 0.781250 0.781250
vt 0.750000 0.781250
vt 0.812500 0.781250
vt 0.843750 0.781250
vt 0.875000 0.781250
vt 0.906250 0.781250
vt 0.968750 0.781250
vt 0.937500 0.781250
vt 0.031250 0.812500
vt 0.062500 0.812500
vt 0.093750 0.812500
vt 0.156250 0.812500
vt 0.125000 0.812500
vt 0.218750 0.812500
vt 0.187500 0.812500
vt 0.281250 0.812500
vt 0.250000 0.812500
vt 0.312500 0.812500
vt 0.343750 0.812500
vt 0.375000 0.812500
vt 0.406250 0.812500
vt 0.437500 0.812500
vt 0.468750 0.812500
vt 0.500000 0.812500
vt 0.531250 0.812500
vt 0.562500 0.812500
vt 0.593750 0.812500
vt 0.625000 0.812500
vt 0.656250 0.812500
vt 0.718750 0.812500
vt 0.687500 0.812500
vt 0.781250 0.812500
vt 0.750000 0.812500
vt 0.812500 0.812500
vt 0.843750 0.812500
vt 0.906250 0.812500
vt 0.875000 0.812500
vt 0.968750 0.812500
vt 0.937500 0.812500
vt 0.031250 0.843750
vt 0.062500 0.843750
vt 0.093750 0.843750
vt 0.156250 0.843750
vt 0.125000 0.843750
vt 0.218750 0.843750
vt 0.187500 0.843750
vt 0.281250 0.843750
vt 0.250000 0.843750
vt 0.343750 0.843750
vt 0.312500 0.843750
vt 0.375000 0.843750
vt 0.406250 0.843750
vt 0.437500 0.843750
vt 0.468750 0.843750
vt 0.500000 0.843750
vt 0.531250 0.843750
vt 0.562500 0.843750
vt 0.593750 0.843750
vt 0.656250 0.843750
vt 0.625000 0.843750
vt 0.718750 0.843750
vt 0.687500 0.843750
vt 0.781250 0.843750
vt 0.750000 0.843750
vt 0.812500 0.843750
vt 0.843750 0.843750
vt 0.875000 0.843750
vt 0.906250 0.843750
vt 0.937500 0.843750
vt 0.031250 0.875000
vt 0.062500 0.875000
vt 0.125000 0.875000
vt 0.093750 0.875000
vt 0.156250 0.875000
vt 0.187500 0.875000
vt 0.218750 0.875000
vt 0.281250 0.875000
vt 0.250000 0.875000
vt 0.343750 0.875000
vt 0.312500 0.875000
vt 0.406250 0.875000
vt 0.375000 0.875000
vt 0.437500 0.875000
vt 0.468750 0.875000
vt 0.500000 0.875000
vt 0.531250 0.875000
vt 0.593750 0.875000
vt 0.562500 0.875000
vt 0.656250 0.875000
vt 0.625000 0.875000
vt 0.718750 0.875000
vt 0.687500 0.875000
vt 0.781250 0.875000
vt 0.750000 0.875000
vt 0.812500 0.875000
vt 0.843750 0.875000
vt 0.875000 0.875000
vt 0.906250 0.875000
vt 0.968750 0.843750
vt 0.937500 0.875000
vt 0.062500 0.906250
vt 0.031250 0.906250
vt 0.093750 0.906250
vt 0.125000 0.906250
vt 0.156250 0.906250
vt 0.187500 0.906250
vt 0.218750 0.906250
vt 0.250000 0.906250
vt 0.281250 0.906250
vt 0.312500 0.906250
vt 0.343750 0.906250
vt 0.406250 0.906250
vt 0.375000 0.906250
vt 0.468750 0.906250
vt 0.437500 0.906250
vt 0.531250 0.906250
vt 0.500000 0.906250
vt 0.593750 0.906250
vt 0.562500 0.906250
vt 0.656250 0.906250
vt 0.625000 0.906250
vt 0.687500 0.906250
vt 0.718750 0.906250
vt 0.750000 0.906250
vt 0.781250 0.906250
vt 0.812500 0.906250
vt 0.875000 0.906250
vt 0.843750 0.906250
vt 0.906250 0.906250
vt 0.968750 0.875000
vt 0.937500 0.906250
vt 0.062500 0.937500
vt 0.031250 0.937500
vt 0.093750 0.937500
vt 0.125000 0.937500
vt 0.156250 0.937500
vt 0.187500 0.937500
vt 0.218750 0.937500
vt 0.281250 0.937500
vt 0.250000 0.937500
vt 0.312500 0.937500
vt 0.343750 0.937500
vt 0.406250 0.937500
vt 0.375000 0.937500
vt 0.468750 0.937500
vt 0.437500 0.937500
vt 0.531250 0.937500
vt 0.500000 0.937500
vt 0.593750 0.937500
vt 0.562500 0.937500
vt 0.656250 0.937500
vt 0.625000 0.937500
vt 0.687500 0.937500
vt 0.718750 0.937500
vt 0.781250 0.937500
vt 0.750000 0.937500
vt 0.812500 0.937500
vt 0.843750 0.937500
vt 0.875000 0.937500
vt 0.906250 0.937500
vt 0.968750 0.937500
vt 0.937500 0.937500
vt 0.031250 0.968750
vt 0.062500 0.968750
vt 0.125000 0.968750
vt 0.093750 0.968750
vt 0.156250 0.968750
vt 0.218750 0.968750
vt 0.187500 0.968750
vt 0.281250 0.968750
vt 0.250000 0.968750
vt 0.312500 0.968750
vt 0.343750 0.968750
vt 0.375000 0.968750
vt 0.437500 0.968750
vt 0.406250 0.968750
vt 0.468750 0.968750
vt 0.500000 0.968750
vt 0.531250 0.968750
vt 0.562500 0.968750
vt 0.593750 0.968750
vt 0.656250 0.968750
vt 0.625000 0.968750
vt 0.687500 0.968750
vt 0.718750 0.968750
vt 0.781250 0.968750
vt 0.750000 0.968750
vt 0.843750 0.968750
vt 0.812500 0.968750
vt 0.875000 0.968750
vt 0.906250 0.968750
vt 0.968750 0.968750
vt 0.937500 0.968750
vt 0.031250 0.000000
vt 0.000000 0.031250
vt 0.000000 0.000000
vt 0.062500 0.000000
vt 0.125000 0.000000
vt 0.093750 0.000000
vt 0.156250 0.000000
vt 0.187500 0.000000
vt 0.218750 0.000000
vt 0.281250 0.000000
vt 0.250000 0.000000
vt 0.312500 0.000000
vt 0.343750 0.000000
vt 0.375000 0.000000
vt 0.406250 0.000000
vt 0.437500 0.000000
vt 0.468750 0.000000
vt 0.500000 0.000000
vt 0.531250 0.000000
vt 0.562500 0.000000
vt 0.593750 0.000000
vt 0.625000 0.000000
vt 0.656250 0.000000
vt 0.718750 0.000000
vt 0.687500 0.000000
vt 0.750000 0.000000
vt 0.781250 0.000000
vt 0.812500 0.000000
vt 0.843750 0.000000
vt 0.906250 0.000000
vt 0.875000 0.000000
vt 0.968750 0.000000
vt 0.937500 0.000000
vt 1.000000 0.000000
vt 1.000000 0.031250
vt 1.000000 0.062500
vt 1.000000 0.093750
vt 1.000000 0.125000
vt 1.000000 0.156250
vt 1.000000 0.187500
vt 1.000000 0.218750
vt 1.000000 0.281250
vt 1.000000 0.312500
vt 1.000000 0.343750
vt 1.000000 0.375000
vt 1.000000 0.406250
vt 1.000000 0.437500
vt 1.000000 0.468750
vt 1.000000 0.500000
vt 1.000000 0.531250
vt 1.000000 0.562500
vt 1.000000 0.593750
vt 0.968750 0.625000
vt 1.000000 0.625000
vt 1.000000 0.656250
vt 1.000000 0.687500
vt 1.000000 0.750000
vt 0.968750 0.750000
vt 1.000000 0.781250
vt 1.000000 0.812500
vt 1.000000 0.843750
vt 1.000000 0.875000
vt 0.968750 0.906250
vt 1.000000 0.906250
vt 1.000000 0.968750
vt 1.000000 1.000000
vt 0.968750 1.000000
vt 0.937500 1.000000
vt 0.906250 1.000000
vt 0.875000 1.000000
vt 0.843750 1.000000
vt 0.812500 1.000000
vt 0.781250 1.000000
vt 0.750000 1.000000
vt 0.718750 1.000000
vt 0.687500 1.000000
vt 0.656250 1.000000
vt 0.625000 1.000000
vt 0.593750 1.000000
vt 0.562500 1.000000
vt 0.531250 1.000000
vt 0.500000 1.000000
vt 0.468750 1.000000
vt 0.437500 1.000000
vt 0.406250 1.000000
vt 0.375000 1.000000
vt 0.343750 1.000000
vt 0.312500 1.000000
vt 0.281250 1.000000
vt 0.250000 1.000000
vt 0.218750 1.000000
vt 0.187500 1.000000
vt 0.156250 1.000000
vt 0.125000 1.000000
vt 0.093750 1.000000
vt 0.062500 1.000000
vt 0.031250 1.000000
vt 0.000000 0.968750
vt 0.000000 1.000000
vt 0.000000 0.937500
vt 0.000000 0.906250
vt 0.000000 0.875000
vt 0.000000 0.843750
vt 0.000000 0.812500
vt 0.000000 0.781250
vt 0.000000 0.750000
vt 0.000000 0.718750
vt 0.000000 0.687500
vt 0.000000 0.656250
vt 0.000000 0.625000
vt 0.000000 0.593750
vt 0.000000 0.562500
vt 0.000000 0.531250
vt 0.000000 0.500000
vt 0.000000 0.468750
vt 0.000000 0.437500
vt 0.000000 0.406250
vt 0.000000 0.375000
vt 0.000000 0.343750
vt 0.000000 0.312500
vt 0.000000 0.281250
vt 0.000000 0.250000
vt 0.000000 0.218750
vt 0.000000 0.187500
vt 0.000000 0.156250
vt 0.000000 0.125000
vt 0.000000 0.093750
vt 0.000000 0.062500
vt 1.000000 0.250000
vt 1.000000 0.718750
vt 1.000000 0.937500
s 0
f 130/1/1 160/2/1 129/3/1
f 130/1/1 162/4/1 161/5/1
f 131/6/1 163/7/1 162/4/1
f 133/8/1 163/7/1 132/9/1
f 133/8/1 165/10/1 164/11/1
f 135/12/1 165/10/1 134/13/1
f 135/12/1 167/14/1 166/15/1
f 136/16/1 168/17/1 167/14/1
f 137/18/1 169/19/1 168/17/1
f 139/20/1 169/19/1 138/21/1
f 140/22/1 170/23/1 139/20/1
f 141/24/1 171/25/1 140/22/1
f 142/26/1 172/27/1 141/24/1
f 143/28/1 173/29/1 142/26/1
f 144/30/1 174/31/1 143/28/1
f 145/32/1 175/33/1 144/30/1
f 146/34/1 176/35/1 145/32/1
f 147/36/1 177/37/1 146/34/1
f 148/38/1 178/39/1 147/36/1
f 149/40/1 179/41/1 148/38/1
f 149/40/1 181/42/1 180/43/1
f 151/44/1 181/42/1 150/45/1
f 151/44/1 183/46/1 182/47/1
f 153/48/1 183/46/1 152/49/1
f 154/50/1 184/51/1 153/48/1
f 155/52/1 185/53/1 154/50/1
f 155/52/1 187/54/1 186/55/1
f 157/56/1 187/54/1 156/57/1
f 157/56/1 189/58/1 188/59/1
f 159/60/1 189/58/1 158/61/1
f 161/5/1 191/62/1 160/2/1
f 162/4/1 192/63/1 161/5/1
f 163/7/1 193/64/1 162/4/1
f 164/11/1 194/65/1 163/7/1
f 165/10/1 195/66/1 164/11/1
f 165/10/1 197/67/1 196/68/1
f 166/15/1 198/69/1 197/67/1
f 168/17/1 198/69/1 167/14/1
f 169/19/1 199/70/1 168/17/1
f 170/23/1 200/71/1 169/19/1
f 171/25/1 201/72/1 170/23/1
f 172/27/1 202/73/1 171/25/1
f 173/29/1 203/74/1 172/27/1
f 174/31/1 204/75/1 173/29/1
f 175/33/1 205/76/1 174/31/1
f 176/35/1 206/77/1 175/33/1
f 177/37/1 207/78/1 176/35/1
f 178/39/1 208/79/1 177/37/1
f 179/41/1 209/80/1 178/39/1
f 180/43/1 210/81/1 179/41/1
f 181/42/1 211/82/1 180/43/1
f 181/42/1 213/83/1 212/84/1
f 183/46/1 213/83/1 182/47/1
f 184/51/1 214/85/1 183/46/1
f 185/53/1 215/86/1 184/51/1
f 186/55/1 216/87/1 185/53/1
f 187/54/1 217/88/1 186/55/1
f 187/54/1 219/89/1 218/90/1
f 188/59/1 220/91/1 219/89/1
f 190/92/1 220/91/1 189/58/1
f 192/63/1 222/93/1 191/62/1
f 193/64/1 223/94/1 192/63/1
f 194/65/1 224/95/1 193/64/1
f 194/65/1 226/96/1 225/97/1
f 195/66/1 227/98/1 226/96/1
f 196/68/1 228/99/1 227/98/1
f 197/67/1 229/100/1 228/99/1
f 199/70/1 229/100/1 198/69/1
f 200/71/1 230/101/1 199/70/1
f 201/72/1 231/102/1 200/71/1
f 202/73/1 232/103/1 201/72/1
f 203/74/1 233/104/1 202/73/1
f 204/75/1 234/105/1 203/74/1
f 205/76/1 235/106/1 204/75/1
f 206/77/1 236/107/1 205/76/1
f 207/78/1 237/108/1 206/77/1
f 208/79/1 238/109/1 207/78/1
f 209/80/1 239/110/1 208/79/1
f 210/81/1 240/111/1 209/80/1
f 211/82/1 241/112/1 210/81/1
f 212/84/1 242/113/1 211/82/1
f 212/84/1 244/114/1 243/115/1
f 213/83/1 245/116/1 244/114/1
f 215/86/1 245/116/1 214/85/1
f 216/87/1 246/117/1 215/86/1
f 217/88/1 247/118/1 216/87/1
f 217/88/1 249/119/1 248/120/1
f 218/90/1 250/121/1 249/119/1
f 219/89/1 251/122/1 250/121/1
f 221/123/1 251/122/1 220/91/1
f 223/94/1 253/124/1 222/93/1
f 224/95/1 254/125/1 223/94/1
f 224/95/1 256/126/1 255/127/1
f 226/96/1 256/126/1 225/97/1
f 227/98/1 257/128/1 226/96/1
f 228/99/1 258/129/1 227/98/1
f 228/99/1 260/130/1 259/131/1
f 230/101/1 260/130/1 229/100/1
f 231/102/1 261/132/1 230/101/1
f 232/103/1 262/133/1 231/102/1
f 233/104/1 263/134/1 232/103/1
f 234/105/2 264/135/2 233/104/2
f 235/106/3 265/136/3 234/105/3
f 236/107/4 266/137/4 235/106/4
f 236/107/5 268/138/5 267/139/5
f 237/108/6 269/140/6 268/138/6
f 238/109/7 270/141/7 269/140/7
f 239/110/8 271/142/8 270/141/8
f 241/112/1 271/142/1 240/111/1
f 242/113/1 272/143/1 241/112/1
f 243/115/1 273/144/1 242/113/1
f 243/115/1 275/145/1 274/146/1
f 244/114/1 276/147/1 275/145/1
f 246/117/1 276/147/1 245/116/1
f 246/117/1 278/148/1 277/149/1
f 247/118/1 279/150/1 278/148/1
f 248/120/1 280/151/1 279/150/1
f 249/119/1 281/152/1 280/151/1
f 250/121/1 282/153/1 281/152/1
f 252/154/1 282/153/1 251/122/1
f 254/125/1 284/155/1 253/124/1
f 255/127/1 285/156/1 254/125/1
f 255/127/1 287/157/1 286/158/1
f 257/128/1 287/157/1 256/126/1
f 258/129/1 288/159/1 257/128/1
f 259/131/1 289/160/1 258/129/1
f 259/131/1 291/161/1 290/162/1
f 261/132/1 291/161/1 260/130/1
f 262/133/1 292/163/1 261/132/1
f 263/134/9 293/164/9 262/133/9
f 264/135/10 294/165/10 263/134/10
f 265/136/11 295/166/11 264/135/11
f 266/137/12 296/167/12 265/136/12
f 267/139/13 297/168/13 266/137/13
f 267/139/14 299/169/14 298/170/14
f 268/138/15 300/171/15 299/169/15
f 269/140/16 301/172/16 300/171/16
f 270/141/17 302/173/17 301/172/17
f 271/142/18 303/174/18 302/173/18
f 272/143/19 304/175/19 303/174/19
f 274/146/1 304/175/1 273/144/1
f 275/145/1 305/176/1 274/146/1
f 275/145/1 307/177/1 306/178/1
f 277/149/1 307/177/1 276/147/1
f 278/148/1 308/179/1 277/149/1
f 279/150/1 309/180/1 278/148/1
f 279/150/1 311/181/1 310/182/1
f 281/152/1 311/181/1 280/151/1
f 282/153/1 312/183/1 281/152/1
f 283/184/1 313/185/1 282/153/1
f 285/156/1 315/186/1 284/155/1
f 286/158/1 316/187/1 285/156/1
f 287/157/1 317/188/1 286/158/1
f 288/159/1 318/189/1 287/157/1
f 288/159/1 320/190/1 319/191/1
f 289/160/1 321/192/1 320/190/1
f 290/162/1 322/193/1 321/192/1
f 292/163/1 322/193/1 291/161/1
f 293/164/20 323/194/20 292/163/20
f 294/165/21 324/195/21 293/164/21
f 295/166/22 325/196/22 294/165/22
f 296/167/23 326/197/23 295/166/23
f 297/168/24 327/198/24 296/167/24
f 298/170/25 328/199/25 297/168/25
f 298/170/26 330/200/26 329/201/26
f 299/169/27 331/202/27 330/200/27
f 300/171/28 332/203/28 331/202/28
f 301/172/29 333/204/29 332/203/29
f 302/173/30 334/205/30 333/204/30
f 303/174/31 335/206/31 334/205/31
f 304/175/32 336/207/32 335/206/32
f 305/176/8 337/208/8 336/207/8
f 306/178/1 338/209/1 337/208/1
f 308/179/1 338/209/1 307/177/1
f 309/180/1 339/210/1 308/179/1
f 310/182/1 340/211/1 309/180/1
f 310/182/1 342/212/1 341/213/1
f 311/181/1 343/214/1 342/212/1
f 312/183/1 344/215/1 343/214/1
f 314/216/1 344/215/1 313/185/1
f 316/187/1 346/217/1 315/186/1
f 317/188/1 347/218/1 316/187/1
f 318/189/1 348/219/1 317/188/1
f 318/189/1 350/220/1 349/221/1
f 319/191/1 351/222/1 350/220/1
f 321/192/1 351/222/1 320/190/1
f 322/193/2 352/223/2 321/192/2
f 323/194/33 353/224/33 322/193/33
f 324/195/34 354/225/34 323/194/34
f 325/196/35 355/226/35 324/195/35
f 326/197/36 356/227/36 325/196/36
f 327/198/37 357/228/37 326/197/37
f 328/199/38 358/229/38 327/198/38
f 329/201/39 359/230/39 328/199/39
f 329/201/40 361/231/40 360/232/40
f 330/200/41 362/233/41 361/231/41
f 331/202/42 363/234/42 362/233/42
f 332/203/43 364/235/43 363/234/43
f 333/204/44 365/236/44 364/235/44
f 334/205/45 366/237/45 365/236/45
f 335/206/46 367/238/46 366/237/46
f 336/207/47 368/239/47 367/238/47
f 337/208/48 369/240/48 368/239/48
f 339/210/1 369/240/1 338/209/1
f 340/211/1 370/241/1 339/210/1
f 341/213/1 371/242/1 340/211/1
f 342/212/1 372/243/1 341/213/1
f 343/214/1 373/244/1 342/212/1
f 344/215/1 374/245/1 343/214/1
f 345/246/1 375/247/1 344/215/1
f 346/217/1 378/248/1 377/249/1
f 348/219/1 378/248/1 347/218/1
f 348/219/1 380/250/1 379/251/1
f 350/220/1 380/250/1 349/221/1
f 350/220/1 382/252/1 381/253/1
f 352/223/49 382/252/49 351/222/49
f 353/224/50 383/254/50 352/223/50
f 354/225/51 384/255/51 353/224/51
f 355/226/52 385/256/52 354/225/52
f 356/227/53 386/257/53 355/226/53
f 357/228/54 387/258/54 356/227/54
f 358/229/55 388/259/55 357/228/55
f 359/230/56 389/260/56 358/229/56
f 360/232/57 390/261/57 359/230/57
f 360/232/58 392/262/58 391/263/58
f 361/231/59 393/264/59 392/262/59
f 362/233/60 394/265/60 393/264/60
f 363/234/61 395/266/61 394/265/61
f 364/235/62 396/267/62 395/266/62
f 365/236/63 397/268/63 396/267/63
f 366/237/64 398/269/64 397/268/64
f 367/238/65 399/270/65 398/269/65
f 368/239/66 400/271/66 399/270/66
f 369/240/67 401/272/67 400/271/67
f 370/241/1 402/273/1 401/272/1
f 372/243/1 402/273/1 371/242/1
f 372/243/1 404/274/1 403/275/1
f 373/244/1 405/276/1 404/274/1
f 374/245/1 406/277/1 405/276/1
f 376/278/1 406/277/1 375/247/1
f 377/249/1 409/279/1 408/280/1
f 379/251/1 409/279/1 378/248/1
f 379/251/1 411/281/1 410/282/1
f 381/253/1 411/281/1 380/250/1
f 382/252/1 412/283/1 381/253/1
f 383/254/68 413/284/68 382/252/68
f 384/255/69 414/285/69 383/254/69
f 385/256/70 415/286/70 384/255/70
f 386/257/71 416/287/71 385/256/71
f 387/258/72 417/288/72 386/257/72
f 388/259/73 418/289/73 387/258/73
f 389/260/74 419/290/74 388/259/74
f 390/261/75 420/291/75 389/260/75
f 391/263/76 421/292/76 390/261/76
f 391/263/77 423/293/77 422/294/77
f 392/262/78 424/295/78 423/293/78
f 393/264/79 425/296/79 424/295/79
f 394/265/80 426/297/80 425/296/80
f 395/266/81 427/298/81 426/297/81
f 396/267/82 428/299/82 427/298/82
f 397/268/83 429/300/83 428/299/83
f 398/269/84 430/301/84 429/300/84
f 399/270/85 431/302/85 430/301/85
f 400/271/86 432/303/86 431/302/86
f 401/272/1 433/304/1 432/303/1
f 403/275/1 433/304/1 402/273/1
f 403/275/1 435/305/1 434/306/1
f 405/276/1 435/305/1 404/274/1
f 406/277/1 436/307/1 405/276/1
f 407/308/1 437/309/1 406/277/1
f 408/280/1 440/310/1 439/311/1
f 410/282/1 440/310/1 409/279/1
f 411/281/1 441/312/1 410/282/1
f 412/283/1 442/313/1 411/281/1
f 413/284/87 443/314/87 412/283/87
f 414/285/88 444/315/88 413/284/88
f 415/286/89 445/316/89 414/285/89
f 416/287/90 446/317/90 415/286/90
f 417/288/91 447/318/91 416/287/91
f 418/289/92 448/319/92 417/288/92
f 419/290/93 449/320/93 418/289/93
f 420/291/94 450/321/94 419/290/94
f 421/292/95 451/322/95 420/291/95
f 422/294/96 452/323/96 421/292/96
f 422/294/97 454/324/97 453/325/97
f 423/293/98 455/326/98 454/324/98
f 424/295/99 456/327/99 455/326/99
f 425/296/100 457/328/100 456/327/100
f 426/297/101 458/329/101 457/328/101
f 427/298/102 459/330/102 458/329/102
f 428/299/103 460/331/103 459/330/103
f 429/300/104 461/332/104 460/331/104
f 430/301/105 462/333/105 461/332/105
f 431/302/106 463/334/106 462/333/106
f 432/303/107 464/335/107 463/334/107
f 434/306/1 464/335/1 433/304/1
f 435/305/1 465/336/1 434/306/1
f 435/305/1 467/337/1 466/338/1
f 436/307/1 468/339/1 467/337/1
f 438/340/1 468/339/1 437/309/1
f 439/311/1 471/341/1 470/342/1
f 441/312/1 471/341/1 440/310/1
f 442/313/1 472/343/1 441/312/1
f 443/314/108 473/344/108 442/313/108
f 444/315/109 474/345/109 443/314/109
f 445/316/110 475/346/110 444/315/110
f 446/317/111 476/347/111 445/316/111
f 447/318/112 477/348/112 446/317/112
f 448/319/113 478/349/113 447/318/113
f 449/320/114 479/350/114 448/319/114
f 450/321/115 480/351/115 449/320/115
f 451/322/116 481/352/116 450/321/116
f 452/323/117 482/353/117 451/322/117
f 453/325/118 483/354/118 452/323/118
f 453/325/119 485/355/119 484/356/119
f 454/324/120 486/357/120 485/355/120
f 455/326/121 487/358/121 486/357/121
f 456/327/122 488/359/122 487/358/122
f 457/328/123 489/360/123 488/359/123
f 458/329/124 490/361/124 489/360/124
f 459/330/125 491/362/125 490/361/125
f 460/331/126 492/363/126 491/362/126
f 461/332/127 493/364/127 492/363/127
f 462/333/128 494/365/128 493/364/128
f 463/334/129 495/366/129 494/365/129
f 465/336/1 495/366/1 464/335/1
f 466/338/1 496/367/1 465/336/1
f 467/337/1 497/368/1 466/338/1
f 468/339/1 498/369/1 467/337/1
f 469/370/1 499/371/1 468/339/1
f 471/341/1 501/372/1 470/342/1
f 472/343/1 502/373/1 471/341/1
f 473/344/1 503/374/1 472/343/1
f 474/345/130 504/375/130 473/344/130
f 475/346/131 505/376/131 474/345/131
f 476/347/132 506/377/132 475/346/132
f 477/348/133 507/378/133 476/347/133
f 478/349/134 508/379/134 477/348/134
f 479/350/135 509/380/135 478/349/135
f 480/351/136 510/381/136 479/350/136
f 481/352/137 511/382/137 480/351/137
f 482/353/138 512/383/138 481/352/138
f 483/354/139 513/384/139 482/353/139
f 484/356/140 514/385/140 483/354/140
f 484/356/141 516/386/141 515/387/141
f 485/355/142 517/388/142 516/386/142
f 486/357/143 518/389/143 517/388/143
f 487/358/144 519/390/144 518/389/144
f 488/359/145 520/391/145 519/390/145
f 489/360/146 521/392/146 520/391/146
f 490/361/147 522/393/147 521/392/147
f 491/362/148 523/394/148 522/393/148
f 492/363/149 524/395/149 523/394/149
f 493/364/150 525/396/150 524/395/150
f 494/365/151 526/397/151 525/396/151
f 495/366/1 527/398/1 526/397/1
f 497/368/1 527/398/1 496/367/1
f 497/368/1 529/399/1 528/400/1
f 498/369/1 530/401/1 529/399/1
f 500/402/1 530/401/1 499/371/1
f 502/373/1 532/403/1 501/372/1
f 503/374/1 533/404/1 502/373/1
f 504/375/1 534/405/1 503/374/1
f 505/376/152 535/406/152 504/375/152
f 506/377/153 536/407/153 505/376/153
f 507/378/154 537/408/154 506/377/154
f 508/379/155 538/409/155 507/378/155
f 509/380/156 539/410/156 508/379/156
f 510/381/157 540/411/157 509/380/157
f 511/382/158 541/412/158 510/381/158
f 512/383/159 542/413/159 511/382/159
f 513/384/160 543/414/160 512/383/160
f 514/385/161 544/415/161 513/384/161
f 515/387/162 545/416/162 514/385/162
f 515/387/163 547/417/163 546/418/163
f 516/386/164 548/419/164 547/417/164
f 517/388/165 549/420/165 548/419/165
f 518/389/166 550/421/166 549/420/166
f 519/390/167 551/422/167 550/421/167
f 520/391/168 552/423/168 551/422/168
f 521/392/169 553/424/169 552/423/169
f 522/393/170 554/425/170 553/424/170
f 523/394/171 555/426/171 554/425/171
f 524/395/172 556/427/172 555/426/172
f 525/396/173 557/428/173 556/427/173
f 526/397/174 558/429/174 557/428/174
f 528/400/1 558/429/1 527/398/1
f 529/399/1 559/430/1 528/400/1
f 530/401/1 560/431/1 529/399/1
f 531/432/1 561/433/1 530/401/1
f 532/403/1 564/434/1 563/435/1
f 533/404/1 565/436/1 564/434/1
f 535/406/175 565/436/175 534/405/175
f 536/407/176 566/437/176 535/406/176
f 537/408/177 567/438/177 536/407/177
f 538/409/178 568/439/178 537/408/178
f 539/410/179 569/440/179 538/409/179
f 540/411/180 570/441/180 539/410/180
f 541/412/181 571/442/181 540/411/181
f 542/413/182 572/443/182 541/412/182
f 543/414/183 573/444/183 542/413/183
f 544/415/184 574/445/184 543/414/184
f 545/416/185 575/446/185 544/415/185
f 546/418/186 576/447/186 545/416/186
f 546/418/187 578/448/187 577/449/187
f 547/417/188 579/450/188 578/448/188
f 548/419/189 580/451/189 579/450/189
f 549/420/190 581/452/190 580/451/190
f 550/421/191 582/453/191 581/452/191
f 551/422/192 583/454/192 582/453/192
f 552/423/193 584/455/193 583/454/193
f 553/424/194 585/456/194 584/455/194
f 554/425/195 586/457/195 585/456/195
f 555/426/196 587/458/196 586/457/196
f 556/427/197 588/459/197 587/458/197
f 557/428/198 589/460/198 588/459/198
f 559/430/1 589/460/1 558/429/1
f 559/430/1 591/461/1 590/462/1
f 560/431/1 592/463/1 591/461/1
f 562/464/1 592/463/1 561/433/1
f 564/434/1 594/465/1 563/435/1
f 564/434/1 596/466/1 595/467/1
f 566/437/199 596/466/199 565/436/199
f 567/438/200 597/468/200 566/437/200
f 568/439/201 598/469/201 567/438/201
f 569/440/202 599/470/202 568/439/202
f 570/441/203 600/471/203 569/440/203
f 571/442/204 601/472/204 570/441/204
f 572/443/205 602/473/205 571/442/205
f 573/444/206 603/474/206 572/443/206
f 574/445/207 604/475/207 573/444/207
f 575/446/208 605/476/208 574/445/208
f 576/447/209 606/477/209 575/446/209
f 577/449/210 607/478/210 576/447/210
f 577/449/211 609/479/211 608/480/211
f 578/448/212 610/481/212 609/479/212
f 579/450/213 611/482/213 610/481/213
f 580/451/214 612/483/214 611/482/214
f 581/452/215 613/484/215 612/483/215
f 582/453/216 614/485/216 613/484/216
f 583/454/217 615/486/217 614/485/217
f 584/455/218 616/487/218 615/486/218
f 585/456/219 617/488/219 616/487/219
f 586/457/220 618/489/220 617/488/220
f 587/458/221 619/490/221 618/489/221
f 588/459/222 620/491/222 619/490/222
f 590/462/1 620/491/1 589/460/1
f 591/461/1 621/492/1 590/462/1
f 592/463/1 622/493/1 591/461/1
f 593/494/1 623/495/1 592/463/1
f 595/467/1 625/496/1 594/465/1
f 596/466/1 626/497/1 595/467/1
f 596/466/223 628/498/223 627/499/223
f 597/468/224 629/500/224 628/498/224
f 598/469/225 630/501/225 629/500/225
f 599/470/226 631/502/226 630/501/226
f 600/471/227 632/503/227 631/502/227
f 601/472/228 633/504/228 632/503/228
f 602/473/229 634/505/229 633/504/229
f 603/474/230 635/506/230 634/505/230
f 604/475/231 636/507/231 635/506/231
f 605/476/232 637/508/232 636/507/232
f 606/477/233 638/509/233 637/508/233
f 607/478/234 639/510/234 638/509/234
f 609/479/235 639/510/235 608/480/235
f 610/481/236 640/511/236 609/479/236
f 611/482/237 641/512/237 610/481/237
f 612/483/238 642/513/238 611/482/238
f 613/484/239 643/514/239 612/483/239
f 614/485/240 644/515/240 613/484/240
f 615/486/241 645/516/241 614/485/241
f 616/487/242 646/517/242 615/486/242
f 617/488/243 647/518/243 616/487/243
f 618/489/244 648/519/244 617/488/244
f 619/490/245 649/520/245 618/489/245
f 620/491/246 650/521/246 619/490/246
f 621/492/1 651/522/1 620/491/1
f 621/492/1 653/523/1 652/524/1
f 622/493/1 654/525/1 653/523/1
f 624/526/1 654/525/1 623/495/1
f 626/497/1 656/527/1 625/496/1
f 627/499/1 657/528/1 626/497/1
f 627/499/1 659/529/1 658/530/1
f 628/498/247 660/531/247 659/529/247
f 629/500/248 661/532/248 660/531/248
f 630/501/249 662/533/249 661/532/249
f 631/502/250 663/534/250 662/533/250
f 632/503/251 664/535/251 663/534/251
f 633/504/252 665/536/252 664/535/252
f 634/505/253 666/537/253 665/536/253
f 635/506/254 667/538/254 666/537/254
f 636/507/255 668/539/255 667/538/255
f 637/508/256 669/540/256 668/539/256
f 638/509/257 670/541/257 669/540/257
f 640/511/258 670/541/258 639/510/258
f 641/512/259 671/542/259 640/511/259
f 642/513/260 672/543/260 641/512/260
f 643/514/261 673/544/261 642/513/261
f 644/515/262 674/545/262 643/514/262
f 645/516/263 675/546/263 644/515/263
f 646/517/264 676/547/264 645/516/264
f 647/518/265 677/548/265 646/517/265
f 648/519/266 678/549/266 647/518/266
f 649/520/267 679/550/267 648/519/267
f 650/521/268 680/551/268 649/520/268
f 651/522/269 681/552/269 650/521/269
f 652/524/1 682/553/1 651/522/1
f 653/523/1 683/554/1 652/524/1
f 654/525/1 684/555/1 653/523/1
f 655/556/1 685/557/1 654/525/1
f 656/527/1 688/558/1 687/559/1
f 658/530/1 688/558/1 657/528/1
f 659/529/1 689/560/1 658/530/1
f 659/529/270 691/561/270 690/562/270
f 660/531/271 692/563/271 691/561/271
f 661/532/272 693/564/272 692/563/272
f 662/533/273 694/565/273 693/564/273
f 663/534/274 695/566/274 694/565/274
f 664/535/275 696/567/275 695/566/275
f 665/536/276 697/568/276 696/567/276
f 666/537/277 698/569/277 697/568/277
f 667/538/278 699/570/278 698/569/278
f 668/539/279 700/571/279 699/570/279
f 669/540/280 701/572/280 700/571/280
f 671/542/281 701/572/281 670/541/281
f 672/543/282 702/573/282 671/542/282
f 673/544/283 703/574/283 672/543/283
f 674/545/284 704/575/284 673/544/284
f 675/546/285 705/576/285 674/545/285
f 676/547/286 706/577/286 675/546/286
f 677/548/287 707/578/287 676/547/287
f 678/549/288 708/579/288 677/548/288
f 679/550/289 709/580/289 678/549/289
f 680/551/290 710/581/290 679/550/290
f 681/552/291 711/582/291 680/551/291
f 682/553/292 712/583/292 681/552/292
f 683/554/1 713/584/1 682/553/1
f 683/554/1 715/585/1 714/586/1
f 684/555/1 716/587/1 715/585/1
f 686/588/1 716/587/1 685/557/1
f 688/558/1 718/589/1 687/559/1
f 689/560/1 719/590/1 688/558/1
f 690/562/1 720/591/1 689/560/1
f 690/562/293 722/592/293 721/593/293
f 691/561/294 723/594/294 722/592/294
f 692/563/295 724/595/295 723/594/295
f 693/564/296 725/596/296 724/595/296
f 694/565/297 726/597/297 725/596/297
f 695/566/298 727/598/298 726/597/298
f 696/567/299 728/599/299 727/598/299
f 697/568/300 729/600/300 728/599/300
f 698/569/301 730/601/301 729/600/301
f 699/570/302 731/602/302 730/601/302
f 700/571/303 732/603/303 731/602/303
f 702/573/304 732/603/304 701/572/304
f 703/574/305 733/604/305 702/573/305
f 704/575/306 734/605/306 703/574/306
f 705/576/307 735/606/307 704/575/307
f 706/577/308 736/607/308 705/576/308
f 707/578/309 737/608/309 706/577/309
f 708/579/310 738/609/310 707/578/310
f 709/580/311 739/610/311 708/579/311
f 710/581/312 740/611/312 709/580/312
f 711/582/313 741/612/313 710/581/313
f 712/583/314 742/613/314 711/582/314
f 712/583/1 744/614/1 743/615/1
f 714/586/1 744/614/1 713/584/1
f 715/585/1 745/616/1 714/586/1
f 716/587/1 746/617/1 715/585/1
f 717/618/1 747/619/1 716/587/1
f 719/590/1 749/620/1 718/589/1
f 720/591/1 750/621/1 719/590/1
f 721/593/1 751/622/1 720/591/1
f 721/593/1 753/623/1 752/624/1
f 722/592/315 754/625/315 753/623/315
f 723/594/316 755/626/316 754/625/316
f 724/595/317 756/627/317 755/626/317
f 725/596/318 757/628/318 756/627/318
f 726/597/319 758/629/319 757/628/319
f 727/598/320 759/630/320 758/629/320
f 728/599/321 760/631/321 759/630/321
f 729/600/322 761/632/322 760/631/322
f 730/601/323 762/633/323 761/632/323
f 731/602/324 763/634/324 762/633/324
f 733/604/325 763/634/325 732/603/325
f 734/605/326 764/635/326 733/604/326
f 735/606/327 765/636/327 734/605/327
f 736/607/328 766/637/328 735/606/328
f 737/608/329 767/638/329 736/607/329
f 738/609/330 768/639/330 737/608/330
f 739/610/331 769/640/331 738/609/331
f 740/611/332 770/641/332 739/610/332
f 741/612/333 771/642/333 740/611/333
f 742/613/334 772/643/334 741/612/334
f 743/615/335 773/644/335 742/613/335
f 743/615/1 775/645/1 774/646/1
f 745/616/1 775/645/1 744/614/1
f 745/616/1 777/647/1 776/648/1
f 747/619/1 777/647/1 746/617/1
f 747/619/1 779/649/1 778/650/1
f 750/621/1 780/651/1 749/620/1
f 751/622/1 781/652/1 750/621/1
f 752/624/1 782/653/1 751/622/1
f 753/623/1 783/654/1 752/624/1
f 753/623/336 785/655/336 784/656/336
f 754/625/337 786/657/337 785/655/337
f 755/626/338 787/658/338 786/657/338
f 756/627/339 788/659/339 787/658/339
f 757/628/340 789/660/340 788/659/340
f 758/629/341 790/661/341 789/660/341
f 759/630/342 791/662/342 790/661/342
f 760/631/343 792/663/343 791/662/343
f 761/632/344 793/664/344 792/663/344
f 762/633/345 794/665/345 793/664/345
f 764/635/346 794/665/346 763/634/346
f 765/636/347 795/666/347 764/635/347
f 766/637/348 796/667/348 765/636/348
f 767/638/349 797/668/349 766/637/349
f 768/639/350 798/669/350 767/638/350
f 769/640/351 799/670/351 768/639/351
f 770/641/352 800/671/352 769/640/352
f 771/642/353 801/672/353 770/641/353
f 772/643/354 802/673/354 771/642/354
f 773/644/355 803/674/355 772/643/355
f 774/646/356 804/675/356 773/644/356
f 774/646/1 806/676/1 805/677/1
f 776/648/1 806/676/1 775/645/1
f 777/647/1 807/678/1 776/648/1
f 778/650/1 808/679/1 777/647/1
f 778/650/1 810/680/1 809/681/1
f 781/652/1 811/682/1 780/651/1
f 781/652/1 813/683/1 812/684/1
f 783/654/1 813/683/1 782/653/1
f 784/656/1 814/685/1 783/654/1
f 784/656/1 816/686/1 815/687/1
f 785/655/357 817/688/357 816/686/357
f 786/657/358 818/689/358 817/688/358
f 787/658/359 819/690/359 818/689/359
f 788/659/360 820/691/360 819/690/360
f 789/660/361 821/692/361 820/691/361
f 790/661/362 822/693/362 821/692/362
f 791/662/363 823/694/363 822/693/363
f 792/663/364 824/695/364 823/694/364
f 793/664/365 825/696/365 824/695/365
f 795/666/366 825/696/366 794/665/366
f 796/667/367 826/697/367 795/666/367
f 797/668/368 827/698/368 796/667/368
f 798/669/369 828/699/369 797/668/369
f 799/670/370 829/700/370 798/669/370
f 800/671/371 830/701/371 799/670/371
f 801/672/372 831/702/372 800/671/372
f 802/673/373 832/703/373 801/672/373
f 803/674/374 833/704/374 802/673/374
f 804/675/375 834/705/375 803/674/375
f 805/677/1 835/706/1 804/675/1
f 805/677/1 837/707/1 836/708/1
f 807/678/1 837/707/1 806/676/1
f 807/678/1 839/709/1 838/710/1
f 809/681/1 839/709/1 808/679/1
f 809/681/1 841/711/1 840/712/1
f 812/684/1 842/713/1 811/682/1
f 812/684/1 844/714/1 843/715/1
f 814/685/1 844/714/1 813/683/1
f 814/685/1 846/716/1 845/717/1
f 815/687/1 847/718/1 846/716/1
f 816/686/1 848/719/1 847/718/1
f 817/688/376 849/720/376 848/719/376
f 818/689/377 850/721/377 849/720/377
f 819/690/378 851/722/378 850/721/378
f 820/691/379 852/723/379 851/722/379
f 821/692/380 853/724/380 852/723/380
f 822/693/381 854/725/381 853/724/381
f 823/694/382 855/726/382 854/725/382
f 824/695/383 856/727/383 855/726/383
f 826/697/384 856/727/384 825/696/384
f 827/698/385 857/728/385 826/697/385
f 828/699/386 858/729/386 827/698/386
f 829/700/387 859/730/387 828/699/387
f 830/701/388 860/731/388 829/700/388
f 831/702/389 861/732/389 830/701/389
f 832/703/390 862/733/390 831/702/390
f 833/704/391 863/734/391 832/703/391
f 834/705/392 864/735/392 833/704/392
f 835/706/1 865/736/1 834/705/1
f 836/708/1 866/737/1 835/706/1
f 836/708/1 868/738/1 867/739/1
f 838/710/1 868/738/1 837/707/1
f 839/709/1 869/740/1 838/710/1
f 840/712/1 870/741/1 839/709/1
f 841/711/1 871/742/1 840/712/1
f 843/715/1 873/743/1 842/713/1
f 844/714/1 874/744/1 843/715/1
f 845/717/1 875/745/1 844/714/1
f 846/716/1 876/746/1 845/717/1
f 846/716/1 878/747/1 877/748/1
f 847/718/1 879/749/1 878/747/1
f 848/719/1 880/750/1 879/749/1
f 849/720/393 881/751/393 880/750/393
f 850/721/394 882/752/394 881/751/394
f 851/722/395 883/753/395 882/752/395
f 852/723/396 884/754/396 883/753/396
f 853/724/397 885/755/397 884/754/397
f 854/725/398 886/756/398 885/755/398
f 855/726/399 887/757/399 886/756/399
f 857/728/400 887/757/400 856/727/400
f 858/729/401 888/758/401 857/728/401
f 859/730/402 889/759/402 858/729/402
f 860/731/403 890/760/403 859/730/403
f 861/732/404 891/761/404 860/731/404
f 862/733/405 892/762/405 861/732/405
f 863/734/406 893/763/406 862/733/406
f 864/735/407 894/764/407 863/734/407
f 865/736/1 895/765/1 864/735/1
f 865/736/1 897/766/1 896/767/1
f 867/739/1 897/766/1 866/737/1
f 868/738/1 898/768/1 867/739/1
f 869/740/1 899/769/1 868/738/1
f 870/741/1 900/770/1 869/740/1
f 871/742/1 901/771/1 870/741/1
f 871/742/1 903/772/1 902/773/1
f 874/744/1 904/774/1 873/743/1
f 875/745/1 905/775/1 874/744/1
f 876/746/1 906/776/1 875/745/1
f 876/746/1 908/777/1 907/778/1
f 878/747/1 908/777/1 877/748/1
f 878/747/1 910/779/1 909/780/1
f 880/750/1 910/779/1 879/749/1
f 880/750/1 912/781/1 911/782/1
f 881/751/408 913/783/408 912/781/408
f 882/752/409 914/784/409 913/783/409
f 883/753/410 915/785/410 914/784/410
f 884/754/411 916/786/411 915/785/411
f 885/755/412 917/787/412 916/786/412
f 886/756/413 918/788/413 917/787/413
f 888/758/414 918/788/414 887/757/414
f 889/759/415 919/789/415 888/758/415
f 890/760/416 920/790/416 889/759/416
f 891/761/417 921/791/417 890/760/417
f 892/762/418 922/792/418 891/761/418
f 893/763/419 923/793/419 892/762/419
f 894/764/420 924/794/420 893/763/420
f 894/764/1 926/795/1 925/796/1
f 896/767/1 926/795/1 895/765/1
f 896/767/1 928/797/1 927/798/1
f 897/766/1 929/799/1 928/797/1
f 899/769/1 929/799/1 898/768/1
f 900/770/1 930/800/1 899/769/1
f 900/770/1 932/801/1 931/802/1
f 902/773/1 932/801/1 901/771/1
f 902/773/1 934/803/1 933/804/1
f 905/775/1 935/805/1 904/774/1
f 906/776/1 936/806/1 905/775/1
f 907/778/1 937/807/1 906/776/1
f 907/778/1 939/808/1 938/809/1
f 909/780/1 939/808/1 908/777/1
f 909/780/1 941/810/1 940/811/1
f 911/782/1 941/810/1 910/779/1
f 911/782/1 943/812/1 942/813/1
f 913/783/1 943/812/1 912/781/1
f 913/783/1 945/814/1 944/815/1
f 914/784/421 946/816/421 945/814/421
f 915/785/422 947/817/422 946/816/422
f 916/786/423 948/818/423 947/817/423
f 917/787/424 949/819/424 948/818/424
f 919/789/425 949/819/425 918/788/425
f 920/790/426 950/820/426 919/789/426
f 921/791/427 951/821/427 920/790/427
f 922/792/428 952/822/428 921/791/428
f 923/793/429 953/823/429 922/792/429
f 923/793/1 955/824/1 954/825/1
f 925/796/1 955/824/1 924/794/1
f 925/796/1 957/826/1 956/827/1
f 927/798/1 957/826/1 926/795/1
f 927/798/1 959/828/1 958/829/1
f 928/797/1 960/830/1 959/828/1
f 930/800/1 960/830/1 929/799/1
f 931/802/1 961/831/1 930/800/1
f 932/801/1 962/832/1 931/802/1
f 933/804/1 963/833/1 932/801/1
f 934/803/1 964/834/1 933/804/1
f 936/806/1 966/835/1 935/805/1
f 937/807/1 967/836/1 936/806/1
f 937/807/1 969/837/1 968/838/1
f 938/809/1 970/839/1 969/837/1
f 939/808/1 971/840/1 970/839/1
f 940/811/1 972/841/1 971/840/1
f 942/813/1 972/841/1 941/810/1
f 942/813/1 974/842/1 973/843/1
f 944/815/1 974/842/1 943/812/1
f 944/815/1 976/844/1 975/845/1
f 946/816/1 976/844/1 945/814/1
f 946/816/1 978/846/1 977/847/1
f 947/817/1 979/848/1 978/846/1
f 948/818/430 980/849/430 979/848/430
f 950/820/431 980/849/431 949/819/431
f 951/821/432 981/850/432 950/820/432
f 952/822/1 982/851/1 951/821/1
f 952/822/1 984/852/1 983/853/1
f 954/825/1 984/852/1 953/823/1
f 954/825/1 986/854/1 985/855/1
f 956/827/1 986/854/1 955/824/1
f 956/827/1 988/856/1 987/857/1
f 958/829/1 988/856/1 957/826/1
f 958/829/1 990/858/1 989/859/1
f 960/830/1 990/858/1 959/828/1
f 961/831/1 991/860/1 960/830/1
f 962/832/1 992/861/1 961/831/1
f 963/833/1 993/862/1 962/832/1
f 964/834/1 994/863/1 963/833/1
f 965/864/1 995/865/1 964/834/1
f 966/835/1 998/866/1 997/867/1
f 967/836/1 999/868/1 998/866/1
f 968/838/1 1000/869/1 999/868/1
f 969/837/1 1001/870/1 1000/869/1
f 971/840/1 1001/870/1 970/839/1
f 972/841/1 1002/871/1 971/840/1
f 973/843/1 1003/872/1 972/841/1
f 974/842/1 1004/873/1 973/843/1
f 975/845/1 1005/874/1 974/842/1
f 976/844/1 1006/875/1 975/845/1
f 977/847/1 1007/876/1 976/844/1
f 977/847/1 1009/877/1 1008/878/1
f 979/848/1 1009/877/1 978/846/1
f 979/848/1 1011/879/1 1010/880/1
f 981/850/1 1011/879/1 980/849/1
f 981/850/1 1013/881/1 1012/882/1
f 983/853/1 1013/881/1 982/851/1
f 983/853/1 1015/883/1 1014/884/1
f 985/855/1 1015/883/1 984/852/1
f 985/855/1 1017/885/1 1016/886/1
f 986/854/1 1018/887/1 1017/885/1
f 987/857/1 1019/888/1 1018/887/1
f 988/856/1 1020/889/1 1019/888/1
f 990/858/1 1020/889/1 989/859/1
f 991/860/1 1021/890/1 990/858/1
f 992/861/1 1022/891/1 991/860/1
f 992/861/1 1024/892/1 1023/893/1
f 994/863/1 1024/892/1 993/862/1
f 995/865/1 1025/894/1 994/863/1
f 996/895/1 1026/896/1 995/865/1
f 997/867/1 1029/897/1 1028/898/1
f 998/866/1 1030/899/1 1029/897/1
f 999/868/1 1031/900/1 1030/899/1
f 1000/869/1 1032/901/1 1031/900/1
f 1001/870/1 1033/902/1 1032/901/1
f 1003/872/1 1033/902/1 1002/871/1
f 1004/873/1 1034/903/1 1003/872/1
f 1004/873/1 1036/904/1 1035/905/1
f 1005/874/1 1037/906/1 1036/904/1
f 1007/876/1 1037/906/1 1006/875/1
f 1008/878/1 1038/907/1 1007/876/1
f 1008/878/1 1040/908/1 1039/909/1
f 1010/880/1 1040/908/1 1009/877/1
f 1010/880/1 1042/910/1 1041/911/1
f 1012/882/1 1042/910/1 1011/879/1
f 1012/882/1 1044/912/1 1043/913/1
f 1014/884/1 1044/912/1 1013/881/1
f 1014/884/1 1046/914/1 1045/915/1
f 1016/886/1 1046/914/1 1015/883/1
f 1016/886/1 1048/916/1 1047/917/1
f 1017/885/1 1049/918/1 1048/916/1
f 1019/888/1 1049/918/1 1018/887/1
f 1020/889/1 1050/919/1 1019/888/1
f 1020/889/1 1052/920/1 1051/921/1
f 1022/891/1 1052/920/1 1021/890/1
f 1023/893/1 1053/922/1 1022/891/1
f 1024/892/1 1054/923/1 1023/893/1
f 1025/894/1 1055/924/1 1024/892/1
f 1026/896/1 1056/925/1 1025/894/1
f 1026/896/1 1058/926/1 1057/927/1
f 1029/897/1 1059/928/1 1028/898/1
f 1030/899/1 1060/929/1 1029/897/1
f 1030/899/1 1062/930/1 1061/931/1
f 1031/900/1 1063/932/1 1062/930/1
f 1033/902/1 1063/932/1 1032/901/1
f 1033/902/1 1065/933/1 1064/934/1
f 1035/905/1 1065/933/1 1034/903/1
f 1035/905/1 1067/935/1 1066/936/1
f 1037/906/1 1067/935/1 1036/904/1
f 1038/907/1 1068/937/1 1037/906/1
f 1039/909/1 1069/938/1 1038/907/1
f 1040/908/1 1070/939/1 1039/909/1
f 1040/908/1 1072/940/1 1071/941/1
f 1041/911/1 1073/942/1 1072/940/1
f 1043/913/1 1073/942/1 1042/910/1
f 1044/912/1 1074/943/1 1043/913/1
f 1045/915/1 1075/944/1 1044/912/1
f 1046/914/1 1076/945/1 1045/915/1
f 1047/917/1 1077/946/1 1046/914/1
f 1047/917/1 1079/947/1 1078/948/1
f 1048/916/1 1080/949/1 1079/947/1
f 1049/918/1 1081/950/1 1080/949/1
f 1051/921/1 1081/950/1 1050/919/1
f 1051/921/1 1083/951/1 1082/952/1
f 1053/922/1 1083/951/1 1052/920/1
f 1053/922/1 1085/953/1 1084/954/1
f 1055/924/1 1085/953/1 1054/923/1
f 1056/925/1 1086/955/1 1055/924/1
f 1057/927/1 1087/956/1 1056/925/1
f 1057/927/1 1089/957/1 1088/958/1
f 36/959/1 35/960/1 1/961/1
f 36/959/1 130/1/1 129/3/1
f 37/962/1 131/6/1 130/1/1
f 39/963/1 131/6/1 38/964/1
f 40/965/1 132/9/1 39/963/1
f 41/966/1 133/8/1 40/965/1
f 42/967/1 134/13/1 41/966/1
f 42/967/1 136/16/1 135/12/1
f 44/968/1 136/16/1 43/969/1
f 45/970/1 137/18/1 44/968/1
f 46/971/1 138/21/1 45/970/1
f 47/972/1 139/20/1 46/971/1
f 48/973/1 140/22/1 47/972/1
f 49/974/1 141/24/1 48/973/1
f 50/975/1 142/26/1 49/974/1
f 51/976/1 143/28/1 50/975/1
f 52/977/1 144/30/1 51/976/1
f 53/978/1 145/32/1 52/977/1
f 54/979/1 146/34/1 53/978/1
f 55/980/1 147/36/1 54/979/1
f 56/981/1 148/38/1 55/980/1
f 56/981/1 150/45/1 149/40/1
f 58/982/1 150/45/1 57/983/1
f 59/984/1 151/44/1 58/982/1
f 60/985/1 152/49/1 59/984/1
f 61/986/1 153/48/1 60/985/1
f 62/987/1 154/50/1 61/986/1
f 62/987/1 156/57/1 155/52/1
f 64/988/1 156/57/1 63/989/1
f 64/988/1 158/61/1 157/56/1
f 66/990/1 158/61/1 65/991/1
f 2/992/1 159/60/1 66/990/1
f 67/993/1 190/92/1 159/60/1
f 68/994/1 221/123/1 190/92/1
f 69/995/1 252/154/1 221/123/1
f 70/996/1 283/184/1 252/154/1
f 71/997/1 314/216/1 283/184/1
f 72/998/1 345/246/1 314/216/1
f 73/999/1 376/278/1 345/246/1
f 376/278/1 75/1000/1 407/308/1
f 407/308/1 76/1001/1 438/340/1
f 76/1001/1 469/370/1 438/340/1
f 77/1002/1 500/402/1 469/370/1
f 78/1003/1 531/432/1 500/402/1
f 79/1004/1 562/464/1 531/432/1
f 80/1005/1 593/494/1 562/464/1
f 81/1006/1 624/526/1 593/494/1
f 82/1007/1 655/556/1 624/526/1
f 83/1008/1 686/588/1 655/556/1
f 84/1009/1 717/618/1 686/588/1
f 85/1010/1 748/1011/1 717/618/1
f 86/1012/1 779/649/1 748/1011/1
f 87/1013/1 810/680/1 779/649/1
f 88/1014/1 841/711/1 810/680/1
f 841/711/1 90/1015/1 872/1016/1
f 90/1015/1 903/772/1 872/1016/1
f 91/1017/1 934/803/1 903/772/1
f 92/1018/1 965/864/1 934/803/1
f 93/1019/1 996/895/1 965/864/1
f 94/1020/1 1027/1021/1 996/895/1
f 95/1022/1 1058/926/1 1027/1021/1
f 1058/926/1 97/1023/1 1089/957/1
f 1089/957/1 4/1024/1 98/1025/1
f 1089/957/1 99/1026/1 1088/958/1
f 1088/958/1 100/1027/1 1087/956/1
f 1087/956/1 101/1028/1 1086/955/1
f 1086/955/1 102/1029/1 1085/953/1
f 1085/953/1 103/1030/1 1084/954/1
f 1084/954/1 104/1031/1 1083/951/1
f 1082/952/1 104/1031/1 105/1032/1
f 1082/952/1 106/1033/1 1081/950/1
f 1080/949/1 106/1033/1 107/1034/1
f 1080/949/1 108/1035/1 1079/947/1
f 1078/948/1 108/1035/1 109/1036/1
f 1078/948/1 110/1037/1 1077/946/1
f 1077/946/1 111/1038/1 1076/945/1
f 1076/945/1 112/1039/1 1075/944/1
f 1075/944/1 113/1040/1 1074/943/1
f 1073/942/1 113/1040/1 114/1041/1
f 1072/940/1 114/1041/1 115/1042/1
f 1071/941/1 115/1042/1 116/1043/1
f 1070/939/1 116/1043/1 117/1044/1
f 1070/939/1 118/1045/1 1069/938/1
f 1069/938/1 119/1046/1 1068/937/1
f 1068/937/1 120/1047/1 1067/935/1
f 1066/936/1 120/1047/1 121/1048/1
f 1066/936/1 122/1049/1 1065/933/1
f 1064/934/1 122/1049/1 123/1050/1
f 1063/932/1 123/1050/1 124/1051/1
f 1062/930/1 124/1051/1 125/1052/1
f 1061/931/1 125/1052/1 126/1053/1
f 1060/929/1 126/1053/1 127/1054/1
f 1060/929/1 128/1055/1 1059/928/1
f 5/1056/1 128/1055/1 3/1057/1
f 1028/898/1 5/1056/1 6/1058/1
f 7/1059/1 1028/898/1 6/1058/1
f 966/835/1 7/1059/1 8/1060/1
f 935/805/1 8/1060/1 9/1061/1
f 904/774/1 9/1061/1 10/1062/1
f 873/743/1 10/1062/1 11/1063/1
f 842/713/1 11/1063/1 12/1064/1
f 13/1065/1 842/713/1 12/1064/1
f 14/1066/1 811/682/1 13/1065/1
f 749/620/1 14/1066/1 15/1067/1
f 718/589/1 15/1067/1 16/1068/1
f 17/1069/1 718/589/1 16/1068/1
f 18/1070/1 687/559/1 17/1069/1
f 19/1071/1 656/527/1 18/1070/1
f 20/1072/1 625/496/1 19/1071/1
f 563/435/1 20/1072/1 21/1073/1
f 532/403/1 21/1073/1 22/1074/1
f 501/372/1 22/1074/1 23/1075/1
f 470/342/1 23/1075/1 24/1076/1
f 439/311/1 24/1076/1 25/1077/1
f 408/280/1 25/1077/1 26/1078/1
f 377/249/1 26/1078/1 27/1079/1
f 346/217/1 27/1079/1 28/1080/1
f 315/186/1 28/1080/1 29/1081/1
f 284/155/1 29/1081/1 30/1082/1
f 253/124/1 30/1082/1 31/1083/1
f 222/93/1 31/1083/1 32/1084/1
f 191/62/1 32/1084/1 33/1085/1
f 160/2/1 33/1085/1 34/1086/1
f 129/3/1 34/1086/1 35/960/1
f 130/1/1 161/5/1 160/2/1
f 130/1/1 131/6/1 162/4/1
f 131/6/1 132/9/1 163/7/1
f 133/8/1 164/11/1 163/7/1
f 133/8/1 134/13/1 165/10/1
f 135/12/1 166/15/1 165/10/1
f 135/12/1 136/16/1 167/14/1
f 136/16/1 137/18/1 168/17/1
f 137/18/1 138/21/1 169/19/1
f 139/20/1 170/23/1 169/19/1
f 140/22/1 171/25/1 170/23/1
f 141/24/1 172/27/1 171/25/1
f 142/26/1 173/29/1 172/27/1
f 143/28/1 174/31/1 173/29/1
f 144/30/1 175/33/1 174/31/1
f 145/32/1 176/35/1 175/33/1
f 146/34/1 177/37/1 176/35/1
f 147/36/1 178/39/1 177/37/1
f 148/38/1 179/41/1 178/39/1
f 149/40/1 180/43/1 179/41/1
f 149/40/1 150/45/1 181/42/1
f 151/44/1 182/47/1 181/42/1
f 151/44/1 152/49/1 183/46/1
f 153/48/1 184/51/1 183/46/1
f 154/50/1 185/53/1 184/51/1
f 155/52/1 186/55/1 185/53/1
f 155/52/1 156/57/1 187/54/1
f 157/56/1 188/59/1 187/54/1
f 157/56/1 158/61/1 189/58/1
f 159/60/1 190/92/1 189/58/1
f 161/5/1 192/63/1 191/62/1
f 162/4/1 193/64/1 192/63/1
f 163/7/1 194/65/1 193/64/1
f 164/11/1 195/66/1 194/65/1
f 165/10/1 196/68/1 195/66/1
f 165/10/1 166/15/1 197/67/1
f 166/15/1 167/14/1 198/69/1
f 168/17/1 199/70/1 198/69/1
f 169/19/1 200/71/1 199/70/1
f 170/23/1 201/72/1 200/71/1
f 171/25/1 202/73/1 201/72/1
f 172/27/1 203/74/1 202/73/1
f 173/29/1 204/75/1 203/74/1
f 174/31/1 205/76/1 204/75/1
f 175/33/1 206/77/1 205/76/1
f 176/35/1 207/78/1 206/77/1
f 177/37/1 208/79/1 207/78/1
f 178/39/1 209/80/1 208/79/1
f 179/41/1 210/81/1 209/80/1
f 180/43/1 211/82/1 210/81/1
f 181/42/1 212/84/1 211/82/1
f 181/42/1 182/47/1 213/83/1
f 183/46/1 214/85/1 213/83/1
f 184/51/1 215/86/1 214/85/1
f 185/53/1 216/87/1 215/86/1
f 186/55/1 217/88/1 216/87/1
f 187/54/1 218/90/1 217/88/1
f 187/54/1 188/59/1 219/89/1
f 188/59/1 189/58/1 220/91/1
f 190/92/1 221/123/1 220/91/1
f 192/63/1 223/94/1 222/93/1
f 193/64/1 224/95/1 223/94/1
f 194/65/1 225/97/1 224/95/1
f 194/65/1 195/66/1 226/96/1
f 195/66/1 196/68/1 227/98/1
f 196/68/1 197/67/1 228/99/1
f 197/67/1 198/69/1 229/100/1
f 199/70/1 230/101/1 229/100/1
f 200/71/1 231/102/1 230/101/1
f 201/72/1 232/103/1 231/102/1
f 202/73/1 233/104/1 232/103/1
f 203/74/1 234/105/1 233/104/1
f 204/75/1 235/106/1 234/105/1
f 205/76/1 236/107/1 235/106/1
f 206/77/1 237/108/1 236/107/1
f 207/78/1 238/109/1 237/108/1
f 208/79/1 239/110/1 238/109/1
f 209/80/1 240/111/1 239/110/1
f 210/81/1 241/112/1 240/111/1
f 211/82/1 242/113/1 241/112/1
f 212/84/1 243/115/1 242/113/1
f 212/84/1 213/83/1 244/114/1
f 213/83/1 214/85/1 245/116/1
f 215/86/1 246/117/1 245/116/1
f 216/87/1 247/118/1 246/117/1
f 217/88/1 248/120/1 247/118/1
f 217/88/1 218/90/1 249/119/1
f 218/90/1 219/89/1 250/121/1
f 219/89/1 220/91/1 251/122/1
f 221/123/1 252/154/1 251/122/1
f 223/94/1 254/125/1 253/124/1
f 224/95/1 255/127/1 254/125/1
f 224/95/1 225/97/1 256/126/1
f 226/96/1 257/128/1 256/126/1
f 227/98/1 258/129/1 257/128/1
f 228/99/1 259/131/1 258/129/1
f 228/99/1 229/100/1 260/130/1
f 230/101/1 261/132/1 260/130/1
f 231/102/1 262/133/1 261/132/1
f 232/103/1 263/134/1 262/133/1
f 233/104/433 264/135/433 263/134/433
f 234/105/434 265/136/434 264/135/434
f 235/106/435 266/137/435 265/136/435
f 236/107/436 267/139/436 266/137/436
f 236/107/437 237/108/437 268/138/437
f 237/108/438 238/109/438 269/140/438
f 238/109/439 239/110/439 270/141/439
f 239/110/1 240/111/1 271/142/1
f 241/112/1 272/143/1 271/142/1
f 242/113/1 273/144/1 272/143/1
f 243/115/1 274/146/1 273/144/1
f 243/115/1 244/114/1 275/145/1
f 244/114/1 245/116/1 276/147/1
f 246/117/1 277/149/1 276/147/1
f 246/117/1 247/118/1 278/148/1
f 247/118/1 248/120/1 279/150/1
f 248/120/1 249/119/1 280/151/1
f 249/119/1 250/121/1 281/152/1
f 250/121/1 251/122/1 282/153/1
f 252/154/1 283/184/1 282/153/1
f 254/125/1 285/156/1 284/155/1
f 255/127/1 286/158/1 285/156/1
f 255/127/1 256/126/1 287/157/1
f 257/128/1 288/159/1 287/157/1
f 258/129/1 289/160/1 288/159/1
f 259/131/1 290/162/1 289/160/1
f 259/131/1 260/130/1 291/161/1
f 261/132/1 292/163/1 291/161/1
f 262/133/440 293/164/440 292/163/440
f 263/134/441 294/165/441 293/164/441
f 264/135/442 295/166/442 294/165/442
f 265/136/443 296/167/443 295/166/443
f 266/137/444 297/168/444 296/167/444
f 267/139/445 298/170/445 297/168/445
f 267/139/446 268/138/446 299/169/446
f 268/138/447 269/140/447 300/171/447
f 269/140/448 270/141/448 301/172/448
f 270/141/449 271/142/449 302/173/449
f 271/142/450 272/143/450 303/174/450
f 272/143/1 273/144/1 304/175/1
f 274/146/1 305/176/1 304/175/1
f 275/145/1 306/178/1 305/176/1
f 275/145/1 276/147/1 307/177/1
f 277/149/1 308/179/1 307/177/1
f 278/148/1 309/180/1 308/179/1
f 279/150/1 310/182/1 309/180/1
f 279/150/1 280/151/1 311/181/1
f 281/152/1 312/183/1 311/181/1
f 282/153/1 313/185/1 312/183/1
f 283/184/1 314/216/1 313/185/1
f 285/156/1 316/187/1 315/186/1
f 286/158/1 317/188/1 316/187/1
f 287/157/1 318/189/1 317/188/1
f 288/159/1 319/191/1 318/189/1
f 288/159/1 289/160/1 320/190/1
f 289/160/1 290/162/1 321/192/1
f 290/162/1 291/161/1 322/193/1
f 292/163/451 323/194/451 322/193/451
f 293/164/452 324/195/452 323/194/452
f 294/165/453 325/196/453 324/195/453
f 295/166/454 326/197/454 325/196/454
f 296/167/455 327/198/455 326/197/455
f 297/168/456 328/199/456 327/198/456
f 298/170/457 329/201/457 328/199/457
f 298/170/458 299/169/458 330/200/458
f 299/169/459 300/171/459 331/202/459
f 300/171/460 301/172/460 332/203/460
f 301/172/461 302/173/461 333/204/461
f 302/173/462 303/174/462 334/205/462
f 303/174/463 304/175/463 335/206/463
f 304/175/439 305/176/439 336/207/439
f 305/176/1 306/178/1 337/208/1
f 306/178/1 307/177/1 338/209/1
f 308/179/1 339/210/1 338/209/1
f 309/180/1 340/211/1 339/210/1
f 310/182/1 341/213/1 340/211/1
f 310/182/1 311/181/1 342/212/1
f 311/181/1 312/183/1 343/214/1
f 312/183/1 313/185/1 344/215/1
f 314/216/1 345/246/1 344/215/1
f 316/187/1 347/218/1 346/217/1
f 317/188/1 348/219/1 347/218/1
f 318/189/1 349/221/1 348/219/1
f 318/189/1 319/191/1 350/220/1
f 319/191/1 320/190/1 351/222/1
f 321/192/464 352/223/464 351/222/464
f 322/193/465 353/224/465 352/223/465
f 323/194/466 354/225/466 353/224/466
f 324/195/467 355/226/467 354/225/467
f 325/196/468 356/227/468 355/226/468
f 326/197/469 357/228/469 356/227/469
f 327/198/470 358/229/470 357/228/470
f 328/199/471 359/230/471 358/229/471
f 329/201/472 360/232/472 359/230/472
f 329/201/473 330/200/473 361/231/473
f 330/200/474 331/202/474 362/233/474
f 331/202/475 332/203/475 363/234/475
f 332/203/476 333/204/476 364/235/476
f 333/204/477 334/205/477 365/236/477
f 334/205/478 335/206/478 366/237/478
f 335/206/479 336/207/479 367/238/479
f 336/207/480 337/208/480 368/239/480
f 337/208/1 338/209/1 369/240/1
f 339/210/1 370/241/1 369/240/1
f 340/211/1 371/242/1 370/241/1
f 341/213/1 372/243/1 371/242/1
f 342/212/1 373/244/1 372/243/1
f 343/214/1 374/245/1 373/244/1
f 344/215/1 375/247/1 374/245/1
f 345/246/1 376/278/1 375/247/1
f 346/217/1 347/218/1 378/248/1
f 348/219/1 379/251/1 378/248/1
f 348/219/1 349/221/1 380/250/1
f 350/220/1 381/253/1 380/250/1
f 350/220/1 351/222/1 382/252/1
f 352/223/481 383/254/481 382/252/481
f 353/224/482 384/255/482 383/254/482
f 354/225/483 385/256/483 384/255/483
f 355/226/484 386/257/484 385/256/484
f 356/227/485 387/258/485 386/257/485
f 357/228/486 388/259/486 387/258/486
f 358/229/487 389/260/487 388/259/487
f 359/230/488 390/261/488 389/260/488
f 360/232/489 391/263/489 390/261/489
f 360/232/490 361/231/490 392/262/490
f 361/231/491 362/233/491 393/264/491
f 362/233/492 363/234/492 394/265/492
f 363/234/493 364/235/493 395/266/493
f 364/235/494 365/236/494 396/267/494
f 365/236/495 366/237/495 397/268/495
f 366/237/496 367/238/496 398/269/496
f 367/238/497 368/239/497 399/270/497
f 368/239/498 369/240/498 400/271/498
f 369/240/1 370/241/1 401/272/1
f 370/241/1 371/242/1 402/273/1
f 372/243/1 403/275/1 402/273/1
f 372/243/1 373/244/1 404/274/1
f 373/244/1 374/245/1 405/276/1
f 374/245/1 375/247/1 406/277/1
f 376/278/1 407/308/1 406/277/1
f 377/249/1 378/248/1 409/279/1
f 379/251/1 410/282/1 409/279/1
f 379/251/1 380/250/1 411/281/1
f 381/253/1 412/283/1 411/281/1
f 382/252/499 413/284/499 412/283/499
f 383/254/500 414/285/500 413/284/500
f 384/255/501 415/286/501 414/285/501
f 385/256/502 416/287/502 415/286/502
f 386/257/503 417/288/503 416/287/503
f 387/258/504 418/289/504 417/288/504
f 388/259/505 419/290/505 418/289/505
f 389/260/506 420/291/506 419/290/506
f 390/261/507 421/292/507 420/291/507
f 391/263/508 422/294/508 421/292/508
f 391/263/509 392/262/509 423/293/509
f 392/262/510 393/264/510 424/295/510
f 393/264/511 394/265/511 425/296/511
f 394/265/512 395/266/512 426/297/512
f 395/266/513 396/267/513 427/298/513
f 396/267/514 397/268/514 428/299/514
f 397/268/515 398/269/515 429/300/515
f 398/269/516 399/270/516 430/301/516
f 399/270/517 400/271/517 431/302/517
f 400/271/518 401/272/518 432/303/518
f 401/272/1 402/273/1 433/304/1
f 403/275/1 434/306/1 433/304/1
f 403/275/1 404/274/1 435/305/1
f 405/276/1 436/307/1 435/305/1
f 406/277/1 437/309/1 436/307/1
f 407/308/1 438/340/1 437/309/1
f 408/280/1 409/279/1 440/310/1
f 410/282/1 441/312/1 440/310/1
f 411/281/1 442/313/1 441/312/1
f 412/283/519 443/314/519 442/313/519
f 413/284/520 444/315/520 443/314/520
f 414/285/521 445/316/521 444/315/521
f 415/286/522 446/317/522 445/316/522
f 416/287/523 447/318/523 446/317/523
f 417/288/524 448/319/524 447/318/524
f 418/289/525 449/320/525 448/319/525
f 419/290/526 450/321/526 449/320/526
f 420/291/527 451/322/527 450/321/527
f 421/292/528 452/323/528 451/322/528
f 422/294/529 453/325/529 452/323/529
f 422/294/530 423/293/530 454/324/530
f 423/293/531 424/295/531 455/326/531
f 424/295/532 425/296/532 456/327/532
f 425/296/533 426/297/533 457/328/533
f 426/297/534 427/298/534 458/329/534
f 427/298/535 428/299/535 459/330/535
f 428/299/536 429/300/536 460/331/536
f 429/300/537 430/301/537 461/332/537
f 430/301/538 431/302/538 462/333/538
f 431/302/539 432/303/539 463/334/539
f 432/303/1 433/304/1 464/335/1
f 434/306/1 465/336/1 464/335/1
f 435/305/1 466/338/1 465/336/1
f 435/305/1 436/307/1 467/337/1
f 436/307/1 437/309/1 468/339/1
f 438/340/1 469/370/1 468/339/1
f 439/311/1 440/310/1 471/341/1
f 441/312/1 472/343/1 471/341/1
f 442/313/1 473/344/1 472/343/1
f 443/314/540 474/345/540 473/344/540
f 444/315/541 475/346/541 474/345/541
f 445/316/542 476/347/542 475/346/542
f 446/317/543 477/348/543 476/347/543
f 447/318/544 478/349/544 477/348/544
f 448/319/545 479/350/545 478/349/545
f 449/320/546 480/351/546 479/350/546
f 450/321/547 481/352/547 480/351/547
f 451/322/548 482/353/548 481/352/548
f 452/323/549 483/354/549 482/353/549
f 453/325/550 484/356/550 483/354/550
f 453/325/551 454/324/551 485/355/551
f 454/324/552 455/326/552 486/357/552
f 455/326/553 456/327/553 487/358/553
f 456/327/554 457/328/554 488/359/554
f 457/328/555 458/329/555 489/360/555
f 458/329/556 459/330/556 490/361/556
f 459/330/557 460/331/557 491/362/557
f 460/331/558 461/332/558 492/363/558
f 461/332/559 462/333/559 493/364/559
f 462/333/560 463/334/560 494/365/560
f 463/334/561 464/335/561 495/366/561
f 465/336/1 496/367/1 495/366/1
f 466/338/1 497/368/1 496/367/1
f 467/337/1 498/369/1 497/368/1
f 468/339/1 499/371/1 498/369/1
f 469/370/1 500/402/1 499/371/1
f 471/341/1 502/373/1 501/372/1
f 472/343/1 503/374/1 502/373/1
f 473/344/1 504/375/1 503/374/1
f 474/345/562 505/376/562 504/375/562
f 475/346/563 506/377/563 505/376/563
f 476/347/564 507/378/564 506/377/564
f 477/348/565 508/379/565 507/378/565
f 478/349/566 509/380/566 508/379/566
f 479/350/567 510/381/567 509/380/567
f 480/351/568 511/382/568 510/381/568
f 481/352/569 512/383/569 511/382/569
f 482/353/570 513/384/570 512/383/570
f 483/354/571 514/385/571 513/384/571
f 484/356/572 515/387/572 514/385/572
f 484/356/573 485/355/573 516/386/573
f 485/355/574 486/357/574 517/388/574
f 486/357/575 487/358/575 518/389/575
f 487/358/576 488/359/576 519/390/576
f 488/359/577 489/360/577 520/391/577
f 489/360/578 490/361/578 521/392/578
f 490/361/579 491/362/579 522/393/579
f 491/362/580 492/363/580 523/394/580
f 492/363/581 493/364/581 524/395/581
f 493/364/582 494/365/582 525/396/582
f 494/365/583 495/366/583 526/397/583
f 495/366/1 496/367/1 527/398/1
f 497/368/1 528/400/1 527/398/1
f 497/368/1 498/369/1 529/399/1
f 498/369/1 499/371/1 530/401/1
f 500/402/1 531/432/1 530/401/1
f 502/373/1 533/404/1 532/403/1
f 503/374/1 534/405/1 533/404/1
f 504/375/584 535/406/584 534/405/584
f 505/376/585 536/407/585 535/406/585
f 506/377/586 537/408/586 536/407/586
f 507/378/587 538/409/587 537/408/587
f 508/379/588 539/410/588 538/409/588
f 509/380/589 540/411/589 539/410/589
f 510/381/590 541/412/590 540/411/590
f 511/382/591 542/413/591 541/412/591
f 512/383/592 543/414/592 542/413/592
f 513/384/593 544/415/593 543/414/593
f 514/385/594 545/416/594 544/415/594
f 515/387/595 546/418/595 545/416/595
f 515/387/596 516/386/596 547/417/596
f 516/386/597 517/388/597 548/419/597
f 517/388/598 518/389/598 549/420/598
f 518/389/599 519/390/599 550/421/599
f 519/390/600 520/391/600 551/422/600
f 520/391/601 521/392/601 552/423/601
f 521/392/602 522/393/602 553/424/602
f 522/393/603 523/394/603 554/425/603
f 523/394/604 524/395/604 555/426/604
f 524/395/605 525/396/605 556/427/605
f 525/396/606 526/397/606 557/428/606
f 526/397/1 527/398/1 558/429/1
f 528/400/1 559/430/1 558/429/1
f 529/399/1 560/431/1 559/430/1
f 530/401/1 561/433/1 560/431/1
f 531/432/1 562/464/1 561/433/1
f 532/403/1 533/404/1 564/434/1
f 533/404/1 534/405/1 565/436/1
f 535/406/607 566/437/607 565/436/607
f 536/407/608 567/438/608 566/437/608
f 537/408/609 568/439/609 567/438/609
f 538/409/610 569/440/610 568/439/610
f 539/410/611 570/441/611 569/440/611
f 540/411/612 571/442/612 570/441/612
f 541/412/613 572/443/613 571/442/613
f 542/413/614 573/444/614 572/443/614
f 543/414/615 574/445/615 573/444/615
f 544/415/616 575/446/616 574/445/616
f 545/416/617 576/447/617 575/446/617
f 546/418/618 577/449/618 576/447/618
f 546/418/619 547/417/619 578/448/619
f 547/417/620 548/419/620 579/450/620
f 548/419/621 549/420/621 580/451/621
f 549/420/622 550/421/622 581/452/622
f 550/421/623 551/422/623 582/453/623
f 551/422/624 552/423/624 583/454/624
f 552/423/625 553/424/625 584/455/625
f 553/424/626 554/425/626 585/456/626
f 554/425/627 555/426/627 586/457/627
f 555/426/628 556/427/628 587/458/628
f 556/427/629 557/428/629 588/459/629
f 557/428/630 558/429/630 589/460/630
f 559/430/1 590/462/1 589/460/1
f 559/430/1 560/431/1 591/461/1
f 560/431/1 561/433/1 592/463/1
f 562/464/1 593/494/1 592/463/1
f 564/434/1 595/467/1 594/465/1
f 564/434/1 565/436/1 596/466/1
f 566/437/631 597/468/631 596/466/631
f 567/438/632 598/469/632 597/468/632
f 568/439/633 599/470/633 598/469/633
f 569/440/634 600/471/634 599/470/634
f 570/441/635 601/472/635 600/471/635
f 571/442/636 602/473/636 601/472/636
f 572/443/637 603/474/637 602/473/637
f 573/444/638 604/475/638 603/474/638
f 574/445/639 605/476/639 604/475/639
f 575/446/640 606/477/640 605/476/640
f 576/447/641 607/478/641 606/477/641
f 577/449/642 608/480/642 607/478/642
f 577/449/643 578/448/643 609/479/643
f 578/448/644 579/450/644 610/481/644
f 579/450/645 580/451/645 611/482/645
f 580/451/646 581/452/646 612/483/646
f 581/452/647 582/453/647 613/484/647
f 582/453/648 583/454/648 614/485/648
f 583/454/649 584/455/649 615/486/649
f 584/455/650 585/456/650 616/487/650
f 585/456/651 586/457/651 617/488/651
f 586/457/652 587/458/652 618/489/652
f 587/458/653 588/459/653 619/490/653
f 588/459/654 589/460/654 620/491/654
f 590/462/1 621/492/1 620/491/1
f 591/461/1 622/493/1 621/492/1
f 592/463/1 623/495/1 622/493/1
f 593/494/1 624/526/1 623/495/1
f 595/467/1 626/497/1 625/496/1
f 596/466/1 627/499/1 626/497/1
f 596/466/655 597/468/655 628/498/655
f 597/468/656 598/469/656 629/500/656
f 598/469/657 599/470/657 630/501/657
f 599/470/658 600/471/658 631/502/658
f 600/471/659 601/472/659 632/503/659
f 601/472/660 602/473/660 633/504/660
f 602/473/661 603/474/661 634/505/661
f 603/474/662 604/475/662 635/506/662
f 604/475/663 605/476/663 636/507/663
f 605/476/664 606/477/664 637/508/664
f 606/477/665 607/478/665 638/509/665
f 607/478/666 608/480/666 639/510/666
f 609/479/667 640/511/667 639/510/667
f 610/481/668 641/512/668 640/511/668
f 611/482/669 642/513/669 641/512/669
f 612/483/670 643/514/670 642/513/670
f 613/484/671 644/515/671 643/514/671
f 614/485/672 645/516/672 644/515/672
f 615/486/673 646/517/673 645/516/673
f 616/487/674 647/518/674 646/517/674
f 617/488/675 648/519/675 647/518/675
f 618/489/676 649/520/676 648/519/676
f 619/490/677 650/521/677 649/520/677
f 620/491/678 651/522/678 650/521/678
f 621/492/1 652/524/1 651/522/1
f 621/492/1 622/493/1 653/523/1
f 622/493/1 623/495/1 654/525/1
f 624/526/1 655/556/1 654/525/1
f 626/497/1 657/528/1 656/527/1
f 627/499/1 658/530/1 657/528/1
f 627/499/679 628/498/679 659/529/679
f 628/498/680 629/500/680 660/531/680
f 629/500/681 630/501/681 661/532/681
f 630/501/682 631/502/682 662/533/682
f 631/502/683 632/503/683 663/534/683
f 632/503/684 633/504/684 664/535/684
f 633/504/685 634/505/685 665/536/685
f 634/505/686 635/506/686 666/537/686
f 635/506/687 636/507/687 667/538/687
f 636/507/688 637/508/688 668/539/688
f 637/508/689 638/509/689 669/540/689
f 638/509/690 639/510/690 670/541/690
f 640/511/691 671/542/691 670/541/691
f 641/512/692 672/543/692 671/542/692
f 642/513/693 673/544/693 672/543/693
f 643/514/694 674/545/694 673/544/694
f 644/515/695 675/546/695 674/545/695
f 645/516/696 676/547/696 675/546/696
f 646/517/697 677/548/697 676/547/697
f 647/518/698 678/549/698 677/548/698
f 648/519/699 679/550/699 678/549/699
f 649/520/700 680/551/700 679/550/700
f 650/521/701 681/552/701 680/551/701
f 651/522/702 682/553/702 681/552/702
f 652/524/1 683/554/1 682/553/1
f 653/523/1 684/555/1 683/554/1
f 654/525/1 685/557/1 684/555/1
f 655/556/1 686/588/1 685/557/1
f 656/527/1 657/528/1 688/558/1
f 658/530/1 689/560/1 688/558/1
f 659/529/1 690/562/1 689/560/1
f 659/529/703 660/531/703 691/561/703
f 660/531/704 661/532/704 692/563/704
f 661/532/705 662/533/705 693/564/705
f 662/533/706 663/534/706 694/565/706
f 663/534/707 664/535/707 695/566/707
f 664/535/708 665/536/708 696/567/708
f 665/536/709 666/537/709 697/568/709
f 666/537/710 667/538/710 698/569/710
f 667/538/711 668/539/711 699/570/711
f 668/539/712 669/540/712 700/571/712
f 669/540/713 670/541/713 701/572/713
f 671/542/714 702/573/714 701/572/714
f 672/543/715 703/574/715 702/573/715
f 673/544/716 704/575/716 703/574/716
f 674/545/717 705/576/717 704/575/717
f 675/546/718 706/577/718 705/576/718
f 676/547/719 707/578/719 706/577/719
f 677/548/720 708/579/720 707/578/720
f 678/549/721 709/580/721 708/579/721
f 679/550/722 710/581/722 709/580/722
f 680/551/723 711/582/723 710/581/723
f 681/552/724 712/583/724 711/582/724
f 682/553/1 713/584/1 712/583/1
f 683/554/1 714/586/1 713/584/1
f 683/554/1 684/555/1 715/585/1
f 684/555/1 685/557/1 716/587/1
f 686/588/1 717/618/1 716/587/1
f 688/558/1 719/590/1 718/589/1
f 689/560/1 720/591/1 719/590/1
f 690/562/1 721/593/1 720/591/1
f 690/562/725 691/561/725 722/592/725
f 691/561/726 692/563/726 723/594/726
f 692/563/727 693/564/727 724/595/727
f 693/564/728 694/565/728 725/596/728
f 694/565/729 695/566/729 726/597/729
f 695/566/730 696/567/730 727/598/730
f 696/567/731 697/568/731 728/599/731
f 697/568/732 698/569/732 729/600/732
f 698/569/733 699/570/733 730/601/733
f 699/570/734 700/571/734 731/602/734
f 700/571/735 701/572/735 732/603/735
f 702/573/736 733/604/736 732/603/736
f 703/574/737 734/605/737 733/604/737
f 704/575/738 735/606/738 734/605/738
f 705/576/739 736/607/739 735/606/739
f 706/577/740 737/608/740 736/607/740
f 707/578/741 738/609/741 737/608/741
f 708/579/742 739/610/742 738/609/742
f 709/580/743 740/611/743 739/610/743
f 710/581/744 741/612/744 740/611/744
f 711/582/745 742/613/745 741/612/745
f 712/583/746 743/615/746 742/613/746
f 712/583/1 713/584/1 744/614/1
f 714/586/1 745/616/1 744/614/1
f 715/585/1 746/617/1 745/616/1
f 716/587/1 747/619/1 746/617/1
f 717/618/1 748/1011/1 747/619/1
f 719/590/1 750/621/1 749/620/1
f 720/591/1 751/622/1 750/621/1
f 721/593/1 752/624/1 751/622/1
f 721/593/747 722/592/747 753/623/747
f 722/592/748 723/594/748 754/625/748
f 723/594/749 724/595/749 755/626/749
f 724/595/750 725/596/750 756/627/750
f 725/596/751 726/597/751 757/628/751
f 726/597/752 727/598/752 758/629/752
f 727/598/753 728/599/753 759/630/753
f 728/599/754 729/600/754 760/631/754
f 729/600/755 730/601/755 761/632/755
f 730/601/756 731/602/756 762/633/756
f 731/602/757 732/603/757 763/634/757
f 733/604/758 764/635/758 763/634/758
f 734/605/759 765/636/759 764/635/759
f 735/606/760 766/637/760 765/636/760
f 736/607/761 767/638/761 766/637/761
f 737/608/762 768/639/762 767/638/762
f 738/609/763 769/640/763 768/639/763
f 739/610/764 770/641/764 769/640/764
f 740/611/765 771/642/765 770/641/765
f 741/612/766 772/643/766 771/642/766
f 742/613/767 773/644/767 772/643/767
f 743/615/768 774/646/768 773/644/768
f 743/615/1 744/614/1 775/645/1
f 745/616/1 776/648/1 775/645/1
f 745/616/1 746/617/1 777/647/1
f 747/619/1 778/650/1 777/647/1
f 747/619/1 748/1011/1 779/649/1
f 750/621/1 781/652/1 780/651/1
f 751/622/1 782/653/1 781/652/1
f 752/624/1 783/654/1 782/653/1
f 753/623/1 784/656/1 783/654/1
f 753/623/769 754/625/769 785/655/769
f 754/625/770 755/626/770 786/657/770
f 755/626/771 756/627/771 787/658/771
f 756/627/772 757/628/772 788/659/772
f 757/628/773 758/629/773 789/660/773
f 758/629/774 759/630/774 790/661/774
f 759/630/775 760/631/775 791/662/775
f 760/631/776 761/632/776 792/663/776
f 761/632/777 762/633/777 793/664/777
f 762/633/778 763/634/778 794/665/778
f 764/635/779 795/666/779 794/665/779
f 765/636/780 796/667/780 795/666/780
f 766/637/781 797/668/781 796/667/781
f 767/638/782 798/669/782 797/668/782
f 768/639/783 799/670/783 798/669/783
f 769/640/784 800/671/784 799/670/784
f 770/641/785 801/672/785 800/671/785
f 771/642/786 802/673/786 801/672/786
f 772/643/787 803/674/787 802/673/787
f 773/644/788 804/675/788 803/674/788
f 774/646/1 805/677/1 804/675/1
f 774/646/1 775/645/1 806/676/1
f 776/648/1 807/678/1 806/676/1
f 777/647/1 808/679/1 807/678/1
f 778/650/1 809/681/1 808/679/1
f 778/650/1 779/649/1 810/680/1
f 781/652/1 812/684/1 811/682/1
f 781/652/1 782/653/1 813/683/1
f 783/654/1 814/685/1 813/683/1
f 784/656/1 815/687/1 814/685/1
f 784/656/789 785/655/789 816/686/789
f 785/655/790 786/657/790 817/688/790
f 786/657/791 787/658/791 818/689/791
f 787/658/792 788/659/792 819/690/792
f 788/659/793 789/660/793 820/691/793
f 789/660/794 790/661/794 821/692/794
f 790/661/795 791/662/795 822/693/795
f 791/662/796 792/663/796 823/694/796
f 792/663/797 793/664/797 824/695/797
f 793/664/798 794/665/798 825/696/798
f 795/666/799 826/697/799 825/696/799
f 796/667/800 827/698/800 826/697/800
f 797/668/801 828/699/801 827/698/801
f 798/669/802 829/700/802 828/699/802
f 799/670/803 830/701/803 829/700/803
f 800/671/804 831/702/804 830/701/804
f 801/672/805 832/703/805 831/702/805
f 802/673/806 833/704/806 832/703/806
f 803/674/807 834/705/807 833/704/807
f 804/675/1 835/706/1 834/705/1
f 805/677/1 836/708/1 835/706/1
f 805/677/1 806/676/1 837/707/1
f 807/678/1 838/710/1 837/707/1
f 807/678/1 808/679/1 839/709/1
f 809/681/1 840/712/1 839/709/1
f 809/681/1 810/680/1 841/711/1
f 812/684/1 843/715/1 842/713/1
f 812/684/1 813/683/1 844/714/1
f 814/685/1 845/717/1 844/714/1
f 814/685/1 815/687/1 846/716/1
f 815/687/1 816/686/1 847/718/1
f 816/686/808 817/688/808 848/719/808
f 817/688/809 818/689/809 849/720/809
f 818/689/810 819/690/810 850/721/810
f 819/690/811 820/691/811 851/722/811
f 820/691/812 821/692/812 852/723/812
f 821/692/813 822/693/813 853/724/813
f 822/693/814 823/694/814 854/725/814
f 823/694/815 824/695/815 855/726/815
f 824/695/816 825/696/816 856/727/816
f 826/697/817 857/728/817 856/727/817
f 827/698/818 858/729/818 857/728/818
f 828/699/819 859/730/819 858/729/819
f 829/700/820 860/731/820 859/730/820
f 830/701/821 861/732/821 860/731/821
f 831/702/822 862/733/822 861/732/822
f 832/703/823 863/734/823 862/733/823
f 833/704/824 864/735/824 863/734/824
f 834/705/1 865/736/1 864/735/1
f 835/706/1 866/737/1 865/736/1
f 836/708/1 867/739/1 866/737/1
f 836/708/1 837/707/1 868/738/1
f 838/710/1 869/740/1 868/738/1
f 839/709/1 870/741/1 869/740/1
f 840/712/1 871/742/1 870/741/1
f 841/711/1 872/1016/1 871/742/1
f 843/715/1 874/744/1 873/743/1
f 844/714/1 875/745/1 874/744/1
f 845/717/1 876/746/1 875/745/1
f 846/716/1 877/748/1 876/746/1
f 846/716/1 847/718/1 878/747/1
f 847/718/1 848/719/1 879/749/1
f 848/719/825 849/720/825 880/750/825
f 849/720/826 850/721/826 881/751/826
f 850/721/827 851/722/827 882/752/827
f 851/722/828 852/723/828 883/753/828
f 852/723/829 853/724/829 884/754/829
f 853/724/830 854/725/830 885/755/830
f 854/725/831 855/726/831 886/756/831
f 855/726/832 856/727/832 887/757/832
f 857/728/833 888/758/833 887/757/833
f 858/729/834 889/759/834 888/758/834
f 859/730/835 890/760/835 889/759/835
f 860/731/836 891/761/836 890/760/836
f 861/732/837 892/762/837 891/761/837
f 862/733/838 893/763/838 892/762/838
f 863/734/839 894/764/839 893/763/839
f 864/735/1 895/765/1 894/764/1
f 865/736/1 896/767/1 895/765/1
f 865/736/1 866/737/1 897/766/1
f 867/739/1 898/768/1 897/766/1
f 868/738/1 899/769/1 898/768/1
f 869/740/1 900/770/1 899/769/1
f 870/741/1 901/771/1 900/770/1
f 871/742/1 902/773/1 901/771/1
f 871/742/1 872/1016/1 903/772/1
f 874/744/1 905/775/1 904/774/1
f 875/745/1 906/776/1 905/775/1
f 876/746/1 907/778/1 906/776/1
f 876/746/1 877/748/1 908/777/1
f 878/747/1 909/780/1 908/777/1
f 878/747/1 879/749/1 910/779/1
f 880/750/1 911/782/1 910/779/1
f 880/750/840 881/751/840 912/781/840
f 881/751/841 882/752/841 913/783/841
f 882/752/842 883/753/842 914/784/842
f 883/753/843 884/754/843 915/785/843
f 884/754/844 885/755/844 916/786/844
f 885/755/845 886/756/845 917/787/845
f 886/756/846 887/757/846 918/788/846
f 888/758/847 919/789/847 918/788/847
f 889/759/848 920/790/848 919/789/848
f 890/760/849 921/791/849 920/790/849
f 891/761/850 922/792/850 921/791/850
f 892/762/851 923/793/851 922/792/851
f 893/763/852 924/794/852 923/793/852
f 894/764/1 925/796/1 924/794/1
f 894/764/1 895/765/1 926/795/1
f 896/767/1 927/798/1 926/795/1
f 896/767/1 897/766/1 928/797/1
f 897/766/1 898/768/1 929/799/1
f 899/769/1 930/800/1 929/799/1
f 900/770/1 931/802/1 930/800/1
f 900/770/1 901/771/1 932/801/1
f 902/773/1 933/804/1 932/801/1
f 902/773/1 903/772/1 934/803/1
f 905/775/1 936/806/1 935/805/1
f 906/776/1 937/807/1 936/806/1
f 907/778/1 938/809/1 937/807/1
f 907/778/1 908/777/1 939/808/1
f 909/780/1 940/811/1 939/808/1
f 909/780/1 910/779/1 941/810/1
f 911/782/1 942/813/1 941/810/1
f 911/782/1 912/781/1 943/812/1
f 913/783/1 944/815/1 943/812/1
f 913/783/853 914/784/853 945/814/853
f 914/784/854 915/785/854 946/816/854
f 915/785/855 916/786/855 947/817/855
f 916/786/856 917/787/856 948/818/856
f 917/787/857 918/788/857 949/819/857
f 919/789/858 950/820/858 949/819/858
f 920/790/859 951/821/859 950/820/859
f 921/791/860 952/822/860 951/821/860
f 922/792/861 953/823/861 952/822/861
f 923/793/1 954/825/1 953/823/1
f 923/793/1 924/794/1 955/824/1
f 925/796/1 956/827/1 955/824/1
f 925/796/1 926/795/1 957/826/1
f 927/798/1 958/829/1 957/826/1
f 927/798/1 928/797/1 959/828/1
f 928/797/1 929/799/1 960/830/1
f 930/800/1 961/831/1 960/830/1
f 931/802/1 962/832/1 961/831/1
f 932/801/1 963/833/1 962/832/1
f 933/804/1 964/834/1 963/833/1
f 934/803/1 965/864/1 964/834/1
f 936/806/1 967/836/1 966/835/1
f 937/807/1 968/838/1 967/836/1
f 937/807/1 938/809/1 969/837/1
f 938/809/1 939/808/1 970/839/1
f 939/808/1 940/811/1 971/840/1
f 940/811/1 941/810/1 972/841/1
f 942/813/1 973/843/1 972/841/1
f 942/813/1 943/812/1 974/842/1
f 944/815/1 975/845/1 974/842/1
f 944/815/1 945/814/1 976/844/1
f 946/816/1 977/847/1 976/844/1
f 946/816/1 947/817/1 978/846/1
f 947/817/862 948/818/862 979/848/862
f 948/818/863 949/819/863 980/849/863
f 950/820/864 981/850/864 980/849/864
f 951/821/1 982/851/1 981/850/1
f 952/822/1 983/853/1 982/851/1
f 952/822/1 953/823/1 984/852/1
f 954/825/1 985/855/1 984/852/1
f 954/825/1 955/824/1 986/854/1
f 956/827/1 987/857/1 986/854/1
f 956/827/1 957/826/1 988/856/1
f 958/829/1 989/859/1 988/856/1
f 958/829/1 959/828/1 990/858/1
f 960/830/1 991/860/1 990/858/1
f 961/831/1 992/861/1 991/860/1
f 962/832/1 993/862/1 992/861/1
f 963/833/1 994/863/1 993/862/1
f 964/834/1 995/865/1 994/863/1
f 965/864/1 996/895/1 995/865/1
f 966/835/1 967/836/1 998/866/1
f 967/836/1 968/838/1 999/868/1
f 968/838/1 969/837/1 1000/869/1
f 969/837/1 970/839/1 1001/870/1
f 971/840/1 1002/871/1 1001/870/1
f 972/841/1 1003/872/1 1002/871/1
f 973/843/1 1004/873/1 1003/872/1
f 974/842/1 1005/874/1 1004/873/1
f 975/845/1 1006/875/1 1005/874/1
f 976/844/1 1007/876/1 1006/875/1
f 977/847/1 1008/878/1 1007/876/1
f 977/847/1 978/846/1 1009/877/1
f 979/848/1 1010/880/1 1009/877/1
f 979/848/1 980/849/1 1011/879/1
f 981/850/1 1012/882/1 1011/879/1
f 981/850/1 982/851/1 1013/881/1
f 983/853/1 1014/884/1 1013/881/1
f 983/853/1 984/852/1 1015/883/1
f 985/855/1 1016/886/1 1015/883/1
f 985/855/1 986/854/1 1017/885/1
f 986/854/1 987/857/1 1018/887/1
f 987/857/1 988/856/1 1019/888/1
f 988/856/1 989/859/1 1020/889/1
f 990/858/1 1021/890/1 1020/889/1
f 991/860/1 1022/891/1 1021/890/1
f 992/861/1 1023/893/1 1022/891/1
f 992/861/1 993/862/1 1024/892/1
f 994/863/1 1025/894/1 1024/892/1
f 995/865/1 1026/896/1 1025/894/1
f 996/895/1 1027/1021/1 1026/896/1
f 997/867/1 998/866/1 1029/897/1
f 998/866/1 999/868/1 1030/899/1
f 999/868/1 1000/869/1 1031/900/1
f 1000/869/1 1001/870/1 1032/901/1
f 1001/870/1 1002/871/1 1033/902/1
f 1003/872/1 1034/903/1 1033/902/1
f 1004/873/1 1035/905/1 1034/903/1
f 1004/873/1 1005/874/1 1036/904/1
f 1005/874/1 1006/875/1 1037/906/1
f 1007/876/1 1038/907/1 1037/906/1
f 1008/878/1 1039/909/1 1038/907/1
f 1008/878/1 1009/877/1 1040/908/1
f 1010/880/1 1041/911/1 1040/908/1
f 1010/880/1 1011/879/1 1042/910/1
f 1012/882/1 1043/913/1 1042/910/1
f 1012/882/1 1013/881/1 1044/912/1
f 1014/884/1 1045/915/1 1044/912/1
f 1014/884/1 1015/883/1 1046/914/1
f 1016/886/1 1047/917/1 1046/914/1
f 1016/886/1 1017/885/1 1048/916/1
f 1017/885/1 1018/887/1 1049/918/1
f 1019/888/1 1050/919/1 1049/918/1
f 1020/889/1 1051/921/1 1050/919/1
f 1020/889/1 1021/890/1 1052/920/1
f 1022/891/1 1053/922/1 1052/920/1
f 1023/893/1 1054/923/1 1053/922/1
f 1024/892/1 1055/924/1 1054/923/1
f 1025/894/1 1056/925/1 1055/924/1
f 1026/896/1 1057/927/1 1056/925/1
f 1026/896/1 1027/1021/1 1058/926/1
f 1029/897/1 1060/929/1 1059/928/1
f 1030/899/1 1061/931/1 1060/929/1
f 1030/899/1 1031/900/1 1062/930/1
f 1031/900/1 1032/901/1 1063/932/1
f 1033/902/1 1064/934/1 1063/932/1
f 1033/902/1 1034/903/1 1065/933/1
f 1035/905/1 1066/936/1 1065/933/1
f 1035/905/1 1036/904/1 1067/935/1
f 1037/906/1 1068/937/1 1067/935/1
f 1038/907/1 1069/938/1 1068/937/1
f 1039/909/1 1070/939/1 1069/938/1
f 1040/908/1 1071/941/1 1070/939/1
f 1040/908/1 1041/911/1 1072/940/1
f 1041/911/1 1042/910/1 1073/942/1
f 1043/913/1 1074/943/1 1073/942/1
f 1044/912/1 1075/944/1 1074/943/1
f 1045/915/1 1076/945/1 1075/944/1
f 1046/914/1 1077/946/1 1076/945/1
f 1047/917/1 1078/948/1 1077/946/1
f 1047/917/1 1048/916/1 1079/947/1
f 1048/916/1 1049/918/1 1080/949/1
f 1049/918/1 1050/919/1 1081/950/1
f 1051/921/1 1082/952/1 1081/950/1
f 1051/921/1 1052/920/1 1083/951/1
f 1053/922/1 1084/954/1 1083/951/1
f 1053/922/1 1054/923/1 1085/953/1
f 1055/924/1 1086/955/1 1085/953/1
f 1056/925/1 1087/956/1 1086/955/1
f 1057/927/1 1088/958/1 1087/956/1
f 1057/927/1 1058/926/1 1089/957/1
f 36/959/1 129/3/1 35/960/1
f 36/959/1 37/962/1 130/1/1
f 37/962/1 38/964/1 131/6/1
f 39/963/1 132/9/1 131/6/1
f 40/965/1 133/8/1 132/9/1
f 41/966/1 134/13/1 133/8/1
f 42/967/1 135/12/1 134/13/1
f 42/967/1 43/969/1 136/16/1
f 44/968/1 137/18/1 136/16/1
f 45/970/1 138/21/1 137/18/1
f 46/971/1 139/20/1 138/21/1
f 47/972/1 140/22/1 139/20/1
f 48/973/1 141/24/1 140/22/1
f 49/974/1 142/26/1 141/24/1
f 50/975/1 143/28/1 142/26/1
f 51/976/1 144/30/1 143/28/1
f 52/977/1 145/32/1 144/30/1
f 53/978/1 146/34/1 145/32/1
f 54/979/1 147/36/1 146/34/1
f 55/980/1 148/38/1 147/36/1
f 56/981/1 149/40/1 148/38/1
f 56/981/1 57/983/1 150/45/1
f 58/982/1 151/44/1 150/45/1
f 59/984/1 152/49/1 151/44/1
f 60/985/1 153/48/1 152/49/1
f 61/986/1 154/50/1 153/48/1
f 62/987/1 155/52/1 154/50/1
f 62/987/1 63/989/1 156/57/1
f 64/988/1 157/56/1 156/57/1
f 64/988/1 65/991/1 158/61/1
f 66/990/1 159/60/1 158/61/1
f 2/992/1 67/993/1 159/60/1
f 67/993/1 68/994/1 190/92/1
f 68/994/1 69/995/1 221/123/1
f 69/995/1 70/996/1 252/154/1
f 70/996/1 71/997/1 283/184/1
f 71/997/1 72/998/1 314/216/1
f 72/998/1 73/999/1 345/246/1
f 73/999/1 74/1087/1 376/278/1
f 376/278/1 74/1087/1 75/1000/1
f 407/308/1 75/1000/1 76/1001/1
f 76/1001/1 77/1002/1 469/370/1
f 77/1002/1 78/1003/1 500/402/1
f 78/1003/1 79/1004/1 531/432/1
f 79/1004/1 80/1005/1 562/464/1
f 80/1005/1 81/1006/1 593/494/1
f 81/1006/1 82/1007/1 624/526/1
f 82/1007/1 83/1008/1 655/556/1
f 83/1008/1 84/1009/1 686/588/1
f 84/1009/1 85/1010/1 717/618/1
f 85/1010/1 86/1012/1 748/1011/1
f 86/1012/1 87/1013/1 779/649/1
f 87/1013/1 88/1014/1 810/680/1
f 88/1014/1 89/1088/1 841/711/1
f 841/711/1 89/1088/1 90/1015/1
f 90/1015/1 91/1017/1 903/772/1
f 91/1017/1 92/1018/1 934/803/1
f 92/1018/1 93/1019/1 965/864/1
f 93/1019/1 94/1020/1 996/895/1
f 94/1020/1 95/1022/1 1027/1021/1
f 95/1022/1 96/1089/1 1058/926/1
f 1058/926/1 96/1089/1 97/1023/1
f 1089/957/1 97/1023/1 4/1024/1
f 1089/957/1 98/1025/1 99/1026/1
f 1088/958/1 99/1026/1 100/1027/1
f 1087/956/1 100/1027/1 101/1028/1
f 1086/955/1 101/1028/1 102/1029/1
f 1085/953/1 102/1029/1 103/1030/1
f 1084/954/1 103/1030/1 104/1031/1
f 1082/952/1 1083/951/1 104/1031/1
f 1082/952/1 105/1032/1 106/1033/1
f 1080/949/1 1081/950/1 106/1033/1
f 1080/949/1 107/1034/1 108/1035/1
f 1078/948/1 1079/947/1 108/1035/1
f 1078/948/1 109/1036/1 110/1037/1
f 1077/946/1 110/1037/1 111/1038/1
f 1076/945/1 111/1038/1 112/1039/1
f 1075/944/1 112/1039/1 113/1040/1
f 1073/942/1 1074/943/1 113/1040/1
f 1072/940/1 1073/942/1 114/1041/1
f 1071/941/1 1072/940/1 115/1042/1
f 1070/939/1 1071/941/1 116/1043/1
f 1070/939/1 117/1044/1 118/1045/1
f 1069/938/1 118/1045/1 119/1046/1
f 1068/937/1 119/1046/1 120/1047/1
f 1066/936/1 1067/935/1 120/1047/1
f 1066/936/1 121/1048/1 122/1049/1
f 1064/934/1 1065/933/1 122/1049/1
f 1063/932/1 1064/934/1 123/1050/1
f 1062/930/1 1063/932/1 124/1051/1
f 1061/931/1 1062/930/1 125/1052/1
f 1060/929/1 1061/931/1 126/1053/1
f 1060/929/1 127/1054/1 128/1055/1
f 5/1056/1 1059/928/1 128/1055/1
f 1028/898/1 1059/928/1 5/1056/1
f 7/1059/1 997/867/1 1028/898/1
f 966/835/1 997/867/1 7/1059/1
f 935/805/1 966/835/1 8/1060/1
f 904/774/1 935/805/1 9/1061/1
f 873/743/1 904/774/1 10/1062/1
f 842/713/1 873/743/1 11/1063/1
f 13/1065/1 811/682/1 842/713/1
f 14/1066/1 780/651/1 811/682/1
f 749/620/1 780/651/1 14/1066/1
f 718/589/1 749/620/1 15/1067/1
f 17/1069/1 687/559/1 718/589/1
f 18/1070/1 656/527/1 687/559/1
f 19/1071/1 625/496/1 656/527/1
f 20/1072/1 594/465/1 625/496/1
f 563/435/1 594/465/1 20/1072/1
f 532/403/1 563/435/1 21/1073/1
f 501/372/1 532/403/1 22/1074/1
f 470/342/1 501/372/1 23/1075/1
f 439/311/1 470/342/1 24/1076/1
f 408/280/1 439/311/1 25/1077/1
f 377/249/1 408/280/1 26/1078/1
f 346/217/1 377/249/1 27/1079/1
f 315/186/1 346/217/1 28/1080/1
f 284/155/1 315/186/1 29/1081/1
f 253/124/1 284/155/1 30/1082/1
f 222/93/1 253/124/1 31/1083/1
f 191/62/1 222/93/1 32/1084/1
f 160/2/1 191/62/1 33/1085/1
f 129/3/1 160/2/1 34/1086/1
