# Blender 4.0.2
# www.blender.org
mtllib plane.mtl
o Plane
v -10.426593 0.000000 8.785542
v 10.426593 0.000000 8.785542
v -10.426593 0.000000 -8.785542
v 10.426593 0.000000 -8.785542
v -10.426595 0.000000 -8.236447
v -10.426598 0.000000 -7.687353
v -10.426595 0.000000 -7.138256
v -10.426595 0.000000 -6.589159
v -10.426595 0.000000 -6.040062
v -10.426595 0.000000 -5.490965
v -10.426595 0.000000 -4.941869
v -10.426595 0.000000 -4.392772
v -10.426595 0.000000 -3.843676
v -10.426595 0.000000 -3.294579
v -10.426595 0.000000 -2.745482
v -10.426595 0.000000 -2.196386
v -10.426595 0.000000 -1.647290
v -10.426595 0.000000 -1.098193
v -10.426595 0.000000 -0.549097
v -10.426595 0.000000 0.000000
v -10.426595 0.000000 0.549097
v -10.426595 0.000000 1.098193
v -10.426595 0.000000 1.647290
v -10.426595 0.000000 2.196386
v -10.426595 0.000000 2.745483
v -10.426595 0.000000 3.294579
v -10.426595 0.000000 3.843676
v -10.426595 0.000000 4.392772
v -10.426595 0.000000 4.941869
v -10.426595 0.000000 5.490965
v -10.426595 0.000000 6.040062
v -10.426595 0.000000 6.589159
v -10.426595 0.000000 7.138256
v -10.426595 0.000000 7.687352
v -10.426595 0.000000 8.236448
v -9.774935 0.000000 8.785542
v -9.123271 0.000000 8.785543
v -8.471609 0.000000 8.785544
v -7.819947 0.000000 8.785544
v -7.168284 0.000000 8.785544
v -6.516622 0.000000 8.785544
v -5.864959 0.000000 8.785544
v -5.213297 0.000000 8.785544
v -4.561635 0.000000 8.785544
v -3.909973 0.000000 8.785544
v -3.258311 0.000000 8.785544
v -2.606649 0.000000 8.785544
v -1.954987 0.000000 8.785544
v -1.303324 0.000000 8.785544
v -0.651662 0.000000 8.785544
v 0.000000 0.000000 8.785544
v 0.651662 0.000000 8.785544
v 1.303324 0.000000 8.785544
v 1.954986 0.000000 8.785544
v 2.606648 0.000000 8.785544
v 3.258311 0.000000 8.785544
v 3.909973 0.000000 8.785544
v 4.561635 0.000000 8.785544
v 5.213296 0.000000 8.785544
v 5.864959 0.000000 8.785544
v 6.516622 0.000000 8.785544
v 7.168284 0.000000 8.785544
v 7.819947 0.000000 8.785544
v 8.471609 0.000000 8.785544
v 9.123271 0.000000 8.785547
v 9.774931 0.000000 8.785544
v 10.426594 0.000000 8.236448
v 10.426594 0.000000 7.687352
v 10.426595 0.000000 7.138256
v 10.426595 0.000000 6.589159
v 10.426595 0.000000 6.040062
v 10.426595 0.000000 5.490965
v 10.426595 0.000000 4.941869
v 10.426595 0.000000 4.392772
v 10.426595 0.000000 3.843676
v 10.426595 0.000000 3.294579
v 10.426595 0.000000 2.745483
v 10.426595 0.000000 2.196386
v 10.426595 0.000000 1.647290
v 10.426595 0.000000 1.098193
v 10.426595 0.000000 0.549097
v 10.426595 0.000000 0.000000
v 10.426595 0.000000 -0.549096
v 10.426595 0.000000 -1.098193
v 10.426595 0.000000 -1.647289
v 10.426595 0.000000 -2.196386
v 10.426595 0.000000 -2.745482
v 10.426595 0.000000 -3.294579
v 10.426595 0.000000 -3.843676
v 10.426595 0.000000 -4.392771
v 10.426595 0.000000 -4.941869
v 10.426595 0.000000 -5.490965
v 10.426595 0.000000 -6.040062
v 10.426595 0.000000 -6.589159
v 10.426595 0.000000 -7.138256
v 10.426598 0.000000 -7.687353
v 10.426595 0.000000 -8.236447
v 9.774933 0.000000 -8.785544
v 9.123272 0.000000 -8.785544
v 8.471609 0.000000 -8.785544
v 7.819947 0.000000 -8.785544
v 7.168284 0.000000 -8.785544
v 6.516623 0.000000 -8.785544
v 5.864959 0.000000 -8.785544
v 5.213297 0.000000 -8.785544
v 4.561635 0.000000 -8.785544
v 3.909973 0.000000 -8.785544
v 3.258311 0.000000 -8.785544
v 2.606649 0.000000 -8.785544
v 1.954987 0.000000 -8.785544
v 1.303324 0.000000 -8.785544
v 0.651662 0.000000 -8.785544
v 0.000000 0.000000 -8.785544
v -0.651662 0.000000 -8.785544
v -1.303324 0.000000 -8.785544
v -1.954986 0.000000 -8.785544
v -2.606648 0.000000 -8.785544
v -3.258311 0.000000 -8.785544
v -3.909973 0.000000 -8.785544
v -4.561635 0.000000 -8.785544
v -5.213297 0.000000 -8.785544
v -5.864959 0.000000 -8.785544
v -6.516622 0.000000 -8.785544
v -7.168284 0.000000 -8.785544
v -7.819947 0.000000 -8.785544
v -8.471609 0.000000 -8.785544
v -9.123271 0.000000 -8.785544
v -9.774933 0.000000 -8.785543
v -9.774933 0.000000 8.236447
v -9.123271 0.000000 8.236447
v -8.471609 0.000000 8.236448
v -7.819947 0.000000 8.236448
v -7.168284 0.000000 8.236448
v -6.516621 0.000000 8.236448
v -5.864959 0.000000 8.236448
v -5.213297 0.000000 8.236448
v -4.561635 0.000000 8.236448
v -3.909973 0.000000 8.236448
v -3.258311 0.000000 8.236448
v -2.606649 0.000000 8.236448
v -1.954986 0.000000 8.236448
v -1.303324 0.000000 8.236448
v -0.651662 0.000000 8.236448
v 0.000000 0.000000 8.236448
v 0.651662 0.000000 8.236448
v 1.303324 0.000000 8.236448
v 1.954986 0.000000 8.236448
v 2.606648 0.000000 8.236448
v 3.258311 0.000000 8.236448
v 3.909973 0.000000 8.236448
v 4.561635 0.000000 8.236448
v 5.213297 0.000000 8.236448
v 5.864959 0.000000 8.236448
v 6.516622 0.000000 8.236448
v 7.168284 0.000000 8.236448
v 7.819947 0.000000 8.236449
v 8.471609 0.000000 8.236448
v 9.123271 0.000000 8.236449
v 9.774931 0.000000 8.236449
v -9.774933 0.000000 7.687352
v -9.123271 0.000000 7.687352
v -8.471609 0.000000 7.687351
v -7.819947 0.000000 7.687352
v -7.168284 0.000000 7.687351
v -6.516621 0.000000 7.687352
v -5.864959 0.000000 7.687352
v -5.213297 0.000000 7.687352
v -4.561635 0.000000 7.687352
v -3.909973 0.000000 7.687352
v -3.258311 0.000000 7.687352
v -2.606648 0.000000 7.687352
v -1.954986 0.000000 7.687352
v -1.303324 0.000000 7.687352
v -0.651662 0.000000 7.687352
v 0.000000 0.000000 7.687352
v 0.651662 0.000000 7.687352
v 1.303324 0.000000 7.687352
v 1.954986 0.000000 7.687352
v 2.606648 0.000000 7.687352
v 3.258311 0.000000 7.687352
v 3.909973 0.000000 7.687352
v 4.561635 0.000000 7.687352
v 5.213297 0.000000 7.687352
v 5.864959 0.000000 7.687352
v 6.516622 0.000000 7.687352
v 7.168284 0.000000 7.687352
v 7.819947 0.000000 7.687352
v 8.471609 0.000000 7.687352
v 9.123271 0.000000 7.687352
v 9.774933 0.000000 7.687352
v -9.774933 0.000000 7.138256
v -9.123271 0.000000 7.138255
v -8.471608 0.000000 7.138255
v -7.819946 0.000000 7.138255
v -7.168284 0.000000 7.138255
v -6.516621 0.000000 7.138255
v -5.864959 0.000000 7.138256
v -5.213297 0.000000 7.138256
v -4.561635 0.000000 7.138255
v -3.909973 0.000000 7.138255
v -3.258311 0.000000 7.138255
v -2.606648 0.000000 7.138255
v -1.954986 0.000000 7.138255
v -1.303324 0.000000 7.138255
v -0.651662 0.000000 7.138256
v 0.000000 0.000000 7.138256
v 0.651662 0.000000 7.138255
v 1.303324 0.000000 7.138255
v 1.954986 0.000000 7.138255
v 2.606649 0.000000 7.138255
v 3.258311 0.000000 7.138255
v 3.909973 0.000000 7.138255
v 4.561635 0.000000 7.138256
v 5.213297 0.000000 7.138256
v 5.864959 0.000000 7.138255
v 6.516622 0.000000 7.138255
v 7.168284 0.000000 7.138255
v 7.819947 0.000000 7.138255
v 8.471609 0.000000 7.138256
v 9.123271 0.000000 7.138256
v 9.774933 0.000000 7.138256
v -9.774933 0.000000 6.589159
v -9.123271 0.000000 6.589159
v -8.471608 0.000000 6.589159
v -7.819946 0.000000 6.589159
v -7.168284 0.000000 6.589159
v -6.516622 0.000000 6.589159
v -5.864959 0.000000 6.589159
v -5.213297 0.000000 6.589159
v -4.561635 0.000000 6.589159
v -3.909973 0.000000 6.589159
v -3.258311 0.000000 6.589159
v -2.606648 0.000000 6.589159
v -1.954986 0.000000 6.589159
v -1.303324 0.000000 6.589159
v -0.651662 0.000000 6.589159
v 0.000000 0.000000 6.589159
v 0.651662 0.000000 6.589159
v 1.303324 0.000000 6.589159
v 1.954987 0.000000 6.589159
v 2.606649 0.000000 6.589159
v 3.258311 0.000000 6.589159
v 3.909973 0.000000 6.589159
v 4.561635 0.000000 6.589159
v 5.213297 0.000000 6.589159
v 5.864959 0.000000 6.589159
v 6.516623 0.000000 6.589159
v 7.168284 0.000000 6.589159
v 7.819947 0.000000 6.589159
v 8.471609 0.000000 6.589159
v 9.123271 0.000000 6.589159
v 9.774933 0.000000 6.589159
v -9.774933 0.000000 6.040062
v -9.123271 0.000000 6.040062
v -8.471608 0.000000 6.040062
v -7.819946 0.000000 6.040062
v -7.168284 0.000000 6.040062
v -6.516621 0.000000 6.040062
v -5.864959 0.000000 6.040062
v -5.213297 0.000000 6.040062
v -4.561635 0.000000 6.040062
v -3.909973 0.000000 6.040062
v -3.258310 0.000000 6.040062
v -2.606648 0.000000 6.040062
v -1.954986 0.000000 6.040062
v -1.303324 0.000000 6.040062
v -0.651662 0.000000 6.040062
v 0.000000 0.000000 6.040062
v 0.651662 0.000000 6.040062
v 1.303324 0.000000 6.040062
v 1.954987 0.000000 6.040062
v 2.606649 0.000000 6.040062
v 3.258311 0.000000 6.040062
v 3.909973 0.000000 6.040062
v 4.561635 0.000000 6.040062
v 5.213297 0.000000 6.040062
v 5.864959 0.000000 6.040062
v 6.516622 0.000000 6.040062
v 7.168284 0.000000 6.040062
v 7.819947 0.000000 6.040062
v 8.471608 0.000000 6.040062
v 9.123271 0.000000 6.040062
v 9.774933 0.000000 6.040062
v -9.774933 0.000000 5.490965
v -9.123271 0.000000 5.490965
v -8.471608 0.000000 5.490965
v -7.819946 0.000000 5.490965
v -7.168283 0.000000 5.490965
v -6.516621 0.000000 5.490965
v -5.864959 0.000000 5.490965
v -5.213297 0.000000 5.490965
v -4.561635 0.000000 5.490965
v -3.909972 0.000000 5.490965
v -3.258311 0.000000 5.490965
v -2.606648 0.000000 5.490965
v -1.954986 0.000000 5.490965
v -1.303324 0.000000 5.490965
v -0.651662 0.000000 5.490965
v 0.000000 0.000000 5.490965
v 0.651662 0.000000 5.490965
v 1.303324 0.000000 5.490965
v 1.954987 0.000000 5.490965
v 2.606649 0.000000 5.490965
v 3.258311 0.000000 5.490965
v 3.909973 0.000000 5.490965
v 4.561635 0.000000 5.490965
v 5.213297 0.000000 5.490965
v 5.864959 0.000000 5.490965
v 6.516622 0.000000 5.490965
v 7.168284 0.000000 5.490965
v 7.819947 0.000000 5.490965
v 8.471609 0.000000 5.490965
v 9.123271 0.000000 5.490965
v 9.774933 0.000000 5.490965
v -9.774933 0.000000 4.941869
v -9.123271 0.000000 4.941869
v -8.471608 0.000000 4.941869
v -7.819946 0.000000 4.941869
v -7.168283 0.000000 4.941869
v -6.516621 0.000000 4.941869
v -5.864959 0.000000 4.941869
v -5.213297 0.000000 4.941869
v -4.561635 0.000000 4.941869
v -3.909972 0.000000 4.941869
v -3.258311 0.000000 4.941869
v -2.606648 0.000000 4.941869
v -1.954986 0.000000 4.941869
v -1.303324 0.000000 4.941869
v -0.651662 0.000000 4.941869
v 0.000000 0.000000 4.941869
v 0.651662 0.000000 4.941869
v 1.303324 0.000000 4.941869
v 1.954987 0.000000 4.941869
v 2.606649 0.000000 4.941869
v 3.258311 0.000000 4.941869
v 3.909973 0.000000 4.941869
v 4.561635 0.000000 4.941869
v 5.213297 0.000000 4.941869
v 5.864959 0.000000 4.941869
v 6.516622 0.000000 4.941869
v 7.168284 0.000000 4.941869
v 7.819947 0.000000 4.941869
v 8.471609 0.000000 4.941869
v 9.123271 0.000000 4.941869
v 9.774933 0.000000 4.941869
v -9.774933 0.000000 4.392772
v -9.123271 0.000000 4.392772
v -8.471608 0.000000 4.392772
v -7.819946 0.000000 4.392772
v -7.168284 0.000000 4.392772
v -6.516621 0.000000 4.392772
v -5.864959 0.000000 4.392772
v -5.213297 0.000000 4.392772
v -4.561635 0.000000 4.392772
v -3.909973 0.000000 4.392772
v -3.258311 0.000000 4.392772
v -2.606648 0.000000 4.392772
v -1.954986 0.000000 4.392772
v -1.303324 0.000000 4.392772
v -0.651662 0.000000 4.392772
v 0.000000 0.000000 4.392772
v 0.651662 0.000000 4.392772
v 1.303324 0.000000 4.392772
v 1.954987 0.000000 4.392772
v 2.606649 0.000000 4.392772
v 3.258311 0.000000 4.392772
v 3.909973 0.000000 4.392772
v 4.561635 0.000000 4.392772
v 5.213297 0.000000 4.392772
v 5.864959 0.000000 4.392772
v 6.516622 0.000000 4.392772
v 7.168284 0.000000 4.392772
v 7.819947 0.000000 4.392772
v 8.471609 0.000000 4.392772
v 9.123271 0.000000 4.392772
v 9.774933 0.000000 4.392772
v -9.774933 0.000000 3.843676
v -9.123271 0.000000 3.843676
v -8.471608 0.000000 3.843676
v -7.819946 0.000000 3.843676
v -7.168284 0.000000 3.843676
v -6.516621 0.000000 3.843676
v -5.864959 0.000000 3.843676
v -5.213297 0.000000 3.843676
v -4.561635 0.000000 3.843676
v -3.909972 0.000000 3.843676
v -3.258310 0.000000 3.843676
v -2.606648 0.000000 3.843676
v -1.954986 0.000000 3.843676
v -1.303324 0.000000 3.843676
v -0.651662 0.000000 3.843676
v 0.000000 0.000000 3.843676
v 0.651662 0.000000 3.843676
v 1.303324 0.000000 3.843676
v 1.954987 0.000000 3.843676
v 2.606649 0.000000 3.843676
v 3.258311 0.000000 3.843676
v 3.909973 0.000000 3.843676
v 4.561635 0.000000 3.843676
v 5.213297 0.000000 3.843676
v 5.864959 0.000000 3.843676
v 6.516622 0.000000 3.843676
v 7.168284 0.000000 3.843676
v 7.819947 0.000000 3.843676
v 8.471609 0.000000 3.843676
v 9.123271 0.000000 3.843676
v 9.774933 0.000000 3.843676
v -9.774933 0.000000 3.294579
v -9.123271 0.000000 3.294580
v -8.471608 0.000000 3.294579
v -7.819946 0.000000 3.294579
v -7.168284 0.000000 3.294579
v -6.516621 0.000000 3.294580
v -5.864959 0.000000 3.294579
v -5.213297 0.000000 3.294579
v -4.561635 0.000000 3.294579
v -3.909972 0.000000 3.294580
v -3.258311 0.000000 3.294579
v -2.606648 0.000000 3.294579
v -1.954986 0.000000 3.294579
v -1.303324 0.000000 3.294580
v -0.651662 0.000000 3.294579
v 0.000000 0.000000 3.294579
v 0.651662 0.000000 3.294579
v 1.303324 0.000000 3.294580
v 1.954987 0.000000 3.294579
v 2.606649 0.000000 3.294579
v 3.258311 0.000000 3.294579
v 3.909973 0.000000 3.294580
v 4.561635 0.000000 3.294579
v 5.213297 0.000000 3.294579
v 5.864959 0.000000 3.294579
v 6.516622 0.000000 3.294580
v 7.168284 0.000000 3.294579
v 7.819947 0.000000 3.294579
v 8.471609 0.000000 3.294579
v 9.123271 0.000000 3.294580
v 9.774933 0.000000 3.294579
v -9.774933 0.000000 2.745483
v -9.123271 0.000000 2.745483
v -8.471608 0.000000 2.745483
v -7.819946 0.000000 2.745483
v -7.168284 0.000000 2.745483
v -6.516621 0.000000 2.745483
v -5.864959 0.000000 2.745483
v -5.213297 0.000000 2.745483
v -4.561635 0.000000 2.745483
v -3.909973 0.000000 2.745483
v -3.258311 0.000000 2.745483
v -2.606648 0.000000 2.745483
v -1.954986 0.000000 2.745483
v -1.303324 0.000000 2.745483
v -0.651662 0.000000 2.745483
v 0.000000 0.000000 2.745483
v 0.651662 0.000000 2.745483
v 1.303324 0.000000 2.745483
v 1.954987 0.000000 2.745483
v 2.606649 0.000000 2.745483
v 3.258311 0.000000 2.745483
v 3.909973 0.000000 2.745483
v 4.561635 0.000000 2.745483
v 5.213297 0.000000 2.745483
v 5.864959 0.000000 2.745483
v 6.516622 0.000000 2.745483
v 7.168284 0.000000 2.745483
v 7.819947 0.000000 2.745483
v 8.471609 0.000000 2.745483
v 9.123271 0.000000 2.745483
v 9.774933 0.000000 2.745483
v -9.774933 0.000000 2.196386
v -9.123271 0.000000 2.196386
v -8.471608 0.000000 2.196386
v -7.819946 0.000000 2.196386
v -7.168284 0.000000 2.196386
v -6.516622 0.000000 2.196386
v -5.864959 0.000000 2.196386
v -5.213297 0.000000 2.196386
v -4.561635 0.000000 2.196386
v -3.909973 0.000000 2.196386
v -3.258311 0.000000 2.196386
v -2.606648 0.000000 2.196386
v -1.954986 0.000000 2.196386
v -1.303324 0.000000 2.196386
v -0.651662 0.000000 2.196386
v 0.000000 0.000000 2.196386
v 0.651662 0.000000 2.196386
v 1.303324 0.000000 2.196386
v 1.954987 0.000000 2.196386
v 2.606649 0.000000 2.196386
v 3.258311 0.000000 2.196386
v 3.909973 0.000000 2.196386
v 4.561635 0.000000 2.196386
v 5.213297 0.000000 2.196386
v 5.864959 0.000000 2.196386
v 6.516622 0.000000 2.196386
v 7.168284 0.000000 2.196386
v 7.819947 0.000000 2.196386
v 8.471609 0.000000 2.196386
v 9.123271 0.000000 2.196386
v 9.774933 0.000000 2.196386
v -9.774933 0.000000 1.647290
v -9.123271 0.000000 1.647290
v -8.471608 0.000000 1.647290
v -7.819946 0.000000 1.647290
v -7.168284 0.000000 1.647290
v -6.516622 0.000000 1.647290
v -5.864959 0.000000 1.647290
v -5.213297 0.000000 1.647290
v -4.561635 0.000000 1.647290
v -3.909973 0.000000 1.647290
v -3.258311 0.000000 1.647290
v -2.606648 0.000000 1.647290
v -1.954986 0.000000 1.647290
v -1.303324 0.000000 1.647290
v -0.651662 0.000000 1.647290
v 0.000000 0.000000 1.647290
v 0.651662 0.000000 1.647290
v 1.303324 0.000000 1.647290
v 1.954987 0.000000 1.647290
v 2.606649 0.000000 1.647290
v 3.258311 0.000000 1.647290
v 3.909973 0.000000 1.647290
v 4.561635 0.000000 1.647290
v 5.213297 0.000000 1.647290
v 5.864959 0.000000 1.647290
v 6.516622 0.000000 1.647290
v 7.168284 0.000000 1.647290
v 7.819947 0.000000 1.647290
v 8.471609 0.000000 1.647290
v 9.123271 0.000000 1.647290
v 9.774933 0.000000 1.647290
v -9.774933 0.000000 1.098193
v -9.123271 0.000000 1.098193
v -8.471608 0.000000 1.098193
v -7.819946 0.000000 1.098193
v -7.168284 0.000000 1.098193
v -6.516622 0.000000 1.098193
v -5.864959 0.000000 1.098193
v -5.213297 0.000000 1.098193
v -4.561635 0.000000 1.098193
v -3.909973 0.000000 1.098193
v -3.258311 0.000000 1.098193
v -2.606648 0.000000 1.098193
v -1.954986 0.000000 1.098193
v -1.303324 0.000000 1.098193
v -0.651662 0.000000 1.098193
v 0.000000 0.000000 1.098193
v 0.651662 0.000000 1.098193
v 1.303324 0.000000 1.098193
v 1.954987 0.000000 1.098193
v 2.606649 0.000000 1.098193
v 3.258311 0.000000 1.098193
v 3.909973 0.000000 1.098193
v 4.561635 0.000000 1.098193
v 5.213297 0.000000 1.098193
v 5.864959 0.000000 1.098193
v 6.516622 0.000000 1.098193
v 7.168284 0.000000 1.098193
v 7.819947 0.000000 1.098193
v 8.471609 0.000000 1.098193
v 9.123271 0.000000 1.098193
v 9.774933 0.000000 1.098193
v -9.774933 0.000000 0.549097
v -9.123271 0.000000 0.549097
v -8.471608 0.000000 0.549097
v -7.819946 0.000000 0.549097
v -7.168284 0.000000 0.549097
v -6.516622 0.000000 0.549097
v -5.864959 0.000000 0.549097
v -5.213297 0.000000 0.549097
v -4.561635 0.000000 0.549097
v -3.909973 0.000000 0.549097
v -3.258311 0.000000 0.549097
v -2.606649 0.000000 0.549097
v -1.954986 0.000000 0.549097
v -1.303324 0.000000 0.549097
v -0.651662 0.000000 0.549097
v 0.000000 0.000000 0.549097
v 0.651662 0.000000 0.549097
v 1.303324 0.000000 0.549097
v 1.954987 0.000000 0.549097
v 2.606649 0.000000 0.549097
v 3.258311 0.000000 0.549097
v 3.909973 0.000000 0.549097
v 4.561635 0.000000 0.549097
v 5.213297 0.000000 0.549097
v 5.864959 0.000000 0.549097
v 6.516622 0.000000 0.549097
v 7.168284 0.000000 0.549097
v 7.819947 0.000000 0.549097
v 8.471609 0.000000 0.549097
v 9.123271 0.000000 0.549097
v 9.774933 0.000000 0.549097
v -9.774933 0.000000 0.000000
v -9.123271 0.000000 0.000000
v -8.471609 0.000000 0.000000
v -7.819947 0.000000 0.000000
v -7.168284 0.000000 0.000000
v -6.516622 0.000000 0.000000
v -5.864959 0.000000 0.000000
v -5.213297 0.000000 0.000000
v -4.561635 0.000000 0.000000
v -3.909973 0.000000 0.000000
v -3.258311 0.000000 0.000000
v -2.606649 0.000000 0.000000
v -1.954987 0.000000 0.000000
v -1.303324 0.000000 0.000000
v -0.651662 0.000000 0.000000
v 0.000000 0.000000 0.000000
v 0.651662 0.000000 -0.000000
v 1.303324 0.000000 -0.000000
v 1.954987 0.000000 0.000000
v 2.606649 0.000000 0.000000
v 3.258311 0.000000 0.000000
v 3.909973 0.000000 0.000000
v 4.561635 0.000000 0.000000
v 5.213297 0.000000 0.000000
v 5.864959 0.000000 0.000000
v 6.516622 0.000000 0.000000
v 7.168284 0.000000 0.000000
v 7.819947 0.000000 0.000000
v 8.471609 0.000000 0.000000
v 9.123271 0.000000 0.000000
v 9.774933 0.000000 0.000000
v -9.774933 0.000000 -0.549096
v -9.123271 0.000000 -0.549096
v -8.471608 0.000000 -0.549096
v -7.819946 0.000000 -0.549096
v -7.168284 0.000000 -0.549096
v -6.516621 0.000000 -0.549096
v -5.864959 0.000000 -0.549096
v -5.213297 0.000000 -0.549096
v -4.561635 0.000000 -0.549096
v -3.909973 0.000000 -0.549096
v -3.258311 0.000000 -0.549096
v -2.606649 0.000000 -0.549096
v -1.954986 0.000000 -0.549096
v -1.303324 0.000000 -0.549096
v -0.651662 0.000000 -0.549096
v 0.000000 0.000000 -0.549097
v 0.651662 0.000000 -0.549096
v 1.303324 0.000000 -0.549096
v 1.954987 0.000000 -0.549096
v 2.606649 0.000000 -0.549096
v 3.258311 0.000000 -0.549096
v 3.909973 0.000000 -0.549096
v 4.561635 0.000000 -0.549096
v 5.213297 0.000000 -0.549096
v 5.864959 0.000000 -0.549096
v 6.516622 0.000000 -0.549096
v 7.168284 0.000000 -0.549096
v 7.819947 0.000000 -0.549096
v 8.471609 0.000000 -0.549096
v 9.123271 0.000000 -0.549096
v 9.774933 0.000000 -0.549096
v -9.774933 0.000000 -1.098193
v -9.123271 0.000000 -1.098193
v -8.471608 0.000000 -1.098193
v -7.819946 0.000000 -1.098193
v -7.168284 0.000000 -1.098193
v -6.516621 0.000000 -1.098193
v -5.864959 0.000000 -1.098193
v -5.213297 0.000000 -1.098193
v -4.561635 0.000000 -1.098193
v -3.909973 0.000000 -1.098193
v -3.258311 0.000000 -1.098193
v -2.606648 0.000000 -1.098193
v -1.954986 0.000000 -1.098193
v -1.303324 0.000000 -1.098193
v -0.651662 0.000000 -1.098193
v 0.000000 0.000000 -1.098193
v 0.651662 0.000000 -1.098193
v 1.303324 0.000000 -1.098193
v 1.954987 0.000000 -1.098193
v 2.606649 0.000000 -1.098193
v 3.258311 0.000000 -1.098193
v 3.909973 0.000000 -1.098193
v 4.561635 0.000000 -1.098193
v 5.213297 0.000000 -1.098193
v 5.864959 0.000000 -1.098193
v 6.516622 0.000000 -1.098193
v 7.168284 0.000000 -1.098193
v 7.819947 0.000000 -1.098193
v 8.471609 0.000000 -1.098193
v 9.123271 0.000000 -1.098193
v 9.774933 0.000000 -1.098193
v -9.774933 0.000000 -1.647289
v -9.123271 0.000000 -1.647289
v -8.471608 0.000000 -1.647289
v -7.819946 0.000000 -1.647289
v -7.168284 0.000000 -1.647289
v -6.516621 0.000000 -1.647289
v -5.864959 0.000000 -1.647289
v -5.213297 0.000000 -1.647289
v -4.561635 0.000000 -1.647289
v -3.909973 0.000000 -1.647289
v -3.258311 0.000000 -1.647289
v -2.606648 0.000000 -1.647289
v -1.954986 0.000000 -1.647289
v -1.303324 0.000000 -1.647289
v -0.651662 0.000000 -1.647290
v 0.000000 0.000000 -1.647290
v 0.651662 0.000000 -1.647290
v 1.303324 0.000000 -1.647289
v 1.954987 0.000000 -1.647289
v 2.606649 0.000000 -1.647289
v 3.258311 0.000000 -1.647289
v 3.909973 0.000000 -1.647289
v 4.561635 0.000000 -1.647289
v 5.213297 0.000000 -1.647289
v 5.864959 0.000000 -1.647289
v 6.516622 0.000000 -1.647289
v 7.168284 0.000000 -1.647289
v 7.819947 0.000000 -1.647289
v 8.471609 0.000000 -1.647289
v 9.123271 0.000000 -1.647289
v 9.774933 0.000000 -1.647289
v -9.774933 0.000000 -2.196386
v -9.123271 0.000000 -2.196386
v -8.471608 0.000000 -2.196386
v -7.819946 0.000000 -2.196386
v -7.168284 0.000000 -2.196386
v -6.516622 0.000000 -2.196386
v -5.864959 0.000000 -2.196386
v -5.213297 0.000000 -2.196386
v -4.561635 0.000000 -2.196386
v -3.909973 0.000000 -2.196386
v -3.258311 0.000000 -2.196386
v -2.606648 0.000000 -2.196386
v -1.954986 0.000000 -2.196386
v -1.303324 0.000000 -2.196386
v -0.651662 0.000000 -2.196386
v 0.000000 0.000000 -2.196386
v 0.651662 0.000000 -2.196386
v 1.303324 0.000000 -2.196386
v 1.954987 0.000000 -2.196386
v 2.606649 0.000000 -2.196386
v 3.258311 0.000000 -2.196386
v 3.909973 0.000000 -2.196386
v 4.561635 0.000000 -2.196386
v 5.213297 0.000000 -2.196386
v 5.864959 0.000000 -2.196386
v 6.516622 0.000000 -2.196386
v 7.168284 0.000000 -2.196386
v 7.819947 0.000000 -2.196386
v 8.471609 0.000000 -2.196386
v 9.123271 0.000000 -2.196386
v 9.774933 0.000000 -2.196386
v -9.774933 0.000000 -2.745482
v -9.123271 0.000000 -2.745482
v -8.471608 0.000000 -2.745482
v -7.819946 0.000000 -2.745482
v -7.168284 0.000000 -2.745482
v -6.516621 0.000000 -2.745482
v -5.864959 0.000000 -2.745482
v -5.213297 0.000000 -2.745482
v -4.561635 0.000000 -2.745482
v -3.909973 0.000000 -2.745482
v -3.258310 0.000000 -2.745482
v -2.606648 0.000000 -2.745482
v -1.954986 0.000000 -2.745482
v -1.303324 0.000000 -2.745482
v -0.651662 0.000000 -2.745482
v 0.000000 0.000000 -2.745483
v 0.651662 0.000000 -2.745482
v 1.303324 0.000000 -2.745482
v 1.954987 0.000000 -2.745482
v 2.606649 0.000000 -2.745482
v 3.258311 0.000000 -2.745482
v 3.909973 0.000000 -2.745482
v 4.561635 0.000000 -2.745482
v 5.213297 0.000000 -2.745482
v 5.864959 0.000000 -2.745482
v 6.516622 0.000000 -2.745482
v 7.168284 0.000000 -2.745482
v 7.819947 0.000000 -2.745482
v 8.471609 0.000000 -2.745482
v 9.123271 0.000000 -2.745482
v 9.774933 0.000000 -2.745482
v -9.774933 0.000000 -3.294579
v -9.123271 0.000000 -3.294579
v -8.471608 0.000000 -3.294579
v -7.819946 0.000000 -3.294579
v -7.168283 0.000000 -3.294579
v -6.516621 0.000000 -3.294579
v -5.864959 0.000000 -3.294579
v -5.213297 0.000000 -3.294579
v -4.561635 0.000000 -3.294579
v -3.909972 0.000000 -3.294579
v -3.258311 0.000000 -3.294579
v -2.606648 0.000000 -3.294579
v -1.954986 0.000000 -3.294579
v -1.303324 0.000000 -3.294579
v -0.651662 0.000000 -3.294579
v 0.000000 0.000000 -3.294579
v 0.651662 0.000000 -3.294579
v 1.303324 0.000000 -3.294579
v 1.954987 0.000000 -3.294579
v 2.606649 0.000000 -3.294579
v 3.258311 0.000000 -3.294579
v 3.909973 0.000000 -3.294579
v 4.561635 0.000000 -3.294579
v 5.213297 0.000000 -3.294579
v 5.864959 0.000000 -3.294579
v 6.516622 0.000000 -3.294579
v 7.168284 0.000000 -3.294579
v 7.819947 0.000000 -3.294579
v 8.471609 0.000000 -3.294579
v 9.123271 0.000000 -3.294579
v 9.774933 0.000000 -3.294579
v -9.774933 0.000000 -3.843676
v -9.123271 0.000000 -3.843676
v -8.471608 0.000000 -3.843676
v -7.819946 0.000000 -3.843676
v -7.168283 0.000000 -3.843676
v -6.516621 0.000000 -3.843676
v -5.864959 0.000000 -3.843676
v -5.213297 0.000000 -3.843676
v -4.561635 0.000000 -3.843676
v -3.909972 0.000000 -3.843676
v -3.258311 0.000000 -3.843676
v -2.606648 0.000000 -3.843676
v -1.954986 0.000000 -3.843676
v -1.303324 0.000000 -3.843676
v -0.651662 0.000000 -3.843676
v 0.000000 0.000000 -3.843676
v 0.651662 0.000000 -3.843676
v 1.303324 0.000000 -3.843676
v 1.954987 0.000000 -3.843676
v 2.606649 0.000000 -3.843676
v 3.258311 0.000000 -3.843676
v 3.909973 0.000000 -3.843676
v 4.561635 0.000000 -3.843676
v 5.213297 0.000000 -3.843676
v 5.864959 0.000000 -3.843676
v 6.516622 0.000000 -3.843676
v 7.168284 0.000000 -3.843675
v 7.819947 0.000000 -3.843675
v 8.471609 0.000000 -3.843675
v 9.123271 0.000000 -3.843676
v 9.774933 0.000000 -3.843676
v -9.774933 0.000000 -4.392772
v -9.123271 0.000000 -4.392772
v -8.471608 0.000000 -4.392772
v -7.819946 0.000000 -4.392772
v -7.168284 0.000000 -4.392772
v -6.516621 0.000000 -4.392772
v -5.864959 0.000000 -4.392772
v -5.213297 0.000000 -4.392772
v -4.561635 0.000000 -4.392772
v -3.909973 0.000000 -4.392772
v -3.258311 0.000000 -4.392772
v -2.606648 0.000000 -4.392772
v -1.954986 0.000000 -4.392772
v -1.303324 0.000000 -4.392772
v -0.651662 0.000000 -4.392772
v 0.000000 0.000000 -4.392772
v 0.651662 0.000000 -4.392772
v 1.303324 0.000000 -4.392772
v 1.954987 0.000000 -4.392772
v 2.606649 0.000000 -4.392772
v 3.258311 0.000000 -4.392772
v 3.909973 0.000000 -4.392772
v 4.561635 0.000000 -4.392772
v 5.213297 0.000000 -4.392772
v 5.864959 0.000000 -4.392772
v 6.516622 0.000000 -4.392772
v 7.168284 0.000000 -4.392772
v 7.819947 0.000000 -4.392772
v 8.471609 0.000000 -4.392772
v 9.123271 0.000000 -4.392772
v 9.774933 0.000000 -4.392772
v -9.774933 0.000000 -4.941869
v -9.123271 0.000000 -4.941869
v -8.471608 0.000000 -4.941869
v -7.819946 0.000000 -4.941869
v -7.168284 0.000000 -4.941869
v -6.516621 0.000000 -4.941869
v -5.864959 0.000000 -4.941868
v -5.213297 0.000000 -4.941869
v -4.561635 0.000000 -4.941868
v -3.909972 0.000000 -4.941869
v -3.258310 0.000000 -4.941869
v -2.606648 0.000000 -4.941869
v -1.954986 0.000000 -4.941869
v -1.303324 0.000000 -4.941869
v -0.651662 0.000000 -4.941869
v 0.000000 0.000000 -4.941869
v 0.651662 0.000000 -4.941869
v 1.303324 0.000000 -4.941869
v 1.954987 0.000000 -4.941869
v 2.606649 0.000000 -4.941869
v 3.258311 0.000000 -4.941869
v 3.909973 0.000000 -4.941869
v 4.561635 0.000000 -4.941868
v 5.213297 0.000000 -4.941869
v 5.864959 0.000000 -4.941868
v 6.516622 0.000000 -4.941868
v 7.168284 0.000000 -4.941868
v 7.819947 0.000000 -4.941869
v 8.471609 0.000000 -4.941868
v 9.123271 0.000000 -4.941869
v 9.774933 0.000000 -4.941868
v -9.774933 0.000000 -5.490965
v -9.123271 0.000000 -5.490965
v -8.471608 0.000000 -5.490965
v -7.819946 0.000000 -5.490965
v -7.168284 0.000000 -5.490965
v -6.516621 0.000000 -5.490965
v -5.864959 0.000000 -5.490965
v -5.213297 0.000000 -5.490965
v -4.561635 0.000000 -5.490965
v -3.909972 0.000000 -5.490965
v -3.258311 0.000000 -5.490965
v -2.606648 0.000000 -5.490965
v -1.954986 0.000000 -5.490965
v -1.303324 0.000000 -5.490965
v -0.651662 0.000000 -5.490965
v 0.000000 0.000000 -5.490965
v 0.651662 0.000000 -5.490965
v 1.303324 0.000000 -5.490965
v 1.954987 0.000000 -5.490965
v 2.606649 0.000000 -5.490965
v 3.258311 0.000000 -5.490965
v 3.909973 0.000000 -5.490965
v 4.561635 0.000000 -5.490965
v 5.213297 0.000000 -5.490965
v 5.864959 0.000000 -5.490965
v 6.516622 0.000000 -5.490964
v 7.168284 0.000000 -5.490965
v 7.819947 0.000000 -5.490965
v 8.471609 0.000000 -5.490965
v 9.123271 0.000000 -5.490965
v 9.774933 0.000000 -5.490965
v -9.774933 0.000000 -6.040062
v -9.123271 0.000000 -6.040062
v -8.471608 0.000000 -6.040062
v -7.819946 0.000000 -6.040062
v -7.168284 0.000000 -6.040061
v -6.516621 0.000000 -6.040062
v -5.864959 0.000000 -6.040061
v -5.213297 0.000000 -6.040062
v -4.561635 0.000000 -6.040061
v -3.909973 0.000000 -6.040062
v -3.258311 0.000000 -6.040062
v -2.606648 0.000000 -6.040062
v -1.954986 0.000000 -6.040062
v -1.303324 0.000000 -6.040062
v -0.651662 0.000000 -6.040062
v 0.000000 0.000000 -6.040062
v 0.651662 0.000000 -6.040062
v 1.303324 0.000000 -6.040062
v 1.954987 0.000000 -6.040062
v 2.606649 0.000000 -6.040062
v 3.258311 0.000000 -6.040061
v 3.909973 0.000000 -6.040062
v 4.561635 0.000000 -6.040061
v 5.213297 0.000000 -6.040062
v 5.864959 0.000000 -6.040061
v 6.516622 0.000000 -6.040061
v 7.168284 0.000000 -6.040061
v 7.819947 0.000000 -6.040062
v 8.471609 0.000000 -6.040062
v 9.123271 0.000000 -6.040062
v 9.774933 0.000000 -6.040062
v -9.774933 0.000000 -6.589159
v -9.123271 0.000000 -6.589159
v -8.471608 0.000000 -6.589159
v -7.819946 0.000000 -6.589159
v -7.168284 0.000000 -6.589159
v -6.516622 0.000000 -6.589159
v -5.864959 0.000000 -6.589159
v -5.213297 0.000000 -6.589159
v -4.561635 0.000000 -6.589159
v -3.909973 0.000000 -6.589159
v -3.258311 0.000000 -6.589159
v -2.606648 0.000000 -6.589159
v -1.954986 0.000000 -6.589159
v -1.303324 0.000000 -6.589159
v -0.651662 0.000000 -6.589159
v 0.000000 0.000000 -6.589159
v 0.651662 0.000000 -6.589159
v 1.303324 0.000000 -6.589159
v 1.954987 0.000000 -6.589159
v 2.606649 0.000000 -6.589159
v 3.258311 0.000000 -6.589159
v 3.909973 0.000000 -6.589159
v 4.561635 0.000000 -6.589159
v 5.213297 0.000000 -6.589159
v 5.864959 0.000000 -6.589159
v 6.516622 0.000000 -6.589159
v 7.168284 0.000000 -6.589159
v 7.819947 0.000000 -6.589159
v 8.471609 0.000000 -6.589159
v 9.123271 0.000000 -6.589159
v 9.774933 0.000000 -6.589159
v -9.774933 0.000000 -7.138256
v -9.123271 0.000000 -7.138256
v -8.471608 0.000000 -7.138256
v -7.819946 0.000000 -7.138256
v -7.168284 0.000000 -7.138255
v -6.516622 0.000000 -7.138255
v -5.864959 0.000000 -7.138255
v -5.213297 0.000000 -7.138255
v -4.561635 0.000000 -7.138255
v -3.909973 0.000000 -7.138255
v -3.258311 0.000000 -7.138255
v -2.606648 0.000000 -7.138256
v -1.954986 0.000000 -7.138256
v -1.303324 0.000000 -7.138256
v -0.651662 0.000000 -7.138256
v 0.000000 0.000000 -7.138256
v 0.651662 0.000000 -7.138256
v 1.303324 0.000000 -7.138256
v 1.954987 0.000000 -7.138256
v 2.606649 0.000000 -7.138256
v 3.258311 0.000000 -7.138255
v 3.909973 0.000000 -7.138255
v 4.561635 0.000000 -7.138255
v 5.213297 0.000000 -7.138255
v 5.864959 0.000000 -7.138255
v 6.516622 0.000000 -7.138255
v 7.168284 0.000000 -7.138255
v 7.819947 0.000000 -7.138255
v 8.471609 0.000000 -7.138256
v 9.123271 0.000000 -7.138256
v 9.774933 0.000000 -7.138256
v -9.774934 0.000000 -7.687352
v -9.123271 0.000000 -7.687352
v -8.471609 0.000000 -7.687352
v -7.819946 0.000000 -7.687352
v -7.168284 0.000000 -7.687352
v -6.516622 0.000000 -7.687351
v -5.864959 0.000000 -7.687351
v -5.213297 0.000000 -7.687352
v -4.561635 0.000000 -7.687351
v -3.909973 0.000000 -7.687351
v -3.258311 0.000000 -7.687352
v -2.606648 0.000000 -7.687352
v -1.954986 0.000000 -7.687352
v -1.303324 0.000000 -7.687352
v -0.651662 0.000000 -7.687352
v 0.000000 0.000000 -7.687352
v 0.651662 0.000000 -7.687352
v 1.303324 0.000000 -7.687352
v 1.954987 0.000000 -7.687352
v 2.606649 0.000000 -7.687352
v 3.258311 0.000000 -7.687352
v 3.909973 0.000000 -7.687351
v 4.561635 0.000000 -7.687351
v 5.213297 0.000000 -7.687352
v 5.864959 0.000000 -7.687351
v 6.516622 0.000000 -7.687351
v 7.168284 0.000000 -7.687351
v 7.819947 0.000000 -7.687352
v 8.471609 0.000000 -7.687352
v 9.123271 0.000000 -7.687352
v 9.774933 0.000000 -7.687352
v -9.774933 0.000000 -8.236448
v -9.123271 0.000000 -8.236448
v -8.471609 0.000000 -8.236448
v -7.819947 0.000000 -8.236448
v -7.168284 0.000000 -8.236448
v -6.516622 0.000000 -8.236448
v -5.864959 0.000000 -8.236447
v -5.213297 0.000000 -8.236448
v -4.561635 0.000000 -8.236447
v -3.909973 0.000000 -8.236448
v -3.258311 0.000000 -8.236448
v -2.606648 0.000000 -8.236448
v -1.954986 0.000000 -8.236448
v -1.303324 0.000000 -8.236448
v -0.651662 0.000000 -8.236448
v 0.000000 0.000000 -8.236448
v 0.651662 0.000000 -8.236448
v 1.303324 0.000000 -8.236448
v 1.954987 0.000000 -8.236448
v 2.606649 0.000000 -8.236448
v 3.258311 0.000000 -8.236448
v 3.909973 0.000000 -8.236448
v 4.561635 0.000000 -8.236447
v 5.213297 0.000000 -8.236448
v 5.864959 0.000000 -8.236447
v 6.516622 0.000000 -8.236448
v 7.168284 0.000000 -8.236447
v 7.819947 0.000000 -8.236448
v 8.471609 0.000000 -8.236448
v 9.123271 0.000000 -8.236448
v 9.774933 0.000000 -8.236448
vn -0.0000 1.0000 -0.0000
vt 0.062500 0.031250
vt 0.031250 0.062500
vt 0.031250 0.031250
vt 0.093750 0.031250
vt 0.062500 0.062500
vt 0.125000 0.062500
vt 0.093750 0.062500
vt 0.156250 0.031250
vt 0.125000 0.031250
vt 0.187500 0.062500
vt 0.156250 0.062500
vt 0.218750 0.031250
vt 0.187500 0.031250
vt 0.250000 0.062500
vt 0.218750 0.062500
vt 0.250000 0.031250
vt 0.281250 0.062500
vt 0.312500 0.031250
vt 0.281250 0.031250
vt 0.343750 0.031250
vt 0.312500 0.062500
vt 0.375000 0.031250
vt 0.343750 0.062500
vt 0.406250 0.031250
vt 0.375000 0.062500
vt 0.437500 0.062500
vt 0.406250 0.062500
vt 0.468750 0.031250
vt 0.437500 0.031250
vt 0.500000 0.062500
vt 0.468750 0.062500
vt 0.531250 0.031250
vt 0.500000 0.031250
vt 0.562500 0.031250
vt 0.531250 0.062500
vt 0.593750 0.031250
vt 0.562500 0.062500
vt 0.625000 0.062500
vt 0.593750 0.062500
vt 0.656250 0.031250
vt 0.625000 0.031250
vt 0.687500 0.062500
vt 0.656250 0.062500
vt 0.718750 0.031250
vt 0.687500 0.031250
vt 0.750000 0.062500
vt 0.718750 0.062500
vt 0.781250 0.031250
vt 0.750000 0.031250
vt 0.812500 0.031250
vt 0.781250 0.062500
vt 0.843750 0.031250
vt 0.812500 0.062500
vt 0.875000 0.062500
vt 0.843750 0.062500
vt 0.906250 0.031250
vt 0.875000 0.031250
vt 0.937500 0.062500
vt 0.906250 0.062500
vt 0.968750 0.031250
vt 0.937500 0.031250
vt 0.031250 0.093750
vt 0.062500 0.093750
vt 0.093750 0.093750
vt 0.125000 0.093750
vt 0.156250 0.093750
vt 0.218750 0.093750
vt 0.187500 0.093750
vt 0.250000 0.093750
vt 0.281250 0.093750
vt 0.312500 0.093750
vt 0.343750 0.093750
vt 0.375000 0.093750
vt 0.406250 0.093750
vt 0.468750 0.093750
vt 0.437500 0.093750
vt 0.500000 0.093750
vt 0.531250 0.093750
vt 0.562500 0.093750
vt 0.593750 0.093750
vt 0.625000 0.093750
vt 0.656250 0.093750
vt 0.718750 0.093750
vt 0.687500 0.093750
vt 0.750000 0.093750
vt 0.781250 0.093750
vt 0.812500 0.093750
vt 0.843750 0.093750
vt 0.906250 0.093750
vt 0.875000 0.093750
vt 0.937500 0.093750
vt 0.968750 0.062500
vt 0.031250 0.125000
vt 0.062500 0.125000
vt 0.093750 0.125000
vt 0.156250 0.125000
vt 0.125000 0.125000
vt 0.187500 0.125000
vt 0.218750 0.125000
vt 0.250000 0.125000
vt 0.312500 0.125000
vt 0.281250 0.125000
vt 0.343750 0.125000
vt 0.375000 0.125000
vt 0.406250 0.125000
vt 0.468750 0.125000
vt 0.437500 0.125000
vt 0.500000 0.125000
vt 0.531250 0.125000
vt 0.562500 0.125000
vt 0.593750 0.125000
vt 0.625000 0.125000
vt 0.656250 0.125000
vt 0.718750 0.125000
vt 0.687500 0.125000
vt 0.750000 0.125000
vt 0.781250 0.125000
vt 0.812500 0.125000
vt 0.875000 0.125000
vt 0.843750 0.125000
vt 0.906250 0.125000
vt 0.937500 0.125000
vt 0.968750 0.093750
vt 0.031250 0.156250
vt 0.062500 0.156250
vt 0.125000 0.156250
vt 0.093750 0.156250
vt 0.156250 0.156250
vt 0.187500 0.156250
vt 0.250000 0.156250
vt 0.218750 0.156250
vt 0.281250 0.156250
vt 0.312500 0.156250
vt 0.375000 0.156250
vt 0.343750 0.156250
vt 0.406250 0.156250
vt 0.437500 0.156250
vt 0.500000 0.156250
vt 0.468750 0.156250
vt 0.531250 0.156250
vt 0.562500 0.156250
vt 0.625000 0.156250
vt 0.593750 0.156250
vt 0.687500 0.156250
vt 0.656250 0.156250
vt 0.718750 0.156250
vt 0.750000 0.156250
vt 0.812500 0.156250
vt 0.781250 0.156250
vt 0.843750 0.156250
vt 0.875000 0.156250
vt 0.906250 0.156250
vt 0.937500 0.156250
vt 0.968750 0.125000
vt 0.031250 0.187500
vt 0.062500 0.187500
vt 0.125000 0.187500
vt 0.093750 0.187500
vt 0.156250 0.187500
vt 0.187500 0.187500
vt 0.250000 0.187500
vt 0.218750 0.187500
vt 0.281250 0.187500
vt 0.312500 0.187500
vt 0.375000 0.187500
vt 0.343750 0.187500
vt 0.406250 0.187500
vt 0.468750 0.187500
vt 0.437500 0.187500
vt 0.500000 0.187500
vt 0.531250 0.187500
vt 0.562500 0.187500
vt 0.625000 0.187500
vt 0.593750 0.187500
vt 0.656250 0.187500
vt 0.687500 0.187500
vt 0.750000 0.187500
vt 0.718750 0.187500
vt 0.781250 0.187500
vt 0.812500 0.187500
vt 0.875000 0.187500
vt 0.843750 0.187500
vt 0.906250 0.187500
vt 0.968750 0.156250
vt 0.937500 0.187500
vt 0.031250 0.218750
vt 0.062500 0.218750
vt 0.093750 0.218750
vt 0.125000 0.218750
vt 0.187500 0.218750
vt 0.156250 0.218750
vt 0.218750 0.218750
vt 0.250000 0.218750
vt 0.281250 0.218750
vt 0.312500 0.218750
vt 0.375000 0.218750
vt 0.343750 0.218750
vt 0.406250 0.218750
vt 0.437500 0.218750
vt 0.500000 0.218750
vt 0.468750 0.218750
vt 0.531250 0.218750
vt 0.562500 0.218750
vt 0.625000 0.218750
vt 0.593750 0.218750
vt 0.687500 0.218750
vt 0.656250 0.218750
vt 0.718750 0.218750
vt 0.750000 0.218750
vt 0.781250 0.218750
vt 0.812500 0.218750
vt 0.875000 0.218750
vt 0.843750 0.218750
vt 0.906250 0.218750
vt 0.937500 0.218750
vt 0.968750 0.187500
vt 0.031250 0.250000
vt 0.062500 0.250000
vt 0.093750 0.250000
vt 0.156250 0.250000
vt 0.125000 0.250000
vt 0.187500 0.250000
vt 0.218750 0.250000
vt 0.250000 0.250000
vt 0.281250 0.250000
vt 0.312500 0.250000
vt 0.343750 0.250000
vt 0.375000 0.250000
vt 0.406250 0.250000
vt 0.468750 0.250000
vt 0.437500 0.250000
vt 0.500000 0.250000
vt 0.531250 0.250000
vt 0.562500 0.250000
vt 0.593750 0.250000
vt 0.625000 0.250000
vt 0.656250 0.250000
vt 0.687500 0.250000
vt 0.718750 0.250000
vt 0.750000 0.250000
vt 0.781250 0.250000
vt 0.812500 0.250000
vt 0.843750 0.250000
vt 0.875000 0.250000
vt 0.906250 0.250000
vt 0.968750 0.218750
vt 0.937500 0.250000
vt 0.062500 0.281250
vt 0.031250 0.281250
vt 0.125000 0.281250
vt 0.093750 0.281250
vt 0.187500 0.281250
vt 0.156250 0.281250
vt 0.250000 0.281250
vt 0.218750 0.281250
vt 0.281250 0.281250
vt 0.312500 0.281250
vt 0.343750 0.281250
vt 0.375000 0.281250
vt 0.437500 0.281250
vt 0.406250 0.281250
vt 0.500000 0.281250
vt 0.468750 0.281250
vt 0.562500 0.281250
vt 0.531250 0.281250
vt 0.625000 0.281250
vt 0.593750 0.281250
vt 0.656250 0.281250
vt 0.687500 0.281250
vt 0.750000 0.281250
vt 0.718750 0.281250
vt 0.812500 0.281250
vt 0.781250 0.281250
vt 0.875000 0.281250
vt 0.843750 0.281250
vt 0.906250 0.281250
vt 0.937500 0.281250
vt 0.968750 0.250000
vt 0.062500 0.312500
vt 0.031250 0.312500
vt 0.125000 0.312500
vt 0.093750 0.312500
vt 0.187500 0.312500
vt 0.156250 0.312500
vt 0.250000 0.312500
vt 0.218750 0.312500
vt 0.312500 0.312500
vt 0.281250 0.312500
vt 0.375000 0.312500
vt 0.343750 0.312500
vt 0.437500 0.312500
vt 0.406250 0.312500
vt 0.500000 0.312500
vt 0.468750 0.312500
vt 0.562500 0.312500
vt 0.531250 0.312500
vt 0.625000 0.312500
vt 0.593750 0.312500
vt 0.687500 0.312500
vt 0.656250 0.312500
vt 0.718750 0.312500
vt 0.750000 0.312500
vt 0.812500 0.312500
vt 0.781250 0.312500
vt 0.875000 0.312500
vt 0.843750 0.312500
vt 0.906250 0.312500
vt 0.968750 0.281250
vt 0.937500 0.312500
vt 0.062500 0.343750
vt 0.031250 0.343750
vt 0.093750 0.343750
vt 0.125000 0.343750
vt 0.187500 0.343750
vt 0.156250 0.343750
vt 0.250000 0.343750
vt 0.218750 0.343750
vt 0.281250 0.343750
vt 0.312500 0.343750
vt 0.343750 0.343750
vt 0.375000 0.343750
vt 0.437500 0.343750
vt 0.406250 0.343750
vt 0.468750 0.343750
vt 0.500000 0.343750
vt 0.562500 0.343750
vt 0.531250 0.343750
vt 0.593750 0.343750
vt 0.656250 0.343750
vt 0.625000 0.343750
vt 0.687500 0.343750
vt 0.750000 0.343750
vt 0.718750 0.343750
vt 0.812500 0.343750
vt 0.781250 0.343750
vt 0.843750 0.343750
vt 0.906250 0.343750
vt 0.875000 0.343750
vt 0.937500 0.343750
vt 0.968750 0.312500
vt 0.062500 0.375000
vt 0.031250 0.375000
vt 0.093750 0.375000
vt 0.156250 0.375000
vt 0.125000 0.375000
vt 0.187500 0.375000
vt 0.218750 0.375000
vt 0.281250 0.375000
vt 0.250000 0.375000
vt 0.312500 0.375000
vt 0.343750 0.375000
vt 0.375000 0.375000
vt 0.437500 0.375000
vt 0.406250 0.375000
vt 0.500000 0.375000
vt 0.468750 0.375000
vt 0.562500 0.375000
vt 0.531250 0.375000
vt 0.593750 0.375000
vt 0.625000 0.375000
vt 0.656250 0.375000
vt 0.687500 0.375000
vt 0.718750 0.375000
vt 0.750000 0.375000
vt 0.812500 0.375000
vt 0.781250 0.375000
vt 0.843750 0.375000
vt 0.875000 0.375000
vt 0.906250 0.375000
vt 0.968750 0.343750
vt 0.937500 0.375000
vt 0.031250 0.406250
vt 0.062500 0.406250
vt 0.093750 0.406250
vt 0.125000 0.406250
vt 0.156250 0.406250
vt 0.187500 0.406250
vt 0.218750 0.406250
vt 0.250000 0.406250
vt 0.281250 0.406250
vt 0.312500 0.406250
vt 0.343750 0.406250
vt 0.375000 0.406250
vt 0.406250 0.406250
vt 0.437500 0.406250
vt 0.468750 0.406250
vt 0.500000 0.406250
vt 0.531250 0.406250
vt 0.562500 0.406250
vt 0.593750 0.406250
vt 0.656250 0.406250
vt 0.625000 0.406250
vt 0.687500 0.406250
vt 0.718750 0.406250
vt 0.750000 0.406250
vt 0.781250 0.406250
vt 0.812500 0.406250
vt 0.843750 0.406250
vt 0.906250 0.406250
vt 0.875000 0.406250
vt 0.937500 0.406250
vt 0.968750 0.375000
vt 0.031250 0.437500
vt 0.062500 0.437500
vt 0.093750 0.437500
vt 0.156250 0.437500
vt 0.125000 0.437500
vt 0.187500 0.437500
vt 0.218750 0.437500
vt 0.281250 0.437500
vt 0.250000 0.437500
vt 0.312500 0.437500
vt 0.343750 0.437500
vt 0.375000 0.437500
vt 0.406250 0.437500
vt 0.468750 0.437500
vt 0.437500 0.437500
vt 0.500000 0.437500
vt 0.531250 0.437500
vt 0.562500 0.437500
vt 0.593750 0.437500
vt 0.625000 0.437500
vt 0.656250 0.437500
vt 0.687500 0.437500
vt 0.718750 0.437500
vt 0.750000 0.437500
vt 0.781250 0.437500
vt 0.812500 0.437500
vt 0.843750 0.437500
vt 0.875000 0.437500
vt 0.906250 0.437500
vt 0.968750 0.406250
vt 0.937500 0.437500
vt 0.062500 0.468750
vt 0.031250 0.468750
vt 0.093750 0.468750
vt 0.125000 0.468750
vt 0.156250 0.468750
vt 0.187500 0.468750
vt 0.218750 0.468750
vt 0.250000 0.468750
vt 0.281250 0.468750
vt 0.312500 0.468750
vt 0.375000 0.468750
vt 0.343750 0.468750
vt 0.406250 0.468750
vt 0.437500 0.468750
vt 0.468750 0.468750
vt 0.500000 0.468750
vt 0.531250 0.468750
vt 0.562500 0.468750
vt 0.593750 0.468750
vt 0.656250 0.468750
vt 0.625000 0.468750
vt 0.687500 0.468750
vt 0.718750 0.468750
vt 0.750000 0.468750
vt 0.781250 0.468750
vt 0.812500 0.468750
vt 0.843750 0.468750
vt 0.906250 0.468750
vt 0.875000 0.468750
vt 0.937500 0.468750
vt 0.968750 0.437500
vt 0.031250 0.500000
vt 0.093750 0.500000
vt 0.062500 0.500000
vt 0.125000 0.500000
vt 0.156250 0.500000
vt 0.187500 0.500000
vt 0.218750 0.500000
vt 0.281250 0.500000
vt 0.250000 0.500000
vt 0.312500 0.500000
vt 0.343750 0.500000
vt 0.375000 0.500000
vt 0.406250 0.500000
vt 0.437500 0.500000
vt 0.468750 0.500000
vt 0.500000 0.500000
vt 0.531250 0.500000
vt 0.562500 0.500000
vt 0.593750 0.500000
vt 0.625000 0.500000
vt 0.656250 0.500000
vt 0.687500 0.500000
vt 0.718750 0.500000
vt 0.750000 0.500000
vt 0.781250 0.500000
vt 0.812500 0.500000
vt 0.843750 0.500000
vt 0.875000 0.500000
vt 0.906250 0.500000
vt 0.968750 0.468750
vt 0.937500 0.500000
vt 0.031250 0.531250
vt 0.062500 0.531250
vt 0.093750 0.531250
vt 0.125000 0.531250
vt 0.156250 0.531250
vt 0.187500 0.531250
vt 0.218750 0.531250
vt 0.250000 0.531250
vt 0.281250 0.531250
vt 0.343750 0.531250
vt 0.312500 0.531250
vt 0.375000 0.531250
vt 0.406250 0.531250
vt 0.437500 0.531250
vt 0.468750 0.531250
vt 0.531250 0.531250
vt 0.500000 0.531250
vt 0.593750 0.531250
vt 0.562500 0.531250
vt 0.656250 0.531250
vt 0.625000 0.531250
vt 0.687500 0.531250
vt 0.718750 0.531250
vt 0.750000 0.531250
vt 0.781250 0.531250
vt 0.812500 0.531250
vt 0.843750 0.531250
vt 0.906250 0.531250
vt 0.875000 0.531250
vt 0.937500 0.531250
vt 0.968750 0.500000
vt 0.031250 0.562500
vt 0.062500 0.562500
vt 0.093750 0.562500
vt 0.156250 0.562500
vt 0.125000 0.562500
vt 0.218750 0.562500
vt 0.187500 0.562500
vt 0.281250 0.562500
vt 0.250000 0.562500
vt 0.312500 0.562500
vt 0.343750 0.562500
vt 0.375000 0.562500
vt 0.406250 0.562500
vt 0.437500 0.562500
vt 0.468750 0.562500
vt 0.531250 0.562500
vt 0.500000 0.562500
vt 0.562500 0.562500
vt 0.593750 0.562500
vt 0.625000 0.562500
vt 0.656250 0.562500
vt 0.687500 0.562500
vt 0.718750 0.562500
vt 0.781250 0.562500
vt 0.750000 0.562500
vt 0.812500 0.562500
vt 0.843750 0.562500
vt 0.875000 0.562500
vt 0.906250 0.562500
vt 0.968750 0.531250
vt 0.937500 0.562500
vt 0.062500 0.593750
vt 0.031250 0.593750
vt 0.093750 0.593750
vt 0.125000 0.593750
vt 0.156250 0.593750
vt 0.187500 0.593750
vt 0.218750 0.593750
vt 0.250000 0.593750
vt 0.281250 0.593750
vt 0.312500 0.593750
vt 0.343750 0.593750
vt 0.375000 0.593750
vt 0.406250 0.593750
vt 0.437500 0.593750
vt 0.468750 0.593750
vt 0.500000 0.593750
vt 0.562500 0.593750
vt 0.531250 0.593750
vt 0.593750 0.593750
vt 0.656250 0.593750
vt 0.625000 0.593750
vt 0.687500 0.593750
vt 0.718750 0.593750
vt 0.750000 0.593750
vt 0.781250 0.593750
vt 0.843750 0.593750
vt 0.812500 0.593750
vt 0.906250 0.593750
vt 0.875000 0.593750
vt 0.937500 0.593750
vt 0.968750 0.562500
vt 0.031250 0.625000
vt 0.062500 0.625000
vt 0.093750 0.625000
vt 0.156250 0.625000
vt 0.125000 0.625000
vt 0.187500 0.625000
vt 0.218750 0.625000
vt 0.281250 0.625000
vt 0.250000 0.625000
vt 0.312500 0.625000
vt 0.343750 0.625000
vt 0.375000 0.625000
vt 0.406250 0.625000
vt 0.437500 0.625000
vt 0.468750 0.625000
vt 0.500000 0.625000
vt 0.562500 0.625000
vt 0.531250 0.625000
vt 0.593750 0.625000
vt 0.625000 0.625000
vt 0.656250 0.625000
vt 0.687500 0.625000
vt 0.718750 0.625000
vt 0.750000 0.625000
vt 0.781250 0.625000
vt 0.843750 0.625000
vt 0.812500 0.625000
vt 0.875000 0.625000
vt 0.906250 0.625000
vt 0.968750 0.593750
vt 0.937500 0.625000
vt 0.031250 0.656250
vt 0.062500 0.656250
vt 0.093750 0.656250
vt 0.125000 0.656250
vt 0.156250 0.656250
vt 0.187500 0.656250
vt 0.218750 0.656250
vt 0.250000 0.656250
vt 0.281250 0.656250
vt 0.312500 0.656250
vt 0.343750 0.656250
vt 0.375000 0.656250
vt 0.406250 0.656250
vt 0.437500 0.656250
vt 0.468750 0.656250
vt 0.531250 0.656250
vt 0.500000 0.656250
vt 0.562500 0.656250
vt 0.593750 0.656250
vt 0.656250 0.656250
vt 0.625000 0.656250
vt 0.687500 0.656250
vt 0.718750 0.656250
vt 0.781250 0.656250
vt 0.750000 0.656250
vt 0.843750 0.656250
vt 0.812500 0.656250
vt 0.906250 0.656250
vt 0.875000 0.656250
vt 0.968750 0.656250
vt 0.937500 0.656250
vt 0.031250 0.687500
vt 0.062500 0.687500
vt 0.093750 0.687500
vt 0.125000 0.687500
vt 0.156250 0.687500
vt 0.187500 0.687500
vt 0.218750 0.687500
vt 0.250000 0.687500
vt 0.281250 0.687500
vt 0.312500 0.687500
vt 0.375000 0.687500
vt 0.343750 0.687500
vt 0.406250 0.687500
vt 0.468750 0.687500
vt 0.437500 0.687500
vt 0.531250 0.687500
vt 0.500000 0.687500
vt 0.562500 0.687500
vt 0.593750 0.687500
vt 0.625000 0.687500
vt 0.656250 0.687500
vt 0.687500 0.687500
vt 0.718750 0.687500
vt 0.781250 0.687500
vt 0.750000 0.687500
vt 0.843750 0.687500
vt 0.812500 0.687500
vt 0.875000 0.687500
vt 0.906250 0.687500
vt 0.968750 0.687500
vt 0.937500 0.687500
vt 0.031250 0.718750
vt 0.093750 0.718750
vt 0.062500 0.718750
vt 0.125000 0.718750
vt 0.187500 0.718750
vt 0.156250 0.718750
vt 0.218750 0.718750
vt 0.250000 0.718750
vt 0.281250 0.718750
vt 0.312500 0.718750
vt 0.343750 0.718750
vt 0.406250 0.718750
vt 0.375000 0.718750
vt 0.468750 0.718750
vt 0.437500 0.718750
vt 0.531250 0.718750
vt 0.500000 0.718750
vt 0.593750 0.718750
vt 0.562500 0.718750
vt 0.656250 0.718750
vt 0.625000 0.718750
vt 0.687500 0.718750
vt 0.718750 0.718750
vt 0.750000 0.718750
vt 0.781250 0.718750
vt 0.843750 0.718750
vt 0.812500 0.718750
vt 0.906250 0.718750
vt 0.875000 0.718750
vt 0.968750 0.718750
vt 0.937500 0.718750
vt 0.031250 0.750000
vt 0.093750 0.750000
vt 0.062500 0.750000
vt 0.156250 0.750000
vt 0.125000 0.750000
vt 0.187500 0.750000
vt 0.218750 0.750000
vt 0.250000 0.750000
vt 0.281250 0.750000
vt 0.312500 0.750000
vt 0.343750 0.750000
vt 0.406250 0.750000
vt 0.375000 0.750000
vt 0.468750 0.750000
vt 0.437500 0.750000
vt 0.531250 0.750000
vt 0.500000 0.750000
vt 0.593750 0.750000
vt 0.562500 0.750000
vt 0.625000 0.750000
vt 0.687500 0.750000
vt 0.656250 0.750000
vt 0.718750 0.750000
vt 0.750000 0.750000
vt 0.781250 0.750000
vt 0.843750 0.750000
vt 0.812500 0.750000
vt 0.875000 0.750000
vt 0.906250 0.750000
vt 0.937500 0.750000
vt 0.031250 0.781250
vt 0.062500 0.781250
vt 0.093750 0.781250
vt 0.125000 0.781250
vt 0.187500 0.781250
vt 0.156250 0.781250
vt 0.218750 0.781250
vt 0.281250 0.781250
vt 0.250000 0.781250
vt 0.312500 0.781250
vt 0.343750 0.781250
vt 0.375000 0.781250
vt 0.406250 0.781250
vt 0.437500 0.781250
vt 0.468750 0.781250
vt 0.500000 0.781250
vt 0.531250 0.781250
vt 0.562500 0.781250
vt 0.593750 0.781250
vt 0.656250 0.781250
vt 0.625000 0.781250
vt 0.687500 0.781250
vt 0.718750 0.781250
vt 0.781250 0.781250
vt 0.750000 0.781250
vt 0.812500 0.781250
vt 0.843750 0.781250
vt 0.875000 0.781250
vt 0.906250 0.781250
vt 0.968750 0.781250
vt 0.937500 0.781250
vt 0.031250 0.812500
vt 0.062500 0.812500
vt 0.093750 0.812500
vt 0.156250 0.812500
vt 0.125000 0.812500
vt 0.218750 0.812500
vt 0.187500 0.812500
vt 0.281250 0.812500
vt 0.250000 0.812500
vt 0.343750 0.812500
vt 0.312500 0.812500
vt 0.406250 0.812500
vt 0.375000 0.812500
vt 0.468750 0.812500
vt 0.437500 0.812500
vt 0.531250 0.812500
vt 0.500000 0.812500
vt 0.562500 0.812500
vt 0.593750 0.812500
vt 0.656250 0.812500
vt 0.625000 0.812500
vt 0.718750 0.812500
vt 0.687500 0.812500
vt 0.781250 0.812500
vt 0.750000 0.812500
vt 0.812500 0.812500
vt 0.843750 0.812500
vt 0.906250 0.812500
vt 0.875000 0.812500
vt 0.968750 0.812500
vt 0.937500 0.812500
vt 0.031250 0.843750
vt 0.062500 0.843750
vt 0.093750 0.843750
vt 0.156250 0.843750
vt 0.125000 0.843750
vt 0.218750 0.843750
vt 0.187500 0.843750
vt 0.281250 0.843750
vt 0.250000 0.843750
vt 0.343750 0.843750
vt 0.312500 0.843750
vt 0.406250 0.843750
vt 0.375000 0.843750
vt 0.468750 0.843750
vt 0.437500 0.843750
vt 0.531250 0.843750
vt 0.500000 0.843750
vt 0.593750 0.843750
vt 0.562500 0.843750
vt 0.656250 0.843750
vt 0.625000 0.843750
vt 0.718750 0.843750
vt 0.687500 0.843750
vt 0.781250 0.843750
vt 0.750000 0.843750
vt 0.812500 0.843750
vt 0.843750 0.843750
vt 0.875000 0.843750
vt 0.906250 0.843750
vt 0.937500 0.843750
vt 0.031250 0.875000
vt 0.062500 0.875000
vt 0.125000 0.875000
vt 0.093750 0.875000
vt 0.156250 0.875000
vt 0.187500 0.875000
vt 0.218750 0.875000
vt 0.281250 0.875000
vt 0.250000 0.875000
vt 0.343750 0.875000
vt 0.312500 0.875000
vt 0.406250 0.875000
vt 0.375000 0.875000
vt 0.468750 0.875000
vt 0.437500 0.875000
vt 0.531250 0.875000
vt 0.500000 0.875000
vt 0.593750 0.875000
vt 0.562500 0.875000
vt 0.656250 0.875000
vt 0.625000 0.875000
vt 0.718750 0.875000
vt 0.687500 0.875000
vt 0.781250 0.875000
vt 0.750000 0.875000
vt 0.812500 0.875000
vt 0.843750 0.875000
vt 0.875000 0.875000
vt 0.906250 0.875000
vt 0.968750 0.843750
vt 0.937500 0.875000
vt 0.062500 0.906250
vt 0.031250 0.906250
vt 0.093750 0.906250
vt 0.125000 0.906250
vt 0.156250 0.906250
vt 0.187500 0.906250
vt 0.218750 0.906250
vt 0.250000 0.906250
vt 0.281250 0.906250
vt 0.312500 0.906250
vt 0.343750 0.906250
vt 0.406250 0.906250
vt 0.375000 0.906250
vt 0.468750 0.906250
vt 0.437500 0.906250
vt 0.531250 0.906250
vt 0.500000 0.906250
vt 0.593750 0.906250
vt 0.562500 0.906250
vt 0.656250 0.906250
vt 0.625000 0.906250
vt 0.687500 0.906250
vt 0.718750 0.906250
vt 0.750000 0.906250
vt 0.781250 0.906250
vt 0.812500 0.906250
vt 0.875000 0.906250
vt 0.843750 0.906250
vt 0.906250 0.906250
vt 0.968750 0.875000
vt 0.937500 0.906250
vt 0.062500 0.937500
vt 0.031250 0.937500
vt 0.093750 0.937500
vt 0.125000 0.937500
vt 0.156250 0.937500
vt 0.187500 0.937500
vt 0.218750 0.937500
vt 0.281250 0.937500
vt 0.250000 0.937500
vt 0.312500 0.937500
vt 0.343750 0.937500
vt 0.406250 0.937500
vt 0.375000 0.937500
vt 0.468750 0.937500
vt 0.437500 0.937500
vt 0.531250 0.937500
vt 0.500000 0.937500
vt 0.593750 0.937500
vt 0.562500 0.937500
vt 0.656250 0.937500
vt 0.625000 0.937500
vt 0.687500 0.937500
vt 0.718750 0.937500
vt 0.781250 0.937500
vt 0.750000 0.937500
vt 0.812500 0.937500
vt 0.843750 0.937500
vt 0.875000 0.937500
vt 0.906250 0.937500
vt 0.968750 0.937500
vt 0.937500 0.937500
vt 0.031250 0.968750
vt 0.062500 0.968750
vt 0.125000 0.968750
vt 0.093750 0.968750
vt 0.156250 0.968750
vt 0.218750 0.968750
vt 0.187500 0.968750
vt 0.281250 0.968750
vt 0.250000 0.968750
vt 0.312500 0.968750
vt 0.343750 0.968750
vt 0.375000 0.968750
vt 0.437500 0.968750
vt 0.406250 0.968750
vt 0.468750 0.968750
vt 0.500000 0.968750
vt 0.531250 0.968750
vt 0.562500 0.968750
vt 0.593750 0.968750
vt 0.656250 0.968750
vt 0.625000 0.968750
vt 0.687500 0.968750
vt 0.718750 0.968750
vt 0.781250 0.968750
vt 0.750000 0.968750
vt 0.843750 0.968750
vt 0.812500 0.968750
vt 0.875000 0.968750
vt 0.906250 0.968750
vt 0.937500 0.968750
vt 0.031250 0.000000
vt 0.000000 0.031250
vt 0.000000 0.000000
vt 0.062500 0.000000
vt 0.125000 0.000000
vt 0.093750 0.000000
vt 0.156250 0.000000
vt 0.187500 0.000000
vt 0.218750 0.000000
vt 0.281250 0.000000
vt 0.250000 0.000000
vt 0.312500 0.000000
vt 0.343750 0.000000
vt 0.406250 0.000000
vt 0.375000 0.000000
vt 0.468750 0.000000
vt 0.437500 0.000000
vt 0.531250 0.000000
vt 0.500000 0.000000
vt 0.562500 0.000000
vt 0.593750 0.000000
vt 0.656250 0.000000
vt 0.625000 0.000000
vt 0.718750 0.000000
vt 0.687500 0.000000
vt 0.750000 0.000000
vt 0.781250 0.000000
vt 0.812500 0.000000
vt 0.843750 0.000000
vt 0.906250 0.000000
vt 0.875000 0.000000
vt 0.968750 0.000000
vt 0.937500 0.000000
vt 1.000000 0.000000
vt 1.000000 0.031250
vt 1.000000 0.062500
vt 1.000000 0.093750
vt 1.000000 0.125000
vt 1.000000 0.156250
vt 1.000000 0.187500
vt 1.000000 0.218750
vt 1.000000 0.281250
vt 1.000000 0.312500
vt 1.000000 0.343750
vt 1.000000 0.375000
vt 1.000000 0.406250
vt 1.000000 0.437500
vt 1.000000 0.468750
vt 1.000000 0.500000
vt 1.000000 0.531250
vt 1.000000 0.562500
vt 1.000000 0.593750
vt 0.968750 0.625000
vt 1.000000 0.625000
vt 1.000000 0.656250
vt 1.000000 0.687500
vt 1.000000 0.750000
vt 0.968750 0.750000
vt 1.000000 0.781250
vt 1.000000 0.812500
vt 1.000000 0.843750
vt 1.000000 0.875000
vt 0.968750 0.906250
vt 1.000000 0.906250
vt 1.000000 0.968750
vt 0.968750 0.968750
vt 1.000000 1.000000
vt 0.968750 1.000000
vt 0.937500 1.000000
vt 0.906250 1.000000
vt 0.875000 1.000000
vt 0.843750 1.000000
vt 0.812500 1.000000
vt 0.781250 1.000000
vt 0.750000 1.000000
vt 0.718750 1.000000
vt 0.687500 1.000000
vt 0.656250 1.000000
vt 0.625000 1.000000
vt 0.593750 1.000000
vt 0.562500 1.000000
vt 0.531250 1.000000
vt 0.500000 1.000000
vt 0.468750 1.000000
vt 0.437500 1.000000
vt 0.406250 1.000000
vt 0.375000 1.000000
vt 0.343750 1.000000
vt 0.312500 1.000000
vt 0.281250 1.000000
vt 0.250000 1.000000
vt 0.218750 1.000000
vt 0.187500 1.000000
vt 0.156250 1.000000
vt 0.125000 1.000000
vt 0.093750 1.000000
vt 0.062500 1.000000
vt 0.031250 1.000000
vt 0.000000 1.000000
vt 0.000000 0.968750
vt 0.000000 0.937500
vt 0.000000 0.906250
vt 0.000000 0.875000
vt 0.000000 0.843750
vt 0.000000 0.812500
vt 0.000000 0.781250
vt 0.000000 0.750000
vt 0.000000 0.718750
vt 0.000000 0.687500
vt 0.000000 0.656250
vt 0.000000 0.625000
vt 0.000000 0.593750
vt 0.000000 0.562500
vt 0.000000 0.531250
vt 0.000000 0.500000
vt 0.000000 0.468750
vt 0.000000 0.437500
vt 0.000000 0.406250
vt 0.000000 0.375000
vt 0.000000 0.343750
vt 0.000000 0.312500
vt 0.000000 0.281250
vt 0.000000 0.250000
vt 0.000000 0.218750
vt 0.000000 0.187500
vt 0.000000 0.156250
vt 0.000000 0.125000
vt 0.000000 0.093750
vt 0.000000 0.062500
vt 1.000000 0.250000
vt 1.000000 0.718750
vt 1.000000 0.937500
s 0
f 130/1/1 160/2/1 129/3/1
f 131/4/1 161/5/1 130/1/1
f 131/4/1 163/6/1 162/7/1
f 133/8/1 163/6/1 132/9/1
f 133/8/1 165/10/1 164/11/1
f 135/12/1 165/10/1 134/13/1
f 135/12/1 167/14/1 166/15/1
f 136/16/1 168/17/1 167/14/1
f 138/18/1 168/17/1 137/19/1
f 139/20/1 169/21/1 138/18/1
f 140/22/1 170/23/1 139/20/1
f 141/24/1 171/25/1 140/22/1
f 141/24/1 173/26/1 172/27/1
f 143/28/1 173/26/1 142/29/1
f 143/28/1 175/30/1 174/31/1
f 145/32/1 175/30/1 144/33/1
f 146/34/1 176/35/1 145/32/1
f 147/36/1 177/37/1 146/34/1
f 147/36/1 179/38/1 178/39/1
f 149/40/1 179/38/1 148/41/1
f 149/40/1 181/42/1 180/43/1
f 151/44/1 181/42/1 150/45/1
f 151/44/1 183/46/1 182/47/1
f 153/48/1 183/46/1 152/49/1
f 154/50/1 184/51/1 153/48/1
f 155/52/1 185/53/1 154/50/1
f 155/52/1 187/54/1 186/55/1
f 157/56/1 187/54/1 156/57/1
f 157/56/1 189/58/1 188/59/1
f 159/60/1 189/58/1 158/61/1
f 161/5/1 191/62/1 160/2/1
f 162/7/1 192/63/1 161/5/1
f 163/6/1 193/64/1 162/7/1
f 164/11/1 194/65/1 163/6/1
f 165/10/1 195/66/1 164/11/1
f 165/10/1 197/67/1 196/68/1
f 166/15/1 198/69/1 197/67/1
f 168/17/1 198/69/1 167/14/1
f 169/21/1 199/70/1 168/17/1
f 170/23/1 200/71/1 169/21/1
f 171/25/1 201/72/1 170/23/1
f 172/27/1 202/73/1 171/25/1
f 173/26/1 203/74/1 172/27/1
f 173/26/1 205/75/1 204/76/1
f 174/31/1 206/77/1 205/75/1
f 176/35/1 206/77/1 175/30/1
f 177/37/1 207/78/1 176/35/1
f 178/39/1 208/79/1 177/37/1
f 179/38/1 209/80/1 178/39/1
f 180/43/1 210/81/1 179/38/1
f 181/42/1 211/82/1 180/43/1
f 181/42/1 213/83/1 212/84/1
f 183/46/1 213/83/1 182/47/1
f 184/51/1 214/85/1 183/46/1
f 185/53/1 215/86/1 184/51/1
f 186/55/1 216/87/1 185/53/1
f 187/54/1 217/88/1 186/55/1
f 187/54/1 219/89/1 218/90/1
f 188/59/1 220/91/1 219/89/1
f 190/92/1 220/91/1 189/58/1
f 192/63/1 222/93/1 191/62/1
f 193/64/1 223/94/1 192/63/1
f 194/65/1 224/95/1 193/64/1
f 194/65/1 226/96/1 225/97/1
f 195/66/1 227/98/1 226/96/1
f 196/68/1 228/99/1 227/98/1
f 197/67/1 229/100/1 228/99/1
f 199/70/1 229/100/1 198/69/1
f 199/70/1 231/101/1 230/102/1
f 201/72/1 231/101/1 200/71/1
f 202/73/1 232/103/1 201/72/1
f 203/74/1 233/104/1 202/73/1
f 204/76/1 234/105/1 203/74/1
f 204/76/1 236/106/1 235/107/1
f 205/75/1 237/108/1 236/106/1
f 207/78/1 237/108/1 206/77/1
f 208/79/1 238/109/1 207/78/1
f 209/80/1 239/110/1 208/79/1
f 210/81/1 240/111/1 209/80/1
f 211/82/1 241/112/1 210/81/1
f 212/84/1 242/113/1 211/82/1
f 212/84/1 244/114/1 243/115/1
f 213/83/1 245/116/1 244/114/1
f 215/86/1 245/116/1 214/85/1
f 216/87/1 246/117/1 215/86/1
f 217/88/1 247/118/1 216/87/1
f 217/88/1 249/119/1 248/120/1
f 218/90/1 250/121/1 249/119/1
f 219/89/1 251/122/1 250/121/1
f 221/123/1 251/122/1 220/91/1
f 223/94/1 253/124/1 222/93/1
f 224/95/1 254/125/1 223/94/1
f 224/95/1 256/126/1 255/127/1
f 226/96/1 256/126/1 225/97/1
f 227/98/1 257/128/1 226/96/1
f 228/99/1 258/129/1 227/98/1
f 228/99/1 260/130/1 259/131/1
f 230/102/1 260/130/1 229/100/1
f 231/101/1 261/132/1 230/102/1
f 232/103/1 262/133/1 231/101/1
f 232/103/1 264/134/1 263/135/1
f 234/105/1 264/134/1 233/104/1
f 235/107/1 265/136/1 234/105/1
f 236/106/1 266/137/1 235/107/1
f 236/106/1 268/138/1 267/139/1
f 238/109/1 268/138/1 237/108/1
f 239/110/1 269/140/1 238/109/1
f 240/111/1 270/141/1 239/110/1
f 240/111/1 272/142/1 271/143/1
f 242/113/1 272/142/1 241/112/1
f 242/113/1 274/144/1 273/145/1
f 243/115/1 275/146/1 274/144/1
f 244/114/1 276/147/1 275/146/1
f 246/117/1 276/147/1 245/116/1
f 246/117/1 278/148/1 277/149/1
f 247/118/1 279/150/1 278/148/1
f 248/120/1 280/151/1 279/150/1
f 249/119/1 281/152/1 280/151/1
f 250/121/1 282/153/1 281/152/1
f 252/154/1 282/153/1 251/122/1
f 254/125/1 284/155/1 253/124/1
f 255/127/1 285/156/1 254/125/1
f 255/127/1 287/157/1 286/158/1
f 257/128/1 287/157/1 256/126/1
f 258/129/1 288/159/1 257/128/1
f 259/131/1 289/160/1 258/129/1
f 259/131/1 291/161/1 290/162/1
f 261/132/1 291/161/1 260/130/1
f 262/133/1 292/163/1 261/132/1
f 263/135/1 293/164/1 262/133/1
f 263/135/1 295/165/1 294/166/1
f 265/136/1 295/165/1 264/134/1
f 266/137/1 296/167/1 265/136/1
f 266/137/1 298/168/1 297/169/1
f 267/139/1 299/170/1 298/168/1
f 269/140/1 299/170/1 268/138/1
f 270/141/1 300/171/1 269/140/1
f 271/143/1 301/172/1 270/141/1
f 271/143/1 303/173/1 302/174/1
f 273/145/1 303/173/1 272/142/1
f 274/144/1 304/175/1 273/145/1
f 275/146/1 305/176/1 274/144/1
f 275/146/1 307/177/1 306/178/1
f 277/149/1 307/177/1 276/147/1
f 278/148/1 308/179/1 277/149/1
f 279/150/1 309/180/1 278/148/1
f 279/150/1 311/181/1 310/182/1
f 281/152/1 311/181/1 280/151/1
f 282/153/1 312/183/1 281/152/1
f 283/184/1 313/185/1 282/153/1
f 285/156/1 315/186/1 284/155/1
f 286/158/1 316/187/1 285/156/1
f 287/157/1 317/188/1 286/158/1
f 288/159/1 318/189/1 287/157/1
f 288/159/1 320/190/1 319/191/1
f 289/160/1 321/192/1 320/190/1
f 290/162/1 322/193/1 321/192/1
f 292/163/1 322/193/1 291/161/1
f 293/164/1 323/194/1 292/163/1
f 294/166/1 324/195/1 293/164/1
f 294/166/1 326/196/1 325/197/1
f 296/167/1 326/196/1 295/165/1
f 297/169/1 327/198/1 296/167/1
f 298/168/1 328/199/1 297/169/1
f 298/168/1 330/200/1 329/201/1
f 300/171/1 330/200/1 299/170/1
f 301/172/1 331/202/1 300/171/1
f 302/174/1 332/203/1 301/172/1
f 302/174/1 334/204/1 333/205/1
f 304/175/1 334/204/1 303/173/1
f 304/175/1 336/206/1 335/207/1
f 305/176/1 337/208/1 336/206/1
f 306/178/1 338/209/1 337/208/1
f 308/179/1 338/209/1 307/177/1
f 309/180/1 339/210/1 308/179/1
f 310/182/1 340/211/1 309/180/1
f 310/182/1 342/212/1 341/213/1
f 311/181/1 343/214/1 342/212/1
f 312/183/1 344/215/1 343/214/1
f 314/216/1 344/215/1 313/185/1
f 316/187/1 346/217/1 315/186/1
f 317/188/1 347/218/1 316/187/1
f 318/189/1 348/219/1 317/188/1
f 318/189/1 350/220/1 349/221/1
f 319/191/1 351/222/1 350/220/1
f 320/190/1 352/223/1 351/222/1
f 321/192/1 353/224/1 352/223/1
f 322/193/1 354/225/1 353/224/1
f 323/194/1 355/226/1 354/225/1
f 324/195/1 356/227/1 355/226/1
f 326/196/1 356/227/1 325/197/1
f 327/198/1 357/228/1 326/196/1
f 328/199/1 358/229/1 327/198/1
f 328/199/1 360/230/1 359/231/1
f 329/201/1 361/232/1 360/230/1
f 331/202/1 361/232/1 330/200/1
f 332/203/1 362/233/1 331/202/1
f 333/205/1 363/234/1 332/203/1
f 334/204/1 364/235/1 333/205/1
f 335/207/1 365/236/1 334/204/1
f 336/206/1 366/237/1 335/207/1
f 337/208/1 367/238/1 336/206/1
f 338/209/1 368/239/1 337/208/1
f 339/210/1 369/240/1 338/209/1
f 340/211/1 370/241/1 339/210/1
f 341/213/1 371/242/1 340/211/1
f 342/212/1 372/243/1 341/213/1
f 343/214/1 373/244/1 342/212/1
f 344/215/1 374/245/1 343/214/1
f 345/246/1 375/247/1 344/215/1
f 346/217/1 378/248/1 377/249/1
f 348/219/1 378/248/1 347/218/1
f 348/219/1 380/250/1 379/251/1
f 350/220/1 380/250/1 349/221/1
f 350/220/1 382/252/1 381/253/1
f 352/223/1 382/252/1 351/222/1
f 352/223/1 384/254/1 383/255/1
f 354/225/1 384/254/1 353/224/1
f 355/226/1 385/256/1 354/225/1
f 356/227/1 386/257/1 355/226/1
f 357/228/1 387/258/1 356/227/1
f 358/229/1 388/259/1 357/228/1
f 358/229/1 390/260/1 389/261/1
f 360/230/1 390/260/1 359/231/1
f 360/230/1 392/262/1 391/263/1
f 362/233/1 392/262/1 361/232/1
f 362/233/1 394/264/1 393/265/1
f 364/235/1 394/264/1 363/234/1
f 364/235/1 396/266/1 395/267/1
f 365/236/1 397/268/1 396/266/1
f 366/237/1 398/269/1 397/268/1
f 368/239/1 398/269/1 367/238/1
f 368/239/1 400/270/1 399/271/1
f 370/241/1 400/270/1 369/240/1
f 370/241/1 402/272/1 401/273/1
f 372/243/1 402/272/1 371/242/1
f 372/243/1 404/274/1 403/275/1
f 373/244/1 405/276/1 404/274/1
f 374/245/1 406/277/1 405/276/1
f 376/278/1 406/277/1 375/247/1
f 377/249/1 409/279/1 408/280/1
f 379/251/1 409/279/1 378/248/1
f 379/251/1 411/281/1 410/282/1
f 381/253/1 411/281/1 380/250/1
f 381/253/1 413/283/1 412/284/1
f 383/255/1 413/283/1 382/252/1
f 383/255/1 415/285/1 414/286/1
f 385/256/1 415/285/1 384/254/1
f 385/256/1 417/287/1 416/288/1
f 387/258/1 417/287/1 386/257/1
f 387/258/1 419/289/1 418/290/1
f 389/261/1 419/289/1 388/259/1
f 389/261/1 421/291/1 420/292/1
f 391/263/1 421/291/1 390/260/1
f 391/263/1 423/293/1 422/294/1
f 393/265/1 423/293/1 392/262/1
f 393/265/1 425/295/1 424/296/1
f 395/267/1 425/295/1 394/264/1
f 395/267/1 427/297/1 426/298/1
f 397/268/1 427/297/1 396/266/1
f 397/268/1 429/299/1 428/300/1
f 399/271/1 429/299/1 398/269/1
f 400/270/1 430/301/1 399/271/1
f 401/273/1 431/302/1 400/270/1
f 401/273/1 433/303/1 432/304/1
f 403/275/1 433/303/1 402/272/1
f 403/275/1 435/305/1 434/306/1
f 405/276/1 435/305/1 404/274/1
f 406/277/1 436/307/1 405/276/1
f 407/308/1 437/309/1 406/277/1
f 408/280/1 440/310/1 439/311/1
f 410/282/1 440/310/1 409/279/1
f 411/281/1 441/312/1 410/282/1
f 412/284/1 442/313/1 411/281/1
f 412/284/1 444/314/1 443/315/1
f 414/286/1 444/314/1 413/283/1
f 414/286/1 446/316/1 445/317/1
f 415/285/1 447/318/1 446/316/1
f 416/288/1 448/319/1 447/318/1
f 418/290/1 448/319/1 417/287/1
f 419/289/1 449/320/1 418/290/1
f 420/292/1 450/321/1 419/289/1
f 420/292/1 452/322/1 451/323/1
f 422/294/1 452/322/1 421/291/1
f 423/293/1 453/324/1 422/294/1
f 424/296/1 454/325/1 423/293/1
f 424/296/1 456/326/1 455/327/1
f 426/298/1 456/326/1 425/295/1
f 427/297/1 457/328/1 426/298/1
f 427/297/1 459/329/1 458/330/1
f 428/300/1 460/331/1 459/329/1
f 430/301/1 460/331/1 429/299/1
f 430/301/1 462/332/1 461/333/1
f 432/304/1 462/332/1 431/302/1
f 432/304/1 464/334/1 463/335/1
f 434/306/1 464/334/1 433/303/1
f 435/305/1 465/336/1 434/306/1
f 435/305/1 467/337/1 466/338/1
f 436/307/1 468/339/1 467/337/1
f 438/340/1 468/339/1 437/309/1
f 439/311/1 471/341/1 470/342/1
f 441/312/1 471/341/1 440/310/1
f 442/313/1 472/343/1 441/312/1
f 442/313/1 474/344/1 473/345/1
f 443/315/1 475/346/1 474/344/1
f 444/314/1 476/347/1 475/346/1
f 446/316/1 476/347/1 445/317/1
f 446/316/1 478/348/1 477/349/1
f 447/318/1 479/350/1 478/348/1
f 449/320/1 479/350/1 448/319/1
f 450/321/1 480/351/1 449/320/1
f 451/323/1 481/352/1 450/321/1
f 451/323/1 483/353/1 482/354/1
f 453/324/1 483/353/1 452/322/1
f 453/324/1 485/355/1 484/356/1
f 455/327/1 485/355/1 454/325/1
f 455/327/1 487/357/1 486/358/1
f 457/328/1 487/357/1 456/326/1
f 458/330/1 488/359/1 457/328/1
f 459/329/1 489/360/1 458/330/1
f 460/331/1 490/361/1 459/329/1
f 461/333/1 491/362/1 460/331/1
f 462/332/1 492/363/1 461/333/1
f 463/335/1 493/364/1 462/332/1
f 463/335/1 495/365/1 494/366/1
f 465/336/1 495/365/1 464/334/1
f 466/338/1 496/367/1 465/336/1
f 467/337/1 497/368/1 466/338/1
f 468/339/1 498/369/1 467/337/1
f 469/370/1 499/371/1 468/339/1
f 471/341/1 501/372/1 470/342/1
f 472/343/1 502/373/1 471/341/1
f 473/345/1 503/374/1 472/343/1
f 474/344/1 504/375/1 473/345/1
f 475/346/1 505/376/1 474/344/1
f 476/347/1 506/377/1 475/346/1
f 477/349/1 507/378/1 476/347/1
f 478/348/1 508/379/1 477/349/1
f 479/350/1 509/380/1 478/348/1
f 480/351/1 510/381/1 479/350/1
f 481/352/1 511/382/1 480/351/1
f 482/354/1 512/383/1 481/352/1
f 483/353/1 513/384/1 482/354/1
f 484/356/1 514/385/1 483/353/1
f 485/355/1 515/386/1 484/356/1
f 486/358/1 516/387/1 485/355/1
f 487/357/1 517/388/1 486/358/1
f 488/359/1 518/389/1 487/357/1
f 489/360/1 519/390/1 488/359/1
f 489/360/1 521/391/1 520/392/1
f 490/361/1 522/393/1 521/391/1
f 491/362/1 523/394/1 522/393/1
f 492/363/1 524/395/1 523/394/1
f 494/366/1 524/395/1 493/364/1
f 495/365/1 525/396/1 494/366/1
f 496/367/1 526/397/1 495/365/1
f 497/368/1 527/398/1 496/367/1
f 497/368/1 529/399/1 528/400/1
f 498/369/1 530/401/1 529/399/1
f 500/402/1 530/401/1 499/371/1
f 502/373/1 532/403/1 501/372/1
f 503/374/1 533/404/1 502/373/1
f 504/375/1 534/405/1 503/374/1
f 504/375/1 536/406/1 535/407/1
f 505/376/1 537/408/1 536/406/1
f 507/378/1 537/408/1 506/377/1
f 508/379/1 538/409/1 507/378/1
f 508/379/1 540/410/1 539/411/1
f 509/380/1 541/412/1 540/410/1
f 511/382/1 541/412/1 510/381/1
f 512/383/1 542/413/1 511/382/1
f 513/384/1 543/414/1 512/383/1
f 514/385/1 544/415/1 513/384/1
f 514/385/1 546/416/1 545/417/1
f 515/386/1 547/418/1 546/416/1
f 517/388/1 547/418/1 516/387/1
f 518/389/1 548/419/1 517/388/1
f 519/390/1 549/420/1 518/389/1
f 520/392/1 550/421/1 519/390/1
f 521/391/1 551/422/1 520/392/1
f 522/393/1 552/423/1 521/391/1
f 523/394/1 553/424/1 522/393/1
f 524/395/1 554/425/1 523/394/1
f 525/396/1 555/426/1 524/395/1
f 526/397/1 556/427/1 525/396/1
f 527/398/1 557/428/1 526/397/1
f 528/400/1 558/429/1 527/398/1
f 529/399/1 559/430/1 528/400/1
f 530/401/1 560/431/1 529/399/1
f 531/432/1 561/433/1 530/401/1
f 532/403/1 564/434/1 563/435/1
f 533/404/1 565/436/1 564/434/1
f 535/407/1 565/436/1 534/405/1
f 536/406/1 566/437/1 535/407/1
f 537/408/1 567/438/1 536/406/1
f 538/409/1 568/439/1 537/408/1
f 539/411/1 569/440/1 538/409/1
f 540/410/1 570/441/1 539/411/1
f 541/412/1 571/442/1 540/410/1
f 542/413/1 572/443/1 541/412/1
f 542/413/1 574/444/1 573/445/1
f 543/414/1 575/446/1 574/444/1
f 544/415/1 576/447/1 575/446/1
f 545/417/1 577/448/1 576/447/1
f 547/418/1 577/448/1 546/416/1
f 548/419/1 578/449/1 547/418/1
f 549/420/1 579/450/1 548/419/1
f 550/421/1 580/451/1 549/420/1
f 551/422/1 581/452/1 550/421/1
f 551/422/1 583/453/1 582/454/1
f 552/423/1 584/455/1 583/453/1
f 553/424/1 585/456/1 584/455/1
f 554/425/1 586/457/1 585/456/1
f 556/427/1 586/457/1 555/426/1
f 557/428/1 587/458/1 556/427/1
f 558/429/1 588/459/1 557/428/1
f 559/430/1 589/460/1 558/429/1
f 559/430/1 591/461/1 590/462/1
f 560/431/1 592/463/1 591/461/1
f 562/464/1 592/463/1 561/433/1
f 564/434/1 594/465/1 563/435/1
f 564/434/1 596/466/1 595/467/1
f 565/436/1 597/468/1 596/466/1
f 566/437/1 598/469/1 597/468/1
f 567/438/1 599/470/1 598/469/1
f 569/440/1 599/470/1 568/439/1
f 570/441/1 600/471/1 569/440/1
f 570/441/1 602/472/1 601/473/1
f 571/442/1 603/474/1 602/472/1
f 572/443/1 604/475/1 603/474/1
f 573/445/1 605/476/1 604/475/1
f 574/444/1 606/477/1 605/476/1
f 575/446/1 607/478/1 606/477/1
f 576/447/1 608/479/1 607/478/1
f 577/448/1 609/480/1 608/479/1
f 579/450/1 609/480/1 578/449/1
f 580/451/1 610/481/1 579/450/1
f 581/452/1 611/482/1 580/451/1
f 582/454/1 612/483/1 581/452/1
f 583/453/1 613/484/1 582/454/1
f 584/455/1 614/485/1 583/453/1
f 585/456/1 615/486/1 584/455/1
f 586/457/1 616/487/1 585/456/1
f 587/458/1 617/488/1 586/457/1
f 588/459/1 618/489/1 587/458/1
f 589/460/1 619/490/1 588/459/1
f 590/462/1 620/491/1 589/460/1
f 591/461/1 621/492/1 590/462/1
f 592/463/1 622/493/1 591/461/1
f 593/494/1 623/495/1 592/463/1
f 595/467/1 625/496/1 594/465/1
f 596/466/1 626/497/1 595/467/1
f 597/468/1 627/498/1 596/466/1
f 598/469/1 628/499/1 597/468/1
f 599/470/1 629/500/1 598/469/1
f 600/471/1 630/501/1 599/470/1
f 601/473/1 631/502/1 600/471/1
f 602/472/1 632/503/1 601/473/1
f 603/474/1 633/504/1 602/472/1
f 603/474/1 635/505/1 634/506/1
f 605/476/1 635/505/1 604/475/1
f 606/477/1 636/507/1 605/476/1
f 607/478/1 637/508/1 606/477/1
f 608/479/1 638/509/1 607/478/1
f 609/480/1 639/510/1 608/479/1
f 609/480/1 641/511/1 640/512/1
f 611/482/1 641/511/1 610/481/1
f 611/482/1 643/513/1 642/514/1
f 613/484/1 643/513/1 612/483/1
f 613/484/1 645/515/1 644/516/1
f 614/485/1 646/517/1 645/515/1
f 615/486/1 647/518/1 646/517/1
f 616/487/1 648/519/1 647/518/1
f 617/488/1 649/520/1 648/519/1
f 619/490/1 649/520/1 618/489/1
f 620/491/1 650/521/1 619/490/1
f 621/492/1 651/522/1 620/491/1
f 621/492/1 653/523/1 652/524/1
f 622/493/1 654/525/1 653/523/1
f 624/526/1 654/525/1 623/495/1
f 626/497/1 656/527/1 625/496/1
f 627/498/1 657/528/1 626/497/1
f 628/499/1 658/529/1 627/498/1
f 628/499/1 660/530/1 659/531/1
f 630/501/1 660/530/1 629/500/1
f 630/501/1 662/532/1 661/533/1
f 632/503/1 662/532/1 631/502/1
f 632/503/1 664/534/1 663/535/1
f 633/504/1 665/536/1 664/534/1
f 635/505/1 665/536/1 634/506/1
f 636/507/1 666/537/1 635/505/1
f 637/508/1 667/538/1 636/507/1
f 638/509/1 668/539/1 637/508/1
f 639/510/1 669/540/1 638/509/1
f 640/512/1 670/541/1 639/510/1
f 640/512/1 672/542/1 671/543/1
f 641/511/1 673/544/1 672/542/1
f 642/514/1 674/545/1 673/544/1
f 644/516/1 674/545/1 643/513/1
f 645/515/1 675/546/1 644/516/1
f 646/517/1 676/547/1 645/515/1
f 647/518/1 677/548/1 646/517/1
f 648/519/1 678/549/1 647/518/1
f 648/519/1 680/550/1 679/551/1
f 650/521/1 680/550/1 649/520/1
f 651/522/1 681/552/1 650/521/1
f 652/524/1 682/553/1 651/522/1
f 653/523/1 683/554/1 652/524/1
f 654/525/1 684/555/1 653/523/1
f 655/556/1 685/557/1 654/525/1
f 656/527/1 688/558/1 687/559/1
f 658/529/1 688/558/1 657/528/1
f 659/531/1 689/560/1 658/529/1
f 660/530/1 690/561/1 659/531/1
f 661/533/1 691/562/1 660/530/1
f 662/532/1 692/563/1 661/533/1
f 663/535/1 693/564/1 662/532/1
f 664/534/1 694/565/1 663/535/1
f 665/536/1 695/566/1 664/534/1
f 666/537/1 696/567/1 665/536/1
f 667/538/1 697/568/1 666/537/1
f 668/539/1 698/569/1 667/538/1
f 669/540/1 699/570/1 668/539/1
f 670/541/1 700/571/1 669/540/1
f 671/543/1 701/572/1 670/541/1
f 672/542/1 702/573/1 671/543/1
f 672/542/1 704/574/1 703/575/1
f 674/545/1 704/574/1 673/544/1
f 675/546/1 705/576/1 674/545/1
f 675/546/1 707/577/1 706/578/1
f 676/547/1 708/579/1 707/577/1
f 677/548/1 709/580/1 708/579/1
f 678/549/1 710/581/1 709/580/1
f 679/551/1 711/582/1 710/581/1
f 681/552/1 711/582/1 680/550/1
f 681/552/1 713/583/1 712/584/1
f 683/554/1 713/583/1 682/553/1
f 683/554/1 715/585/1 714/586/1
f 684/555/1 716/587/1 715/585/1
f 686/588/1 716/587/1 685/557/1
f 688/558/1 718/589/1 687/559/1
f 689/560/1 719/590/1 688/558/1
f 690/561/1 720/591/1 689/560/1
f 690/561/1 722/592/1 721/593/1
f 691/562/1 723/594/1 722/592/1
f 692/563/1 724/595/1 723/594/1
f 694/565/1 724/595/1 693/564/1
f 694/565/1 726/596/1 725/597/1
f 695/566/1 727/598/1 726/596/1
f 697/568/1 727/598/1 696/567/1
f 698/569/1 728/599/1 697/568/1
f 699/570/1 729/600/1 698/569/1
f 700/571/1 730/601/1 699/570/1
f 701/572/1 731/602/1 700/571/1
f 702/573/1 732/603/1 701/572/1
f 703/575/1 733/604/1 702/573/1
f 703/575/1 735/605/1 734/606/1
f 705/576/1 735/605/1 704/574/1
f 706/578/1 736/607/1 705/576/1
f 707/577/1 737/608/1 706/578/1
f 708/579/1 738/609/1 707/577/1
f 709/580/1 739/610/1 708/579/1
f 710/581/1 740/611/1 709/580/1
f 711/582/1 741/612/1 710/581/1
f 712/584/1 742/613/1 711/582/1
f 712/584/1 744/614/1 743/615/1
f 714/586/1 744/614/1 713/583/1
f 715/585/1 745/616/1 714/586/1
f 716/587/1 746/617/1 715/585/1
f 717/618/1 747/619/1 716/587/1
f 719/590/1 749/620/1 718/589/1
f 720/591/1 750/621/1 719/590/1
f 721/593/1 751/622/1 720/591/1
f 722/592/1 752/623/1 721/593/1
f 723/594/1 753/624/1 722/592/1
f 724/595/1 754/625/1 723/594/1
f 725/597/1 755/626/1 724/595/1
f 726/596/1 756/627/1 725/597/1
f 727/598/1 757/628/1 726/596/1
f 728/599/1 758/629/1 727/598/1
f 729/600/1 759/630/1 728/599/1
f 730/601/1 760/631/1 729/600/1
f 731/602/1 761/632/1 730/601/1
f 732/603/1 762/633/1 731/602/1
f 733/604/1 763/634/1 732/603/1
f 733/604/1 765/635/1 764/636/1
f 734/606/1 766/637/1 765/635/1
f 736/607/1 766/637/1 735/605/1
f 737/608/1 767/638/1 736/607/1
f 737/608/1 769/639/1 768/640/1
f 738/609/1 770/641/1 769/639/1
f 739/610/1 771/642/1 770/641/1
f 741/612/1 771/642/1 740/611/1
f 741/612/1 773/643/1 772/644/1
f 743/615/1 773/643/1 742/613/1
f 743/615/1 775/645/1 774/646/1
f 745/616/1 775/645/1 744/614/1
f 745/616/1 777/647/1 776/648/1
f 747/619/1 777/647/1 746/617/1
f 747/619/1 779/649/1 778/650/1
f 750/621/1 780/651/1 749/620/1
f 751/622/1 781/652/1 750/621/1
f 752/623/1 782/653/1 751/622/1
f 753/624/1 783/654/1 752/623/1
f 754/625/1 784/655/1 753/624/1
f 755/626/1 785/656/1 754/625/1
f 756/627/1 786/657/1 755/626/1
f 757/628/1 787/658/1 756/627/1
f 758/629/1 788/659/1 757/628/1
f 759/630/1 789/660/1 758/629/1
f 759/630/1 791/661/1 790/662/1
f 761/632/1 791/661/1 760/631/1
f 762/633/1 792/663/1 761/632/1
f 762/633/1 794/664/1 793/665/1
f 764/636/1 794/664/1 763/634/1
f 764/636/1 796/666/1 795/667/1
f 766/637/1 796/666/1 765/635/1
f 767/638/1 797/668/1 766/637/1
f 768/640/1 798/669/1 767/638/1
f 769/639/1 799/670/1 768/640/1
f 770/641/1 800/671/1 769/639/1
f 771/642/1 801/672/1 770/641/1
f 772/644/1 802/673/1 771/642/1
f 772/644/1 804/674/1 803/675/1
f 774/646/1 804/674/1 773/643/1
f 774/646/1 806/676/1 805/677/1
f 776/648/1 806/676/1 775/645/1
f 777/647/1 807/678/1 776/648/1
f 778/650/1 808/679/1 777/647/1
f 778/650/1 810/680/1 809/681/1
f 781/652/1 811/682/1 780/651/1
f 781/652/1 813/683/1 812/684/1
f 783/654/1 813/683/1 782/653/1
f 784/655/1 814/685/1 783/654/1
f 784/655/1 816/686/1 815/687/1
f 785/656/1 817/688/1 816/686/1
f 787/658/1 817/688/1 786/657/1
f 788/659/1 818/689/1 787/658/1
f 789/660/1 819/690/1 788/659/1
f 790/662/1 820/691/1 789/660/1
f 791/661/1 821/692/1 790/662/1
f 791/661/1 823/693/1 822/694/1
f 793/665/1 823/693/1 792/663/1
f 793/665/1 825/695/1 824/696/1
f 795/667/1 825/695/1 794/664/1
f 795/667/1 827/697/1 826/698/1
f 797/668/1 827/697/1 796/666/1
f 797/668/1 829/699/1 828/700/1
f 799/670/1 829/699/1 798/669/1
f 799/670/1 831/701/1 830/702/1
f 800/671/1 832/703/1 831/701/1
f 801/672/1 833/704/1 832/703/1
f 802/673/1 834/705/1 833/704/1
f 804/674/1 834/705/1 803/675/1
f 805/677/1 835/706/1 804/674/1
f 805/677/1 837/707/1 836/708/1
f 807/678/1 837/707/1 806/676/1
f 807/678/1 839/709/1 838/710/1
f 809/681/1 839/709/1 808/679/1
f 809/681/1 841/711/1 840/712/1
f 812/684/1 842/713/1 811/682/1
f 812/684/1 844/714/1 843/715/1
f 814/685/1 844/714/1 813/683/1
f 814/685/1 846/716/1 845/717/1
f 815/687/1 847/718/1 846/716/1
f 816/686/1 848/719/1 847/718/1
f 817/688/1 849/720/1 848/719/1
f 818/689/1 850/721/1 849/720/1
f 819/690/1 851/722/1 850/721/1
f 821/692/1 851/722/1 820/691/1
f 822/694/1 852/723/1 821/692/1
f 822/694/1 854/724/1 853/725/1
f 824/696/1 854/724/1 823/693/1
f 824/696/1 856/726/1 855/727/1
f 826/698/1 856/726/1 825/695/1
f 826/698/1 858/728/1 857/729/1
f 828/700/1 858/728/1 827/697/1
f 828/700/1 860/730/1 859/731/1
f 830/702/1 860/730/1 829/699/1
f 831/701/1 861/732/1 830/702/1
f 831/701/1 863/733/1 862/734/1
f 833/704/1 863/733/1 832/703/1
f 834/705/1 864/735/1 833/704/1
f 835/706/1 865/736/1 834/705/1
f 836/708/1 866/737/1 835/706/1
f 836/708/1 868/738/1 867/739/1
f 838/710/1 868/738/1 837/707/1
f 839/709/1 869/740/1 838/710/1
f 840/712/1 870/741/1 839/709/1
f 841/711/1 871/742/1 840/712/1
f 843/715/1 873/743/1 842/713/1
f 844/714/1 874/744/1 843/715/1
f 845/717/1 875/745/1 844/714/1
f 846/716/1 876/746/1 845/717/1
f 846/716/1 878/747/1 877/748/1
f 847/718/1 879/749/1 878/747/1
f 849/720/1 879/749/1 848/719/1
f 849/720/1 881/750/1 880/751/1
f 851/722/1 881/750/1 850/721/1
f 852/723/1 882/752/1 851/722/1
f 853/725/1 883/753/1 852/723/1
f 854/724/1 884/754/1 853/725/1
f 855/727/1 885/755/1 854/724/1
f 856/726/1 886/756/1 855/727/1
f 857/729/1 887/757/1 856/726/1
f 858/728/1 888/758/1 857/729/1
f 859/731/1 889/759/1 858/728/1
f 860/730/1 890/760/1 859/731/1
f 861/732/1 891/761/1 860/730/1
f 861/732/1 893/762/1 892/763/1
f 862/734/1 894/764/1 893/762/1
f 863/733/1 895/765/1 894/764/1
f 865/736/1 895/765/1 864/735/1
f 865/736/1 897/766/1 896/767/1
f 867/739/1 897/766/1 866/737/1
f 868/738/1 898/768/1 867/739/1
f 869/740/1 899/769/1 868/738/1
f 870/741/1 900/770/1 869/740/1
f 871/742/1 901/771/1 870/741/1
f 871/742/1 903/772/1 902/773/1
f 874/744/1 904/774/1 873/743/1
f 875/745/1 905/775/1 874/744/1
f 876/746/1 906/776/1 875/745/1
f 876/746/1 908/777/1 907/778/1
f 878/747/1 908/777/1 877/748/1
f 878/747/1 910/779/1 909/780/1
f 880/751/1 910/779/1 879/749/1
f 880/751/1 912/781/1 911/782/1
f 882/752/1 912/781/1 881/750/1
f 882/752/1 914/783/1 913/784/1
f 884/754/1 914/783/1 883/753/1
f 884/754/1 916/785/1 915/786/1
f 886/756/1 916/785/1 885/755/1
f 886/756/1 918/787/1 917/788/1
f 888/758/1 918/787/1 887/757/1
f 888/758/1 920/789/1 919/790/1
f 890/760/1 920/789/1 889/759/1
f 891/761/1 921/791/1 890/760/1
f 892/763/1 922/792/1 891/761/1
f 892/763/1 924/793/1 923/794/1
f 894/764/1 924/793/1 893/762/1
f 894/764/1 926/795/1 925/796/1
f 896/767/1 926/795/1 895/765/1
f 896/767/1 928/797/1 927/798/1
f 897/766/1 929/799/1 928/797/1
f 899/769/1 929/799/1 898/768/1
f 900/770/1 930/800/1 899/769/1
f 900/770/1 932/801/1 931/802/1
f 902/773/1 932/801/1 901/771/1
f 902/773/1 934/803/1 933/804/1
f 905/775/1 935/805/1 904/774/1
f 906/776/1 936/806/1 905/775/1
f 907/778/1 937/807/1 906/776/1
f 907/778/1 939/808/1 938/809/1
f 909/780/1 939/808/1 908/777/1
f 909/780/1 941/810/1 940/811/1
f 911/782/1 941/810/1 910/779/1
f 911/782/1 943/812/1 942/813/1
f 913/784/1 943/812/1 912/781/1
f 913/784/1 945/814/1 944/815/1
f 915/786/1 945/814/1 914/783/1
f 915/786/1 947/816/1 946/817/1
f 917/788/1 947/816/1 916/785/1
f 917/788/1 949/818/1 948/819/1
f 919/790/1 949/818/1 918/787/1
f 919/790/1 951/820/1 950/821/1
f 921/791/1 951/820/1 920/789/1
f 921/791/1 953/822/1 952/823/1
f 923/794/1 953/822/1 922/792/1
f 923/794/1 955/824/1 954/825/1
f 925/796/1 955/824/1 924/793/1
f 925/796/1 957/826/1 956/827/1
f 927/798/1 957/826/1 926/795/1
f 927/798/1 959/828/1 958/829/1
f 928/797/1 960/830/1 959/828/1
f 930/800/1 960/830/1 929/799/1
f 931/802/1 961/831/1 930/800/1
f 932/801/1 962/832/1 931/802/1
f 933/804/1 963/833/1 932/801/1
f 934/803/1 964/834/1 933/804/1
f 936/806/1 966/835/1 935/805/1
f 937/807/1 967/836/1 936/806/1
f 937/807/1 969/837/1 968/838/1
f 938/809/1 970/839/1 969/837/1
f 939/808/1 971/840/1 970/839/1
f 940/811/1 972/841/1 971/840/1
f 942/813/1 972/841/1 941/810/1
f 942/813/1 974/842/1 973/843/1
f 944/815/1 974/842/1 943/812/1
f 944/815/1 976/844/1 975/845/1
f 946/817/1 976/844/1 945/814/1
f 946/817/1 978/846/1 977/847/1
f 948/819/1 978/846/1 947/816/1
f 948/819/1 980/848/1 979/849/1
f 950/821/1 980/848/1 949/818/1
f 950/821/1 982/850/1 981/851/1
f 952/823/1 982/850/1 951/820/1
f 952/823/1 984/852/1 983/853/1
f 954/825/1 984/852/1 953/822/1
f 954/825/1 986/854/1 985/855/1
f 956/827/1 986/854/1 955/824/1
f 956/827/1 988/856/1 987/857/1
f 958/829/1 988/856/1 957/826/1
f 958/829/1 990/858/1 989/859/1
f 960/830/1 990/858/1 959/828/1
f 961/831/1 991/860/1 960/830/1
f 962/832/1 992/861/1 961/831/1
f 963/833/1 993/862/1 962/832/1
f 964/834/1 994/863/1 963/833/1
f 965/864/1 995/865/1 964/834/1
f 966/835/1 998/866/1 997/867/1
f 967/836/1 999/868/1 998/866/1
f 968/838/1 1000/869/1 999/868/1
f 969/837/1 1001/870/1 1000/869/1
f 971/840/1 1001/870/1 970/839/1
f 972/841/1 1002/871/1 971/840/1
f 973/843/1 1003/872/1 972/841/1
f 974/842/1 1004/873/1 973/843/1
f 975/845/1 1005/874/1 974/842/1
f 976/844/1 1006/875/1 975/845/1
f 977/847/1 1007/876/1 976/844/1
f 977/847/1 1009/877/1 1008/878/1
f 979/849/1 1009/877/1 978/846/1
f 979/849/1 1011/879/1 1010/880/1
f 981/851/1 1011/879/1 980/848/1
f 981/851/1 1013/881/1 1012/882/1
f 983/853/1 1013/881/1 982/850/1
f 983/853/1 1015/883/1 1014/884/1
f 985/855/1 1015/883/1 984/852/1
f 985/855/1 1017/885/1 1016/886/1
f 986/854/1 1018/887/1 1017/885/1
f 987/857/1 1019/888/1 1018/887/1
f 988/856/1 1020/889/1 1019/888/1
f 990/858/1 1020/889/1 989/859/1
f 991/860/1 1021/890/1 990/858/1
f 992/861/1 1022/891/1 991/860/1
f 992/861/1 1024/892/1 1023/893/1
f 994/863/1 1024/892/1 993/862/1
f 995/865/1 1025/894/1 994/863/1
f 996/895/1 1026/896/1 995/865/1
f 997/867/1 1029/897/1 1028/898/1
f 998/866/1 1030/899/1 1029/897/1
f 999/868/1 1031/900/1 1030/899/1
f 1000/869/1 1032/901/1 1031/900/1
f 1001/870/1 1033/902/1 1032/901/1
f 1003/872/1 1033/902/1 1002/871/1
f 1004/873/1 1034/903/1 1003/872/1
f 1004/873/1 1036/904/1 1035/905/1
f 1005/874/1 1037/906/1 1036/904/1
f 1007/876/1 1037/906/1 1006/875/1
f 1008/878/1 1038/907/1 1007/876/1
f 1008/878/1 1040/908/1 1039/909/1
f 1010/880/1 1040/908/1 1009/877/1
f 1010/880/1 1042/910/1 1041/911/1
f 1012/882/1 1042/910/1 1011/879/1
f 1012/882/1 1044/912/1 1043/913/1
f 1014/884/1 1044/912/1 1013/881/1
f 1014/884/1 1046/914/1 1045/915/1
f 1016/886/1 1046/914/1 1015/883/1
f 1016/886/1 1048/916/1 1047/917/1
f 1017/885/1 1049/918/1 1048/916/1
f 1019/888/1 1049/918/1 1018/887/1
f 1020/889/1 1050/919/1 1019/888/1
f 1020/889/1 1052/920/1 1051/921/1
f 1022/891/1 1052/920/1 1021/890/1
f 1023/893/1 1053/922/1 1022/891/1
f 1024/892/1 1054/923/1 1023/893/1
f 1025/894/1 1055/924/1 1024/892/1
f 1026/896/1 1056/925/1 1025/894/1
f 1026/896/1 1058/926/1 1057/927/1
f 1029/897/1 1059/928/1 1028/898/1
f 1030/899/1 1060/929/1 1029/897/1
f 1030/899/1 1062/930/1 1061/931/1
f 1031/900/1 1063/932/1 1062/930/1
f 1033/902/1 1063/932/1 1032/901/1
f 1033/902/1 1065/933/1 1064/934/1
f 1035/905/1 1065/933/1 1034/903/1
f 1035/905/1 1067/935/1 1066/936/1
f 1037/906/1 1067/935/1 1036/904/1
f 1038/907/1 1068/937/1 1037/906/1
f 1039/909/1 1069/938/1 1038/907/1
f 1040/908/1 1070/939/1 1039/909/1
f 1040/908/1 1072/940/1 1071/941/1
f 1041/911/1 1073/942/1 1072/940/1
f 1043/913/1 1073/942/1 1042/910/1
f 1044/912/1 1074/943/1 1043/913/1
f 1045/915/1 1075/944/1 1044/912/1
f 1046/914/1 1076/945/1 1045/915/1
f 1047/917/1 1077/946/1 1046/914/1
f 1047/917/1 1079/947/1 1078/948/1
f 1048/916/1 1080/949/1 1079/947/1
f 1049/918/1 1081/950/1 1080/949/1
f 1051/921/1 1081/950/1 1050/919/1
f 1051/921/1 1083/951/1 1082/952/1
f 1053/922/1 1083/951/1 1052/920/1
f 1053/922/1 1085/953/1 1084/954/1
f 1055/924/1 1085/953/1 1054/923/1
f 1056/925/1 1086/955/1 1055/924/1
f 1057/927/1 1087/956/1 1056/925/1
f 1058/926/1 1088/957/1 1057/927/1
f 36/958/1 35/959/1 1/960/1
f 37/961/1 129/3/1 36/958/1
f 37/961/1 131/4/1 130/1/1
f 39/962/1 131/4/1 38/963/1
f 40/964/1 132/9/1 39/962/1
f 41/965/1 133/8/1 40/964/1
f 42/966/1 134/13/1 41/965/1
f 42/966/1 136/16/1 135/12/1
f 44/967/1 136/16/1 43/968/1
f 45/969/1 137/19/1 44/967/1
f 46/970/1 138/18/1 45/969/1
f 46/970/1 140/22/1 139/20/1
f 48/971/1 140/22/1 47/972/1
f 48/971/1 142/29/1 141/24/1
f 50/973/1 142/29/1 49/974/1
f 50/973/1 144/33/1 143/28/1
f 52/975/1 144/33/1 51/976/1
f 53/977/1 145/32/1 52/975/1
f 54/978/1 146/34/1 53/977/1
f 54/978/1 148/41/1 147/36/1
f 56/979/1 148/41/1 55/980/1
f 56/979/1 150/45/1 149/40/1
f 58/981/1 150/45/1 57/982/1
f 59/983/1 151/44/1 58/981/1
f 60/984/1 152/49/1 59/983/1
f 61/985/1 153/48/1 60/984/1
f 62/986/1 154/50/1 61/985/1
f 62/986/1 156/57/1 155/52/1
f 64/987/1 156/57/1 63/988/1
f 64/987/1 158/61/1 157/56/1
f 66/989/1 158/61/1 65/990/1
f 2/991/1 159/60/1 66/989/1
f 67/992/1 190/92/1 159/60/1
f 68/993/1 221/123/1 190/92/1
f 69/994/1 252/154/1 221/123/1
f 70/995/1 283/184/1 252/154/1
f 71/996/1 314/216/1 283/184/1
f 72/997/1 345/246/1 314/216/1
f 73/998/1 376/278/1 345/246/1
f 376/278/1 75/999/1 407/308/1
f 407/308/1 76/1000/1 438/340/1
f 76/1000/1 469/370/1 438/340/1
f 77/1001/1 500/402/1 469/370/1
f 78/1002/1 531/432/1 500/402/1
f 79/1003/1 562/464/1 531/432/1
f 80/1004/1 593/494/1 562/464/1
f 81/1005/1 624/526/1 593/494/1
f 82/1006/1 655/556/1 624/526/1
f 83/1007/1 686/588/1 655/556/1
f 84/1008/1 717/618/1 686/588/1
f 85/1009/1 748/1010/1 717/618/1
f 86/1011/1 779/649/1 748/1010/1
f 87/1012/1 810/680/1 779/649/1
f 88/1013/1 841/711/1 810/680/1
f 841/711/1 90/1014/1 872/1015/1
f 90/1014/1 903/772/1 872/1015/1
f 91/1016/1 934/803/1 903/772/1
f 92/1017/1 965/864/1 934/803/1
f 93/1018/1 996/895/1 965/864/1
f 94/1019/1 1027/1020/1 996/895/1
f 95/1021/1 1058/926/1 1027/1020/1
f 1058/926/1 97/1022/1 1089/1023/1
f 1089/1023/1 4/1024/1 98/1025/1
f 1089/1023/1 99/1026/1 1088/957/1
f 1088/957/1 100/1027/1 1087/956/1
f 1087/956/1 101/1028/1 1086/955/1
f 1086/955/1 102/1029/1 1085/953/1
f 1085/953/1 103/1030/1 1084/954/1
f 1084/954/1 104/1031/1 1083/951/1
f 1082/952/1 104/1031/1 105/1032/1
f 1082/952/1 106/1033/1 1081/950/1
f 1080/949/1 106/1033/1 107/1034/1
f 1080/949/1 108/1035/1 1079/947/1
f 1078/948/1 108/1035/1 109/1036/1
f 1078/948/1 110/1037/1 1077/946/1
f 1077/946/1 111/1038/1 1076/945/1
f 1076/945/1 112/1039/1 1075/944/1
f 1075/944/1 113/1040/1 1074/943/1
f 1073/942/1 113/1040/1 114/1041/1
f 1072/940/1 114/1041/1 115/1042/1
f 1071/941/1 115/1042/1 116/1043/1
f 1070/939/1 116/1043/1 117/1044/1
f 1070/939/1 118/1045/1 1069/938/1
f 1069/938/1 119/1046/1 1068/937/1
f 1068/937/1 120/1047/1 1067/935/1
f 1066/936/1 120/1047/1 121/1048/1
f 1066/936/1 122/1049/1 1065/933/1
f 1064/934/1 122/1049/1 123/1050/1
f 1063/932/1 123/1050/1 124/1051/1
f 1062/930/1 124/1051/1 125/1052/1
f 1061/931/1 125/1052/1 126/1053/1
f 1060/929/1 126/1053/1 127/1054/1
f 1060/929/1 128/1055/1 1059/928/1
f 1059/928/1 3/1056/1 5/1057/1
f 1028/898/1 5/1057/1 6/1058/1
f 7/1059/1 1028/898/1 6/1058/1
f 966/835/1 7/1059/1 8/1060/1
f 935/805/1 8/1060/1 9/1061/1
f 904/774/1 9/1061/1 10/1062/1
f 873/743/1 10/1062/1 11/1063/1
f 842/713/1 11/1063/1 12/1064/1
f 13/1065/1 842/713/1 12/1064/1
f 14/1066/1 811/682/1 13/1065/1
f 749/620/1 14/1066/1 15/1067/1
f 718/589/1 15/1067/1 16/1068/1
f 17/1069/1 718/589/1 16/1068/1
f 18/1070/1 687/559/1 17/1069/1
f 19/1071/1 656/527/1 18/1070/1
f 20/1072/1 625/496/1 19/1071/1
f 563/435/1 20/1072/1 21/1073/1
f 532/403/1 21/1073/1 22/1074/1
f 501/372/1 22/1074/1 23/1075/1
f 470/342/1 23/1075/1 24/1076/1
f 439/311/1 24/1076/1 25/1077/1
f 408/280/1 25/1077/1 26/1078/1
f 377/249/1 26/1078/1 27/1079/1
f 346/217/1 27/1079/1 28/1080/1
f 315/186/1 28/1080/1 29/1081/1
f 284/155/1 29/1081/1 30/1082/1
f 253/124/1 30/1082/1 31/1083/1
f 222/93/1 31/1083/1 32/1084/1
f 191/62/1 32/1084/1 33/1085/1
f 160/2/1 33/1085/1 34/1086/1
f 129/3/1 34/1086/1 35/959/1
f 130/1/1 161/5/1 160/2/1
f 131/4/1 162/7/1 161/5/1
f 131/4/1 132/9/1 163/6/1
f 133/8/1 164/11/1 163/6/1
f 133/8/1 134/13/1 165/10/1
f 135/12/1 166/15/1 165/10/1
f 135/12/1 136/16/1 167/14/1
f 136/16/1 137/19/1 168/17/1
f 138/18/1 169/21/1 168/17/1
f 139/20/1 170/23/1 169/21/1
f 140/22/1 171/25/1 170/23/1
f 141/24/1 172/27/1 171/25/1
f 141/24/1 142/29/1 173/26/1
f 143/28/1 174/31/1 173/26/1
f 143/28/1 144/33/1 175/30/1
f 145/32/1 176/35/1 175/30/1
f 146/34/1 177/37/1 176/35/1
f 147/36/1 178/39/1 177/37/1
f 147/36/1 148/41/1 179/38/1
f 149/40/1 180/43/1 179/38/1
f 149/40/1 150/45/1 181/42/1
f 151/44/1 182/47/1 181/42/1
f 151/44/1 152/49/1 183/46/1
f 153/48/1 184/51/1 183/46/1
f 154/50/1 185/53/1 184/51/1
f 155/52/1 186/55/1 185/53/1
f 155/52/1 156/57/1 187/54/1
f 157/56/1 188/59/1 187/54/1
f 157/56/1 158/61/1 189/58/1
f 159/60/1 190/92/1 189/58/1
f 161/5/1 192/63/1 191/62/1
f 162/7/1 193/64/1 192/63/1
f 163/6/1 194/65/1 193/64/1
f 164/11/1 195/66/1 194/65/1
f 165/10/1 196/68/1 195/66/1
f 165/10/1 166/15/1 197/67/1
f 166/15/1 167/14/1 198/69/1
f 168/17/1 199/70/1 198/69/1
f 169/21/1 200/71/1 199/70/1
f 170/23/1 201/72/1 200/71/1
f 171/25/1 202/73/1 201/72/1
f 172/27/1 203/74/1 202/73/1
f 173/26/1 204/76/1 203/74/1
f 173/26/1 174/31/1 205/75/1
f 174/31/1 175/30/1 206/77/1
f 176/35/1 207/78/1 206/77/1
f 177/37/1 208/79/1 207/78/1
f 178/39/1 209/80/1 208/79/1
f 179/38/1 210/81/1 209/80/1
f 180/43/1 211/82/1 210/81/1
f 181/42/1 212/84/1 211/82/1
f 181/42/1 182/47/1 213/83/1
f 183/46/1 214/85/1 213/83/1
f 184/51/1 215/86/1 214/85/1
f 185/53/1 216/87/1 215/86/1
f 186/55/1 217/88/1 216/87/1
f 187/54/1 218/90/1 217/88/1
f 187/54/1 188/59/1 219/89/1
f 188/59/1 189/58/1 220/91/1
f 190/92/1 221/123/1 220/91/1
f 192/63/1 223/94/1 222/93/1
f 193/64/1 224/95/1 223/94/1
f 194/65/1 225/97/1 224/95/1
f 194/65/1 195/66/1 226/96/1
f 195/66/1 196/68/1 227/98/1
f 196/68/1 197/67/1 228/99/1
f 197/67/1 198/69/1 229/100/1
f 199/70/1 230/102/1 229/100/1
f 199/70/1 200/71/1 231/101/1
f 201/72/1 232/103/1 231/101/1
f 202/73/1 233/104/1 232/103/1
f 203/74/1 234/105/1 233/104/1
f 204/76/1 235/107/1 234/105/1
f 204/76/1 205/75/1 236/106/1
f 205/75/1 206/77/1 237/108/1
f 207/78/1 238/109/1 237/108/1
f 208/79/1 239/110/1 238/109/1
f 209/80/1 240/111/1 239/110/1
f 210/81/1 241/112/1 240/111/1
f 211/82/1 242/113/1 241/112/1
f 212/84/1 243/115/1 242/113/1
f 212/84/1 213/83/1 244/114/1
f 213/83/1 214/85/1 245/116/1
f 215/86/1 246/117/1 245/116/1
f 216/87/1 247/118/1 246/117/1
f 217/88/1 248/120/1 247/118/1
f 217/88/1 218/90/1 249/119/1
f 218/90/1 219/89/1 250/121/1
f 219/89/1 220/91/1 251/122/1
f 221/123/1 252/154/1 251/122/1
f 223/94/1 254/125/1 253/124/1
f 224/95/1 255/127/1 254/125/1
f 224/95/1 225/97/1 256/126/1
f 226/96/1 257/128/1 256/126/1
f 227/98/1 258/129/1 257/128/1
f 228/99/1 259/131/1 258/129/1
f 228/99/1 229/100/1 260/130/1
f 230/102/1 261/132/1 260/130/1
f 231/101/1 262/133/1 261/132/1
f 232/103/1 263/135/1 262/133/1
f 232/103/1 233/104/1 264/134/1
f 234/105/1 265/136/1 264/134/1
f 235/107/1 266/137/1 265/136/1
f 236/106/1 267/139/1 266/137/1
f 236/106/1 237/108/1 268/138/1
f 238/109/1 269/140/1 268/138/1
f 239/110/1 270/141/1 269/140/1
f 240/111/1 271/143/1 270/141/1
f 240/111/1 241/112/1 272/142/1
f 242/113/1 273/145/1 272/142/1
f 242/113/1 243/115/1 274/144/1
f 243/115/1 244/114/1 275/146/1
f 244/114/1 245/116/1 276/147/1
f 246/117/1 277/149/1 276/147/1
f 246/117/1 247/118/1 278/148/1
f 247/118/1 248/120/1 279/150/1
f 248/120/1 249/119/1 280/151/1
f 249/119/1 250/121/1 281/152/1
f 250/121/1 251/122/1 282/153/1
f 252/154/1 283/184/1 282/153/1
f 254/125/1 285/156/1 284/155/1
f 255/127/1 286/158/1 285/156/1
f 255/127/1 256/126/1 287/157/1
f 257/128/1 288/159/1 287/157/1
f 258/129/1 289/160/1 288/159/1
f 259/131/1 290/162/1 289/160/1
f 259/131/1 260/130/1 291/161/1
f 261/132/1 292/163/1 291/161/1
f 262/133/1 293/164/1 292/163/1
f 263/135/1 294/166/1 293/164/1
f 263/135/1 264/134/1 295/165/1
f 265/136/1 296/167/1 295/165/1
f 266/137/1 297/169/1 296/167/1
f 266/137/1 267/139/1 298/168/1
f 267/139/1 268/138/1 299/170/1
f 269/140/1 300/171/1 299/170/1
f 270/141/1 301/172/1 300/171/1
f 271/143/1 302/174/1 301/172/1
f 271/143/1 272/142/1 303/173/1
f 273/145/1 304/175/1 303/173/1
f 274/144/1 305/176/1 304/175/1
f 275/146/1 306/178/1 305/176/1
f 275/146/1 276/147/1 307/177/1
f 277/149/1 308/179/1 307/177/1
f 278/148/1 309/180/1 308/179/1
f 279/150/1 310/182/1 309/180/1
f 279/150/1 280/151/1 311/181/1
f 281/152/1 312/183/1 311/181/1
f 282/153/1 313/185/1 312/183/1
f 283/184/1 314/216/1 313/185/1
f 285/156/1 316/187/1 315/186/1
f 286/158/1 317/188/1 316/187/1
f 287/157/1 318/189/1 317/188/1
f 288/159/1 319/191/1 318/189/1
f 288/159/1 289/160/1 320/190/1
f 289/160/1 290/162/1 321/192/1
f 290/162/1 291/161/1 322/193/1
f 292/163/1 323/194/1 322/193/1
f 293/164/1 324/195/1 323/194/1
f 294/166/1 325/197/1 324/195/1
f 294/166/1 295/165/1 326/196/1
f 296/167/1 327/198/1 326/196/1
f 297/169/1 328/199/1 327/198/1
f 298/168/1 329/201/1 328/199/1
f 298/168/1 299/170/1 330/200/1
f 300/171/1 331/202/1 330/200/1
f 301/172/1 332/203/1 331/202/1
f 302/174/1 333/205/1 332/203/1
f 302/174/1 303/173/1 334/204/1
f 304/175/1 335/207/1 334/204/1
f 304/175/1 305/176/1 336/206/1
f 305/176/1 306/178/1 337/208/1
f 306/178/1 307/177/1 338/209/1
f 308/179/1 339/210/1 338/209/1
f 309/180/1 340/211/1 339/210/1
f 310/182/1 341/213/1 340/211/1
f 310/182/1 311/181/1 342/212/1
f 311/181/1 312/183/1 343/214/1
f 312/183/1 313/185/1 344/215/1
f 314/216/1 345/246/1 344/215/1
f 316/187/1 347/218/1 346/217/1
f 317/188/1 348/219/1 347/218/1
f 318/189/1 349/221/1 348/219/1
f 318/189/1 319/191/1 350/220/1
f 319/191/1 320/190/1 351/222/1
f 320/190/1 321/192/1 352/223/1
f 321/192/1 322/193/1 353/224/1
f 322/193/1 323/194/1 354/225/1
f 323/194/1 324/195/1 355/226/1
f 324/195/1 325/197/1 356/227/1
f 326/196/1 357/228/1 356/227/1
f 327/198/1 358/229/1 357/228/1
f 328/199/1 359/231/1 358/229/1
f 328/199/1 329/201/1 360/230/1
f 329/201/1 330/200/1 361/232/1
f 331/202/1 362/233/1 361/232/1
f 332/203/1 363/234/1 362/233/1
f 333/205/1 364/235/1 363/234/1
f 334/204/1 365/236/1 364/235/1
f 335/207/1 366/237/1 365/236/1
f 336/206/1 367/238/1 366/237/1
f 337/208/1 368/239/1 367/238/1
f 338/209/1 369/240/1 368/239/1
f 339/210/1 370/241/1 369/240/1
f 340/211/1 371/242/1 370/241/1
f 341/213/1 372/243/1 371/242/1
f 342/212/1 373/244/1 372/243/1
f 343/214/1 374/245/1 373/244/1
f 344/215/1 375/247/1 374/245/1
f 345/246/1 376/278/1 375/247/1
f 346/217/1 347/218/1 378/248/1
f 348/219/1 379/251/1 378/248/1
f 348/219/1 349/221/1 380/250/1
f 350/220/1 381/253/1 380/250/1
f 350/220/1 351/222/1 382/252/1
f 352/223/1 383/255/1 382/252/1
f 352/223/1 353/224/1 384/254/1
f 354/225/1 385/256/1 384/254/1
f 355/226/1 386/257/1 385/256/1
f 356/227/1 387/258/1 386/257/1
f 357/228/1 388/259/1 387/258/1
f 358/229/1 389/261/1 388/259/1
f 358/229/1 359/231/1 390/260/1
f 360/230/1 391/263/1 390/260/1
f 360/230/1 361/232/1 392/262/1
f 362/233/1 393/265/1 392/262/1
f 362/233/1 363/234/1 394/264/1
f 364/235/1 395/267/1 394/264/1
f 364/235/1 365/236/1 396/266/1
f 365/236/1 366/237/1 397/268/1
f 366/237/1 367/238/1 398/269/1
f 368/239/1 399/271/1 398/269/1
f 368/239/1 369/240/1 400/270/1
f 370/241/1 401/273/1 400/270/1
f 370/241/1 371/242/1 402/272/1
f 372/243/1 403/275/1 402/272/1
f 372/243/1 373/244/1 404/274/1
f 373/244/1 374/245/1 405/276/1
f 374/245/1 375/247/1 406/277/1
f 376/278/1 407/308/1 406/277/1
f 377/249/1 378/248/1 409/279/1
f 379/251/1 410/282/1 409/279/1
f 379/251/1 380/250/1 411/281/1
f 381/253/1 412/284/1 411/281/1
f 381/253/1 382/252/1 413/283/1
f 383/255/1 414/286/1 413/283/1
f 383/255/1 384/254/1 415/285/1
f 385/256/1 416/288/1 415/285/1
f 385/256/1 386/257/1 417/287/1
f 387/258/1 418/290/1 417/287/1
f 387/258/1 388/259/1 419/289/1
f 389/261/1 420/292/1 419/289/1
f 389/261/1 390/260/1 421/291/1
f 391/263/1 422/294/1 421/291/1
f 391/263/1 392/262/1 423/293/1
f 393/265/1 424/296/1 423/293/1
f 393/265/1 394/264/1 425/295/1
f 395/267/1 426/298/1 425/295/1
f 395/267/1 396/266/1 427/297/1
f 397/268/1 428/300/1 427/297/1
f 397/268/1 398/269/1 429/299/1
f 399/271/1 430/301/1 429/299/1
f 400/270/1 431/302/1 430/301/1
f 401/273/1 432/304/1 431/302/1
f 401/273/1 402/272/1 433/303/1
f 403/275/1 434/306/1 433/303/1
f 403/275/1 404/274/1 435/305/1
f 405/276/1 436/307/1 435/305/1
f 406/277/1 437/309/1 436/307/1
f 407/308/1 438/340/1 437/309/1
f 408/280/1 409/279/1 440/310/1
f 410/282/1 441/312/1 440/310/1
f 411/281/1 442/313/1 441/312/1
f 412/284/1 443/315/1 442/313/1
f 412/284/1 413/283/1 444/314/1
f 414/286/1 445/317/1 444/314/1
f 414/286/1 415/285/1 446/316/1
f 415/285/1 416/288/1 447/318/1
f 416/288/1 417/287/1 448/319/1
f 418/290/1 449/320/1 448/319/1
f 419/289/1 450/321/1 449/320/1
f 420/292/1 451/323/1 450/321/1
f 420/292/1 421/291/1 452/322/1
f 422/294/1 453/324/1 452/322/1
f 423/293/1 454/325/1 453/324/1
f 424/296/1 455/327/1 454/325/1
f 424/296/1 425/295/1 456/326/1
f 426/298/1 457/328/1 456/326/1
f 427/297/1 458/330/1 457/328/1
f 427/297/1 428/300/1 459/329/1
f 428/300/1 429/299/1 460/331/1
f 430/301/1 461/333/1 460/331/1
f 430/301/1 431/302/1 462/332/1
f 432/304/1 463/335/1 462/332/1
f 432/304/1 433/303/1 464/334/1
f 434/306/1 465/336/1 464/334/1
f 435/305/1 466/338/1 465/336/1
f 435/305/1 436/307/1 467/337/1
f 436/307/1 437/309/1 468/339/1
f 438/340/1 469/370/1 468/339/1
f 439/311/1 440/310/1 471/341/1
f 441/312/1 472/343/1 471/341/1
f 442/313/1 473/345/1 472/343/1
f 442/313/1 443/315/1 474/344/1
f 443/315/1 444/314/1 475/346/1
f 444/314/1 445/317/1 476/347/1
f 446/316/1 477/349/1 476/347/1
f 446/316/1 447/318/1 478/348/1
f 447/318/1 448/319/1 479/350/1
f 449/320/1 480/351/1 479/350/1
f 450/321/1 481/352/1 480/351/1
f 451/323/1 482/354/1 481/352/1
f 451/323/1 452/322/1 483/353/1
f 453/324/1 484/356/1 483/353/1
f 453/324/1 454/325/1 485/355/1
f 455/327/1 486/358/1 485/355/1
f 455/327/1 456/326/1 487/357/1
f 457/328/1 488/359/1 487/357/1
f 458/330/1 489/360/1 488/359/1
f 459/329/1 490/361/1 489/360/1
f 460/331/1 491/362/1 490/361/1
f 461/333/1 492/363/1 491/362/1
f 462/332/1 493/364/1 492/363/1
f 463/335/1 494/366/1 493/364/1
f 463/335/1 464/334/1 495/365/1
f 465/336/1 496/367/1 495/365/1
f 466/338/1 497/368/1 496/367/1
f 467/337/1 498/369/1 497/368/1
f 468/339/1 499/371/1 498/369/1
f 469/370/1 500/402/1 499/371/1
f 471/341/1 502/373/1 501/372/1
f 472/343/1 503/374/1 502/373/1
f 473/345/1 504/375/1 503/374/1
f 474/344/1 505/376/1 504/375/1
f 475/346/1 506/377/1 505/376/1
f 476/347/1 507/378/1 506/377/1
f 477/349/1 508/379/1 507/378/1
f 478/348/1 509/380/1 508/379/1
f 479/350/1 510/381/1 509/380/1
f 480/351/1 511/382/1 510/381/1
f 481/352/1 512/383/1 511/382/1
f 482/354/1 513/384/1 512/383/1
f 483/353/1 514/385/1 513/384/1
f 484/356/1 515/386/1 514/385/1
f 485/355/1 516/387/1 515/386/1
f 486/358/1 517/388/1 516/387/1
f 487/357/1 518/389/1 517/388/1
f 488/359/1 519/390/1 518/389/1
f 489/360/1 520/392/1 519/390/1
f 489/360/1 490/361/1 521/391/1
f 490/361/1 491/362/1 522/393/1
f 491/362/1 492/363/1 523/394/1
f 492/363/1 493/364/1 524/395/1
f 494/366/1 525/396/1 524/395/1
f 495/365/1 526/397/1 525/396/1
f 496/367/1 527/398/1 526/397/1
f 497/368/1 528/400/1 527/398/1
f 497/368/1 498/369/1 529/399/1
f 498/369/1 499/371/1 530/401/1
f 500/402/1 531/432/1 530/401/1
f 502/373/1 533/404/1 532/403/1
f 503/374/1 534/405/1 533/404/1
f 504/375/1 535/407/1 534/405/1
f 504/375/1 505/376/1 536/406/1
f 505/376/1 506/377/1 537/408/1
f 507/378/1 538/409/1 537/408/1
f 508/379/1 539/411/1 538/409/1
f 508/379/1 509/380/1 540/410/1
f 509/380/1 510/381/1 541/412/1
f 511/382/1 542/413/1 541/412/1
f 512/383/1 543/414/1 542/413/1
f 513/384/1 544/415/1 543/414/1
f 514/385/1 545/417/1 544/415/1
f 514/385/1 515/386/1 546/416/1
f 515/386/1 516/387/1 547/418/1
f 517/388/1 548/419/1 547/418/1
f 518/389/1 549/420/1 548/419/1
f 519/390/1 550/421/1 549/420/1
f 520/392/1 551/422/1 550/421/1
f 521/391/1 552/423/1 551/422/1
f 522/393/1 553/424/1 552/423/1
f 523/394/1 554/425/1 553/424/1
f 524/395/1 555/426/1 554/425/1
f 525/396/1 556/427/1 555/426/1
f 526/397/1 557/428/1 556/427/1
f 527/398/1 558/429/1 557/428/1
f 528/400/1 559/430/1 558/429/1
f 529/399/1 560/431/1 559/430/1
f 530/401/1 561/433/1 560/431/1
f 531/432/1 562/464/1 561/433/1
f 532/403/1 533/404/1 564/434/1
f 533/404/1 534/405/1 565/436/1
f 535/407/1 566/437/1 565/436/1
f 536/406/1 567/438/1 566/437/1
f 537/408/1 568/439/1 567/438/1
f 538/409/1 569/440/1 568/439/1
f 539/411/1 570/441/1 569/440/1
f 540/410/1 571/442/1 570/441/1
f 541/412/1 572/443/1 571/442/1
f 542/413/1 573/445/1 572/443/1
f 542/413/1 543/414/1 574/444/1
f 543/414/1 544/415/1 575/446/1
f 544/415/1 545/417/1 576/447/1
f 545/417/1 546/416/1 577/448/1
f 547/418/1 578/449/1 577/448/1
f 548/419/1 579/450/1 578/449/1
f 549/420/1 580/451/1 579/450/1
f 550/421/1 581/452/1 580/451/1
f 551/422/1 582/454/1 581/452/1
f 551/422/1 552/423/1 583/453/1
f 552/423/1 553/424/1 584/455/1
f 553/424/1 554/425/1 585/456/1
f 554/425/1 555/426/1 586/457/1
f 556/427/1 587/458/1 586/457/1
f 557/428/1 588/459/1 587/458/1
f 558/429/1 589/460/1 588/459/1
f 559/430/1 590/462/1 589/460/1
f 559/430/1 560/431/1 591/461/1
f 560/431/1 561/433/1 592/463/1
f 562/464/1 593/494/1 592/463/1
f 564/434/1 595/467/1 594/465/1
f 564/434/1 565/436/1 596/466/1
f 565/436/1 566/437/1 597/468/1
f 566/437/1 567/438/1 598/469/1
f 567/438/1 568/439/1 599/470/1
f 569/440/1 600/471/1 599/470/1
f 570/441/1 601/473/1 600/471/1
f 570/441/1 571/442/1 602/472/1
f 571/442/1 572/443/1 603/474/1
f 572/443/1 573/445/1 604/475/1
f 573/445/1 574/444/1 605/476/1
f 574/444/1 575/446/1 606/477/1
f 575/446/1 576/447/1 607/478/1
f 576/447/1 577/448/1 608/479/1
f 577/448/1 578/449/1 609/480/1
f 579/450/1 610/481/1 609/480/1
f 580/451/1 611/482/1 610/481/1
f 581/452/1 612/483/1 611/482/1
f 582/454/1 613/484/1 612/483/1
f 583/453/1 614/485/1 613/484/1
f 584/455/1 615/486/1 614/485/1
f 585/456/1 616/487/1 615/486/1
f 586/457/1 617/488/1 616/487/1
f 587/458/1 618/489/1 617/488/1
f 588/459/1 619/490/1 618/489/1
f 589/460/1 620/491/1 619/490/1
f 590/462/1 621/492/1 620/491/1
f 591/461/1 622/493/1 621/492/1
f 592/463/1 623/495/1 622/493/1
f 593/494/1 624/526/1 623/495/1
f 595/467/1 626/497/1 625/496/1
f 596/466/1 627/498/1 626/497/1
f 597/468/1 628/499/1 627/498/1
f 598/469/1 629/500/1 628/499/1
f 599/470/1 630/501/1 629/500/1
f 600/471/1 631/502/1 630/501/1
f 601/473/1 632/503/1 631/502/1
f 602/472/1 633/504/1 632/503/1
f 603/474/1 634/506/1 633/504/1
f 603/474/1 604/475/1 635/505/1
f 605/476/1 636/507/1 635/505/1
f 606/477/1 637/508/1 636/507/1
f 607/478/1 638/509/1 637/508/1
f 608/479/1 639/510/1 638/509/1
f 609/480/1 640/512/1 639/510/1
f 609/480/1 610/481/1 641/511/1
f 611/482/1 642/514/1 641/511/1
f 611/482/1 612/483/1 643/513/1
f 613/484/1 644/516/1 643/513/1
f 613/484/1 614/485/1 645/515/1
f 614/485/1 615/486/1 646/517/1
f 615/486/1 616/487/1 647/518/1
f 616/487/1 617/488/1 648/519/1
f 617/488/1 618/489/1 649/520/1
f 619/490/1 650/521/1 649/520/1
f 620/491/1 651/522/1 650/521/1
f 621/492/1 652/524/1 651/522/1
f 621/492/1 622/493/1 653/523/1
f 622/493/1 623/495/1 654/525/1
f 624/526/1 655/556/1 654/525/1
f 626/497/1 657/528/1 656/527/1
f 627/498/1 658/529/1 657/528/1
f 628/499/1 659/531/1 658/529/1
f 628/499/1 629/500/1 660/530/1
f 630/501/1 661/533/1 660/530/1
f 630/501/1 631/502/1 662/532/1
f 632/503/1 663/535/1 662/532/1
f 632/503/1 633/504/1 664/534/1
f 633/504/1 634/506/1 665/536/1
f 635/505/1 666/537/1 665/536/1
f 636/507/1 667/538/1 666/537/1
f 637/508/1 668/539/1 667/538/1
f 638/509/1 669/540/1 668/539/1
f 639/510/1 670/541/1 669/540/1
f 640/512/1 671/543/1 670/541/1
f 640/512/1 641/511/1 672/542/1
f 641/511/1 642/514/1 673/544/1
f 642/514/1 643/513/1 674/545/1
f 644/516/1 675/546/1 674/545/1
f 645/515/1 676/547/1 675/546/1
f 646/517/1 677/548/1 676/547/1
f 647/518/1 678/549/1 677/548/1
f 648/519/1 679/551/1 678/549/1
f 648/519/1 649/520/1 680/550/1
f 650/521/1 681/552/1 680/550/1
f 651/522/1 682/553/1 681/552/1
f 652/524/1 683/554/1 682/553/1
f 653/523/1 684/555/1 683/554/1
f 654/525/1 685/557/1 684/555/1
f 655/556/1 686/588/1 685/557/1
f 656/527/1 657/528/1 688/558/1
f 658/529/1 689/560/1 688/558/1
f 659/531/1 690/561/1 689/560/1
f 660/530/1 691/562/1 690/561/1
f 661/533/1 692/563/1 691/562/1
f 662/532/1 693/564/1 692/563/1
f 663/535/1 694/565/1 693/564/1
f 664/534/1 695/566/1 694/565/1
f 665/536/1 696/567/1 695/566/1
f 666/537/1 697/568/1 696/567/1
f 667/538/1 698/569/1 697/568/1
f 668/539/1 699/570/1 698/569/1
f 669/540/1 700/571/1 699/570/1
f 670/541/1 701/572/1 700/571/1
f 671/543/1 702/573/1 701/572/1
f 672/542/1 703/575/1 702/573/1
f 672/542/1 673/544/1 704/574/1
f 674/545/1 705/576/1 704/574/1
f 675/546/1 706/578/1 705/576/1
f 675/546/1 676/547/1 707/577/1
f 676/547/1 677/548/1 708/579/1
f 677/548/1 678/549/1 709/580/1
f 678/549/1 679/551/1 710/581/1
f 679/551/1 680/550/1 711/582/1
f 681/552/1 712/584/1 711/582/1
f 681/552/1 682/553/1 713/583/1
f 683/554/1 714/586/1 713/583/1
f 683/554/1 684/555/1 715/585/1
f 684/555/1 685/557/1 716/587/1
f 686/588/1 717/618/1 716/587/1
f 688/558/1 719/590/1 718/589/1
f 689/560/1 720/591/1 719/590/1
f 690/561/1 721/593/1 720/591/1
f 690/561/1 691/562/1 722/592/1
f 691/562/1 692/563/1 723/594/1
f 692/563/1 693/564/1 724/595/1
f 694/565/1 725/597/1 724/595/1
f 694/565/1 695/566/1 726/596/1
f 695/566/1 696/567/1 727/598/1
f 697/568/1 728/599/1 727/598/1
f 698/569/1 729/600/1 728/599/1
f 699/570/1 730/601/1 729/600/1
f 700/571/1 731/602/1 730/601/1
f 701/572/1 732/603/1 731/602/1
f 702/573/1 733/604/1 732/603/1
f 703/575/1 734/606/1 733/604/1
f 703/575/1 704/574/1 735/605/1
f 705/576/1 736/607/1 735/605/1
f 706/578/1 737/608/1 736/607/1
f 707/577/1 738/609/1 737/608/1
f 708/579/1 739/610/1 738/609/1
f 709/580/1 740/611/1 739/610/1
f 710/581/1 741/612/1 740/611/1
f 711/582/1 742/613/1 741/612/1
f 712/584/1 743/615/1 742/613/1
f 712/584/1 713/583/1 744/614/1
f 714/586/1 745/616/1 744/614/1
f 715/585/1 746/617/1 745/616/1
f 716/587/1 747/619/1 746/617/1
f 717/618/1 748/1010/1 747/619/1
f 719/590/1 750/621/1 749/620/1
f 720/591/1 751/622/1 750/621/1
f 721/593/1 752/623/1 751/622/1
f 722/592/1 753/624/1 752/623/1
f 723/594/1 754/625/1 753/624/1
f 724/595/1 755/626/1 754/625/1
f 725/597/1 756/627/1 755/626/1
f 726/596/1 757/628/1 756/627/1
f 727/598/1 758/629/1 757/628/1
f 728/599/1 759/630/1 758/629/1
f 729/600/1 760/631/1 759/630/1
f 730/601/1 761/632/1 760/631/1
f 731/602/1 762/633/1 761/632/1
f 732/603/1 763/634/1 762/633/1
f 733/604/1 764/636/1 763/634/1
f 733/604/1 734/606/1 765/635/1
f 734/606/1 735/605/1 766/637/1
f 736/607/1 767/638/1 766/637/1
f 737/608/1 768/640/1 767/638/1
f 737/608/1 738/609/1 769/639/1
f 738/609/1 739/610/1 770/641/1
f 739/610/1 740/611/1 771/642/1
f 741/612/1 772/644/1 771/642/1
f 741/612/1 742/613/1 773/643/1
f 743/615/1 774/646/1 773/643/1
f 743/615/1 744/614/1 775/645/1
f 745/616/1 776/648/1 775/645/1
f 745/616/1 746/617/1 777/647/1
f 747/619/1 778/650/1 777/647/1
f 747/619/1 748/1010/1 779/649/1
f 750/621/1 781/652/1 780/651/1
f 751/622/1 782/653/1 781/652/1
f 752/623/1 783/654/1 782/653/1
f 753/624/1 784/655/1 783/654/1
f 754/625/1 785/656/1 784/655/1
f 755/626/1 786/657/1 785/656/1
f 756/627/1 787/658/1 786/657/1
f 757/628/1 788/659/1 787/658/1
f 758/629/1 789/660/1 788/659/1
f 759/630/1 790/662/1 789/660/1
f 759/630/1 760/631/1 791/661/1
f 761/632/1 792/663/1 791/661/1
f 762/633/1 793/665/1 792/663/1
f 762/633/1 763/634/1 794/664/1
f 764/636/1 795/667/1 794/664/1
f 764/636/1 765/635/1 796/666/1
f 766/637/1 797/668/1 796/666/1
f 767/638/1 798/669/1 797/668/1
f 768/640/1 799/670/1 798/669/1
f 769/639/1 800/671/1 799/670/1
f 770/641/1 801/672/1 800/671/1
f 771/642/1 802/673/1 801/672/1
f 772/644/1 803/675/1 802/673/1
f 772/644/1 773/643/1 804/674/1
f 774/646/1 805/677/1 804/674/1
f 774/646/1 775/645/1 806/676/1
f 776/648/1 807/678/1 806/676/1
f 777/647/1 808/679/1 807/678/1
f 778/650/1 809/681/1 808/679/1
f 778/650/1 779/649/1 810/680/1
f 781/652/1 812/684/1 811/682/1
f 781/652/1 782/653/1 813/683/1
f 783/654/1 814/685/1 813/683/1
f 784/655/1 815/687/1 814/685/1
f 784/655/1 785/656/1 816/686/1
f 785/656/1 786/657/1 817/688/1
f 787/658/1 818/689/1 817/688/1
f 788/659/1 819/690/1 818/689/1
f 789/660/1 820/691/1 819/690/1
f 790/662/1 821/692/1 820/691/1
f 791/661/1 822/694/1 821/692/1
f 791/661/1 792/663/1 823/693/1
f 793/665/1 824/696/1 823/693/1
f 793/665/1 794/664/1 825/695/1
f 795/667/1 826/698/1 825/695/1
f 795/667/1 796/666/1 827/697/1
f 797/668/1 828/700/1 827/697/1
f 797/668/1 798/669/1 829/699/1
f 799/670/1 830/702/1 829/699/1
f 799/670/1 800/671/1 831/701/1
f 800/671/1 801/672/1 832/703/1
f 801/672/1 802/673/1 833/704/1
f 802/673/1 803/675/1 834/705/1
f 804/674/1 835/706/1 834/705/1
f 805/677/1 836/708/1 835/706/1
f 805/677/1 806/676/1 837/707/1
f 807/678/1 838/710/1 837/707/1
f 807/678/1 808/679/1 839/709/1
f 809/681/1 840/712/1 839/709/1
f 809/681/1 810/680/1 841/711/1
f 812/684/1 843/715/1 842/713/1
f 812/684/1 813/683/1 844/714/1
f 814/685/1 845/717/1 844/714/1
f 814/685/1 815/687/1 846/716/1
f 815/687/1 816/686/1 847/718/1
f 816/686/1 817/688/1 848/719/1
f 817/688/1 818/689/1 849/720/1
f 818/689/1 819/690/1 850/721/1
f 819/690/1 820/691/1 851/722/1
f 821/692/1 852/723/1 851/722/1
f 822/694/1 853/725/1 852/723/1
f 822/694/1 823/693/1 854/724/1
f 824/696/1 855/727/1 854/724/1
f 824/696/1 825/695/1 856/726/1
f 826/698/1 857/729/1 856/726/1
f 826/698/1 827/697/1 858/728/1
f 828/700/1 859/731/1 858/728/1
f 828/700/1 829/699/1 860/730/1
f 830/702/1 861/732/1 860/730/1
f 831/701/1 862/734/1 861/732/1
f 831/701/1 832/703/1 863/733/1
f 833/704/1 864/735/1 863/733/1
f 834/705/1 865/736/1 864/735/1
f 835/706/1 866/737/1 865/736/1
f 836/708/1 867/739/1 866/737/1
f 836/708/1 837/707/1 868/738/1
f 838/710/1 869/740/1 868/738/1
f 839/709/1 870/741/1 869/740/1
f 840/712/1 871/742/1 870/741/1
f 841/711/1 872/1015/1 871/742/1
f 843/715/1 874/744/1 873/743/1
f 844/714/1 875/745/1 874/744/1
f 845/717/1 876/746/1 875/745/1
f 846/716/1 877/748/1 876/746/1
f 846/716/1 847/718/1 878/747/1
f 847/718/1 848/719/1 879/749/1
f 849/720/1 880/751/1 879/749/1
f 849/720/1 850/721/1 881/750/1
f 851/722/1 882/752/1 881/750/1
f 852/723/1 883/753/1 882/752/1
f 853/725/1 884/754/1 883/753/1
f 854/724/1 885/755/1 884/754/1
f 855/727/1 886/756/1 885/755/1
f 856/726/1 887/757/1 886/756/1
f 857/729/1 888/758/1 887/757/1
f 858/728/1 889/759/1 888/758/1
f 859/731/1 890/760/1 889/759/1
f 860/730/1 891/761/1 890/760/1
f 861/732/1 892/763/1 891/761/1
f 861/732/1 862/734/1 893/762/1
f 862/734/1 863/733/1 894/764/1
f 863/733/1 864/735/1 895/765/1
f 865/736/1 896/767/1 895/765/1
f 865/736/1 866/737/1 897/766/1
f 867/739/1 898/768/1 897/766/1
f 868/738/1 899/769/1 898/768/1
f 869/740/1 900/770/1 899/769/1
f 870/741/1 901/771/1 900/770/1
f 871/742/1 902/773/1 901/771/1
f 871/742/1 872/1015/1 903/772/1
f 874/744/1 905/775/1 904/774/1
f 875/745/1 906/776/1 905/775/1
f 876/746/1 907/778/1 906/776/1
f 876/746/1 877/748/1 908/777/1
f 878/747/1 909/780/1 908/777/1
f 878/747/1 879/749/1 910/779/1
f 880/751/1 911/782/1 910/779/1
f 880/751/1 881/750/1 912/781/1
f 882/752/1 913/784/1 912/781/1
f 882/752/1 883/753/1 914/783/1
f 884/754/1 915/786/1 914/783/1
f 884/754/1 885/755/1 916/785/1
f 886/756/1 917/788/1 916/785/1
f 886/756/1 887/757/1 918/787/1
f 888/758/1 919/790/1 918/787/1
f 888/758/1 889/759/1 920/789/1
f 890/760/1 921/791/1 920/789/1
f 891/761/1 922/792/1 921/791/1
f 892/763/1 923/794/1 922/792/1
f 892/763/1 893/762/1 924/793/1
f 894/764/1 925/796/1 924/793/1
f 894/764/1 895/765/1 926/795/1
f 896/767/1 927/798/1 926/795/1
f 896/767/1 897/766/1 928/797/1
f 897/766/1 898/768/1 929/799/1
f 899/769/1 930/800/1 929/799/1
f 900/770/1 931/802/1 930/800/1
f 900/770/1 901/771/1 932/801/1
f 902/773/1 933/804/1 932/801/1
f 902/773/1 903/772/1 934/803/1
f 905/775/1 936/806/1 935/805/1
f 906/776/1 937/807/1 936/806/1
f 907/778/1 938/809/1 937/807/1
f 907/778/1 908/777/1 939/808/1
f 909/780/1 940/811/1 939/808/1
f 909/780/1 910/779/1 941/810/1
f 911/782/1 942/813/1 941/810/1
f 911/782/1 912/781/1 943/812/1
f 913/784/1 944/815/1 943/812/1
f 913/784/1 914/783/1 945/814/1
f 915/786/1 946/817/1 945/814/1
f 915/786/1 916/785/1 947/816/1
f 917/788/1 948/819/1 947/816/1
f 917/788/1 918/787/1 949/818/1
f 919/790/1 950/821/1 949/818/1
f 919/790/1 920/789/1 951/820/1
f 921/791/1 952/823/1 951/820/1
f 921/791/1 922/792/1 953/822/1
f 923/794/1 954/825/1 953/822/1
f 923/794/1 924/793/1 955/824/1
f 925/796/1 956/827/1 955/824/1
f 925/796/1 926/795/1 957/826/1
f 927/798/1 958/829/1 957/826/1
f 927/798/1 928/797/1 959/828/1
f 928/797/1 929/799/1 960/830/1
f 930/800/1 961/831/1 960/830/1
f 931/802/1 962/832/1 961/831/1
f 932/801/1 963/833/1 962/832/1
f 933/804/1 964/834/1 963/833/1
f 934/803/1 965/864/1 964/834/1
f 936/806/1 967/836/1 966/835/1
f 937/807/1 968/838/1 967/836/1
f 937/807/1 938/809/1 969/837/1
f 938/809/1 939/808/1 970/839/1
f 939/808/1 940/811/1 971/840/1
f 940/811/1 941/810/1 972/841/1
f 942/813/1 973/843/1 972/841/1
f 942/813/1 943/812/1 974/842/1
f 944/815/1 975/845/1 974/842/1
f 944/815/1 945/814/1 976/844/1
f 946/817/1 977/847/1 976/844/1
f 946/817/1 947/816/1 978/846/1
f 948/819/1 979/849/1 978/846/1
f 948/819/1 949/818/1 980/848/1
f 950/821/1 981/851/1 980/848/1
f 950/821/1 951/820/1 982/850/1
f 952/823/1 983/853/1 982/850/1
f 952/823/1 953/822/1 984/852/1
f 954/825/1 985/855/1 984/852/1
f 954/825/1 955/824/1 986/854/1
f 956/827/1 987/857/1 986/854/1
f 956/827/1 957/826/1 988/856/1
f 958/829/1 989/859/1 988/856/1
f 958/829/1 959/828/1 990/858/1
f 960/830/1 991/860/1 990/858/1
f 961/831/1 992/861/1 991/860/1
f 962/832/1 993/862/1 992/861/1
f 963/833/1 994/863/1 993/862/1
f 964/834/1 995/865/1 994/863/1
f 965/864/1 996/895/1 995/865/1
f 966/835/1 967/836/1 998/866/1
f 967/836/1 968/838/1 999/868/1
f 968/838/1 969/837/1 1000/869/1
f 969/837/1 970/839/1 1001/870/1
f 971/840/1 1002/871/1 1001/870/1
f 972/841/1 1003/872/1 1002/871/1
f 973/843/1 1004/873/1 1003/872/1
f 974/842/1 1005/874/1 1004/873/1
f 975/845/1 1006/875/1 1005/874/1
f 976/844/1 1007/876/1 1006/875/1
f 977/847/1 1008/878/1 1007/876/1
f 977/847/1 978/846/1 1009/877/1
f 979/849/1 1010/880/1 1009/877/1
f 979/849/1 980/848/1 1011/879/1
f 981/851/1 1012/882/1 1011/879/1
f 981/851/1 982/850/1 1013/881/1
f 983/853/1 1014/884/1 1013/881/1
f 983/853/1 984/852/1 1015/883/1
f 985/855/1 1016/886/1 1015/883/1
f 985/855/1 986/854/1 1017/885/1
f 986/854/1 987/857/1 1018/887/1
f 987/857/1 988/856/1 1019/888/1
f 988/856/1 989/859/1 1020/889/1
f 990/858/1 1021/890/1 1020/889/1
f 991/860/1 1022/891/1 1021/890/1
f 992/861/1 1023/893/1 1022/891/1
f 992/861/1 993/862/1 1024/892/1
f 994/863/1 1025/894/1 1024/892/1
f 995/865/1 1026/896/1 1025/894/1
f 996/895/1 1027/1020/1 1026/896/1
f 997/867/1 998/866/1 1029/897/1
f 998/866/1 999/868/1 1030/899/1
f 999/868/1 1000/869/1 1031/900/1
f 1000/869/1 1001/870/1 1032/901/1
f 1001/870/1 1002/871/1 1033/902/1
f 1003/872/1 1034/903/1 1033/902/1
f 1004/873/1 1035/905/1 1034/903/1
f 1004/873/1 1005/874/1 1036/904/1
f 1005/874/1 1006/875/1 1037/906/1
f 1007/876/1 1038/907/1 1037/906/1
f 1008/878/1 1039/909/1 1038/907/1
f 1008/878/1 1009/877/1 1040/908/1
f 1010/880/1 1041/911/1 1040/908/1
f 1010/880/1 1011/879/1 1042/910/1
f 1012/882/1 1043/913/1 1042/910/1
f 1012/882/1 1013/881/1 1044/912/1
f 1014/884/1 1045/915/1 1044/912/1
f 1014/884/1 1015/883/1 1046/914/1
f 1016/886/1 1047/917/1 1046/914/1
f 1016/886/1 1017/885/1 1048/916/1
f 1017/885/1 1018/887/1 1049/918/1
f 1019/888/1 1050/919/1 1049/918/1
f 1020/889/1 1051/921/1 1050/919/1
f 1020/889/1 1021/890/1 1052/920/1
f 1022/891/1 1053/922/1 1052/920/1
f 1023/893/1 1054/923/1 1053/922/1
f 1024/892/1 1055/924/1 1054/923/1
f 1025/894/1 1056/925/1 1055/924/1
f 1026/896/1 1057/927/1 1056/925/1
f 1026/896/1 1027/1020/1 1058/926/1
f 1029/897/1 1060/929/1 1059/928/1
f 1030/899/1 1061/931/1 1060/929/1
f 1030/899/1 1031/900/1 1062/930/1
f 1031/900/1 1032/901/1 1063/932/1
f 1033/902/1 1064/934/1 1063/932/1
f 1033/902/1 1034/903/1 1065/933/1
f 1035/905/1 1066/936/1 1065/933/1
f 1035/905/1 1036/904/1 1067/935/1
f 1037/906/1 1068/937/1 1067/935/1
f 1038/907/1 1069/938/1 1068/937/1
f 1039/909/1 1070/939/1 1069/938/1
f 1040/908/1 1071/941/1 1070/939/1
f 1040/908/1 1041/911/1 1072/940/1
f 1041/911/1 1042/910/1 1073/942/1
f 1043/913/1 1074/943/1 1073/942/1
f 1044/912/1 1075/944/1 1074/943/1
f 1045/915/1 1076/945/1 1075/944/1
f 1046/914/1 1077/946/1 1076/945/1
f 1047/917/1 1078/948/1 1077/946/1
f 1047/917/1 1048/916/1 1079/947/1
f 1048/916/1 1049/918/1 1080/949/1
f 1049/918/1 1050/919/1 1081/950/1
f 1051/921/1 1082/952/1 1081/950/1
f 1051/921/1 1052/920/1 1083/951/1
f 1053/922/1 1084/954/1 1083/951/1
f 1053/922/1 1054/923/1 1085/953/1
f 1055/924/1 1086/955/1 1085/953/1
f 1056/925/1 1087/956/1 1086/955/1
f 1057/927/1 1088/957/1 1087/956/1
f 1058/926/1 1089/1023/1 1088/957/1
f 36/958/1 129/3/1 35/959/1
f 37/961/1 130/1/1 129/3/1
f 37/961/1 38/963/1 131/4/1
f 39/962/1 132/9/1 131/4/1
f 40/964/1 133/8/1 132/9/1
f 41/965/1 134/13/1 133/8/1
f 42/966/1 135/12/1 134/13/1
f 42/966/1 43/968/1 136/16/1
f 44/967/1 137/19/1 136/16/1
f 45/969/1 138/18/1 137/19/1
f 46/970/1 139/20/1 138/18/1
f 46/970/1 47/972/1 140/22/1
f 48/971/1 141/24/1 140/22/1
f 48/971/1 49/974/1 142/29/1
f 50/973/1 143/28/1 142/29/1
f 50/973/1 51/976/1 144/33/1
f 52/975/1 145/32/1 144/33/1
f 53/977/1 146/34/1 145/32/1
f 54/978/1 147/36/1 146/34/1
f 54/978/1 55/980/1 148/41/1
f 56/979/1 149/40/1 148/41/1
f 56/979/1 57/982/1 150/45/1
f 58/981/1 151/44/1 150/45/1
f 59/983/1 152/49/1 151/44/1
f 60/984/1 153/48/1 152/49/1
f 61/985/1 154/50/1 153/48/1
f 62/986/1 155/52/1 154/50/1
f 62/986/1 63/988/1 156/57/1
f 64/987/1 157/56/1 156/57/1
f 64/987/1 65/990/1 158/61/1
f 66/989/1 159/60/1 158/61/1
f 2/991/1 67/992/1 159/60/1
f 67/992/1 68/993/1 190/92/1
f 68/993/1 69/994/1 221/123/1
f 69/994/1 70/995/1 252/154/1
f 70/995/1 71/996/1 283/184/1
f 71/996/1 72/997/1 314/216/1
f 72/997/1 73/998/1 345/246/1
f 73/998/1 74/1087/1 376/278/1
f 376/278/1 74/1087/1 75/999/1
f 407/308/1 75/999/1 76/1000/1
f 76/1000/1 77/1001/1 469/370/1
f 77/1001/1 78/1002/1 500/402/1
f 78/1002/1 79/1003/1 531/432/1
f 79/1003/1 80/1004/1 562/464/1
f 80/1004/1 81/1005/1 593/494/1
f 81/1005/1 82/1006/1 624/526/1
f 82/1006/1 83/1007/1 655/556/1
f 83/1007/1 84/1008/1 686/588/1
f 84/1008/1 85/1009/1 717/618/1
f 85/1009/1 86/1011/1 748/1010/1
f 86/1011/1 87/1012/1 779/649/1
f 87/1012/1 88/1013/1 810/680/1
f 88/1013/1 89/1088/1 841/711/1
f 841/711/1 89/1088/1 90/1014/1
f 90/1014/1 91/1016/1 903/772/1
f 91/1016/1 92/1017/1 934/803/1
f 92/1017/1 93/1018/1 965/864/1
f 93/1018/1 94/1019/1 996/895/1
f 94/1019/1 95/1021/1 1027/1020/1
f 95/1021/1 96/1089/1 1058/926/1
f 1058/926/1 96/1089/1 97/1022/1
f 1089/1023/1 97/1022/1 4/1024/1
f 1089/1023/1 98/1025/1 99/1026/1
f 1088/957/1 99/1026/1 100/1027/1
f 1087/956/1 100/1027/1 101/1028/1
f 1086/955/1 101/1028/1 102/1029/1
f 1085/953/1 102/1029/1 103/1030/1
f 1084/954/1 103/1030/1 104/1031/1
f 1082/952/1 1083/951/1 104/1031/1
f 1082/952/1 105/1032/1 106/1033/1
f 1080/949/1 1081/950/1 106/1033/1
f 1080/949/1 107/1034/1 108/1035/1
f 1078/948/1 1079/947/1 108/1035/1
f 1078/948/1 109/1036/1 110/1037/1
f 1077/946/1 110/1037/1 111/1038/1
f 1076/945/1 111/1038/1 112/1039/1
f 1075/944/1 112/1039/1 113/1040/1
f 1073/942/1 1074/943/1 113/1040/1
f 1072/940/1 1073/942/1 114/1041/1
f 1071/941/1 1072/940/1 115/1042/1
f 1070/939/1 1071/941/1 116/1043/1
f 1070/939/1 117/1044/1 118/1045/1
f 1069/938/1 118/1045/1 119/1046/1
f 1068/937/1 119/1046/1 120/1047/1
f 1066/936/1 1067/935/1 120/1047/1
f 1066/936/1 121/1048/1 122/1049/1
f 1064/934/1 1065/933/1 122/1049/1
f 1063/932/1 1064/934/1 123/1050/1
f 1062/930/1 1063/932/1 124/1051/1
f 1061/931/1 1062/930/1 125/1052/1
f 1060/929/1 1061/931/1 126/1053/1
f 1060/929/1 127/1054/1 128/1055/1
f 1059/928/1 128/1055/1 3/1056/1
f 1028/898/1 1059/928/1 5/1057/1
f 7/1059/1 997/867/1 1028/898/1
f 966/835/1 997/867/1 7/1059/1
f 935/805/1 966/835/1 8/1060/1
f 904/774/1 935/805/1 9/1061/1
f 873/743/1 904/774/1 10/1062/1
f 842/713/1 873/743/1 11/1063/1
f 13/1065/1 811/682/1 842/713/1
f 14/1066/1 780/651/1 811/682/1
f 749/620/1 780/651/1 14/1066/1
f 718/589/1 749/620/1 15/1067/1
f 17/1069/1 687/559/1 718/589/1
f 18/1070/1 656/527/1 687/559/1
f 19/1071/1 625/496/1 656/527/1
f 20/1072/1 594/465/1 625/496/1
f 563/435/1 594/465/1 20/1072/1
f 532/403/1 563/435/1 21/1073/1
f 501/372/1 532/403/1 22/1074/1
f 470/342/1 501/372/1 23/1075/1
f 439/311/1 470/342/1 24/1076/1
f 408/280/1 439/311/1 25/1077/1
f 377/249/1 408/280/1 26/1078/1
f 346/217/1 377/249/1 27/1079/1
f 315/186/1 346/217/1 28/1080/1
f 284/155/1 315/186/1 29/1081/1
f 253/124/1 284/155/1 30/1082/1
f 222/93/1 253/124/1 31/1083/1
f 191/62/1 222/93/1 32/1084/1
f 160/2/1 191/62/1 33/1085/1
f 129/3/1 160/2/1 34/1086/1
